cultivo,provincia,departamento,campania,rinde_real_kgha,rinde_pred_kgha,modelo,anomaly_score,es_anomalo
soja,BUENOS AIRES,25 De Mayo,2021/22,2817.0,2955.9,Random Forest,131.6417,0
soja,BUENOS AIRES,25 De Mayo,2022/23,1549.0,2460.0,Random Forest,1750.4001,1
soja,BUENOS AIRES,25 De Mayo,2023/24,2501.0,3104.1,Random Forest,123.9562,0
soja,BUENOS AIRES,25 De Mayo,2024/25,2800.0,2856.7,Random Forest,156.4405,0
soja,BUENOS AIRES,9 De Julio,2021/22,3028.0,3282.3,Random Forest,128.4931,0
soja,BUENOS AIRES,9 De Julio,2022/23,1370.0,2589.9,Random Forest,2233.1035,1
soja,BUENOS AIRES,9 De Julio,2023/24,3265.0,3191.3,Random Forest,141.7693,0
soja,BUENOS AIRES,9 De Julio,2024/25,2963.0,3078.1,Random Forest,254.072,0
soja,BUENOS AIRES,Adolfo Alsina,2021/22,2800.0,1883.6,Random Forest,134.6182,0
soja,BUENOS AIRES,Adolfo Alsina,2022/23,2456.0,1493.0,Random Forest,1555.1873,1
soja,BUENOS AIRES,Adolfo Alsina,2023/24,2654.0,1900.6,Random Forest,124.2272,0
soja,BUENOS AIRES,Adolfo Alsina,2024/25,2952.0,1672.8,Random Forest,116.6209,0
soja,BUENOS AIRES,Adolfo Gonzales Chaves,2021/22,1434.0,1897.7,Random Forest,133.9882,0
soja,BUENOS AIRES,Adolfo Gonzales Chaves,2022/23,2500.0,1710.9,Random Forest,369.8553,0
soja,BUENOS AIRES,Adolfo Gonzales Chaves,2023/24,2274.0,1976.0,Random Forest,120.7722,0
soja,BUENOS AIRES,Adolfo Gonzales Chaves,2024/25,2678.0,1812.1,Random Forest,270.8631,0
soja,BUENOS AIRES,Alberti,2021/22,2740.0,3063.4,Random Forest,144.2874,0
soja,BUENOS AIRES,Alberti,2022/23,1265.0,2657.1,Random Forest,2640.001,1
soja,BUENOS AIRES,Alberti,2023/24,3093.0,3151.7,Random Forest,135.4333,0
soja,BUENOS AIRES,Alberti,2024/25,2899.0,2980.8,Random Forest,148.7658,0
soja,BUENOS AIRES,Arrecifes,2021/22,2929.0,3341.5,Random Forest,166.9774,0
soja,BUENOS AIRES,Arrecifes,2022/23,1737.0,2266.4,Random Forest,2040.7632,1
soja,BUENOS AIRES,Arrecifes,2023/24,3549.0,3441.0,Random Forest,137.2849,0
soja,BUENOS AIRES,Arrecifes,2024/25,3165.0,3045.0,Random Forest,144.5385,0
soja,BUENOS AIRES,Ayacucho,2021/22,1920.0,2167.2,Random Forest,129.1997,0
soja,BUENOS AIRES,Ayacucho,2022/23,1409.0,2094.1,Random Forest,555.6142,0
soja,BUENOS AIRES,Ayacucho,2023/24,2017.0,2314.1,Random Forest,175.7209,0
soja,BUENOS AIRES,Ayacucho,2024/25,1963.0,1983.5,Random Forest,176.369,0
soja,BUENOS AIRES,Azul,2021/22,2081.0,2181.6,Random Forest,144.0447,0
soja,BUENOS AIRES,Azul,2022/23,2209.0,2195.6,Random Forest,343.3535,0
soja,BUENOS AIRES,Azul,2023/24,2615.0,2321.3,Random Forest,182.2059,0
soja,BUENOS AIRES,Azul,2024/25,2543.0,1981.9,Random Forest,250.2514,0
soja,BUENOS AIRES,Balcarce,2021/22,1878.0,2094.1,Random Forest,174.8701,0
soja,BUENOS AIRES,Balcarce,2022/23,2465.0,2256.7,Random Forest,421.5514,0
soja,BUENOS AIRES,Balcarce,2023/24,2387.0,2248.2,Random Forest,158.5337,0
soja,BUENOS AIRES,Balcarce,2024/25,2710.0,2313.6,Random Forest,216.4193,0
soja,BUENOS AIRES,Baradero,2021/22,2712.0,3262.9,Random Forest,176.7682,0
soja,BUENOS AIRES,Baradero,2022/23,1491.0,2289.7,Random Forest,2473.1877,1
soja,BUENOS AIRES,Baradero,2023/24,3443.0,3285.3,Random Forest,138.3293,0
soja,BUENOS AIRES,Baradero,2024/25,2781.0,3062.6,Random Forest,161.227,0
soja,BUENOS AIRES,Benito Juarez,2021/22,1842.0,1983.4,Random Forest,157.9564,0
soja,BUENOS AIRES,Benito Juarez,2022/23,2036.0,1827.6,Random Forest,390.6724,0
soja,BUENOS AIRES,Benito Juarez,2023/24,2490.0,2151.3,Random Forest,163.0381,0
soja,BUENOS AIRES,Benito Juarez,2024/25,2356.0,1863.5,Random Forest,236.109,0
soja,BUENOS AIRES,Bolivar,2021/22,2755.0,2912.1,Random Forest,148.7849,0
soja,BUENOS AIRES,Bolivar,2022/23,2128.0,2524.2,Random Forest,2585.296,1
soja,BUENOS AIRES,Bolivar,2023/24,2813.0,2954.7,Random Forest,139.1065,0
soja,BUENOS AIRES,Bolivar,2024/25,2657.0,2526.7,Random Forest,140.6953,0
soja,BUENOS AIRES,Bragado,2021/22,3076.0,3247.4,Random Forest,135.4494,0
soja,BUENOS AIRES,Bragado,2022/23,1392.0,2766.3,Random Forest,3528.3384,1
soja,BUENOS AIRES,Bragado,2023/24,3231.0,3173.2,Random Forest,132.1198,0
soja,BUENOS AIRES,Bragado,2024/25,2932.0,3046.7,Random Forest,186.9366,0
soja,BUENOS AIRES,Brandsen,2021/22,2450.0,2845.6,Random Forest,183.7991,0
soja,BUENOS AIRES,Brandsen,2022/23,1600.0,1739.3,Random Forest,7222.957,1
soja,BUENOS AIRES,Brandsen,2023/24,2450.0,2813.9,Random Forest,259.0696,0
soja,BUENOS AIRES,Brandsen,2024/25,2638.0,2696.7,Random Forest,179.2947,0
soja,BUENOS AIRES,Campana,2021/22,3083.0,3148.1,Random Forest,165.2324,0
soja,BUENOS AIRES,Campana,2022/23,1639.0,2729.5,Random Forest,3228.0977,1
soja,BUENOS AIRES,Campana,2023/24,3362.0,3138.8,Random Forest,154.0562,0
soja,BUENOS AIRES,Campana,2024/25,2949.0,2917.7,Random Forest,138.0433,0
soja,BUENOS AIRES,Canuelas,2021/22,3008.0,3071.5,Random Forest,131.9442,0
soja,BUENOS AIRES,Canuelas,2022/23,1447.0,2033.4,Random Forest,2683.5833,1
soja,BUENOS AIRES,Canuelas,2023/24,3008.0,2886.1,Random Forest,157.504,0
soja,BUENOS AIRES,Canuelas,2024/25,2508.0,2592.6,Random Forest,114.3017,0
soja,BUENOS AIRES,Capitan Sarmiento,2021/22,2979.0,3330.8,Random Forest,156.4367,0
soja,BUENOS AIRES,Capitan Sarmiento,2022/23,1630.0,2371.6,Random Forest,1837.6044,1
soja,BUENOS AIRES,Capitan Sarmiento,2023/24,3644.0,3401.2,Random Forest,153.2344,0
soja,BUENOS AIRES,Capitan Sarmiento,2024/25,3048.0,3041.2,Random Forest,139.2262,0
soja,BUENOS AIRES,Carlos Casares,2021/22,3590.0,2913.8,Random Forest,129.6361,0
soja,BUENOS AIRES,Carlos Casares,2022/23,1982.0,2452.0,Random Forest,2051.0928,1
soja,BUENOS AIRES,Carlos Casares,2023/24,3149.0,3071.7,Random Forest,142.2867,0
soja,BUENOS AIRES,Carlos Casares,2024/25,3610.0,2957.7,Random Forest,306.4171,0
soja,BUENOS AIRES,Carlos Tejedor,2021/22,3520.0,2831.3,Random Forest,117.4156,0
soja,BUENOS AIRES,Carlos Tejedor,2022/23,1784.0,2015.8,Random Forest,980.989,1
soja,BUENOS AIRES,Carlos Tejedor,2023/24,2679.0,2740.8,Random Forest,139.8226,0
soja,BUENOS AIRES,Carlos Tejedor,2024/25,3236.0,2716.7,Random Forest,369.3868,0
soja,BUENOS AIRES,Carmen De Areco,2021/22,2902.0,3232.6,Random Forest,166.9757,0
soja,BUENOS AIRES,Carmen De Areco,2022/23,1234.0,2243.3,Random Forest,3870.9731,1
soja,BUENOS AIRES,Carmen De Areco,2023/24,2796.0,3244.6,Random Forest,139.2057,0
soja,BUENOS AIRES,Carmen De Areco,2024/25,2969.0,3040.0,Random Forest,125.0069,0
soja,BUENOS AIRES,Castelli,2021/22,2420.0,2456.1,Random Forest,106.2237,0
soja,BUENOS AIRES,Castelli,2022/23,1463.0,2180.8,Random Forest,939.4053,1
soja,BUENOS AIRES,Castelli,2023/24,2000.0,2530.4,Random Forest,247.6671,0
soja,BUENOS AIRES,Castelli,2024/25,2056.0,2363.4,Random Forest,147.9493,0
soja,BUENOS AIRES,Chacabuco,2021/22,3045.0,3372.5,Random Forest,161.145,0
soja,BUENOS AIRES,Chacabuco,2022/23,1592.0,2775.9,Random Forest,4323.3945,1
soja,BUENOS AIRES,Chacabuco,2023/24,3263.0,3375.8,Random Forest,133.68,0
soja,BUENOS AIRES,Chacabuco,2024/25,3346.0,3178.8,Random Forest,142.2297,0
soja,BUENOS AIRES,Chascomus,2021/22,2879.0,2907.2,Random Forest,116.7101,0
soja,BUENOS AIRES,Chascomus,2022/23,1424.0,1744.2,Random Forest,2020.672,1
soja,BUENOS AIRES,Chascomus,2023/24,3176.0,2916.1,Random Forest,151.6888,0
soja,BUENOS AIRES,Chascomus,2024/25,2698.0,2685.2,Random Forest,135.9797,0
soja,BUENOS AIRES,Chivilcoy,2021/22,3116.0,3257.7,Random Forest,131.9424,0
soja,BUENOS AIRES,Chivilcoy,2022/23,1579.0,2314.1,Random Forest,3973.6917,1
soja,BUENOS AIRES,Chivilcoy,2023/24,3131.0,3316.9,Random Forest,126.9345,0
soja,BUENOS AIRES,Chivilcoy,2024/25,2534.0,3045.8,Random Forest,124.831,0
soja,BUENOS AIRES,Colon,2021/22,3435.0,3346.0,Random Forest,141.9434,0
soja,BUENOS AIRES,Colon,2022/23,1929.0,2112.6,Random Forest,1653.9033,1
soja,BUENOS AIRES,Colon,2023/24,3999.0,3377.9,Random Forest,134.1726,0
soja,BUENOS AIRES,Colon,2024/25,3435.0,3106.1,Random Forest,186.3935,0
soja,BUENOS AIRES,Coronel Dorrego,2021/22,1076.0,1458.3,Random Forest,149.9566,0
soja,BUENOS AIRES,Coronel Dorrego,2022/23,2200.0,1415.5,Random Forest,169.2752,0
soja,BUENOS AIRES,Coronel Dorrego,2023/24,990.0,1304.8,Random Forest,126.0479,0
soja,BUENOS AIRES,Coronel Dorrego,2024/25,1948.0,1451.7,Random Forest,446.2972,0
soja,BUENOS AIRES,Coronel Pringles,2021/22,1688.0,1651.1,Random Forest,146.3522,0
soja,BUENOS AIRES,Coronel Pringles,2022/23,1934.0,1537.2,Random Forest,299.8591,0
soja,BUENOS AIRES,Coronel Pringles,2023/24,1540.0,1685.5,Random Forest,121.1044,0
soja,BUENOS AIRES,Coronel Pringles,2024/25,2163.0,1720.4,Random Forest,534.3676,0
soja,BUENOS AIRES,Coronel Suarez,2021/22,2048.0,2074.9,Random Forest,157.3391,0
soja,BUENOS AIRES,Coronel Suarez,2022/23,2345.0,1897.0,Random Forest,397.7754,0
soja,BUENOS AIRES,Coronel Suarez,2023/24,2559.0,2166.5,Random Forest,148.3773,0
soja,BUENOS AIRES,Coronel Suarez,2024/25,1879.0,1929.7,Random Forest,506.9738,0
soja,BUENOS AIRES,Daireaux,2021/22,2620.0,2791.8,Random Forest,153.3166,0
soja,BUENOS AIRES,Daireaux,2022/23,2032.0,2565.9,Random Forest,551.4951,0
soja,BUENOS AIRES,Daireaux,2023/24,2867.0,3011.0,Random Forest,137.2038,0
soja,BUENOS AIRES,Daireaux,2024/25,2613.0,2672.3,Random Forest,433.8928,0
soja,BUENOS AIRES,Dolores,2021/22,2500.0,2415.1,Random Forest,102.2982,0
soja,BUENOS AIRES,Dolores,2022/23,2000.0,2299.5,Random Forest,831.0068,1
soja,BUENOS AIRES,Dolores,2023/24,2300.0,2470.7,Random Forest,198.5954,0
soja,BUENOS AIRES,Dolores,2024/25,1867.0,2386.2,Random Forest,136.5888,0
soja,BUENOS AIRES,Exaltacion De La Cruz,2021/22,3107.0,3277.9,Random Forest,155.4614,0
soja,BUENOS AIRES,Exaltacion De La Cruz,2022/23,1715.0,2384.6,Random Forest,4091.7073,1
soja,BUENOS AIRES,Exaltacion De La Cruz,2023/24,3321.0,3288.5,Random Forest,128.3017,0
soja,BUENOS AIRES,Exaltacion De La Cruz,2024/25,3055.0,3049.5,Random Forest,123.2024,0
soja,BUENOS AIRES,Florentino Ameghino,2021/22,2841.0,3093.4,Random Forest,106.473,0
soja,BUENOS AIRES,Florentino Ameghino,2022/23,1613.0,2344.4,Random Forest,1098.2024,1
soja,BUENOS AIRES,Florentino Ameghino,2023/24,2968.0,3147.6,Random Forest,155.2052,0
soja,BUENOS AIRES,Florentino Ameghino,2024/25,3031.0,2788.2,Random Forest,431.0361,0
soja,BUENOS AIRES,General Alvarado,2021/22,1315.0,2080.0,Random Forest,165.3573,0
soja,BUENOS AIRES,General Alvarado,2022/23,2668.0,2108.6,Random Forest,3026.8862,1
soja,BUENOS AIRES,General Alvarado,2023/24,2326.0,2307.3,Random Forest,115.718,0
soja,BUENOS AIRES,General Alvarado,2024/25,2644.0,2249.9,Random Forest,136.9442,0
soja,BUENOS AIRES,General Alvear,2021/22,2325.0,2540.2,Random Forest,132.1988,0
soja,BUENOS AIRES,General Alvear,2022/23,2093.0,2203.8,Random Forest,624.1283,0
soja,BUENOS AIRES,General Alvear,2023/24,2839.0,2577.4,Random Forest,134.3129,0
soja,BUENOS AIRES,General Alvear,2024/25,2671.0,2236.1,Random Forest,232.6996,0
soja,BUENOS AIRES,General Arenales,2021/22,2935.0,3472.7,Random Forest,147.8316,0
soja,BUENOS AIRES,General Arenales,2022/23,1449.0,2870.6,Random Forest,2008.5623,1
soja,BUENOS AIRES,General Arenales,2023/24,3257.0,3346.9,Random Forest,162.7729,0
soja,BUENOS AIRES,General Arenales,2024/25,3354.0,3198.9,Random Forest,205.8717,0
soja,BUENOS AIRES,General Belgrano,2021/22,2759.0,2879.9,Random Forest,116.6486,0
soja,BUENOS AIRES,General Belgrano,2022/23,1569.0,2123.2,Random Forest,852.3248,1
soja,BUENOS AIRES,General Belgrano,2023/24,2728.0,3063.6,Random Forest,160.487,0
soja,BUENOS AIRES,General Belgrano,2024/25,2686.0,2467.7,Random Forest,176.5328,0
soja,BUENOS AIRES,General Juan Madariaga,2021/22,2507.0,2785.3,Random Forest,141.753,0
soja,BUENOS AIRES,General Juan Madariaga,2022/23,2674.0,2846.5,Random Forest,428.8038,0
soja,BUENOS AIRES,General Juan Madariaga,2023/24,2678.0,2999.3,Random Forest,189.3808,0
soja,BUENOS AIRES,General Juan Madariaga,2024/25,2537.0,2592.0,Random Forest,175.0225,0
soja,BUENOS AIRES,General La Madrid,2021/22,1843.0,2109.8,Random Forest,146.3043,0
soja,BUENOS AIRES,General La Madrid,2022/23,2051.0,1918.5,Random Forest,496.147,0
soja,BUENOS AIRES,General La Madrid,2023/24,2079.0,2300.0,Random Forest,168.3118,0
soja,BUENOS AIRES,General La Madrid,2024/25,1567.0,1905.2,Random Forest,394.7331,0
soja,BUENOS AIRES,General Las Heras,2021/22,2434.0,3195.0,Random Forest,156.1861,0
soja,BUENOS AIRES,General Las Heras,2022/23,1500.0,2276.1,Random Forest,3492.984,1
soja,BUENOS AIRES,General Las Heras,2023/24,2706.0,2949.5,Random Forest,126.0314,0
soja,BUENOS AIRES,General Las Heras,2024/25,2525.0,2740.1,Random Forest,116.2942,0
soja,BUENOS AIRES,General Paz,2021/22,2787.0,2819.6,Random Forest,110.0357,0
soja,BUENOS AIRES,General Paz,2022/23,1372.0,2273.7,Random Forest,663.4582,0
soja,BUENOS AIRES,General Paz,2023/24,2909.0,2765.0,Random Forest,158.899,0
soja,BUENOS AIRES,General Paz,2024/25,2674.0,2616.9,Random Forest,195.8714,0
soja,BUENOS AIRES,General Pinto,2021/22,2804.0,3183.5,Random Forest,123.8742,0
soja,BUENOS AIRES,General Pinto,2022/23,1894.0,2562.0,Random Forest,2267.0552,1
soja,BUENOS AIRES,General Pinto,2023/24,3070.0,3132.2,Random Forest,143.7261,0
soja,BUENOS AIRES,General Pinto,2024/25,3105.0,2842.1,Random Forest,265.0748,0
soja,BUENOS AIRES,General Pueyrredon,2021/22,1617.0,2120.4,Random Forest,164.6817,0
soja,BUENOS AIRES,General Pueyrredon,2022/23,2866.0,2243.0,Random Forest,347.2685,0
soja,BUENOS AIRES,General Pueyrredon,2023/24,2424.0,2272.4,Random Forest,186.2484,0
soja,BUENOS AIRES,General Pueyrredon,2024/25,2657.0,2151.0,Random Forest,187.9702,0
soja,BUENOS AIRES,General Rodriguez,2021/22,2780.0,3068.7,Random Forest,144.8872,0
soja,BUENOS AIRES,General Rodriguez,2022/23,1537.0,1523.0,Random Forest,4134.2505,1
soja,BUENOS AIRES,General Rodriguez,2023/24,3136.0,2840.3,Random Forest,150.2664,0
soja,BUENOS AIRES,General Rodriguez,2024/25,2886.0,2745.5,Random Forest,123.4396,0
soja,BUENOS AIRES,General Viamonte,2021/22,3065.0,3274.2,Random Forest,141.9431,0
soja,BUENOS AIRES,General Viamonte,2022/23,1777.0,2553.6,Random Forest,2994.7817,1
soja,BUENOS AIRES,General Viamonte,2023/24,2972.0,3301.7,Random Forest,125.8649,0
soja,BUENOS AIRES,General Viamonte,2024/25,3127.0,3104.1,Random Forest,144.8048,0
soja,BUENOS AIRES,General Villegas,2021/22,2940.0,2960.7,Random Forest,111.4143,0
soja,BUENOS AIRES,General Villegas,2022/23,2045.0,2688.0,Random Forest,903.4961,1
soja,BUENOS AIRES,General Villegas,2023/24,3060.0,3104.6,Random Forest,145.472,0
soja,BUENOS AIRES,General Villegas,2024/25,3080.0,2900.0,Random Forest,269.1532,0
soja,BUENOS AIRES,Guamini,2021/22,2800.0,2533.0,Random Forest,132.6571,0
soja,BUENOS AIRES,Guamini,2022/23,2507.0,2120.1,Random Forest,341.1468,0
soja,BUENOS AIRES,Guamini,2023/24,2626.0,2589.0,Random Forest,122.8166,0
soja,BUENOS AIRES,Guamini,2024/25,2946.0,2283.2,Random Forest,415.5592,0
soja,BUENOS AIRES,Hipolito Yrigoyen,2021/22,2705.0,2779.7,Random Forest,129.1476,0
soja,BUENOS AIRES,Hipolito Yrigoyen,2022/23,1996.0,2843.8,Random Forest,419.6679,0
soja,BUENOS AIRES,Hipolito Yrigoyen,2023/24,2668.0,3068.2,Random Forest,159.3927,0
soja,BUENOS AIRES,Hipolito Yrigoyen,2024/25,2645.0,2791.2,Random Forest,221.7562,0
soja,BUENOS AIRES,Junin,2021/22,3099.0,3283.2,Random Forest,148.7193,0
soja,BUENOS AIRES,Junin,2022/23,1557.0,2541.9,Random Forest,2583.9443,1
soja,BUENOS AIRES,Junin,2023/24,3119.0,3235.7,Random Forest,147.0329,0
soja,BUENOS AIRES,Junin,2024/25,3320.0,3142.2,Random Forest,173.6386,0
soja,BUENOS AIRES,Laprida,2021/22,2226.0,1965.1,Random Forest,144.6589,0
soja,BUENOS AIRES,Laprida,2022/23,2000.0,1793.1,Random Forest,443.3449,0
soja,BUENOS AIRES,Laprida,2023/24,2420.0,2058.9,Random Forest,182.5756,0
soja,BUENOS AIRES,Laprida,2024/25,2544.0,1810.7,Random Forest,338.763,0
soja,BUENOS AIRES,Las Flores,2021/22,2598.0,2842.9,Random Forest,131.6101,0
soja,BUENOS AIRES,Las Flores,2022/23,1485.0,2207.7,Random Forest,830.911,1
soja,BUENOS AIRES,Las Flores,2023/24,2493.0,2931.8,Random Forest,132.394,0
soja,BUENOS AIRES,Las Flores,2024/25,2646.0,2250.6,Random Forest,214.9425,0
soja,BUENOS AIRES,Leandro N. Alem,2021/22,2978.0,3223.5,Random Forest,146.7962,0
soja,BUENOS AIRES,Leandro N. Alem,2022/23,1526.0,2762.2,Random Forest,1653.3022,1
soja,BUENOS AIRES,Leandro N. Alem,2023/24,2959.0,3314.8,Random Forest,150.16,0
soja,BUENOS AIRES,Leandro N. Alem,2024/25,2989.0,3146.1,Random Forest,194.299,0
soja,BUENOS AIRES,Lincoln,2021/22,3032.0,3156.7,Random Forest,126.7628,0
soja,BUENOS AIRES,Lincoln,2022/23,1716.0,2440.8,Random Forest,2355.595,1
soja,BUENOS AIRES,Lincoln,2023/24,3120.0,3091.2,Random Forest,153.6383,0
soja,BUENOS AIRES,Lincoln,2024/25,3014.0,2945.4,Random Forest,227.9916,0
soja,BUENOS AIRES,Loberia,2021/22,1657.0,2002.7,Random Forest,180.3661,0
soja,BUENOS AIRES,Loberia,2022/23,2347.0,2179.0,Random Forest,341.9986,0
soja,BUENOS AIRES,Loberia,2023/24,2157.0,2209.6,Random Forest,171.1679,0
soja,BUENOS AIRES,Loberia,2024/25,2454.0,2178.3,Random Forest,194.3774,0
soja,BUENOS AIRES,Lobos,2021/22,2829.0,2898.1,Random Forest,150.7746,0
soja,BUENOS AIRES,Lobos,2022/23,1704.0,2380.5,Random Forest,4830.621,1
soja,BUENOS AIRES,Lobos,2023/24,2447.0,3048.0,Random Forest,120.646,0
soja,BUENOS AIRES,Lobos,2024/25,2549.0,2774.0,Random Forest,116.6743,0
soja,BUENOS AIRES,Lujan,2021/22,2848.0,3030.5,Random Forest,162.1916,0
soja,BUENOS AIRES,Lujan,2022/23,1515.0,1968.5,Random Forest,3710.9685,1
soja,BUENOS AIRES,Lujan,2023/24,2971.0,3118.2,Random Forest,148.8699,0
soja,BUENOS AIRES,Lujan,2024/25,2598.0,2909.5,Random Forest,120.8221,0
soja,BUENOS AIRES,Magdalena,2021/22,3041.0,2806.7,Random Forest,142.2033,0
soja,BUENOS AIRES,Magdalena,2022/23,1600.0,1916.9,Random Forest,3288.8777,1
soja,BUENOS AIRES,Magdalena,2023/24,2624.0,2642.8,Random Forest,303.3893,0
soja,BUENOS AIRES,Magdalena,2024/25,2806.0,2623.7,Random Forest,239.0638,0
soja,BUENOS AIRES,Maipu,2021/22,2350.0,2594.3,Random Forest,164.6939,0
soja,BUENOS AIRES,Maipu,2022/23,2174.0,2170.3,Random Forest,345.9163,0
soja,BUENOS AIRES,Maipu,2023/24,2280.0,2636.9,Random Forest,227.7108,0
soja,BUENOS AIRES,Maipu,2024/25,2179.0,1990.6,Random Forest,189.8397,0
soja,BUENOS AIRES,Mar Chiquita,2021/22,2518.0,2588.3,Random Forest,138.5456,0
soja,BUENOS AIRES,Mar Chiquita,2022/23,2425.0,2654.7,Random Forest,530.904,0
soja,BUENOS AIRES,Mar Chiquita,2023/24,2751.0,2824.4,Random Forest,159.7358,0
soja,BUENOS AIRES,Mar Chiquita,2024/25,2291.0,2617.7,Random Forest,304.5119,0
soja,BUENOS AIRES,Marcos Paz,2021/22,2625.0,3099.2,Random Forest,146.4399,0
soja,BUENOS AIRES,Marcos Paz,2022/23,1340.0,1650.5,Random Forest,4423.8735,1
soja,BUENOS AIRES,Marcos Paz,2023/24,2863.0,2891.1,Random Forest,127.2333,0
soja,BUENOS AIRES,Marcos Paz,2024/25,2429.0,2723.5,Random Forest,118.642,0
soja,BUENOS AIRES,Mercedes,2021/22,2372.0,2781.2,Random Forest,161.7532,0
soja,BUENOS AIRES,Mercedes,2022/23,983.0,1916.3,Random Forest,5475.3965,1
soja,BUENOS AIRES,Mercedes,2023/24,3185.0,2918.7,Random Forest,146.4622,0
soja,BUENOS AIRES,Mercedes,2024/25,1777.0,2577.8,Random Forest,123.528,0
soja,BUENOS AIRES,Monte,2021/22,3092.0,2978.2,Random Forest,118.2078,0
soja,BUENOS AIRES,Monte,2022/23,1963.0,2162.2,Random Forest,1066.8456,1
soja,BUENOS AIRES,Monte,2023/24,2461.0,3099.1,Random Forest,132.9792,0
soja,BUENOS AIRES,Monte,2024/25,2696.0,2671.8,Random Forest,121.9499,0
soja,BUENOS AIRES,Navarro,2021/22,3023.0,2947.0,Random Forest,146.6226,0
soja,BUENOS AIRES,Navarro,2022/23,1918.0,2365.1,Random Forest,3909.5745,1
soja,BUENOS AIRES,Navarro,2023/24,2420.0,3080.1,Random Forest,125.8087,0
soja,BUENOS AIRES,Navarro,2024/25,2647.0,2822.9,Random Forest,126.5272,0
soja,BUENOS AIRES,Necochea,2021/22,1271.0,1795.1,Random Forest,128.0218,0
soja,BUENOS AIRES,Necochea,2022/23,2242.0,1885.7,Random Forest,362.8645,0
soja,BUENOS AIRES,Necochea,2023/24,2007.0,2043.7,Random Forest,124.7886,0
soja,BUENOS AIRES,Necochea,2024/25,2415.0,1964.2,Random Forest,311.8426,0
soja,BUENOS AIRES,Olavarria,2021/22,2544.0,2429.0,Random Forest,142.8212,0
soja,BUENOS AIRES,Olavarria,2022/23,1939.0,2323.2,Random Forest,480.2076,0
soja,BUENOS AIRES,Olavarria,2023/24,2593.0,2472.0,Random Forest,202.5182,0
soja,BUENOS AIRES,Olavarria,2024/25,2549.0,2091.1,Random Forest,354.1938,0
soja,BUENOS AIRES,Pehuajo,2021/22,3320.0,2888.8,Random Forest,135.5872,0
soja,BUENOS AIRES,Pehuajo,2022/23,1887.0,2473.0,Random Forest,804.0578,1
soja,BUENOS AIRES,Pehuajo,2023/24,3178.0,2836.5,Random Forest,133.0159,0
soja,BUENOS AIRES,Pehuajo,2024/25,3577.0,2810.1,Random Forest,459.836,0
soja,BUENOS AIRES,Pellegrini,2021/22,3137.0,2882.3,Random Forest,197.5593,0
soja,BUENOS AIRES,Pellegrini,2022/23,2751.0,2490.8,Random Forest,422.5686,0
soja,BUENOS AIRES,Pellegrini,2023/24,2637.0,2685.2,Random Forest,258.6026,0
soja,BUENOS AIRES,Pellegrini,2024/25,3121.0,2762.8,Random Forest,156.5481,0
soja,BUENOS AIRES,Pergamino,2021/22,3438.0,3371.0,Random Forest,156.3106,0
soja,BUENOS AIRES,Pergamino,2022/23,1857.0,2153.8,Random Forest,1593.7623,1
soja,BUENOS AIRES,Pergamino,2023/24,4035.0,3407.1,Random Forest,145.909,0
soja,BUENOS AIRES,Pergamino,2024/25,3288.0,3056.9,Random Forest,167.7525,0
soja,BUENOS AIRES,Pilar,2021/22,2677.0,2796.9,Random Forest,144.508,0
soja,BUENOS AIRES,Pilar,2022/23,1517.0,1601.1,Random Forest,4655.913,1
soja,BUENOS AIRES,Pilar,2023/24,2550.0,2676.2,Random Forest,141.1901,0
soja,BUENOS AIRES,Pilar,2024/25,2563.0,2604.8,Random Forest,130.5301,0
soja,BUENOS AIRES,Puan,2021/22,1800.0,1478.9,Random Forest,139.8605,0
soja,BUENOS AIRES,Puan,2022/23,1800.0,1045.1,Random Forest,3286.2979,1
soja,BUENOS AIRES,Puan,2023/24,0.0,1368.6,Random Forest,164.136,0
soja,BUENOS AIRES,Puan,2024/25,1300.0,1356.9,Random Forest,120.243,0
soja,BUENOS AIRES,Ramallo,2021/22,2918.0,3114.2,Random Forest,174.5273,0
soja,BUENOS AIRES,Ramallo,2022/23,1576.0,1374.9,Random Forest,1420.4906,1
soja,BUENOS AIRES,Ramallo,2023/24,3524.0,3329.0,Random Forest,135.7948,0
soja,BUENOS AIRES,Ramallo,2024/25,2944.0,3066.0,Random Forest,144.5738,0
soja,BUENOS AIRES,Rauch,2021/22,2150.0,2204.1,Random Forest,131.327,0
soja,BUENOS AIRES,Rauch,2022/23,1525.0,1965.3,Random Forest,369.405,0
soja,BUENOS AIRES,Rauch,2023/24,2187.0,2322.7,Random Forest,175.3542,0
soja,BUENOS AIRES,Rauch,2024/25,1976.0,1919.3,Random Forest,196.4264,0
soja,BUENOS AIRES,Rivadavia,2021/22,3243.0,3293.8,Random Forest,153.8007,0
soja,BUENOS AIRES,Rivadavia,2022/23,2234.0,2664.5,Random Forest,5660.0303,1
soja,BUENOS AIRES,Rivadavia,2023/24,3242.0,3019.2,Random Forest,145.3894,0
soja,BUENOS AIRES,Rivadavia,2024/25,3285.0,2988.3,Random Forest,133.9892,0
soja,BUENOS AIRES,Rojas,2021/22,2943.0,3409.6,Random Forest,152.3169,0
soja,BUENOS AIRES,Rojas,2022/23,1575.0,2765.4,Random Forest,2086.8635,1
soja,BUENOS AIRES,Rojas,2023/24,3394.0,3423.4,Random Forest,139.1952,0
soja,BUENOS AIRES,Rojas,2024/25,3510.0,3086.4,Random Forest,145.7744,0
soja,BUENOS AIRES,Roque Perez,2021/22,3017.0,2926.0,Random Forest,121.8657,0
soja,BUENOS AIRES,Roque Perez,2022/23,1885.0,2251.3,Random Forest,1905.9918,1
soja,BUENOS AIRES,Roque Perez,2023/24,2636.0,3052.0,Random Forest,122.9927,0
soja,BUENOS AIRES,Roque Perez,2024/25,2776.0,2695.5,Random Forest,156.1763,0
soja,BUENOS AIRES,Saavedra,2021/22,1769.0,1619.0,Random Forest,140.9507,0
soja,BUENOS AIRES,Saavedra,2022/23,1698.0,1354.4,Random Forest,205.2335,0
soja,BUENOS AIRES,Saavedra,2023/24,1567.0,1643.8,Random Forest,114.389,0
soja,BUENOS AIRES,Saavedra,2024/25,1656.0,1391.4,Random Forest,476.0788,0
soja,BUENOS AIRES,Saladillo,2021/22,2788.0,2960.1,Random Forest,133.56,0
soja,BUENOS AIRES,Saladillo,2022/23,1555.0,2451.7,Random Forest,1631.094,1
soja,BUENOS AIRES,Saladillo,2023/24,2758.0,3066.3,Random Forest,129.5236,0
soja,BUENOS AIRES,Saladillo,2024/25,2708.0,2741.5,Random Forest,154.5474,0
soja,BUENOS AIRES,Salliquelo,2021/22,3133.0,2587.3,Random Forest,111.516,0
soja,BUENOS AIRES,Salliquelo,2022/23,2646.0,2367.5,Random Forest,325.2276,0
soja,BUENOS AIRES,Salliquelo,2023/24,2533.0,2546.8,Random Forest,125.3842,0
soja,BUENOS AIRES,Salliquelo,2024/25,3043.0,2447.2,Random Forest,285.688,0
soja,BUENOS AIRES,Salto,2021/22,3356.0,3445.0,Random Forest,170.301,0
soja,BUENOS AIRES,Salto,2022/23,2208.0,2878.3,Random Forest,3272.4622,1
soja,BUENOS AIRES,Salto,2023/24,3900.0,3544.4,Random Forest,144.1013,0
soja,BUENOS AIRES,Salto,2024/25,3507.0,3100.6,Random Forest,128.1252,0
soja,BUENOS AIRES,San Andres De Giles,2021/22,2957.0,3233.9,Random Forest,173.8037,0
soja,BUENOS AIRES,San Andres De Giles,2022/23,1412.0,2403.9,Random Forest,4493.011,1
soja,BUENOS AIRES,San Andres De Giles,2023/24,3151.0,3280.9,Random Forest,152.3509,0
soja,BUENOS AIRES,San Andres De Giles,2024/25,3074.0,2955.8,Random Forest,124.8711,0
soja,BUENOS AIRES,San Antonio De Areco,2021/22,3082.0,3391.3,Random Forest,173.6337,0
soja,BUENOS AIRES,San Antonio De Areco,2022/23,1354.0,2721.3,Random Forest,3103.1077,1
soja,BUENOS AIRES,San Antonio De Areco,2023/24,3214.0,3426.4,Random Forest,140.0894,0
soja,BUENOS AIRES,San Antonio De Areco,2024/25,2842.0,3028.0,Random Forest,129.7384,0
soja,BUENOS AIRES,San Cayetano,2021/22,1107.0,1785.8,Random Forest,133.9933,0
soja,BUENOS AIRES,San Cayetano,2022/23,2470.0,1868.6,Random Forest,357.0303,0
soja,BUENOS AIRES,San Cayetano,2023/24,2042.0,2029.4,Random Forest,110.2362,0
soja,BUENOS AIRES,San Cayetano,2024/25,2435.0,1919.4,Random Forest,280.4244,0
soja,BUENOS AIRES,San Nicolas,2021/22,2609.0,2929.7,Random Forest,152.6543,0
soja,BUENOS AIRES,San Nicolas,2022/23,1467.0,1389.9,Random Forest,1243.4706,1
soja,BUENOS AIRES,San Nicolas,2023/24,3486.0,3221.4,Random Forest,132.1898,0
soja,BUENOS AIRES,San Nicolas,2024/25,3062.0,3063.8,Random Forest,145.3761,0
soja,BUENOS AIRES,San Pedro,2021/22,3000.0,3416.7,Random Forest,208.5077,0
soja,BUENOS AIRES,San Pedro,2022/23,1626.0,2025.0,Random Forest,1250.8386,1
soja,BUENOS AIRES,San Pedro,2023/24,3363.0,3204.4,Random Forest,146.1391,0
soja,BUENOS AIRES,San Pedro,2024/25,3094.0,3029.1,Random Forest,177.9068,0
soja,BUENOS AIRES,Suipacha,2021/22,2310.0,2729.2,Random Forest,145.6526,0
soja,BUENOS AIRES,Suipacha,2022/23,900.0,1776.0,Random Forest,4960.5806,1
soja,BUENOS AIRES,Suipacha,2023/24,3221.0,2787.8,Random Forest,127.3092,0
soja,BUENOS AIRES,Suipacha,2024/25,1632.0,2628.0,Random Forest,120.0652,0
soja,BUENOS AIRES,Tandil,2021/22,1949.0,2207.4,Random Forest,139.0683,0
soja,BUENOS AIRES,Tandil,2022/23,2279.0,2185.0,Random Forest,451.5346,0
soja,BUENOS AIRES,Tandil,2023/24,2470.0,2307.4,Random Forest,163.4986,0
soja,BUENOS AIRES,Tandil,2024/25,2661.0,2163.0,Random Forest,221.2514,0
soja,BUENOS AIRES,Tapalque,2021/22,2950.0,2686.1,Random Forest,127.2578,0
soja,BUENOS AIRES,Tapalque,2022/23,2353.0,2354.4,Random Forest,395.7368,0
soja,BUENOS AIRES,Tapalque,2023/24,2812.0,2733.2,Random Forest,150.76,0
soja,BUENOS AIRES,Tapalque,2024/25,2780.0,2117.2,Random Forest,255.9521,0
soja,BUENOS AIRES,Tornquist,2021/22,1600.0,1362.7,Random Forest,170.2401,0
soja,BUENOS AIRES,Tornquist,2022/23,1800.0,1360.6,Random Forest,214.2777,0
soja,BUENOS AIRES,Tornquist,2023/24,0.0,1239.4,Random Forest,137.84,0
soja,BUENOS AIRES,Tornquist,2024/25,1800.0,1354.2,Random Forest,562.3579,0
soja,BUENOS AIRES,Trenque Lauquen,2021/22,3286.0,2820.5,Random Forest,116.8858,0
soja,BUENOS AIRES,Trenque Lauquen,2022/23,2298.0,2344.1,Random Forest,925.86,1
soja,BUENOS AIRES,Trenque Lauquen,2023/24,3104.0,2619.8,Random Forest,130.1944,0
soja,BUENOS AIRES,Trenque Lauquen,2024/25,3363.0,2656.0,Random Forest,406.1698,0
soja,BUENOS AIRES,Tres Arroyos,2021/22,1417.0,1728.9,Random Forest,133.5588,0
soja,BUENOS AIRES,Tres Arroyos,2022/23,2500.0,1820.3,Random Forest,378.6604,0
soja,BUENOS AIRES,Tres Arroyos,2023/24,2141.0,1924.0,Random Forest,112.6719,0
soja,BUENOS AIRES,Tres Arroyos,2024/25,2567.0,1862.5,Random Forest,239.2085,0
soja,BUENOS AIRES,Tres Lomas,2021/22,3043.0,2779.9,Random Forest,121.762,0
soja,BUENOS AIRES,Tres Lomas,2022/23,2778.0,2422.0,Random Forest,391.0485,0
soja,BUENOS AIRES,Tres Lomas,2023/24,2521.0,2607.4,Random Forest,117.5483,0
soja,BUENOS AIRES,Tres Lomas,2024/25,3043.0,2569.3,Random Forest,293.074,0
soja,BUENOS AIRES,Zarate,2021/22,3028.0,3076.0,Random Forest,161.0563,0
soja,BUENOS AIRES,Zarate,2022/23,1703.0,2329.5,Random Forest,3586.2727,1
soja,BUENOS AIRES,Zarate,2023/24,3442.0,3114.5,Random Forest,149.2251,0
soja,BUENOS AIRES,Zarate,2024/25,3148.0,2852.5,Random Forest,147.5596,0
soja,CATAMARCA,El Alto,2021/22,1900.0,2428.4,Random Forest,145.983,0
soja,CATAMARCA,El Alto,2022/23,1300.0,2686.6,Random Forest,239.5706,0
soja,CATAMARCA,El Alto,2023/24,2300.0,2575.6,Random Forest,174.2867,0
soja,CATAMARCA,El Alto,2024/25,1900.0,2687.5,Random Forest,232.5863,0
soja,CATAMARCA,Santa Rosa,2021/22,2300.0,2552.5,Random Forest,144.6126,0
soja,CATAMARCA,Santa Rosa,2022/23,1556.0,2634.3,Random Forest,263.5261,0
soja,CATAMARCA,Santa Rosa,2023/24,3100.0,2698.6,Random Forest,233.3047,0
soja,CATAMARCA,Santa Rosa,2024/25,2547.0,2769.3,Random Forest,243.373,0
soja,CHACO,12 De Octubre,2021/22,2801.0,2338.4,Random Forest,135.7868,0
soja,CHACO,12 De Octubre,2022/23,2011.0,1697.2,Random Forest,311.0342,0
soja,CHACO,12 De Octubre,2023/24,1360.0,2466.9,Random Forest,152.1121,0
soja,CHACO,12 De Octubre,2024/25,1192.0,1524.3,Random Forest,215.375,0
soja,CHACO,2 De Abril,2021/22,3017.0,2042.2,Random Forest,151.3362,0
soja,CHACO,2 De Abril,2022/23,1831.0,1510.2,Random Forest,226.8669,0
soja,CHACO,2 De Abril,2023/24,1326.0,2478.8,Random Forest,244.8597,0
soja,CHACO,2 De Abril,2024/25,1134.0,1737.8,Random Forest,218.6468,0
soja,CHACO,25 De Mayo,2023/24,900.0,2312.1,Random Forest,121.3066,0
soja,CHACO,9 De Julio,2021/22,2737.0,2462.2,Random Forest,134.1139,0
soja,CHACO,9 De Julio,2022/23,2170.0,1883.0,Random Forest,2829.575,1
soja,CHACO,9 De Julio,2023/24,1321.0,2663.5,Random Forest,126.1123,0
soja,CHACO,9 De Julio,2024/25,1129.0,1779.2,Random Forest,239.3756,0
soja,CHACO,Almirante Brown,2021/22,3183.0,2329.3,Random Forest,165.2589,0
soja,CHACO,Almirante Brown,2022/23,1985.0,1859.1,Random Forest,156.2045,0
soja,CHACO,Almirante Brown,2023/24,1196.0,2474.9,Random Forest,456.653,0
soja,CHACO,Almirante Brown,2024/25,790.0,1878.3,Random Forest,140.956,0
soja,CHACO,Chacabuco,2021/22,2631.0,2373.7,Random Forest,159.1746,0
soja,CHACO,Chacabuco,2022/23,1815.0,1639.7,Random Forest,3161.0508,1
soja,CHACO,Chacabuco,2023/24,1313.0,2584.7,Random Forest,128.7275,0
soja,CHACO,Chacabuco,2024/25,1155.0,1674.5,Random Forest,156.6718,0
soja,CHACO,Comandante Fernandez,2021/22,1219.0,1802.7,Random Forest,121.2883,0
soja,CHACO,Comandante Fernandez,2022/23,900.0,1450.5,Random Forest,259.1597,0
soja,CHACO,Comandante Fernandez,2023/24,686.0,2073.6,Random Forest,180.2129,0
soja,CHACO,Comandante Fernandez,2024/25,613.0,1349.6,Random Forest,223.2093,0
soja,CHACO,Fray Justo Santa Maria De Oro,2021/22,2501.0,1681.9,Random Forest,142.7395,0
soja,CHACO,Fray Justo Santa Maria De Oro,2022/23,1819.0,1406.9,Random Forest,401.0451,0
soja,CHACO,Fray Justo Santa Maria De Oro,2023/24,982.0,1880.1,Random Forest,153.5451,0
soja,CHACO,Fray Justo Santa Maria De Oro,2024/25,1115.0,1378.6,Random Forest,161.3592,0
soja,CHACO,General Belgrano,2021/22,2766.0,2431.5,Random Forest,111.0908,0
soja,CHACO,General Belgrano,2022/23,2448.0,2177.7,Random Forest,1216.7273,1
soja,CHACO,General Belgrano,2023/24,1623.0,2677.4,Random Forest,120.2721,0
soja,CHACO,General Belgrano,2024/25,1224.0,1895.1,Random Forest,152.1966,0
soja,CHACO,General Guemes,2021/22,1691.0,2029.3,Random Forest,408.0673,0
soja,CHACO,General Guemes,2022/23,1281.0,2169.4,Random Forest,426.1994,0
soja,CHACO,General Guemes,2023/24,784.0,2238.0,Random Forest,206.63,0
soja,CHACO,General Guemes,2024/25,1078.0,2177.3,Random Forest,230.1424,0
soja,CHACO,Independencia,2021/22,2741.0,1771.9,Random Forest,135.4333,0
soja,CHACO,Independencia,2022/23,1740.0,1789.0,Random Forest,282.0563,0
soja,CHACO,Independencia,2023/24,921.0,2243.8,Random Forest,150.9146,0
soja,CHACO,Independencia,2024/25,783.0,1391.0,Random Forest,241.5408,0
soja,CHACO,Libertador General San Martin,2021/22,1300.0,1822.0,Random Forest,154.1649,0
soja,CHACO,Libertador General San Martin,2022/23,671.0,2027.3,Random Forest,292.6795,0
soja,CHACO,Libertador General San Martin,2023/24,1500.0,2100.4,Random Forest,219.6434,0
soja,CHACO,Libertador General San Martin,2024/25,1400.0,1965.7,Random Forest,186.9972,0
soja,CHACO,Maipu,2021/22,1551.0,2056.2,Random Forest,111.7901,0
soja,CHACO,Maipu,2022/23,1777.0,1868.4,Random Forest,275.7736,0
soja,CHACO,Maipu,2023/24,976.0,2152.2,Random Forest,155.9317,0
soja,CHACO,Maipu,2024/25,783.0,1438.7,Random Forest,205.1917,0
soja,CHACO,O'Higgins,2021/22,2834.0,2157.7,Random Forest,136.6198,0
soja,CHACO,O'Higgins,2022/23,2011.0,1589.7,Random Forest,316.7462,0
soja,CHACO,O'Higgins,2023/24,1601.0,2025.6,Random Forest,146.183,0
soja,CHACO,O'Higgins,2024/25,1119.0,1346.0,Random Forest,246.134,0
soja,CHACO,Quitilipi,2021/22,1349.0,1975.9,Random Forest,190.1435,0
soja,CHACO,Quitilipi,2022/23,1147.0,1731.2,Random Forest,419.4186,0
soja,CHACO,Quitilipi,2023/24,1458.0,2046.8,Random Forest,172.5933,0
soja,CHACO,Quitilipi,2024/25,768.0,1565.5,Random Forest,277.1918,0
soja,CHACO,San Fernando,2021/22,2232.0,1615.6,Random Forest,176.8727,0
soja,CHACO,San Fernando,2022/23,1900.0,1717.2,Random Forest,378.5907,0
soja,CHACO,San Lorenzo,2021/22,2219.0,1928.8,Random Forest,145.924,0
soja,CHACO,San Lorenzo,2022/23,1778.0,1710.2,Random Forest,810.6474,1
soja,CHACO,San Lorenzo,2023/24,874.0,2031.7,Random Forest,113.0355,0
soja,CHACO,San Lorenzo,2024/25,1041.0,1661.6,Random Forest,152.6127,0
soja,CHACO,Sargento Cabral,2021/22,2200.0,2248.8,Random Forest,151.5583,0
soja,CHACO,Sargento Cabral,2022/23,1000.0,2091.7,Random Forest,261.238,0
soja,CHACO,Sargento Cabral,2023/24,1200.0,2558.1,Random Forest,146.1898,0
soja,CHACO,Sargento Cabral,2024/25,2090.0,2067.4,Random Forest,230.664,0
soja,CORDOBA,Calamuchita,2021/22,2166.0,2527.2,Random Forest,115.3932,0
soja,CORDOBA,Calamuchita,2022/23,1091.0,2476.6,Random Forest,385.4618,0
soja,CORDOBA,Calamuchita,2023/24,3020.0,2652.6,Random Forest,351.0096,0
soja,CORDOBA,Calamuchita,2024/25,2570.0,2729.5,Random Forest,328.5701,0
soja,CORDOBA,Capital,2021/22,2499.0,2194.0,Random Forest,102.6112,0
soja,CORDOBA,Capital,2022/23,1194.0,1904.4,Random Forest,272.1441,0
soja,CORDOBA,Capital,2023/24,2540.0,2169.1,Random Forest,120.2084,0
soja,CORDOBA,Capital,2024/25,2774.0,2101.8,Random Forest,190.1262,0
soja,CORDOBA,Colon,2021/22,3086.0,3194.8,Random Forest,149.4998,0
soja,CORDOBA,Colon,2022/23,1816.0,2929.8,Random Forest,1761.8568,1
soja,CORDOBA,Colon,2023/24,3247.0,3125.3,Random Forest,145.649,0
soja,CORDOBA,Colon,2024/25,3272.0,3121.3,Random Forest,194.9539,0
soja,CORDOBA,General Roca,2021/22,3042.0,2869.3,Random Forest,149.4438,0
soja,CORDOBA,General Roca,2022/23,2164.0,2708.7,Random Forest,916.8303,1
soja,CORDOBA,General Roca,2023/24,2493.0,2924.4,Random Forest,143.7287,0
soja,CORDOBA,General Roca,2024/25,2755.0,2917.1,Random Forest,287.9119,0
soja,CORDOBA,General San Martin,2021/22,2031.0,2517.9,Random Forest,133.7834,0
soja,CORDOBA,General San Martin,2022/23,968.0,2205.3,Random Forest,1591.3298,1
soja,CORDOBA,General San Martin,2023/24,2300.0,2846.5,Random Forest,192.9043,0
soja,CORDOBA,General San Martin,2024/25,3045.0,2821.8,Random Forest,229.2051,0
soja,CORDOBA,Ischilin,2021/22,2800.0,2508.4,Random Forest,111.4827,0
soja,CORDOBA,Ischilin,2022/23,1340.0,2380.5,Random Forest,422.2782,0
soja,CORDOBA,Ischilin,2023/24,2868.0,2656.9,Random Forest,225.7162,0
soja,CORDOBA,Ischilin,2024/25,2876.0,2682.2,Random Forest,259.8133,0
soja,CORDOBA,Juarez Celman,2021/22,2502.0,2765.9,Random Forest,98.5638,0
soja,CORDOBA,Juarez Celman,2022/23,1153.0,2683.8,Random Forest,1316.5448,1
soja,CORDOBA,Juarez Celman,2023/24,2959.0,2971.6,Random Forest,249.7471,0
soja,CORDOBA,Juarez Celman,2024/25,2669.0,2840.0,Random Forest,242.0558,0
soja,CORDOBA,Marcos Juarez,2021/22,3601.0,3102.8,Random Forest,156.1746,0
soja,CORDOBA,Marcos Juarez,2022/23,2101.0,2750.4,Random Forest,1301.8794,1
soja,CORDOBA,Marcos Juarez,2023/24,4130.0,3369.0,Random Forest,170.0785,0
soja,CORDOBA,Marcos Juarez,2024/25,4006.0,3146.6,Random Forest,238.7015,0
soja,CORDOBA,Pocho,2021/22,2900.0,2269.5,Random Forest,122.086,0
soja,CORDOBA,Pocho,2022/23,1200.0,2226.6,Random Forest,604.9924,0
soja,CORDOBA,Pocho,2023/24,2740.0,2319.1,Random Forest,249.631,0
soja,CORDOBA,Pocho,2024/25,2800.0,2327.8,Random Forest,299.4755,0
soja,CORDOBA,Presidente Roque Saenz Pena,2021/22,3323.0,2845.0,Random Forest,125.3172,0
soja,CORDOBA,Presidente Roque Saenz Pena,2022/23,2470.0,2732.5,Random Forest,1094.1647,1
soja,CORDOBA,Presidente Roque Saenz Pena,2023/24,3174.0,2982.0,Random Forest,199.0836,0
soja,CORDOBA,Presidente Roque Saenz Pena,2024/25,2910.0,2887.5,Random Forest,273.178,0
soja,CORDOBA,Rio Cuarto,2021/22,2354.0,2559.8,Random Forest,111.2208,0
soja,CORDOBA,Rio Cuarto,2022/23,1181.0,2731.5,Random Forest,543.2358,0
soja,CORDOBA,Rio Cuarto,2023/24,2803.0,2812.0,Random Forest,205.8976,0
soja,CORDOBA,Rio Cuarto,2024/25,2477.0,2799.6,Random Forest,310.6798,0
soja,CORDOBA,Rio Primero,2021/22,3011.0,2746.1,Random Forest,146.0877,0
soja,CORDOBA,Rio Primero,2022/23,1769.0,2904.1,Random Forest,592.424,0
soja,CORDOBA,Rio Primero,2023/24,3408.0,2870.1,Random Forest,206.5937,0
soja,CORDOBA,Rio Primero,2024/25,3558.0,3062.0,Random Forest,247.3977,0
soja,CORDOBA,Rio Seco,2021/22,2874.0,2530.5,Random Forest,135.2583,0
soja,CORDOBA,Rio Seco,2022/23,1285.0,2496.8,Random Forest,406.596,0
soja,CORDOBA,Rio Seco,2023/24,2727.0,2667.9,Random Forest,357.1193,0
soja,CORDOBA,Rio Seco,2024/25,2818.0,2734.1,Random Forest,284.874,0
soja,CORDOBA,Rio Segundo,2021/22,2597.0,2929.9,Random Forest,163.0622,0
soja,CORDOBA,Rio Segundo,2022/23,1170.0,2853.3,Random Forest,558.4548,0
soja,CORDOBA,Rio Segundo,2023/24,2505.0,2768.8,Random Forest,177.6314,0
soja,CORDOBA,Rio Segundo,2024/25,3121.0,2949.9,Random Forest,251.2097,0
soja,CORDOBA,San Alberto,2021/22,2900.0,2363.8,Random Forest,107.769,0
soja,CORDOBA,San Alberto,2022/23,1000.0,2318.1,Random Forest,563.2198,0
soja,CORDOBA,San Alberto,2023/24,3030.0,2855.0,Random Forest,281.5268,0
soja,CORDOBA,San Alberto,2024/25,3200.0,2652.1,Random Forest,390.9153,0
soja,CORDOBA,San Javier,2021/22,2978.0,2264.7,Random Forest,118.0686,0
soja,CORDOBA,San Javier,2022/23,1709.0,2271.7,Random Forest,149.3522,0
soja,CORDOBA,San Javier,2023/24,3054.0,2890.5,Random Forest,173.2956,0
soja,CORDOBA,San Javier,2024/25,2873.0,2526.5,Random Forest,96.375,0
soja,CORDOBA,San Justo,2021/22,2963.0,2541.3,Random Forest,115.714,0
soja,CORDOBA,San Justo,2022/23,1500.0,2235.5,Random Forest,397.2647,0
soja,CORDOBA,San Justo,2023/24,3278.0,2698.5,Random Forest,255.8784,0
soja,CORDOBA,San Justo,2024/25,3541.0,2818.5,Random Forest,284.0118,0
soja,CORDOBA,Santa Maria,2021/22,2384.0,2681.1,Random Forest,117.758,0
soja,CORDOBA,Santa Maria,2022/23,1190.0,2797.6,Random Forest,405.612,0
soja,CORDOBA,Santa Maria,2023/24,2398.0,2679.4,Random Forest,252.1888,0
soja,CORDOBA,Santa Maria,2024/25,3182.0,2940.1,Random Forest,305.271,0
soja,CORDOBA,Tercero Arriba,2021/22,2426.0,2846.9,Random Forest,118.2118,0
soja,CORDOBA,Tercero Arriba,2022/23,1286.0,2933.7,Random Forest,394.9607,0
soja,CORDOBA,Tercero Arriba,2023/24,2487.0,2795.8,Random Forest,219.0017,0
soja,CORDOBA,Tercero Arriba,2024/25,3438.0,3039.8,Random Forest,291.076,0
soja,CORDOBA,Totoral,2021/22,2906.0,2911.2,Random Forest,122.9179,0
soja,CORDOBA,Totoral,2022/23,1483.0,2931.4,Random Forest,379.5043,0
soja,CORDOBA,Totoral,2023/24,3012.0,2854.7,Random Forest,248.6363,0
soja,CORDOBA,Totoral,2024/25,3185.0,3135.2,Random Forest,290.4208,0
soja,CORDOBA,Tulumba,2021/22,2991.0,2349.9,Random Forest,110.0095,0
soja,CORDOBA,Tulumba,2022/23,1491.0,2229.0,Random Forest,351.8042,0
soja,CORDOBA,Tulumba,2023/24,2934.0,2705.3,Random Forest,355.5123,0
soja,CORDOBA,Tulumba,2024/25,3111.0,2503.2,Random Forest,356.9287,0
soja,CORDOBA,Union,2021/22,3298.0,2953.9,Random Forest,115.7424,0
soja,CORDOBA,Union,2022/23,1583.0,2434.1,Random Forest,1749.9324,1
soja,CORDOBA,Union,2023/24,3762.0,3280.6,Random Forest,208.1263,0
soja,CORDOBA,Union,2024/25,3621.0,3009.2,Random Forest,235.1532,0
soja,CORRIENTES,Bella Vista,2024/25,1107.0,1608.7,Random Forest,320.2161,0
soja,CORRIENTES,Curuzu Cuatia,2021/22,1325.0,1550.1,Random Forest,134.4512,0
soja,CORRIENTES,Curuzu Cuatia,2022/23,1291.0,1236.5,Random Forest,407.5217,0
soja,CORRIENTES,Curuzu Cuatia,2023/24,2640.0,2192.5,Random Forest,490.8662,0
soja,CORRIENTES,Curuzu Cuatia,2024/25,1169.0,1542.0,Random Forest,210.2135,0
soja,CORRIENTES,Esquina,2021/22,1500.0,1789.0,Random Forest,171.3646,0
soja,CORRIENTES,Esquina,2022/23,1500.0,1254.5,Random Forest,333.8585,0
soja,CORRIENTES,Esquina,2023/24,2700.0,2425.0,Random Forest,292.3936,0
soja,CORRIENTES,Esquina,2024/25,1143.0,2072.6,Random Forest,222.6428,0
soja,CORRIENTES,Ituzaingo,2022/23,1500.0,1793.1,Random Forest,401.448,0
soja,CORRIENTES,Sauce,2021/22,1394.0,2062.4,Random Forest,158.9918,0
soja,CORRIENTES,Sauce,2022/23,1355.0,1361.6,Random Forest,397.2643,0
soja,CORRIENTES,Sauce,2023/24,2504.0,2415.3,Random Forest,302.9826,0
soja,CORRIENTES,Sauce,2024/25,1150.0,1870.1,Random Forest,150.1192,0
soja,ENTRE RIOS,Colon,2021/22,2148.0,2126.3,Random Forest,165.7683,0
soja,ENTRE RIOS,Colon,2022/23,817.0,1713.5,Random Forest,1152.0029,1
soja,ENTRE RIOS,Colon,2023/24,2541.0,2303.4,Random Forest,172.2272,0
soja,ENTRE RIOS,Colon,2024/25,2730.0,2352.8,Random Forest,210.509,0
soja,ENTRE RIOS,Concordia,2021/22,1977.0,2388.0,Random Forest,191.5515,0
soja,ENTRE RIOS,Concordia,2022/23,1262.0,1700.0,Random Forest,567.1538,0
soja,ENTRE RIOS,Concordia,2023/24,2593.0,2438.5,Random Forest,248.6939,0
soja,ENTRE RIOS,Concordia,2024/25,2689.0,2289.6,Random Forest,144.0768,0
soja,ENTRE RIOS,Diamante,2021/22,2350.0,2769.7,Random Forest,190.6263,0
soja,ENTRE RIOS,Diamante,2022/23,1130.0,1687.3,Random Forest,713.6323,0
soja,ENTRE RIOS,Diamante,2023/24,2382.0,2743.3,Random Forest,145.9163,0
soja,ENTRE RIOS,Diamante,2024/25,2837.0,2682.4,Random Forest,182.9329,0
soja,ENTRE RIOS,Federacion,2021/22,2037.0,2067.9,Random Forest,126.8734,0
soja,ENTRE RIOS,Federacion,2022/23,1383.0,1569.3,Random Forest,590.2442,0
soja,ENTRE RIOS,Federacion,2023/24,2624.0,2504.8,Random Forest,247.7035,0
soja,ENTRE RIOS,Federacion,2024/25,2746.0,2100.9,Random Forest,144.6303,0
soja,ENTRE RIOS,Federal,2021/22,2076.0,2211.6,Random Forest,147.7249,0
soja,ENTRE RIOS,Federal,2022/23,1404.0,1513.1,Random Forest,676.9466,0
soja,ENTRE RIOS,Federal,2023/24,2679.0,2502.7,Random Forest,292.7852,0
soja,ENTRE RIOS,Federal,2024/25,2720.0,2184.5,Random Forest,164.1097,0
soja,ENTRE RIOS,Feliciano,2021/22,2060.0,2050.1,Random Forest,155.8812,0
soja,ENTRE RIOS,Feliciano,2022/23,1241.0,1343.1,Random Forest,696.5674,0
soja,ENTRE RIOS,Feliciano,2023/24,2520.0,2392.4,Random Forest,172.5458,0
soja,ENTRE RIOS,Feliciano,2024/25,2666.0,2233.9,Random Forest,162.3629,0
soja,ENTRE RIOS,Gualeguay,2021/22,2786.0,2597.4,Random Forest,218.1444,0
soja,ENTRE RIOS,Gualeguay,2022/23,823.0,1806.0,Random Forest,1105.208,1
soja,ENTRE RIOS,Gualeguay,2023/24,2620.0,2538.1,Random Forest,207.7949,0
soja,ENTRE RIOS,Gualeguay,2024/25,2761.0,2579.4,Random Forest,182.9579,0
soja,ENTRE RIOS,Gualeguaychu,2021/22,2671.0,2408.4,Random Forest,300.0086,0
soja,ENTRE RIOS,Gualeguaychu,2022/23,922.0,1454.6,Random Forest,1739.4102,1
soja,ENTRE RIOS,Gualeguaychu,2023/24,2589.0,2319.8,Random Forest,229.4557,0
soja,ENTRE RIOS,Gualeguaychu,2024/25,2762.0,2404.0,Random Forest,146.7432,0
soja,ENTRE RIOS,La Paz,2021/22,2095.0,2416.3,Random Forest,153.0271,0
soja,ENTRE RIOS,La Paz,2022/23,1115.0,1564.3,Random Forest,434.1116,0
soja,ENTRE RIOS,La Paz,2023/24,2407.0,2552.2,Random Forest,248.9991,0
soja,ENTRE RIOS,La Paz,2024/25,2643.0,2375.6,Random Forest,149.0225,0
soja,ENTRE RIOS,Nogoya,2021/22,2261.0,2256.4,Random Forest,219.8283,0
soja,ENTRE RIOS,Nogoya,2022/23,884.0,1520.2,Random Forest,716.3908,0
soja,ENTRE RIOS,Nogoya,2023/24,2532.0,2394.1,Random Forest,174.4936,0
soja,ENTRE RIOS,Nogoya,2024/25,2678.0,2379.8,Random Forest,186.3987,0
soja,ENTRE RIOS,Parana,2021/22,2319.0,2533.5,Random Forest,216.5998,0
soja,ENTRE RIOS,Parana,2022/23,1082.0,1341.9,Random Forest,688.2965,0
soja,ENTRE RIOS,Parana,2023/24,2466.0,2727.1,Random Forest,185.2538,0
soja,ENTRE RIOS,Parana,2024/25,2706.0,2649.4,Random Forest,191.2373,0
soja,ENTRE RIOS,San Salvador,2021/22,2126.0,2374.4,Random Forest,170.7136,0
soja,ENTRE RIOS,San Salvador,2022/23,829.0,1275.2,Random Forest,1579.6407,1
soja,ENTRE RIOS,San Salvador,2023/24,2175.0,2454.4,Random Forest,539.3976,0
soja,ENTRE RIOS,San Salvador,2024/25,2640.0,2066.0,Random Forest,156.5609,0
soja,ENTRE RIOS,Tala,2021/22,2336.0,2164.3,Random Forest,189.9278,0
soja,ENTRE RIOS,Tala,2022/23,836.0,1820.2,Random Forest,591.01,0
soja,ENTRE RIOS,Tala,2023/24,2443.0,2280.8,Random Forest,233.4727,0
soja,ENTRE RIOS,Tala,2024/25,2628.0,2233.8,Random Forest,131.3244,0
soja,ENTRE RIOS,Uruguay,2021/22,2483.0,2182.1,Random Forest,204.685,0
soja,ENTRE RIOS,Uruguay,2022/23,834.0,1533.2,Random Forest,703.495,0
soja,ENTRE RIOS,Uruguay,2023/24,2613.0,2298.4,Random Forest,194.199,0
soja,ENTRE RIOS,Uruguay,2024/25,2637.0,2308.4,Random Forest,184.493,0
soja,ENTRE RIOS,Victoria,2021/22,2570.0,2705.2,Random Forest,180.2114,0
soja,ENTRE RIOS,Victoria,2022/23,933.0,2182.1,Random Forest,807.8894,1
soja,ENTRE RIOS,Victoria,2023/24,2486.0,2716.0,Random Forest,165.709,0
soja,ENTRE RIOS,Victoria,2024/25,2623.0,2715.1,Random Forest,255.1008,0
soja,ENTRE RIOS,Villaguay,2021/22,2306.0,2199.6,Random Forest,229.3241,0
soja,ENTRE RIOS,Villaguay,2022/23,728.0,1299.3,Random Forest,978.129,1
soja,ENTRE RIOS,Villaguay,2023/24,2161.0,2238.3,Random Forest,183.9289,0
soja,ENTRE RIOS,Villaguay,2024/25,2646.0,2222.4,Random Forest,144.8596,0
soja,FORMOSA,Laishi,2021/22,1468.0,2027.2,Random Forest,161.5271,0
soja,FORMOSA,Laishi,2022/23,1868.0,2260.9,Random Forest,246.4952,0
soja,FORMOSA,Laishi,2023/24,1000.0,2452.5,Random Forest,288.9802,0
soja,FORMOSA,Laishi,2024/25,1766.0,2177.7,Random Forest,186.7849,0
soja,FORMOSA,Pilagas,2021/22,2100.0,1819.7,Random Forest,209.3102,0
soja,FORMOSA,Pilagas,2022/23,2000.0,2331.0,Random Forest,258.3379,0
soja,FORMOSA,Pilagas,2023/24,1000.0,2141.8,Random Forest,519.1272,0
soja,FORMOSA,Pilagas,2024/25,1800.0,2197.3,Random Forest,157.68,0
soja,FORMOSA,Pilcomayo,2021/22,2251.0,1715.5,Random Forest,237.237,0
soja,FORMOSA,Pilcomayo,2022/23,2000.0,2104.5,Random Forest,243.5649,0
soja,FORMOSA,Pilcomayo,2023/24,1000.0,1707.7,Random Forest,667.2044,0
soja,FORMOSA,Pilcomayo,2024/25,1800.0,2072.0,Random Forest,143.2695,0
soja,FORMOSA,Pirane,2021/22,2600.0,2042.9,Random Forest,243.3652,0
soja,FORMOSA,Pirane,2022/23,1963.0,2267.4,Random Forest,218.7736,0
soja,FORMOSA,Pirane,2023/24,1000.0,2371.5,Random Forest,629.7394,0
soja,FORMOSA,Pirane,2024/25,1753.0,2243.0,Random Forest,180.8029,0
soja,JUJUY,El Carmen,2021/22,2600.0,2591.8,Random Forest,414.217,0
soja,JUJUY,El Carmen,2022/23,1500.0,2384.3,Random Forest,689.4405,0
soja,JUJUY,El Carmen,2023/24,2300.0,2463.8,Random Forest,376.9111,0
soja,JUJUY,El Carmen,2024/25,2000.0,2510.2,Random Forest,229.1509,0
soja,JUJUY,San Pedro,2021/22,2601.0,2669.5,Random Forest,153.816,0
soja,JUJUY,San Pedro,2022/23,1500.0,2418.3,Random Forest,1389.9867,1
soja,JUJUY,San Pedro,2023/24,2300.0,2583.1,Random Forest,151.2304,0
soja,JUJUY,San Pedro,2024/25,2000.0,2459.9,Random Forest,140.3797,0
soja,JUJUY,Santa Barbara,2021/22,2322.0,2719.4,Random Forest,220.1335,0
soja,JUJUY,Santa Barbara,2022/23,1500.0,2581.0,Random Forest,256.7374,0
soja,JUJUY,Santa Barbara,2023/24,2300.0,2724.9,Random Forest,635.8844,0
soja,JUJUY,Santa Barbara,2024/25,2000.0,2785.7,Random Forest,243.5928,0
soja,LA PAMPA,Atreuco,2021/22,2574.0,1770.4,Random Forest,107.1882,0
soja,LA PAMPA,Atreuco,2022/23,1945.0,1798.2,Random Forest,130.8252,0
soja,LA PAMPA,Atreuco,2023/24,2196.0,1880.9,Random Forest,106.2574,0
soja,LA PAMPA,Atreuco,2024/25,2647.0,1511.7,Random Forest,137.8115,0
soja,LA PAMPA,Capital,2021/22,2028.0,1688.9,Random Forest,95.7112,0
soja,LA PAMPA,Capital,2022/23,1806.0,1702.9,Random Forest,197.0474,0
soja,LA PAMPA,Capital,2023/24,2114.0,1678.3,Random Forest,91.5484,0
soja,LA PAMPA,Capital,2024/25,2446.0,1723.1,Random Forest,158.278,0
soja,LA PAMPA,Catrilo,2021/22,2936.0,2097.4,Random Forest,116.9938,0
soja,LA PAMPA,Catrilo,2022/23,2270.0,1947.5,Random Forest,338.4902,0
soja,LA PAMPA,Catrilo,2023/24,2461.0,2083.5,Random Forest,113.0009,0
soja,LA PAMPA,Catrilo,2024/25,2767.0,2499.0,Random Forest,301.0384,0
soja,LA PAMPA,Chapaleufu,2021/22,3658.0,3105.8,Random Forest,101.5205,0
soja,LA PAMPA,Chapaleufu,2022/23,2124.0,2760.4,Random Forest,687.4787,0
soja,LA PAMPA,Chapaleufu,2023/24,3772.0,2921.3,Random Forest,144.4504,0
soja,LA PAMPA,Chapaleufu,2024/25,2870.0,2982.3,Random Forest,236.2492,0
soja,LA PAMPA,Conhelo,2021/22,2489.0,2017.5,Random Forest,92.5909,0
soja,LA PAMPA,Conhelo,2022/23,1544.0,2009.8,Random Forest,319.647,0
soja,LA PAMPA,Conhelo,2023/24,2723.0,2143.2,Random Forest,124.8112,0
soja,LA PAMPA,Conhelo,2024/25,2180.0,2126.5,Random Forest,195.0972,0
soja,LA PAMPA,Guatrache,2024/25,1000.0,1238.8,Random Forest,170.0986,0
soja,LA PAMPA,Maraco,2021/22,3195.0,2733.2,Random Forest,103.7085,0
soja,LA PAMPA,Maraco,2022/23,1871.0,2737.6,Random Forest,148.5392,0
soja,LA PAMPA,Maraco,2023/24,3528.0,2632.5,Random Forest,107.7785,0
soja,LA PAMPA,Maraco,2024/25,2887.0,2707.9,Random Forest,142.2866,0
soja,LA PAMPA,Quemu Quemu,2021/22,3210.0,2555.4,Random Forest,97.8566,0
soja,LA PAMPA,Quemu Quemu,2022/23,1741.0,2326.6,Random Forest,475.5709,0
soja,LA PAMPA,Quemu Quemu,2023/24,2968.0,2516.0,Random Forest,112.3594,0
soja,LA PAMPA,Quemu Quemu,2024/25,2682.0,2444.0,Random Forest,191.8563,0
soja,LA PAMPA,Rancul,2021/22,2770.0,2321.4,Random Forest,118.78,0
soja,LA PAMPA,Rancul,2022/23,1576.0,2150.0,Random Forest,525.536,0
soja,LA PAMPA,Rancul,2023/24,2773.0,2668.7,Random Forest,140.365,0
soja,LA PAMPA,Rancul,2024/25,2061.0,2578.9,Random Forest,232.7442,0
soja,LA PAMPA,Realico,2021/22,3190.0,2414.0,Random Forest,99.0146,0
soja,LA PAMPA,Realico,2022/23,1794.0,2268.0,Random Forest,405.1428,0
soja,LA PAMPA,Realico,2023/24,2997.0,2472.1,Random Forest,136.0362,0
soja,LA PAMPA,Realico,2024/25,2162.0,2470.3,Random Forest,235.1704,0
soja,LA PAMPA,Toay,2021/22,2149.0,1626.5,Random Forest,105.3106,0
soja,LA PAMPA,Toay,2022/23,1446.0,1722.8,Random Forest,206.8368,0
soja,LA PAMPA,Toay,2023/24,1400.0,1555.2,Random Forest,102.6852,0
soja,LA PAMPA,Toay,2024/25,1620.0,1588.1,Random Forest,197.8194,0
soja,LA PAMPA,Trenel,2021/22,2568.0,2212.0,Random Forest,105.8918,0
soja,LA PAMPA,Trenel,2022/23,1466.0,2064.7,Random Forest,376.4502,0
soja,LA PAMPA,Trenel,2023/24,2467.0,2252.6,Random Forest,153.5619,0
soja,LA PAMPA,Trenel,2024/25,2092.0,2194.8,Random Forest,224.6194,0
soja,LA PAMPA,Utracan,2021/22,1800.0,1675.7,Random Forest,124.0485,0
soja,LA PAMPA,Utracan,2022/23,1200.0,1070.8,Random Forest,971.6821,1
soja,LA PAMPA,Utracan,2023/24,1200.0,1496.4,Random Forest,163.2306,0
soja,LA PAMPA,Utracan,2024/25,1500.0,1367.9,Random Forest,215.0528,0
soja,MISIONES,25 De Mayo,2021/22,1500.0,2397.4,Random Forest,127.6672,0
soja,MISIONES,25 De Mayo,2022/23,2300.0,2398.3,Random Forest,1694.7968,1
soja,MISIONES,25 De Mayo,2023/24,4000.0,2515.7,Random Forest,149.6491,0
soja,MISIONES,25 De Mayo,2024/25,3500.0,2484.6,Random Forest,164.2434,0
soja,MISIONES,Cainguas,2021/22,1511.0,2376.0,Random Forest,131.5539,0
soja,MISIONES,Cainguas,2022/23,2300.0,2412.5,Random Forest,90.4287,0
soja,MISIONES,Cainguas,2023/24,4000.0,2617.3,Random Forest,380.6024,0
soja,MISIONES,Cainguas,2024/25,3500.0,2584.9,Random Forest,96.1343,0
soja,MISIONES,General Manuel Belgrano,2021/22,1503.0,2629.7,Random Forest,228.5106,0
soja,MISIONES,General Manuel Belgrano,2022/23,2300.0,2571.6,Random Forest,157.0011,0
soja,MISIONES,General Manuel Belgrano,2023/24,4000.0,2657.4,Random Forest,385.4136,0
soja,MISIONES,General Manuel Belgrano,2024/25,3500.0,2599.5,Random Forest,90.7853,0
soja,MISIONES,Guarani,2021/22,1500.0,2454.1,Random Forest,122.1976,0
soja,MISIONES,Guarani,2022/23,2300.0,2465.4,Random Forest,91.3026,0
soja,MISIONES,Guarani,2023/24,4000.0,2660.9,Random Forest,364.6716,0
soja,MISIONES,Guarani,2024/25,3500.0,2573.9,Random Forest,101.1063,0
soja,MISIONES,Leandro N. Alem,2021/22,1520.0,2211.8,Random Forest,133.9459,0
soja,MISIONES,Leandro N. Alem,2022/23,2300.0,2385.0,Random Forest,1627.9529,1
soja,MISIONES,Leandro N. Alem,2023/24,4000.0,2563.2,Random Forest,145.0961,0
soja,MISIONES,Leandro N. Alem,2024/25,3500.0,2458.1,Random Forest,187.0734,0
soja,MISIONES,Obera,2021/22,1500.0,2366.0,Random Forest,114.1855,0
soja,MISIONES,Obera,2022/23,2300.0,2445.1,Random Forest,89.6837,0
soja,MISIONES,Obera,2023/24,4000.0,2664.8,Random Forest,306.2044,0
soja,MISIONES,Obera,2024/25,3500.0,2528.6,Random Forest,99.3131,0
soja,MISIONES,San Javier,2021/22,1500.0,1933.3,Random Forest,115.4029,0
soja,MISIONES,San Javier,2022/23,2300.0,2041.6,Random Forest,148.6593,0
soja,MISIONES,San Javier,2023/24,4000.0,2550.7,Random Forest,274.7982,0
soja,MISIONES,San Javier,2024/25,3500.0,2492.4,Random Forest,102.9787,0
soja,MISIONES,San Pedro,2021/22,1500.0,2643.8,Random Forest,178.4793,0
soja,MISIONES,San Pedro,2022/23,2300.0,2441.2,Random Forest,1637.7838,1
soja,MISIONES,San Pedro,2023/24,4000.0,2605.3,Random Forest,142.0922,0
soja,MISIONES,San Pedro,2024/25,3500.0,2541.0,Random Forest,150.5656,0
soja,SALTA,Anta,2021/22,1751.0,2611.2,Random Forest,204.6352,0
soja,SALTA,Anta,2022/23,1769.0,2571.8,Random Forest,835.1158,1
soja,SALTA,Anta,2023/24,2295.0,2724.8,Random Forest,734.0505,0
soja,SALTA,Anta,2024/25,2397.0,2716.2,Random Forest,290.3065,0
soja,SALTA,General Guemes,2021/22,1779.0,2514.6,Random Forest,313.4751,0
soja,SALTA,General Guemes,2022/23,1552.0,2444.6,Random Forest,761.4511,0
soja,SALTA,General Guemes,2023/24,2350.0,2519.5,Random Forest,243.858,0
soja,SALTA,General Guemes,2024/25,2400.0,2547.7,Random Forest,251.9587,0
soja,SALTA,General Jose De San Martin,2021/22,1528.0,2527.3,Random Forest,132.221,0
soja,SALTA,General Jose De San Martin,2022/23,1463.0,2337.7,Random Forest,281.5137,0
soja,SALTA,General Jose De San Martin,2023/24,2144.0,2510.2,Random Forest,315.4333,0
soja,SALTA,General Jose De San Martin,2024/25,2299.0,2495.1,Random Forest,253.9946,0
soja,SALTA,La Candelaria,2021/22,1611.0,2450.0,Random Forest,215.7226,0
soja,SALTA,La Candelaria,2022/23,1624.0,2443.8,Random Forest,422.6071,0
soja,SALTA,La Candelaria,2023/24,2241.0,2536.1,Random Forest,430.1255,0
soja,SALTA,La Candelaria,2024/25,2500.0,2505.7,Random Forest,278.0386,0
soja,SALTA,Metan,2021/22,1766.0,2625.4,Random Forest,238.6999,0
soja,SALTA,Metan,2022/23,1739.0,2454.8,Random Forest,569.0567,0
soja,SALTA,Metan,2023/24,2437.0,2611.3,Random Forest,258.5332,0
soja,SALTA,Metan,2024/25,2491.0,2646.1,Random Forest,241.6518,0
soja,SALTA,Oran,2021/22,1509.0,2504.3,Random Forest,186.0803,0
soja,SALTA,Oran,2022/23,1434.0,2220.3,Random Forest,817.5343,1
soja,SALTA,Oran,2023/24,2041.0,2529.7,Random Forest,843.5325,1
soja,SALTA,Oran,2024/25,2390.0,2480.6,Random Forest,248.2837,0
soja,SALTA,Rosario De La Frontera,2021/22,1744.0,2575.4,Random Forest,233.69,0
soja,SALTA,Rosario De La Frontera,2022/23,1741.0,2454.7,Random Forest,575.8015,0
soja,SALTA,Rosario De La Frontera,2023/24,2340.0,2606.2,Random Forest,320.4026,0
soja,SALTA,Rosario De La Frontera,2024/25,2498.0,2655.4,Random Forest,253.942,0
soja,SAN LUIS,Chacabuco,2021/22,1800.0,1988.4,Random Forest,159.4224,0
soja,SAN LUIS,Chacabuco,2022/23,1000.0,2134.2,Random Forest,8566.029,1
soja,SAN LUIS,Chacabuco,2023/24,1700.0,2468.3,Random Forest,145.0711,0
soja,SAN LUIS,Chacabuco,2024/25,1590.0,2008.6,Random Forest,183.8978,0
soja,SANTA FE,9 De Julio,2021/22,2302.0,2296.4,Random Forest,137.6952,0
soja,SANTA FE,9 De Julio,2022/23,1683.0,2031.8,Random Forest,2046.6982,1
soja,SANTA FE,9 De Julio,2023/24,1247.0,2453.5,Random Forest,145.18,0
soja,SANTA FE,9 De Julio,2024/25,1984.0,2437.5,Random Forest,301.9226,0
soja,SANTA FE,Belgrano,2021/22,3349.0,3087.7,Random Forest,161.3959,0
soja,SANTA FE,Belgrano,2022/23,1720.0,2790.6,Random Forest,839.1264,1
soja,SANTA FE,Belgrano,2023/24,3891.0,3268.4,Random Forest,150.2166,0
soja,SANTA FE,Belgrano,2024/25,4008.0,3105.1,Random Forest,273.8905,0
soja,SANTA FE,Caseros,2021/22,2392.0,3006.9,Random Forest,163.2738,0
soja,SANTA FE,Caseros,2022/23,1477.0,2753.0,Random Forest,1060.1284,1
soja,SANTA FE,Caseros,2023/24,3824.0,3330.8,Random Forest,136.0239,0
soja,SANTA FE,Caseros,2024/25,3763.0,3144.3,Random Forest,266.1008,0
soja,SANTA FE,Castellanos,2021/22,3447.0,2896.0,Random Forest,173.9368,0
soja,SANTA FE,Castellanos,2022/23,2243.0,2135.4,Random Forest,627.8642,0
soja,SANTA FE,Castellanos,2023/24,4103.0,3053.3,Random Forest,219.7014,0
soja,SANTA FE,Castellanos,2024/25,4003.0,2828.3,Random Forest,225.7024,0
soja,SANTA FE,Garay,2021/22,2600.0,2351.1,Random Forest,183.4305,0
soja,SANTA FE,Garay,2022/23,1525.0,1790.2,Random Forest,669.2042,0
soja,SANTA FE,Garay,2023/24,3141.0,2550.4,Random Forest,164.8656,0
soja,SANTA FE,Garay,2024/25,2210.0,2381.0,Random Forest,255.4282,0
soja,SANTA FE,General Lopez,2021/22,3488.0,3344.9,Random Forest,131.1365,0
soja,SANTA FE,General Lopez,2022/23,1461.0,2499.2,Random Forest,2069.8032,1
soja,SANTA FE,General Lopez,2023/24,3364.0,3349.4,Random Forest,328.5386,0
soja,SANTA FE,General Lopez,2024/25,3168.0,3132.8,Random Forest,200.2825,0
soja,SANTA FE,General Obligado,2021/22,1423.0,1595.8,Random Forest,162.5539,0
soja,SANTA FE,General Obligado,2022/23,891.0,1625.4,Random Forest,286.889,0
soja,SANTA FE,General Obligado,2023/24,1691.0,1980.7,Random Forest,198.9829,0
soja,SANTA FE,General Obligado,2024/25,1092.0,1383.0,Random Forest,154.4935,0
soja,SANTA FE,Iriondo,2021/22,3154.0,3029.1,Random Forest,157.0026,0
soja,SANTA FE,Iriondo,2022/23,1629.0,2105.9,Random Forest,1052.3925,1
soja,SANTA FE,Iriondo,2023/24,3881.0,3345.0,Random Forest,154.8097,0
soja,SANTA FE,Iriondo,2024/25,3921.0,3126.1,Random Forest,263.1302,0
soja,SANTA FE,La Capital,2021/22,2527.0,2255.9,Random Forest,168.6684,0
soja,SANTA FE,La Capital,2022/23,1529.0,1689.1,Random Forest,795.0552,0
soja,SANTA FE,La Capital,2023/24,3575.0,2746.4,Random Forest,160.227,0
soja,SANTA FE,La Capital,2024/25,3561.0,2572.2,Random Forest,249.4967,0
soja,SANTA FE,Las Colonias,2021/22,3278.0,2829.2,Random Forest,165.0883,0
soja,SANTA FE,Las Colonias,2022/23,2246.0,1500.9,Random Forest,770.5218,0
soja,SANTA FE,Las Colonias,2023/24,3919.0,2860.2,Random Forest,215.3017,0
soja,SANTA FE,Las Colonias,2024/25,3775.0,2482.9,Random Forest,169.5091,0
soja,SANTA FE,Rosario,2021/22,1769.0,2380.6,Random Forest,150.8232,0
soja,SANTA FE,Rosario,2022/23,1130.0,1771.3,Random Forest,948.6897,1
soja,SANTA FE,Rosario,2023/24,3472.0,3013.7,Random Forest,120.1484,0
soja,SANTA FE,Rosario,2024/25,3703.0,2953.8,Random Forest,191.4969,0
soja,SANTA FE,San Cristobal,2021/22,2835.0,2371.4,Random Forest,172.1805,0
soja,SANTA FE,San Cristobal,2022/23,1361.0,2158.9,Random Forest,424.0226,0
soja,SANTA FE,San Cristobal,2023/24,3322.0,2675.6,Random Forest,172.4839,0
soja,SANTA FE,San Cristobal,2024/25,2041.0,1982.3,Random Forest,170.1218,0
soja,SANTA FE,San Javier,2021/22,1770.0,1898.6,Random Forest,130.5169,0
soja,SANTA FE,San Javier,2022/23,791.0,1679.7,Random Forest,136.5672,0
soja,SANTA FE,San Javier,2023/24,1936.0,1907.8,Random Forest,213.1379,0
soja,SANTA FE,San Javier,2024/25,1498.0,1905.3,Random Forest,101.6749,0
soja,SANTA FE,San Jeronimo,2021/22,2811.0,2746.1,Random Forest,175.8866,0
soja,SANTA FE,San Jeronimo,2022/23,1221.0,1732.1,Random Forest,312.3324,0
soja,SANTA FE,San Jeronimo,2023/24,3835.0,3199.4,Random Forest,244.7716,0
soja,SANTA FE,San Jeronimo,2024/25,3775.0,2828.9,Random Forest,136.9201,0
soja,SANTA FE,San Justo,2021/22,2600.0,2534.9,Random Forest,110.4483,0
soja,SANTA FE,San Justo,2022/23,1499.0,2227.6,Random Forest,380.1818,0
soja,SANTA FE,San Justo,2023/24,3491.0,2680.6,Random Forest,305.7059,0
soja,SANTA FE,San Justo,2024/25,3106.0,2475.9,Random Forest,345.4838,0
soja,SANTA FE,San Lorenzo,2021/22,2022.0,2916.0,Random Forest,163.1631,0
soja,SANTA FE,San Lorenzo,2022/23,1377.0,2062.9,Random Forest,1108.074,1
soja,SANTA FE,San Lorenzo,2023/24,3781.0,3287.1,Random Forest,127.0034,0
soja,SANTA FE,San Lorenzo,2024/25,3785.0,3091.3,Random Forest,184.76,0
soja,SANTA FE,San Martin,2021/22,3080.0,3086.6,Random Forest,208.1116,0
soja,SANTA FE,San Martin,2022/23,1353.0,2216.1,Random Forest,680.6548,0
soja,SANTA FE,San Martin,2023/24,3902.0,3255.2,Random Forest,233.1555,0
soja,SANTA FE,San Martin,2024/25,4007.0,3078.6,Random Forest,168.3081,0
soja,SANTA FE,Vera,2021/22,1752.0,2422.0,Random Forest,160.678,0
soja,SANTA FE,Vera,2022/23,663.0,2176.0,Random Forest,295.6503,0
soja,SANTA FE,Vera,2023/24,2127.0,2889.4,Random Forest,221.1702,0
soja,SANTA FE,Vera,2024/25,1497.0,2108.7,Random Forest,136.2984,0
soja,SANTIAGO DEL ESTERO,Aguirre,2021/22,2800.0,1913.0,Random Forest,216.9344,0
soja,SANTIAGO DEL ESTERO,Aguirre,2022/23,2423.0,1918.4,Random Forest,731.4268,0
soja,SANTIAGO DEL ESTERO,Aguirre,2023/24,2351.0,1942.9,Random Forest,1076.814,1
soja,SANTIAGO DEL ESTERO,Aguirre,2024/25,2368.0,2200.0,Random Forest,200.9457,0
soja,SANTIAGO DEL ESTERO,Alberdi,2021/22,3279.0,2888.6,Random Forest,237.0859,0
soja,SANTIAGO DEL ESTERO,Alberdi,2022/23,2728.0,2442.9,Random Forest,433.9306,0
soja,SANTIAGO DEL ESTERO,Alberdi,2023/24,1767.0,2704.8,Random Forest,197.0875,0
soja,SANTIAGO DEL ESTERO,Alberdi,2024/25,700.0,2389.0,Random Forest,148.0265,0
soja,SANTIAGO DEL ESTERO,Banda,2021/22,2500.0,2372.6,Random Forest,171.1199,0
soja,SANTIAGO DEL ESTERO,Banda,2022/23,1500.0,2166.7,Random Forest,415.8022,0
soja,SANTIAGO DEL ESTERO,Banda,2023/24,3010.0,2107.7,Random Forest,249.4802,0
soja,SANTIAGO DEL ESTERO,Banda,2024/25,2657.0,2227.7,Random Forest,181.4102,0
soja,SANTIAGO DEL ESTERO,Belgrano,2021/22,3200.0,2130.4,Random Forest,158.209,0
soja,SANTIAGO DEL ESTERO,Belgrano,2022/23,2743.0,2355.4,Random Forest,764.8492,0
soja,SANTIAGO DEL ESTERO,Belgrano,2023/24,2886.0,2657.1,Random Forest,141.5536,0
soja,SANTIAGO DEL ESTERO,Belgrano,2024/25,3283.0,2613.7,Random Forest,234.1982,0
soja,SANTIAGO DEL ESTERO,Capital,2021/22,2500.0,2503.1,Random Forest,170.6557,0
soja,SANTIAGO DEL ESTERO,Capital,2022/23,1500.0,2185.3,Random Forest,259.4574,0
soja,SANTIAGO DEL ESTERO,Capital,2023/24,3038.0,2401.6,Random Forest,147.2149,0
soja,SANTIAGO DEL ESTERO,Capital,2024/25,2340.0,2502.1,Random Forest,250.3013,0
soja,SANTIAGO DEL ESTERO,Choya,2021/22,2500.0,2364.5,Random Forest,158.8221,0
soja,SANTIAGO DEL ESTERO,Choya,2022/23,1500.0,1603.6,Random Forest,266.3031,0
soja,SANTIAGO DEL ESTERO,Choya,2023/24,3066.0,2133.3,Random Forest,167.8195,0
soja,SANTIAGO DEL ESTERO,Choya,2024/25,2329.0,1903.1,Random Forest,181.6126,0
soja,SANTIAGO DEL ESTERO,Copo,2021/22,2993.0,2839.1,Random Forest,211.5062,0
soja,SANTIAGO DEL ESTERO,Copo,2022/23,2564.0,2357.5,Random Forest,446.3184,0
soja,SANTIAGO DEL ESTERO,Copo,2023/24,2286.0,2714.1,Random Forest,250.3163,0
soja,SANTIAGO DEL ESTERO,Copo,2024/25,1095.0,2602.1,Random Forest,145.1578,0
soja,SANTIAGO DEL ESTERO,Figueroa,2021/22,2500.0,2221.3,Random Forest,192.4372,0
soja,SANTIAGO DEL ESTERO,Figueroa,2022/23,1500.0,1640.4,Random Forest,311.0141,0
soja,SANTIAGO DEL ESTERO,Figueroa,2023/24,3044.0,1945.5,Random Forest,208.855,0
soja,SANTIAGO DEL ESTERO,Figueroa,2024/25,2300.0,2111.5,Random Forest,219.4558,0
soja,SANTIAGO DEL ESTERO,General Taboada,2021/22,3200.0,2770.3,Random Forest,306.4245,0
soja,SANTIAGO DEL ESTERO,General Taboada,2022/23,2601.0,2565.6,Random Forest,550.6401,0
soja,SANTIAGO DEL ESTERO,General Taboada,2023/24,2860.0,2793.8,Random Forest,289.3226,0
soja,SANTIAGO DEL ESTERO,General Taboada,2024/25,3273.0,2902.0,Random Forest,158.8195,0
soja,SANTIAGO DEL ESTERO,Guasayan,2021/22,2500.0,2273.5,Random Forest,175.7862,0
soja,SANTIAGO DEL ESTERO,Guasayan,2022/23,1500.0,2054.5,Random Forest,369.2073,0
soja,SANTIAGO DEL ESTERO,Guasayan,2023/24,3300.0,2087.1,Random Forest,256.9244,0
soja,SANTIAGO DEL ESTERO,Guasayan,2024/25,2700.0,2154.9,Random Forest,237.3461,0
soja,SANTIAGO DEL ESTERO,Jimenez,2021/22,2500.0,2639.2,Random Forest,276.4876,0
soja,SANTIAGO DEL ESTERO,Jimenez,2022/23,1735.0,2188.2,Random Forest,561.5544,0
soja,SANTIAGO DEL ESTERO,Jimenez,2023/24,3489.0,2709.9,Random Forest,339.102,0
soja,SANTIAGO DEL ESTERO,Jimenez,2024/25,2806.0,2609.5,Random Forest,229.2404,0
soja,SANTIAGO DEL ESTERO,Juan F. Ibarra,2021/22,3261.0,2636.4,Random Forest,172.6795,0
soja,SANTIAGO DEL ESTERO,Juan F. Ibarra,2022/23,2764.0,1947.2,Random Forest,320.1032,0
soja,SANTIAGO DEL ESTERO,Juan F. Ibarra,2023/24,2879.0,2735.8,Random Forest,247.0737,0
soja,SANTIAGO DEL ESTERO,Juan F. Ibarra,2024/25,2314.0,2667.3,Random Forest,146.8608,0
soja,SANTIAGO DEL ESTERO,Mitre,2021/22,2500.0,2169.4,Random Forest,154.6564,0
soja,SANTIAGO DEL ESTERO,Mitre,2022/23,1500.0,2042.2,Random Forest,335.2231,0
soja,SANTIAGO DEL ESTERO,Mitre,2023/24,3786.0,2012.5,Random Forest,233.3313,0
soja,SANTIAGO DEL ESTERO,Mitre,2024/25,2500.0,1948.2,Random Forest,144.3053,0
soja,SANTIAGO DEL ESTERO,Moreno,2021/22,3359.0,2780.0,Random Forest,167.8233,0
soja,SANTIAGO DEL ESTERO,Moreno,2022/23,2857.0,2175.2,Random Forest,358.3222,0
soja,SANTIAGO DEL ESTERO,Moreno,2023/24,2318.0,2264.6,Random Forest,243.5995,0
soja,SANTIAGO DEL ESTERO,Moreno,2024/25,1134.0,2101.0,Random Forest,159.2673,0
soja,SANTIAGO DEL ESTERO,Pellegrini,2021/22,2500.0,2704.7,Random Forest,200.651,0
soja,SANTIAGO DEL ESTERO,Pellegrini,2022/23,1629.0,2302.4,Random Forest,417.0448,0
soja,SANTIAGO DEL ESTERO,Pellegrini,2023/24,3900.0,2718.5,Random Forest,255.6829,0
soja,SANTIAGO DEL ESTERO,Pellegrini,2024/25,2796.0,2570.6,Random Forest,166.7516,0
soja,SANTIAGO DEL ESTERO,Rio Hondo,2021/22,2500.0,2711.7,Random Forest,176.5084,0
soja,SANTIAGO DEL ESTERO,Rio Hondo,2022/23,1500.0,2444.3,Random Forest,389.3044,0
soja,SANTIAGO DEL ESTERO,Rio Hondo,2023/24,3472.0,2543.0,Random Forest,263.2309,0
soja,SANTIAGO DEL ESTERO,Rio Hondo,2024/25,2623.0,2693.9,Random Forest,157.0712,0
soja,SANTIAGO DEL ESTERO,Rivadavia,2021/22,3199.0,2149.0,Random Forest,151.0479,0
soja,SANTIAGO DEL ESTERO,Rivadavia,2022/23,2660.0,1309.6,Random Forest,2517.048,1
soja,SANTIAGO DEL ESTERO,Rivadavia,2023/24,2581.0,2677.7,Random Forest,146.5284,0
soja,SANTIAGO DEL ESTERO,Rivadavia,2024/25,2652.0,2123.1,Random Forest,125.8068,0
soja,SANTIAGO DEL ESTERO,Robles,2021/22,2500.0,2442.7,Random Forest,208.0229,0
soja,SANTIAGO DEL ESTERO,Robles,2022/23,1500.0,2147.9,Random Forest,430.2954,0
soja,SANTIAGO DEL ESTERO,Robles,2023/24,3492.0,2165.9,Random Forest,233.7876,0
soja,SANTIAGO DEL ESTERO,Robles,2024/25,2840.0,2437.8,Random Forest,157.0311,0
soja,SANTIAGO DEL ESTERO,San Martin,2021/22,2500.0,2393.9,Random Forest,152.7759,0
soja,SANTIAGO DEL ESTERO,San Martin,2022/23,1500.0,1614.4,Random Forest,1011.2371,1
soja,SANTIAGO DEL ESTERO,San Martin,2023/24,3470.0,2645.2,Random Forest,190.1792,0
soja,SANTIAGO DEL ESTERO,San Martin,2024/25,2575.0,2393.6,Random Forest,156.4961,0
soja,TUCUMAN,Burruyacu,2021/22,1800.0,2648.4,Random Forest,174.8427,0
soja,TUCUMAN,Burruyacu,2022/23,1300.0,2582.6,Random Forest,323.778,0
soja,TUCUMAN,Burruyacu,2023/24,3000.0,2707.7,Random Forest,332.6386,0
soja,TUCUMAN,Burruyacu,2024/25,2598.0,2868.5,Random Forest,343.3133,0
soja,TUCUMAN,Chicligasta,2021/22,2300.0,2723.4,Random Forest,166.3449,0
soja,TUCUMAN,Chicligasta,2022/23,1700.0,2757.8,Random Forest,344.8136,0
soja,TUCUMAN,Chicligasta,2023/24,3100.0,2677.7,Random Forest,338.0982,0
soja,TUCUMAN,Chicligasta,2024/25,2700.0,2707.0,Random Forest,205.3917,0
soja,TUCUMAN,Cruz Alta,2021/22,1900.0,2704.4,Random Forest,204.3109,0
soja,TUCUMAN,Cruz Alta,2022/23,1500.0,2713.4,Random Forest,363.5423,0
soja,TUCUMAN,Cruz Alta,2023/24,3100.0,2590.6,Random Forest,361.208,0
soja,TUCUMAN,Cruz Alta,2024/25,2684.0,2785.9,Random Forest,255.9098,0
soja,TUCUMAN,Famailla,2021/22,2300.0,2709.1,Random Forest,128.5635,0
soja,TUCUMAN,Famailla,2022/23,1800.0,2755.7,Random Forest,368.7584,0
soja,TUCUMAN,Famailla,2023/24,3200.0,2868.0,Random Forest,364.5842,0
soja,TUCUMAN,Famailla,2024/25,2800.0,3018.7,Random Forest,214.5932,0
soja,TUCUMAN,Graneros,2021/22,1700.0,2581.2,Random Forest,149.7639,0
soja,TUCUMAN,Graneros,2022/23,1400.0,2524.7,Random Forest,332.6979,0
soja,TUCUMAN,Graneros,2023/24,2900.0,2703.2,Random Forest,248.1406,0
soja,TUCUMAN,Graneros,2024/25,2539.0,2594.4,Random Forest,252.6025,0
soja,TUCUMAN,La Cocha,2021/22,1844.0,2614.6,Random Forest,117.479,0
soja,TUCUMAN,La Cocha,2022/23,1500.0,2701.2,Random Forest,253.4205,0
soja,TUCUMAN,La Cocha,2023/24,3000.0,2737.8,Random Forest,241.6182,0
soja,TUCUMAN,La Cocha,2024/25,2519.0,2868.7,Random Forest,242.803,0
soja,TUCUMAN,Leales,2021/22,1800.0,2783.1,Random Forest,204.8401,0
soja,TUCUMAN,Leales,2022/23,1300.0,2777.2,Random Forest,433.246,0
soja,TUCUMAN,Leales,2023/24,2900.0,2614.4,Random Forest,376.684,0
soja,TUCUMAN,Leales,2024/25,2540.0,2733.0,Random Forest,280.7134,0
soja,TUCUMAN,Lules,2021/22,2400.0,2820.3,Random Forest,142.522,0
soja,TUCUMAN,Lules,2022/23,2000.0,2795.2,Random Forest,362.9358,0
soja,TUCUMAN,Lules,2023/24,3200.0,2890.3,Random Forest,322.0143,0
soja,TUCUMAN,Lules,2024/25,2800.0,3030.9,Random Forest,228.3314,0
soja,TUCUMAN,Monteros,2021/22,2300.0,2704.9,Random Forest,137.5464,0
soja,TUCUMAN,Monteros,2022/23,1900.0,2727.1,Random Forest,306.2633,0
soja,TUCUMAN,Monteros,2023/24,3300.0,2834.7,Random Forest,278.6412,0
soja,TUCUMAN,Monteros,2024/25,2600.0,2940.3,Random Forest,206.28,0
soja,TUCUMAN,Rio Chico,2021/22,2200.0,2636.7,Random Forest,229.2153,0
soja,TUCUMAN,Rio Chico,2022/23,1900.0,2602.0,Random Forest,501.5717,0
soja,TUCUMAN,Rio Chico,2023/24,3300.0,2679.7,Random Forest,287.2268,0
soja,TUCUMAN,Rio Chico,2024/25,2700.0,2848.1,Random Forest,257.0392,0
soja,TUCUMAN,Simoca,2021/22,2000.0,2676.4,Random Forest,125.2221,0
soja,TUCUMAN,Simoca,2022/23,1500.0,2699.8,Random Forest,342.7749,0
soja,TUCUMAN,Simoca,2023/24,3000.0,2720.6,Random Forest,258.6141,0
soja,TUCUMAN,Simoca,2024/25,2660.0,2876.9,Random Forest,193.124,0
soja,TUCUMAN,Tafi Viejo,2021/22,2000.0,2722.4,Random Forest,206.577,0
soja,TUCUMAN,Tafi Viejo,2022/23,1500.0,2689.4,Random Forest,385.2014,0
soja,TUCUMAN,Tafi Viejo,2023/24,3100.0,2722.9,Random Forest,279.9669,0
soja,TUCUMAN,Tafi Viejo,2024/25,2800.0,2811.8,Random Forest,255.8323,0
maiz,BUENOS AIRES,25 De Mayo,2021/22,7350.0,7524.8,Random Forest,169.5945,0
maiz,BUENOS AIRES,25 De Mayo,2022/23,4890.0,6949.9,Random Forest,3342.4998,1
maiz,BUENOS AIRES,25 De Mayo,2023/24,7150.0,8343.4,Random Forest,103.9793,0
maiz,BUENOS AIRES,25 De Mayo,2024/25,7460.0,7298.8,Random Forest,232.9012,0
maiz,BUENOS AIRES,9 De Julio,2021/22,8000.0,8006.5,Random Forest,164.8101,0
maiz,BUENOS AIRES,9 De Julio,2022/23,4000.0,7621.3,Random Forest,3070.0696,1
maiz,BUENOS AIRES,9 De Julio,2023/24,8000.0,8529.2,Random Forest,122.976,0
maiz,BUENOS AIRES,9 De Julio,2024/25,8500.0,8029.7,Random Forest,287.839,0
maiz,BUENOS AIRES,Adolfo Alsina,2021/22,7200.0,5055.3,Random Forest,202.9836,0
maiz,BUENOS AIRES,Adolfo Alsina,2022/23,5500.0,4923.0,Random Forest,7288.0815,1
maiz,BUENOS AIRES,Adolfo Alsina,2023/24,6500.0,5275.1,Random Forest,102.8998,0
maiz,BUENOS AIRES,Adolfo Alsina,2024/25,6500.0,5274.4,Random Forest,244.9223,0
maiz,BUENOS AIRES,Adolfo Gonzales Chaves,2021/22,3500.0,5214.2,Random Forest,209.4882,0
maiz,BUENOS AIRES,Adolfo Gonzales Chaves,2022/23,4600.0,5193.9,Random Forest,406.5328,0
maiz,BUENOS AIRES,Adolfo Gonzales Chaves,2023/24,6000.0,5614.3,Random Forest,96.7083,0
maiz,BUENOS AIRES,Adolfo Gonzales Chaves,2024/25,6000.0,5412.6,Random Forest,338.587,0
maiz,BUENOS AIRES,Alberti,2021/22,8000.0,7984.4,Random Forest,203.3006,0
maiz,BUENOS AIRES,Alberti,2022/23,3000.0,7583.2,Random Forest,5169.335,1
maiz,BUENOS AIRES,Alberti,2023/24,8000.0,8678.8,Random Forest,118.8954,0
maiz,BUENOS AIRES,Alberti,2024/25,8500.0,8079.1,Random Forest,305.0702,0
maiz,BUENOS AIRES,Arrecifes,2021/22,6750.0,7714.3,Random Forest,206.7104,0
maiz,BUENOS AIRES,Arrecifes,2022/23,4600.0,6147.1,Random Forest,4354.2095,1
maiz,BUENOS AIRES,Arrecifes,2023/24,8800.0,8433.2,Random Forest,117.0753,0
maiz,BUENOS AIRES,Arrecifes,2024/25,8000.0,6966.5,Random Forest,240.2955,0
maiz,BUENOS AIRES,Ayacucho,2021/22,6800.0,6555.3,Random Forest,160.1215,0
maiz,BUENOS AIRES,Ayacucho,2022/23,5000.0,6379.6,Random Forest,595.6621,0
maiz,BUENOS AIRES,Ayacucho,2023/24,6500.0,7137.4,Random Forest,122.4297,0
maiz,BUENOS AIRES,Ayacucho,2024/25,5800.0,6250.5,Random Forest,288.0246,0
maiz,BUENOS AIRES,Azul,2021/22,6600.0,6372.2,Random Forest,181.7873,0
maiz,BUENOS AIRES,Azul,2022/23,5700.0,6562.5,Random Forest,361.3809,0
maiz,BUENOS AIRES,Azul,2023/24,7000.0,7369.8,Random Forest,118.0828,0
maiz,BUENOS AIRES,Azul,2024/25,5500.0,5978.5,Random Forest,398.4838,0
maiz,BUENOS AIRES,Balcarce,2021/22,6700.0,6637.2,Random Forest,204.9833,0
maiz,BUENOS AIRES,Balcarce,2022/23,6200.0,7215.9,Random Forest,370.5802,0
maiz,BUENOS AIRES,Balcarce,2023/24,7000.0,7707.2,Random Forest,118.6413,0
maiz,BUENOS AIRES,Balcarce,2024/25,6500.0,7280.4,Random Forest,240.62,0
maiz,BUENOS AIRES,Baradero,2021/22,6700.0,7490.8,Random Forest,188.3301,0
maiz,BUENOS AIRES,Baradero,2022/23,4400.0,6140.4,Random Forest,6054.204,1
maiz,BUENOS AIRES,Baradero,2023/24,8900.0,8271.9,Random Forest,136.7487,0
maiz,BUENOS AIRES,Baradero,2024/25,7800.0,6763.9,Random Forest,271.1694,0
maiz,BUENOS AIRES,Benito Juarez,2021/22,6500.0,6115.6,Random Forest,197.2449,0
maiz,BUENOS AIRES,Benito Juarez,2022/23,5000.0,6167.9,Random Forest,385.9604,0
maiz,BUENOS AIRES,Benito Juarez,2023/24,6000.0,6719.6,Random Forest,116.457,0
maiz,BUENOS AIRES,Benito Juarez,2024/25,5000.0,6078.5,Random Forest,345.4033,0
maiz,BUENOS AIRES,Bolivar,2021/22,8500.0,7117.4,Random Forest,208.5152,0
maiz,BUENOS AIRES,Bolivar,2022/23,6500.0,6806.0,Random Forest,6854.3687,1
maiz,BUENOS AIRES,Bolivar,2023/24,7000.0,7998.4,Random Forest,122.531,0
maiz,BUENOS AIRES,Bolivar,2024/25,7000.0,6622.2,Random Forest,301.8289,0
maiz,BUENOS AIRES,Bragado,2021/22,8000.0,7747.8,Random Forest,200.6303,0
maiz,BUENOS AIRES,Bragado,2022/23,3500.0,7520.6,Random Forest,5048.3657,1
maiz,BUENOS AIRES,Bragado,2023/24,8000.0,8389.7,Random Forest,127.3498,0
maiz,BUENOS AIRES,Bragado,2024/25,8500.0,8015.9,Random Forest,273.302,0
maiz,BUENOS AIRES,Brandsen,2021/22,6500.0,6885.8,Random Forest,194.4821,0
maiz,BUENOS AIRES,Brandsen,2022/23,5500.0,5620.5,Random Forest,5037.0166,1
maiz,BUENOS AIRES,Brandsen,2023/24,7800.0,7829.9,Random Forest,107.7817,0
maiz,BUENOS AIRES,Brandsen,2024/25,7000.0,6656.9,Random Forest,213.399,0
maiz,BUENOS AIRES,Campana,2021/22,6475.0,7171.4,Random Forest,192.3247,0
maiz,BUENOS AIRES,Campana,2022/23,4900.0,7331.3,Random Forest,9820.333,1
maiz,BUENOS AIRES,Campana,2023/24,8800.0,8177.3,Random Forest,140.036,0
maiz,BUENOS AIRES,Campana,2024/25,8000.0,6785.7,Random Forest,348.8425,0
maiz,BUENOS AIRES,Canuelas,2021/22,6800.0,7010.1,Random Forest,192.2119,0
maiz,BUENOS AIRES,Canuelas,2022/23,5500.0,5908.6,Random Forest,4631.2715,1
maiz,BUENOS AIRES,Canuelas,2023/24,7800.0,7891.6,Random Forest,112.6105,0
maiz,BUENOS AIRES,Canuelas,2024/25,7000.0,6449.0,Random Forest,225.3447,0
maiz,BUENOS AIRES,Capitan Sarmiento,2021/22,6885.0,7728.5,Random Forest,196.7434,0
maiz,BUENOS AIRES,Capitan Sarmiento,2022/23,4800.0,6224.6,Random Forest,4181.2036,1
maiz,BUENOS AIRES,Capitan Sarmiento,2023/24,8900.0,8420.7,Random Forest,123.9998,0
maiz,BUENOS AIRES,Capitan Sarmiento,2024/25,8100.0,6800.4,Random Forest,239.057,0
maiz,BUENOS AIRES,Carlos Casares,2021/22,8500.0,7766.0,Random Forest,157.2274,0
maiz,BUENOS AIRES,Carlos Casares,2022/23,650.0,7272.0,Random Forest,3065.5396,1
maiz,BUENOS AIRES,Carlos Casares,2023/24,8180.0,8332.8,Random Forest,125.8304,0
maiz,BUENOS AIRES,Carlos Casares,2024/25,8500.0,7873.6,Random Forest,321.964,0
maiz,BUENOS AIRES,Carlos Tejedor,2021/22,8400.0,7397.3,Random Forest,146.1058,0
maiz,BUENOS AIRES,Carlos Tejedor,2022/23,5500.0,6324.2,Random Forest,1501.1915,1
maiz,BUENOS AIRES,Carlos Tejedor,2023/24,7251.0,7969.1,Random Forest,99.2509,0
maiz,BUENOS AIRES,Carlos Tejedor,2024/25,8200.0,6823.1,Random Forest,392.3462,0
maiz,BUENOS AIRES,Carmen De Areco,2021/22,5600.0,7432.5,Random Forest,253.1925,0
maiz,BUENOS AIRES,Carmen De Areco,2022/23,5000.0,6845.2,Random Forest,9379.701,1
maiz,BUENOS AIRES,Carmen De Areco,2023/24,9000.0,8363.9,Random Forest,117.825,0
maiz,BUENOS AIRES,Carmen De Areco,2024/25,8000.0,6931.1,Random Forest,247.3749,0
maiz,BUENOS AIRES,Castelli,2021/22,7000.0,6539.2,Random Forest,160.0832,0
maiz,BUENOS AIRES,Castelli,2022/23,4000.0,6346.1,Random Forest,1181.6257,1
maiz,BUENOS AIRES,Castelli,2023/24,5000.0,7064.8,Random Forest,131.4564,0
maiz,BUENOS AIRES,Castelli,2024/25,5500.0,6331.9,Random Forest,185.3515,0
maiz,BUENOS AIRES,Chacabuco,2021/22,7100.0,7809.0,Random Forest,216.4354,0
maiz,BUENOS AIRES,Chacabuco,2022/23,5000.0,7788.7,Random Forest,4942.5366,1
maiz,BUENOS AIRES,Chacabuco,2023/24,10000.0,8898.0,Random Forest,122.3282,0
maiz,BUENOS AIRES,Chacabuco,2024/25,8000.0,8121.5,Random Forest,240.3806,0
maiz,BUENOS AIRES,Chascomus,2021/22,7000.0,6994.8,Random Forest,168.9986,0
maiz,BUENOS AIRES,Chascomus,2022/23,5506.0,5604.5,Random Forest,3052.468,1
maiz,BUENOS AIRES,Chascomus,2023/24,7900.0,8203.0,Random Forest,108.1652,0
maiz,BUENOS AIRES,Chascomus,2024/25,7000.0,6676.1,Random Forest,211.815,0
maiz,BUENOS AIRES,Chivilcoy,2021/22,7500.0,7539.4,Random Forest,245.745,0
maiz,BUENOS AIRES,Chivilcoy,2022/23,3000.0,6441.0,Random Forest,6067.772,1
maiz,BUENOS AIRES,Chivilcoy,2023/24,8000.0,8525.7,Random Forest,121.398,0
maiz,BUENOS AIRES,Chivilcoy,2024/25,8000.0,7536.0,Random Forest,243.4208,0
maiz,BUENOS AIRES,Colon,2021/22,7400.0,8049.6,Random Forest,197.9282,0
maiz,BUENOS AIRES,Colon,2022/23,5000.0,6526.1,Random Forest,3009.338,1
maiz,BUENOS AIRES,Colon,2023/24,9100.0,8955.3,Random Forest,127.9524,0
maiz,BUENOS AIRES,Colon,2024/25,8200.0,7756.6,Random Forest,323.411,0
maiz,BUENOS AIRES,Coronel Dorrego,2021/22,3000.0,5072.2,Random Forest,187.2708,0
maiz,BUENOS AIRES,Coronel Dorrego,2022/23,4500.0,4989.8,Random Forest,180.5834,0
maiz,BUENOS AIRES,Coronel Dorrego,2023/24,2500.0,5019.8,Random Forest,92.7973,0
maiz,BUENOS AIRES,Coronel Dorrego,2024/25,4500.0,5059.9,Random Forest,579.1588,0
maiz,BUENOS AIRES,Coronel Pringles,2021/22,4000.0,5337.3,Random Forest,173.861,0
maiz,BUENOS AIRES,Coronel Pringles,2022/23,3800.0,5156.8,Random Forest,264.7292,0
maiz,BUENOS AIRES,Coronel Pringles,2023/24,4000.0,5342.8,Random Forest,93.5213,0
maiz,BUENOS AIRES,Coronel Pringles,2024/25,4600.0,5185.8,Random Forest,574.0848,0
maiz,BUENOS AIRES,Coronel Suarez,2021/22,8000.0,5750.9,Random Forest,190.2767,0
maiz,BUENOS AIRES,Coronel Suarez,2022/23,6000.0,5706.4,Random Forest,365.4148,0
maiz,BUENOS AIRES,Coronel Suarez,2023/24,4800.0,6427.1,Random Forest,99.9789,0
maiz,BUENOS AIRES,Coronel Suarez,2024/25,8000.0,6056.5,Random Forest,787.9618,0
maiz,BUENOS AIRES,Daireaux,2021/22,9000.0,7187.4,Random Forest,140.5842,0
maiz,BUENOS AIRES,Daireaux,2022/23,6000.0,7176.8,Random Forest,500.3772,0
maiz,BUENOS AIRES,Daireaux,2023/24,7000.0,8096.4,Random Forest,104.6128,0
maiz,BUENOS AIRES,Daireaux,2024/25,7000.0,6751.9,Random Forest,431.788,0
maiz,BUENOS AIRES,Dolores,2021/22,0.0,5140.2,Random Forest,148.5076,0
maiz,BUENOS AIRES,Dolores,2022/23,0.0,5792.9,Random Forest,979.5963,1
maiz,BUENOS AIRES,Dolores,2023/24,5000.0,6390.3,Random Forest,138.0366,0
maiz,BUENOS AIRES,Dolores,2024/25,5000.0,5411.3,Random Forest,179.7592,0
maiz,BUENOS AIRES,Exaltacion De La Cruz,2021/22,6850.0,7229.4,Random Forest,243.8608,0
maiz,BUENOS AIRES,Exaltacion De La Cruz,2022/23,4600.0,6838.6,Random Forest,5791.7417,1
maiz,BUENOS AIRES,Exaltacion De La Cruz,2023/24,8900.0,8159.7,Random Forest,116.4058,0
maiz,BUENOS AIRES,Exaltacion De La Cruz,2024/25,8000.0,6925.2,Random Forest,236.5058,0
maiz,BUENOS AIRES,Florentino Ameghino,2021/22,7700.0,8241.6,Random Forest,124.0782,0
maiz,BUENOS AIRES,Florentino Ameghino,2022/23,5800.0,7332.1,Random Forest,1631.568,1
maiz,BUENOS AIRES,Florentino Ameghino,2023/24,8400.0,8876.6,Random Forest,109.0495,0
maiz,BUENOS AIRES,Florentino Ameghino,2024/25,7800.0,7153.2,Random Forest,285.0621,0
maiz,BUENOS AIRES,General Alvarado,2021/22,6500.0,6463.7,Random Forest,181.6329,0
maiz,BUENOS AIRES,General Alvarado,2022/23,6100.0,6645.8,Random Forest,6010.655,1
maiz,BUENOS AIRES,General Alvarado,2023/24,7000.0,7654.2,Random Forest,107.7111,0
maiz,BUENOS AIRES,General Alvarado,2024/25,7000.0,6666.7,Random Forest,239.8985,0
maiz,BUENOS AIRES,General Alvear,2021/22,7700.0,6630.1,Random Forest,152.8126,0
maiz,BUENOS AIRES,General Alvear,2022/23,6500.0,6205.4,Random Forest,1226.475,1
maiz,BUENOS AIRES,General Alvear,2023/24,6500.0,7738.1,Random Forest,110.9867,0
maiz,BUENOS AIRES,General Alvear,2024/25,6500.0,5926.5,Random Forest,320.5783,0
maiz,BUENOS AIRES,General Arenales,2021/22,6600.0,8175.9,Random Forest,269.9831,0
maiz,BUENOS AIRES,General Arenales,2022/23,5000.0,7918.7,Random Forest,4741.4634,1
maiz,BUENOS AIRES,General Arenales,2023/24,10000.0,8984.2,Random Forest,115.2213,0
maiz,BUENOS AIRES,General Arenales,2024/25,8500.0,8539.7,Random Forest,319.5575,0
maiz,BUENOS AIRES,General Belgrano,2021/22,7030.0,7094.0,Random Forest,143.0047,0
maiz,BUENOS AIRES,General Belgrano,2022/23,5050.0,5994.3,Random Forest,1342.1309,1
maiz,BUENOS AIRES,General Belgrano,2023/24,7460.0,8338.4,Random Forest,109.0782,0
maiz,BUENOS AIRES,General Belgrano,2024/25,7490.0,6436.9,Random Forest,251.5367,0
maiz,BUENOS AIRES,General Guido,2021/22,6500.0,6608.2,Random Forest,137.6099,0
maiz,BUENOS AIRES,General Guido,2022/23,4000.0,6500.7,Random Forest,1390.9429,1
maiz,BUENOS AIRES,General Guido,2023/24,5500.0,7172.4,Random Forest,132.281,0
maiz,BUENOS AIRES,General Guido,2024/25,6000.0,6456.5,Random Forest,185.9218,0
maiz,BUENOS AIRES,General Juan Madariaga,2021/22,7800.0,6860.9,Random Forest,195.7423,0
maiz,BUENOS AIRES,General Juan Madariaga,2022/23,8000.0,7338.5,Random Forest,720.3457,0
maiz,BUENOS AIRES,General Juan Madariaga,2023/24,6900.0,7618.7,Random Forest,146.9907,0
maiz,BUENOS AIRES,General Juan Madariaga,2024/25,6800.0,6992.4,Random Forest,243.1247,0
maiz,BUENOS AIRES,General La Madrid,2021/22,6500.0,5629.9,Random Forest,208.7596,0
maiz,BUENOS AIRES,General La Madrid,2022/23,6000.0,5481.4,Random Forest,320.9085,0
maiz,BUENOS AIRES,General La Madrid,2023/24,3900.0,6131.5,Random Forest,115.7313,0
maiz,BUENOS AIRES,General La Madrid,2024/25,5000.0,5748.6,Random Forest,599.4364,0
maiz,BUENOS AIRES,General Las Heras,2021/22,7200.0,7261.8,Random Forest,143.0514,0
maiz,BUENOS AIRES,General Las Heras,2022/23,5500.0,6277.6,Random Forest,5058.477,1
maiz,BUENOS AIRES,General Las Heras,2023/24,7700.0,8032.2,Random Forest,141.7772,0
maiz,BUENOS AIRES,General Las Heras,2024/25,6900.0,6550.4,Random Forest,198.649,0
maiz,BUENOS AIRES,General Lavalle,2021/22,6000.0,6665.0,Random Forest,151.2255,0
maiz,BUENOS AIRES,General Lavalle,2022/23,0.0,7034.9,Random Forest,990.5999,1
maiz,BUENOS AIRES,General Lavalle,2023/24,5000.0,7275.8,Random Forest,165.883,0
maiz,BUENOS AIRES,General Lavalle,2024/25,5800.0,6347.4,Random Forest,192.1909,0
maiz,BUENOS AIRES,General Paz,2021/22,7000.0,7056.1,Random Forest,155.593,0
maiz,BUENOS AIRES,General Paz,2022/23,5500.0,6296.3,Random Forest,473.1417,0
maiz,BUENOS AIRES,General Paz,2023/24,7800.0,8040.2,Random Forest,111.4273,0
maiz,BUENOS AIRES,General Paz,2024/25,7200.0,6696.1,Random Forest,411.9829,0
maiz,BUENOS AIRES,General Pinto,2021/22,7900.0,8167.6,Random Forest,197.6637,0
maiz,BUENOS AIRES,General Pinto,2022/23,6100.0,7521.2,Random Forest,2391.9229,1
maiz,BUENOS AIRES,General Pinto,2023/24,8600.0,8766.8,Random Forest,115.7161,0
maiz,BUENOS AIRES,General Pinto,2024/25,8100.0,7301.8,Random Forest,416.707,0
maiz,BUENOS AIRES,General Pueyrredon,2021/22,7000.0,6581.8,Random Forest,258.573,0
maiz,BUENOS AIRES,General Pueyrredon,2022/23,6200.0,7364.6,Random Forest,429.7122,0
maiz,BUENOS AIRES,General Pueyrredon,2023/24,7300.0,7718.6,Random Forest,149.2008,0
maiz,BUENOS AIRES,General Pueyrredon,2024/25,7000.0,7111.6,Random Forest,266.6843,0
maiz,BUENOS AIRES,General Rodriguez,2021/22,7200.0,7056.6,Random Forest,171.9604,0
maiz,BUENOS AIRES,General Rodriguez,2022/23,5700.0,5439.7,Random Forest,7464.1567,1
maiz,BUENOS AIRES,General Rodriguez,2023/24,7800.0,7921.7,Random Forest,123.3407,0
maiz,BUENOS AIRES,General Rodriguez,2024/25,7500.0,6402.1,Random Forest,250.6858,0
maiz,BUENOS AIRES,General Viamonte,2021/22,8000.0,8101.9,Random Forest,182.9165,0
maiz,BUENOS AIRES,General Viamonte,2022/23,5900.0,7336.3,Random Forest,5299.4297,1
maiz,BUENOS AIRES,General Viamonte,2023/24,8100.0,9241.8,Random Forest,117.2486,0
maiz,BUENOS AIRES,General Viamonte,2024/25,8150.0,7734.7,Random Forest,290.9026,0
maiz,BUENOS AIRES,General Villegas,2021/22,7750.0,7988.7,Random Forest,133.0966,0
maiz,BUENOS AIRES,General Villegas,2022/23,6000.0,7598.9,Random Forest,1087.5377,1
maiz,BUENOS AIRES,General Villegas,2023/24,8600.0,8504.5,Random Forest,106.6612,0
maiz,BUENOS AIRES,General Villegas,2024/25,7950.0,8064.8,Random Forest,381.0181,0
maiz,BUENOS AIRES,Guamini,2021/22,7200.0,6208.0,Random Forest,139.4724,0
maiz,BUENOS AIRES,Guamini,2022/23,5800.0,5970.8,Random Forest,532.1233,0
maiz,BUENOS AIRES,Guamini,2023/24,6500.0,6224.9,Random Forest,101.8656,0
maiz,BUENOS AIRES,Guamini,2024/25,6400.0,6027.6,Random Forest,851.3309,0
maiz,BUENOS AIRES,Hipolito Yrigoyen,2021/22,8500.0,7218.0,Random Forest,175.7503,0
maiz,BUENOS AIRES,Hipolito Yrigoyen,2022/23,6500.0,7606.6,Random Forest,402.1592,0
maiz,BUENOS AIRES,Hipolito Yrigoyen,2023/24,7200.0,8276.6,Random Forest,114.0296,0
maiz,BUENOS AIRES,Hipolito Yrigoyen,2024/25,7200.0,7614.7,Random Forest,411.475,0
maiz,BUENOS AIRES,Junin,2021/22,8100.0,7724.2,Random Forest,245.2077,0
maiz,BUENOS AIRES,Junin,2022/23,5000.0,7518.1,Random Forest,5014.801,1
maiz,BUENOS AIRES,Junin,2023/24,10000.0,8843.0,Random Forest,115.036,0
maiz,BUENOS AIRES,Junin,2024/25,9000.0,7948.5,Random Forest,264.6382,0
maiz,BUENOS AIRES,La Plata,2021/22,6900.0,6916.0,Random Forest,237.4599,0
maiz,BUENOS AIRES,La Plata,2022/23,5500.0,5472.3,Random Forest,5816.693,1
maiz,BUENOS AIRES,La Plata,2023/24,7800.0,7621.8,Random Forest,99.5925,0
maiz,BUENOS AIRES,La Plata,2024/25,7000.0,6416.6,Random Forest,225.5324,0
maiz,BUENOS AIRES,Laprida,2021/22,3500.0,5211.0,Random Forest,188.9172,0
maiz,BUENOS AIRES,Laprida,2022/23,4000.0,5251.3,Random Forest,403.3732,0
maiz,BUENOS AIRES,Laprida,2023/24,6400.0,5388.0,Random Forest,116.4021,0
maiz,BUENOS AIRES,Laprida,2024/25,4600.0,5312.6,Random Forest,513.9248,0
maiz,BUENOS AIRES,Las Flores,2021/22,7030.0,6933.5,Random Forest,137.0471,0
maiz,BUENOS AIRES,Las Flores,2022/23,4930.0,6206.7,Random Forest,986.043,1
maiz,BUENOS AIRES,Las Flores,2023/24,7370.0,8193.8,Random Forest,116.242,0
maiz,BUENOS AIRES,Las Flores,2024/25,7370.0,6132.9,Random Forest,353.5566,0
maiz,BUENOS AIRES,Leandro N. Alem,2021/22,8100.0,8013.2,Random Forest,226.7624,0
maiz,BUENOS AIRES,Leandro N. Alem,2022/23,5600.0,7910.8,Random Forest,3297.752,1
maiz,BUENOS AIRES,Leandro N. Alem,2023/24,8200.0,9049.4,Random Forest,138.7971,0
maiz,BUENOS AIRES,Leandro N. Alem,2024/25,8030.0,8041.6,Random Forest,306.5326,0
maiz,BUENOS AIRES,Lincoln,2021/22,7950.0,8028.1,Random Forest,230.9661,0
maiz,BUENOS AIRES,Lincoln,2022/23,5700.0,7356.0,Random Forest,4515.0747,1
maiz,BUENOS AIRES,Lincoln,2023/24,8000.0,8761.2,Random Forest,127.611,0
maiz,BUENOS AIRES,Lincoln,2024/25,7900.0,7451.6,Random Forest,321.0503,0
maiz,BUENOS AIRES,Loberia,2021/22,7000.0,6629.8,Random Forest,281.3829,0
maiz,BUENOS AIRES,Loberia,2022/23,6100.0,7251.5,Random Forest,374.9012,0
maiz,BUENOS AIRES,Loberia,2023/24,6500.0,7559.7,Random Forest,119.8108,0
maiz,BUENOS AIRES,Loberia,2024/25,6500.0,7101.8,Random Forest,270.4366,0
maiz,BUENOS AIRES,Lobos,2021/22,7080.0,7235.0,Random Forest,191.1553,0
maiz,BUENOS AIRES,Lobos,2022/23,4920.0,6669.2,Random Forest,6123.6943,1
maiz,BUENOS AIRES,Lobos,2023/24,7020.0,8198.3,Random Forest,127.1538,0
maiz,BUENOS AIRES,Lobos,2024/25,7250.0,6831.5,Random Forest,230.1674,0
maiz,BUENOS AIRES,Lujan,2021/22,7200.0,7158.7,Random Forest,225.6622,0
maiz,BUENOS AIRES,Lujan,2022/23,5500.0,5848.0,Random Forest,8609.463,1
maiz,BUENOS AIRES,Lujan,2023/24,7800.0,8209.1,Random Forest,128.1085,0
maiz,BUENOS AIRES,Lujan,2024/25,7100.0,6646.7,Random Forest,246.9622,0
maiz,BUENOS AIRES,Magdalena,2021/22,6800.0,6773.3,Random Forest,177.0579,0
maiz,BUENOS AIRES,Magdalena,2022/23,5500.0,5782.5,Random Forest,3295.3406,1
maiz,BUENOS AIRES,Magdalena,2023/24,7700.0,7324.4,Random Forest,106.3259,0
maiz,BUENOS AIRES,Magdalena,2024/25,6800.0,6595.1,Random Forest,231.8316,0
maiz,BUENOS AIRES,Maipu,2021/22,7500.0,6661.5,Random Forest,172.3339,0
maiz,BUENOS AIRES,Maipu,2022/23,6500.0,6247.6,Random Forest,285.0292,0
maiz,BUENOS AIRES,Maipu,2023/24,6800.0,7221.3,Random Forest,163.865,0
maiz,BUENOS AIRES,Maipu,2024/25,6500.0,6375.7,Random Forest,338.5862,0
maiz,BUENOS AIRES,Mar Chiquita,2021/22,7800.0,6727.8,Random Forest,193.7785,0
maiz,BUENOS AIRES,Mar Chiquita,2022/23,7000.0,7013.8,Random Forest,639.1706,0
maiz,BUENOS AIRES,Mar Chiquita,2023/24,7000.0,7442.7,Random Forest,122.7939,0
maiz,BUENOS AIRES,Mar Chiquita,2024/25,6800.0,6784.5,Random Forest,317.7501,0
maiz,BUENOS AIRES,Marcos Paz,2021/22,7200.0,7175.8,Random Forest,178.357,0
maiz,BUENOS AIRES,Marcos Paz,2022/23,5500.0,5585.0,Random Forest,5888.6323,1
maiz,BUENOS AIRES,Marcos Paz,2023/24,7800.0,7828.2,Random Forest,107.773,0
maiz,BUENOS AIRES,Marcos Paz,2024/25,7000.0,6508.2,Random Forest,198.8507,0
maiz,BUENOS AIRES,Mercedes,2021/22,4500.0,6280.8,Random Forest,265.964,0
maiz,BUENOS AIRES,Mercedes,2022/23,1000.0,5702.8,Random Forest,8908.116,1
maiz,BUENOS AIRES,Mercedes,2023/24,8000.0,7669.2,Random Forest,121.725,0
maiz,BUENOS AIRES,Mercedes,2024/25,5000.0,6060.0,Random Forest,272.6058,0
maiz,BUENOS AIRES,Monte,2021/22,6970.0,7204.3,Random Forest,161.6416,0
maiz,BUENOS AIRES,Monte,2022/23,5100.0,6086.2,Random Forest,2848.1287,1
maiz,BUENOS AIRES,Monte,2023/24,6960.0,8245.1,Random Forest,108.8408,0
maiz,BUENOS AIRES,Monte,2024/25,7200.0,6713.1,Random Forest,228.4505,0
maiz,BUENOS AIRES,Navarro,2021/22,7120.0,7197.4,Random Forest,209.4019,0
maiz,BUENOS AIRES,Navarro,2022/23,4970.0,6725.2,Random Forest,5084.2773,1
maiz,BUENOS AIRES,Navarro,2023/24,6960.0,8172.7,Random Forest,116.9328,0
maiz,BUENOS AIRES,Navarro,2024/25,7260.0,6856.8,Random Forest,233.7556,0
maiz,BUENOS AIRES,Necochea,2021/22,3500.0,6865.2,Random Forest,181.1499,0
maiz,BUENOS AIRES,Necochea,2022/23,4800.0,6878.1,Random Forest,383.6088,0
maiz,BUENOS AIRES,Necochea,2023/24,6300.0,7459.8,Random Forest,110.3532,0
maiz,BUENOS AIRES,Necochea,2024/25,5900.0,7038.8,Random Forest,352.5281,0
maiz,BUENOS AIRES,Olavarria,2021/22,7800.0,6704.2,Random Forest,172.6389,0
maiz,BUENOS AIRES,Olavarria,2022/23,7000.0,6420.4,Random Forest,416.6245,0
maiz,BUENOS AIRES,Olavarria,2023/24,6500.0,7225.9,Random Forest,123.5026,0
maiz,BUENOS AIRES,Olavarria,2024/25,6000.0,6164.1,Random Forest,588.4956,0
maiz,BUENOS AIRES,Patagones,2021/22,8000.0,6415.2,Random Forest,203.9793,0
maiz,BUENOS AIRES,Patagones,2022/23,8000.0,5557.9,Random Forest,6107.8877,1
maiz,BUENOS AIRES,Patagones,2023/24,8000.0,6060.5,Random Forest,99.6554,0
maiz,BUENOS AIRES,Patagones,2024/25,7800.0,6045.4,Random Forest,342.83,0
maiz,BUENOS AIRES,Pehuajo,2021/22,8900.0,7810.7,Random Forest,138.1847,0
maiz,BUENOS AIRES,Pehuajo,2022/23,6700.0,7247.6,Random Forest,1175.3066,1
maiz,BUENOS AIRES,Pehuajo,2023/24,8090.0,8065.4,Random Forest,115.2011,0
maiz,BUENOS AIRES,Pehuajo,2024/25,8500.0,7376.3,Random Forest,400.0677,0
maiz,BUENOS AIRES,Pellegrini,2021/22,8000.0,6698.4,Random Forest,236.409,0
maiz,BUENOS AIRES,Pellegrini,2022/23,6400.0,6465.8,Random Forest,385.7162,0
maiz,BUENOS AIRES,Pellegrini,2023/24,6600.0,6661.2,Random Forest,167.8607,0
maiz,BUENOS AIRES,Pellegrini,2024/25,6800.0,6772.2,Random Forest,224.4477,0
maiz,BUENOS AIRES,Pergamino,2021/22,7500.0,7947.1,Random Forest,159.8084,0
maiz,BUENOS AIRES,Pergamino,2022/23,4800.0,6501.8,Random Forest,3350.1855,1
maiz,BUENOS AIRES,Pergamino,2023/24,9300.0,8951.4,Random Forest,131.9117,0
maiz,BUENOS AIRES,Pergamino,2024/25,8400.0,7262.0,Random Forest,219.3342,0
maiz,BUENOS AIRES,Pila,2021/22,6800.0,6424.5,Random Forest,129.4231,0
maiz,BUENOS AIRES,Pila,2022/23,4000.0,5810.3,Random Forest,1449.4235,1
maiz,BUENOS AIRES,Pila,2023/24,6000.0,6989.3,Random Forest,122.4073,0
maiz,BUENOS AIRES,Pila,2024/25,5500.0,5921.9,Random Forest,216.1503,0
maiz,BUENOS AIRES,Pilar,2021/22,7200.0,6777.9,Random Forest,173.6708,0
maiz,BUENOS AIRES,Pilar,2022/23,5500.0,5419.2,Random Forest,8597.498,1
maiz,BUENOS AIRES,Pilar,2023/24,7800.0,7840.4,Random Forest,120.6334,0
maiz,BUENOS AIRES,Pilar,2024/25,7200.0,6340.4,Random Forest,268.5015,0
maiz,BUENOS AIRES,Puan,2021/22,4100.0,4341.4,Random Forest,168.0741,0
maiz,BUENOS AIRES,Puan,2022/23,5000.0,4107.5,Random Forest,9801.241,1
maiz,BUENOS AIRES,Puan,2023/24,3900.0,4401.9,Random Forest,124.5887,0
maiz,BUENOS AIRES,Puan,2024/25,5000.0,4438.0,Random Forest,282.8392,0
maiz,BUENOS AIRES,Ramallo,2021/22,6530.0,7341.8,Random Forest,164.1852,0
maiz,BUENOS AIRES,Ramallo,2022/23,4800.0,5366.0,Random Forest,2301.3657,1
maiz,BUENOS AIRES,Ramallo,2023/24,8900.0,8495.4,Random Forest,129.8177,0
maiz,BUENOS AIRES,Ramallo,2024/25,7900.0,6788.3,Random Forest,213.6046,0
maiz,BUENOS AIRES,Rauch,2021/22,6800.0,6492.6,Random Forest,185.133,0
maiz,BUENOS AIRES,Rauch,2022/23,5000.0,6241.3,Random Forest,391.8352,0
maiz,BUENOS AIRES,Rauch,2023/24,6200.0,7114.2,Random Forest,114.7072,0
maiz,BUENOS AIRES,Rauch,2024/25,5500.0,5912.4,Random Forest,362.5928,0
maiz,BUENOS AIRES,Rivadavia,2021/22,8500.0,7798.4,Random Forest,226.6361,0
maiz,BUENOS AIRES,Rivadavia,2022/23,7400.0,7494.6,Random Forest,16423.107,1
maiz,BUENOS AIRES,Rivadavia,2023/24,8218.0,8177.2,Random Forest,131.2608,0
maiz,BUENOS AIRES,Rivadavia,2024/25,8400.0,7768.6,Random Forest,329.1361,0
maiz,BUENOS AIRES,Rojas,2021/22,8600.0,8060.4,Random Forest,205.2127,0
maiz,BUENOS AIRES,Rojas,2022/23,5000.0,7765.2,Random Forest,4197.268,1
maiz,BUENOS AIRES,Rojas,2023/24,11000.0,8984.2,Random Forest,133.2482,0
maiz,BUENOS AIRES,Rojas,2024/25,8500.0,7716.7,Random Forest,247.4194,0
maiz,BUENOS AIRES,Roque Perez,2021/22,7040.0,7235.4,Random Forest,168.7621,0
maiz,BUENOS AIRES,Roque Perez,2022/23,4930.0,6268.4,Random Forest,2617.2107,1
maiz,BUENOS AIRES,Roque Perez,2023/24,6960.0,8299.2,Random Forest,108.3485,0
maiz,BUENOS AIRES,Roque Perez,2024/25,7190.0,6783.4,Random Forest,271.6105,0
maiz,BUENOS AIRES,Saavedra,2021/22,4700.0,5104.7,Random Forest,158.8902,0
maiz,BUENOS AIRES,Saavedra,2022/23,5000.0,4736.5,Random Forest,182.4726,0
maiz,BUENOS AIRES,Saavedra,2023/24,3900.0,5082.0,Random Forest,88.4856,0
maiz,BUENOS AIRES,Saavedra,2024/25,5000.0,4885.7,Random Forest,667.692,0
maiz,BUENOS AIRES,Saladillo,2021/22,7130.0,7345.1,Random Forest,179.5996,0
maiz,BUENOS AIRES,Saladillo,2022/23,4960.0,6397.6,Random Forest,3283.6936,1
maiz,BUENOS AIRES,Saladillo,2023/24,7190.0,8281.9,Random Forest,102.0446,0
maiz,BUENOS AIRES,Saladillo,2024/25,7500.0,6940.6,Random Forest,225.8816,0
maiz,BUENOS AIRES,Salliquelo,2021/22,8000.0,6453.1,Random Forest,126.182,0
maiz,BUENOS AIRES,Salliquelo,2022/23,6400.0,6375.4,Random Forest,450.4358,0
maiz,BUENOS AIRES,Salliquelo,2023/24,6600.0,6567.0,Random Forest,85.1518,0
maiz,BUENOS AIRES,Salliquelo,2024/25,6800.0,6385.0,Random Forest,398.0617,0
maiz,BUENOS AIRES,Salto,2021/22,7500.0,7901.0,Random Forest,247.4148,0
maiz,BUENOS AIRES,Salto,2022/23,5200.0,7907.3,Random Forest,5728.9214,1
maiz,BUENOS AIRES,Salto,2023/24,9200.0,8881.6,Random Forest,121.1167,0
maiz,BUENOS AIRES,Salto,2024/25,8500.0,7399.4,Random Forest,250.7337,0
maiz,BUENOS AIRES,San Andres De Giles,2021/22,5600.0,7324.5,Random Forest,209.7416,0
maiz,BUENOS AIRES,San Andres De Giles,2022/23,5000.0,7083.6,Random Forest,7680.647,1
maiz,BUENOS AIRES,San Andres De Giles,2023/24,9000.0,8215.3,Random Forest,135.6807,0
maiz,BUENOS AIRES,San Andres De Giles,2024/25,8000.0,6725.1,Random Forest,251.3936,0
maiz,BUENOS AIRES,San Antonio De Areco,2021/22,6660.0,7665.2,Random Forest,232.13,0
maiz,BUENOS AIRES,San Antonio De Areco,2022/23,4700.0,7376.2,Random Forest,6861.3594,1
maiz,BUENOS AIRES,San Antonio De Areco,2023/24,8900.0,8347.0,Random Forest,135.48,0
maiz,BUENOS AIRES,San Antonio De Areco,2024/25,8000.0,6616.2,Random Forest,273.6636,0
maiz,BUENOS AIRES,San Cayetano,2021/22,4000.0,6439.3,Random Forest,188.9164,0
maiz,BUENOS AIRES,San Cayetano,2022/23,4500.0,6768.8,Random Forest,371.1177,0
maiz,BUENOS AIRES,San Cayetano,2023/24,6200.0,7028.7,Random Forest,107.6887,0
maiz,BUENOS AIRES,San Cayetano,2024/25,5900.0,6833.8,Random Forest,389.5111,0
maiz,BUENOS AIRES,San Nicolas,2021/22,6400.0,6903.5,Random Forest,144.8822,0
maiz,BUENOS AIRES,San Nicolas,2022/23,4000.0,5395.2,Random Forest,2217.7556,1
maiz,BUENOS AIRES,San Nicolas,2023/24,8300.0,8397.3,Random Forest,120.1642,0
maiz,BUENOS AIRES,San Nicolas,2024/25,7700.0,6665.8,Random Forest,201.525,0
maiz,BUENOS AIRES,San Pedro,2021/22,6495.0,7632.4,Random Forest,174.2161,0
maiz,BUENOS AIRES,San Pedro,2022/23,4700.0,5773.1,Random Forest,2918.5186,1
maiz,BUENOS AIRES,San Pedro,2023/24,8800.0,8484.0,Random Forest,142.6222,0
maiz,BUENOS AIRES,San Pedro,2024/25,8100.0,6651.6,Random Forest,265.3403,0
maiz,BUENOS AIRES,San Vicente,2021/22,7000.0,6277.4,Random Forest,164.1963,0
maiz,BUENOS AIRES,San Vicente,2022/23,5500.0,5598.9,Random Forest,4442.683,1
maiz,BUENOS AIRES,San Vicente,2023/24,7800.0,7867.7,Random Forest,139.6942,0
maiz,BUENOS AIRES,San Vicente,2024/25,7200.0,6206.5,Random Forest,191.1838,0
maiz,BUENOS AIRES,Suipacha,2021/22,4500.0,6605.9,Random Forest,232.0534,0
maiz,BUENOS AIRES,Suipacha,2022/23,2000.0,5536.2,Random Forest,6506.34,1
maiz,BUENOS AIRES,Suipacha,2023/24,8000.0,7829.8,Random Forest,130.5402,0
maiz,BUENOS AIRES,Suipacha,2024/25,5500.0,6366.1,Random Forest,259.2324,0
maiz,BUENOS AIRES,Tandil,2021/22,6500.0,6618.0,Random Forest,185.8847,0
maiz,BUENOS AIRES,Tandil,2022/23,6100.0,6862.1,Random Forest,488.2786,0
maiz,BUENOS AIRES,Tandil,2023/24,6900.0,7390.8,Random Forest,110.3156,0
maiz,BUENOS AIRES,Tandil,2024/25,6500.0,6275.7,Random Forest,324.8013,0
maiz,BUENOS AIRES,Tapalque,2021/22,7700.0,6570.9,Random Forest,153.5578,0
maiz,BUENOS AIRES,Tapalque,2022/23,6500.0,6321.5,Random Forest,558.8934,0
maiz,BUENOS AIRES,Tapalque,2023/24,6500.0,7331.4,Random Forest,116.0746,0
maiz,BUENOS AIRES,Tapalque,2024/25,6000.0,5873.2,Random Forest,448.5,0
maiz,BUENOS AIRES,Tordillo,2021/22,0.0,3665.9,Random Forest,152.2662,0
maiz,BUENOS AIRES,Tordillo,2022/23,0.0,4794.7,Random Forest,90.152,0
maiz,BUENOS AIRES,Tordillo,2023/24,0.0,3634.2,Random Forest,109.3275,0
maiz,BUENOS AIRES,Tordillo,2024/25,0.0,4419.9,Random Forest,356.5888,0
maiz,BUENOS AIRES,Tornquist,2021/22,4100.0,4231.3,Random Forest,163.2864,0
maiz,BUENOS AIRES,Tornquist,2022/23,5000.0,4472.2,Random Forest,170.8869,0
maiz,BUENOS AIRES,Tornquist,2023/24,3900.0,4238.4,Random Forest,102.624,0
maiz,BUENOS AIRES,Tornquist,2024/25,4000.0,4290.1,Random Forest,630.5583,0
maiz,BUENOS AIRES,Trenque Lauquen,2021/22,7800.0,7427.3,Random Forest,144.0349,0
maiz,BUENOS AIRES,Trenque Lauquen,2022/23,7300.0,7029.6,Random Forest,1208.8514,1
maiz,BUENOS AIRES,Trenque Lauquen,2023/24,7900.0,7816.0,Random Forest,113.3785,0
maiz,BUENOS AIRES,Trenque Lauquen,2024/25,8300.0,6980.2,Random Forest,430.2437,0
maiz,BUENOS AIRES,Tres Arroyos,2021/22,4000.0,6068.8,Random Forest,197.9201,0
maiz,BUENOS AIRES,Tres Arroyos,2022/23,4500.0,6465.0,Random Forest,341.3452,0
maiz,BUENOS AIRES,Tres Arroyos,2023/24,6200.0,6643.9,Random Forest,99.3052,0
maiz,BUENOS AIRES,Tres Arroyos,2024/25,6300.0,6908.4,Random Forest,363.2868,0
maiz,BUENOS AIRES,Tres Lomas,2021/22,7800.0,6627.9,Random Forest,124.5199,0
maiz,BUENOS AIRES,Tres Lomas,2022/23,6500.0,6874.2,Random Forest,443.105,0
maiz,BUENOS AIRES,Tres Lomas,2023/24,6500.0,7087.5,Random Forest,79.5764,0
maiz,BUENOS AIRES,Tres Lomas,2024/25,6800.0,6356.2,Random Forest,241.5673,0
maiz,BUENOS AIRES,Villarino,2021/22,8000.0,6600.4,Random Forest,185.2689,0
maiz,BUENOS AIRES,Villarino,2022/23,8000.0,5677.9,Random Forest,5931.7544,1
maiz,BUENOS AIRES,Villarino,2023/24,8490.0,6160.4,Random Forest,115.9031,0
maiz,BUENOS AIRES,Villarino,2024/25,8000.0,6012.2,Random Forest,323.1272,0
maiz,BUENOS AIRES,Zarate,2021/22,6900.0,7015.0,Random Forest,194.8738,0
maiz,BUENOS AIRES,Zarate,2022/23,4800.0,6330.5,Random Forest,8374.242,1
maiz,BUENOS AIRES,Zarate,2023/24,8800.0,8239.0,Random Forest,139.7719,0
maiz,BUENOS AIRES,Zarate,2024/25,8000.0,6599.5,Random Forest,367.7952,0
maiz,CATAMARCA,Capayan,2021/22,3100.0,4644.5,Random Forest,237.6296,0
maiz,CATAMARCA,Capayan,2022/23,0.0,4434.4,Random Forest,477.019,0
maiz,CATAMARCA,Capayan,2023/24,0.0,3778.2,Random Forest,505.2702,0
maiz,CATAMARCA,Capayan,2024/25,2500.0,4587.8,Random Forest,502.5958,0
maiz,CATAMARCA,El Alto,2021/22,4500.0,6347.2,Random Forest,172.1574,0
maiz,CATAMARCA,El Alto,2022/23,4100.0,6871.0,Random Forest,291.6912,0
maiz,CATAMARCA,El Alto,2023/24,1500.0,6063.7,Random Forest,189.169,0
maiz,CATAMARCA,El Alto,2024/25,3800.0,5622.0,Random Forest,315.3237,0
maiz,CATAMARCA,Santa Rosa,2021/22,6100.0,6266.3,Random Forest,180.0904,0
maiz,CATAMARCA,Santa Rosa,2022/23,5600.0,6710.3,Random Forest,293.9402,0
maiz,CATAMARCA,Santa Rosa,2023/24,2000.0,6351.5,Random Forest,181.4417,0
maiz,CATAMARCA,Santa Rosa,2024/25,5000.0,6101.2,Random Forest,288.908,0
maiz,CHACO,12 De Octubre,2021/22,5000.0,4792.5,Random Forest,300.9338,0
maiz,CHACO,12 De Octubre,2022/23,3400.0,4585.7,Random Forest,268.7226,0
maiz,CHACO,12 De Octubre,2023/24,1800.0,5345.7,Random Forest,134.8859,0
maiz,CHACO,12 De Octubre,2024/25,1600.0,4598.4,Random Forest,284.1405,0
maiz,CHACO,2 De Abril,2021/22,5200.0,5106.6,Random Forest,253.7059,0
maiz,CHACO,2 De Abril,2022/23,3500.0,5207.3,Random Forest,211.3186,0
maiz,CHACO,2 De Abril,2023/24,1900.0,5642.3,Random Forest,158.0216,0
maiz,CHACO,2 De Abril,2024/25,1900.0,4996.9,Random Forest,330.1203,0
maiz,CHACO,25 De Mayo,2021/22,2800.0,4176.0,Random Forest,159.6317,0
maiz,CHACO,25 De Mayo,2022/23,2800.0,4163.4,Random Forest,2617.021,1
maiz,CHACO,25 De Mayo,2023/24,1300.0,4500.4,Random Forest,101.954,0
maiz,CHACO,25 De Mayo,2024/25,1600.0,3897.8,Random Forest,239.8665,0
maiz,CHACO,9 De Julio,2021/22,4800.0,5591.6,Random Forest,177.0677,0
maiz,CHACO,9 De Julio,2022/23,3400.0,4996.6,Random Forest,2518.454,1
maiz,CHACO,9 De Julio,2023/24,2100.0,5398.0,Random Forest,108.555,0
maiz,CHACO,9 De Julio,2024/25,1800.0,5138.6,Random Forest,373.1178,0
maiz,CHACO,Almirante Brown,2021/22,4600.0,4524.3,Random Forest,192.1838,0
maiz,CHACO,Almirante Brown,2022/23,3000.0,4825.4,Random Forest,169.0396,0
maiz,CHACO,Almirante Brown,2023/24,1600.0,5046.9,Random Forest,209.3938,0
maiz,CHACO,Almirante Brown,2024/25,2100.0,4752.1,Random Forest,229.6181,0
maiz,CHACO,Chacabuco,2021/22,5000.0,5505.6,Random Forest,249.4335,0
maiz,CHACO,Chacabuco,2022/23,3800.0,4751.4,Random Forest,4387.6313,1
maiz,CHACO,Chacabuco,2023/24,1900.0,5482.5,Random Forest,118.1201,0
maiz,CHACO,Chacabuco,2024/25,1500.0,5429.9,Random Forest,253.5963,0
maiz,CHACO,Comandante Fernandez,2021/22,3000.0,4301.6,Random Forest,198.6556,0
maiz,CHACO,Comandante Fernandez,2022/23,1800.0,4366.0,Random Forest,292.467,0
maiz,CHACO,Comandante Fernandez,2023/24,1100.0,5010.7,Random Forest,138.8055,0
maiz,CHACO,Comandante Fernandez,2024/25,1400.0,4237.7,Random Forest,342.9306,0
maiz,CHACO,Fray Justo Santa Maria De Oro,2021/22,4200.0,4569.3,Random Forest,157.4683,0
maiz,CHACO,Fray Justo Santa Maria De Oro,2022/23,3200.0,4556.1,Random Forest,356.4931,0
maiz,CHACO,Fray Justo Santa Maria De Oro,2023/24,1800.0,5008.7,Random Forest,181.1082,0
maiz,CHACO,Fray Justo Santa Maria De Oro,2024/25,1800.0,4501.4,Random Forest,272.9189,0
maiz,CHACO,General Belgrano,2021/22,5000.0,5582.4,Random Forest,142.9495,0
maiz,CHACO,General Belgrano,2022/23,3400.0,5046.5,Random Forest,1243.3875,1
maiz,CHACO,General Belgrano,2023/24,2100.0,5402.5,Random Forest,96.562,0
maiz,CHACO,General Belgrano,2024/25,2200.0,4995.7,Random Forest,260.4848,0
maiz,CHACO,General Guemes,2021/22,4200.0,4487.6,Random Forest,263.2478,0
maiz,CHACO,General Guemes,2022/23,3400.0,4618.7,Random Forest,521.208,0
maiz,CHACO,General Guemes,2023/24,1200.0,4963.7,Random Forest,160.5792,0
maiz,CHACO,General Guemes,2024/25,1900.0,4520.8,Random Forest,276.6167,0
maiz,CHACO,Independencia,2021/22,4200.0,4185.8,Random Forest,271.6591,0
maiz,CHACO,Independencia,2022/23,2900.0,4467.4,Random Forest,230.8611,0
maiz,CHACO,Independencia,2023/24,2400.0,5161.0,Random Forest,132.3421,0
maiz,CHACO,Independencia,2024/25,1600.0,4513.6,Random Forest,292.1946,0
maiz,CHACO,Libertador General San Martin,2021/22,2800.0,3965.8,Random Forest,273.4261,0
maiz,CHACO,Libertador General San Martin,2022/23,1900.0,4233.7,Random Forest,249.2022,0
maiz,CHACO,Libertador General San Martin,2023/24,2900.0,4664.2,Random Forest,172.1469,0
maiz,CHACO,Libertador General San Martin,2024/25,4200.0,4184.4,Random Forest,295.0332,0
maiz,CHACO,Maipu,2021/22,3800.0,4078.7,Random Forest,184.8338,0
maiz,CHACO,Maipu,2022/23,4000.0,4341.7,Random Forest,299.2617,0
maiz,CHACO,Maipu,2023/24,1500.0,5002.7,Random Forest,144.4359,0
maiz,CHACO,Maipu,2024/25,1400.0,4363.2,Random Forest,316.828,0
maiz,CHACO,O'Higgins,2021/22,4900.0,4461.5,Random Forest,275.1602,0
maiz,CHACO,O'Higgins,2022/23,3600.0,4583.3,Random Forest,256.8166,0
maiz,CHACO,O'Higgins,2023/24,2300.0,5029.3,Random Forest,136.3636,0
maiz,CHACO,O'Higgins,2024/25,1800.0,4507.2,Random Forest,314.2495,0
maiz,CHACO,Quitilipi,2021/22,2600.0,4040.0,Random Forest,258.4404,0
maiz,CHACO,Quitilipi,2022/23,1900.0,4187.1,Random Forest,265.0336,0
maiz,CHACO,Quitilipi,2023/24,1200.0,5072.3,Random Forest,143.6991,0
maiz,CHACO,Quitilipi,2024/25,1500.0,4321.0,Random Forest,322.3088,0
maiz,CHACO,San Fernando,2021/22,4195.0,4121.7,Random Forest,288.6718,0
maiz,CHACO,San Lorenzo,2021/22,3799.0,4334.0,Random Forest,132.8532,0
maiz,CHACO,San Lorenzo,2022/23,3000.0,4353.2,Random Forest,1558.021,1
maiz,CHACO,San Lorenzo,2023/24,1800.0,5067.9,Random Forest,113.9333,0
maiz,CHACO,San Lorenzo,2024/25,0.0,4619.1,Random Forest,233.3426,0
maiz,CHACO,Sargento Cabral,2021/22,3800.0,4302.2,Random Forest,395.3496,0
maiz,CHACO,Sargento Cabral,2022/23,2300.0,4571.8,Random Forest,235.022,0
maiz,CHACO,Sargento Cabral,2023/24,2500.0,5300.9,Random Forest,131.6717,0
maiz,CHACO,Sargento Cabral,2024/25,3800.0,4323.8,Random Forest,342.9134,0
maiz,CORDOBA,Calamuchita,2021/22,6000.0,6429.6,Random Forest,171.2184,0
maiz,CORDOBA,Calamuchita,2022/23,4200.0,6574.5,Random Forest,592.6083,0
maiz,CORDOBA,Calamuchita,2023/24,6450.0,6654.8,Random Forest,155.7491,0
maiz,CORDOBA,Calamuchita,2024/25,7000.0,6707.8,Random Forest,333.4934,0
maiz,CORDOBA,Capital,2021/22,7500.0,6368.0,Random Forest,82.6174,0
maiz,CORDOBA,Capital,2022/23,5000.0,6266.1,Random Forest,195.0406,0
maiz,CORDOBA,Capital,2023/24,6500.0,6878.7,Random Forest,100.2175,0
maiz,CORDOBA,Capital,2024/25,7500.0,6097.6,Random Forest,301.7278,0
maiz,CORDOBA,Colon,2021/22,7800.0,7195.7,Random Forest,210.6854,0
maiz,CORDOBA,Colon,2022/23,6500.0,7430.1,Random Forest,3144.5063,1
maiz,CORDOBA,Colon,2023/24,6800.0,7885.9,Random Forest,140.7108,0
maiz,CORDOBA,Colon,2024/25,7900.0,7681.9,Random Forest,248.7153,0
maiz,CORDOBA,General Roca,2021/22,7900.0,7032.5,Random Forest,201.2637,0
maiz,CORDOBA,General Roca,2022/23,6300.0,7114.1,Random Forest,2174.2324,1
maiz,CORDOBA,General Roca,2023/24,8400.0,7473.0,Random Forest,108.2934,0
maiz,CORDOBA,General Roca,2024/25,8400.0,7163.0,Random Forest,295.4644,0
maiz,CORDOBA,General San Martin,2021/22,7000.0,6436.9,Random Forest,227.0779,0
maiz,CORDOBA,General San Martin,2022/23,3800.0,6559.0,Random Forest,2400.018,1
maiz,CORDOBA,General San Martin,2023/24,6500.0,7771.9,Random Forest,123.4307,0
maiz,CORDOBA,General San Martin,2024/25,8000.0,7609.4,Random Forest,323.045,0
maiz,CORDOBA,Ischilin,2021/22,6800.0,6256.4,Random Forest,176.1276,0
maiz,CORDOBA,Ischilin,2022/23,4000.0,6291.4,Random Forest,453.7654,0
maiz,CORDOBA,Ischilin,2023/24,6300.0,6296.8,Random Forest,135.767,0
maiz,CORDOBA,Ischilin,2024/25,6600.0,6743.5,Random Forest,359.4787,0
maiz,CORDOBA,Juarez Celman,2021/22,6500.0,6291.3,Random Forest,151.2808,0
maiz,CORDOBA,Juarez Celman,2022/23,4500.0,6947.2,Random Forest,2419.747,1
maiz,CORDOBA,Juarez Celman,2023/24,6920.0,7026.5,Random Forest,254.6218,0
maiz,CORDOBA,Juarez Celman,2024/25,6800.0,6996.4,Random Forest,218.1054,0
maiz,CORDOBA,Marcos Juarez,2021/22,10000.0,8267.7,Random Forest,193.472,0
maiz,CORDOBA,Marcos Juarez,2022/23,6400.0,7879.8,Random Forest,2482.234,1
maiz,CORDOBA,Marcos Juarez,2023/24,10200.0,9155.6,Random Forest,194.034,0
maiz,CORDOBA,Marcos Juarez,2024/25,9900.0,8542.4,Random Forest,292.5451,0
maiz,CORDOBA,Pocho,2021/22,6000.0,6849.0,Random Forest,161.9289,0
maiz,CORDOBA,Pocho,2022/23,4700.0,6686.3,Random Forest,936.3614,1
maiz,CORDOBA,Pocho,2023/24,6800.0,6211.4,Random Forest,155.3954,0
maiz,CORDOBA,Pocho,2024/25,6500.0,6690.1,Random Forest,452.7488,0
maiz,CORDOBA,Presidente Roque Saenz Pena,2021/22,9200.0,7293.9,Random Forest,268.9837,0
maiz,CORDOBA,Presidente Roque Saenz Pena,2022/23,7300.0,7130.1,Random Forest,2655.2952,1
maiz,CORDOBA,Presidente Roque Saenz Pena,2023/24,9000.0,7764.5,Random Forest,120.5719,0
maiz,CORDOBA,Presidente Roque Saenz Pena,2024/25,9100.0,7417.4,Random Forest,406.144,0
maiz,CORDOBA,Rio Cuarto,2021/22,5500.0,6533.3,Random Forest,152.1537,0
maiz,CORDOBA,Rio Cuarto,2022/23,3900.0,7175.4,Random Forest,663.7781,0
maiz,CORDOBA,Rio Cuarto,2023/24,6320.0,7150.6,Random Forest,120.9597,0
maiz,CORDOBA,Rio Cuarto,2024/25,6500.0,6923.4,Random Forest,218.6081,0
maiz,CORDOBA,Rio Primero,2021/22,7600.0,6821.0,Random Forest,211.8612,0
maiz,CORDOBA,Rio Primero,2022/23,5800.0,7489.4,Random Forest,857.5001,0
maiz,CORDOBA,Rio Primero,2023/24,6500.0,7113.0,Random Forest,133.2464,0
maiz,CORDOBA,Rio Primero,2024/25,8200.0,7332.6,Random Forest,426.4176,0
maiz,CORDOBA,Rio Seco,2021/22,7000.0,6431.8,Random Forest,203.2321,0
maiz,CORDOBA,Rio Seco,2022/23,4200.0,6583.0,Random Forest,634.1634,0
maiz,CORDOBA,Rio Seco,2023/24,3500.0,6925.3,Random Forest,187.0255,0
maiz,CORDOBA,Rio Seco,2024/25,6600.0,6930.0,Random Forest,459.0625,0
maiz,CORDOBA,Rio Segundo,2021/22,8000.0,7574.5,Random Forest,311.8476,0
maiz,CORDOBA,Rio Segundo,2022/23,5500.0,7600.5,Random Forest,1318.7212,1
maiz,CORDOBA,Rio Segundo,2023/24,6400.0,7453.6,Random Forest,128.909,0
maiz,CORDOBA,Rio Segundo,2024/25,8000.0,7540.1,Random Forest,429.282,0
maiz,CORDOBA,San Alberto,2021/22,9000.0,6090.6,Random Forest,169.4069,0
maiz,CORDOBA,San Alberto,2022/23,4700.0,6177.4,Random Forest,575.6695,0
maiz,CORDOBA,San Alberto,2023/24,7400.0,6247.9,Random Forest,171.6177,0
maiz,CORDOBA,San Alberto,2024/25,7000.0,6643.7,Random Forest,360.971,0
maiz,CORDOBA,San Javier,2021/22,9000.0,5940.7,Random Forest,207.1542,0
maiz,CORDOBA,San Javier,2022/23,6500.0,6840.2,Random Forest,172.613,0
maiz,CORDOBA,San Javier,2023/24,9000.0,8391.1,Random Forest,152.4132,0
maiz,CORDOBA,San Javier,2024/25,9000.0,7227.7,Random Forest,172.6929,0
maiz,CORDOBA,San Justo,2021/22,8000.0,6498.9,Random Forest,155.9419,0
maiz,CORDOBA,San Justo,2022/23,6100.0,6153.5,Random Forest,513.1205,0
maiz,CORDOBA,San Justo,2023/24,5940.0,7315.9,Random Forest,141.7872,0
maiz,CORDOBA,San Justo,2024/25,8600.0,7113.4,Random Forest,331.9261,0
maiz,CORDOBA,Santa Maria,2021/22,7000.0,7248.8,Random Forest,181.2202,0
maiz,CORDOBA,Santa Maria,2022/23,5000.0,7495.6,Random Forest,616.6344,0
maiz,CORDOBA,Santa Maria,2023/24,6200.0,7267.5,Random Forest,145.9783,0
maiz,CORDOBA,Santa Maria,2024/25,8000.0,7433.2,Random Forest,346.2146,0
maiz,CORDOBA,Tercero Arriba,2021/22,7000.0,7254.8,Random Forest,144.6225,0
maiz,CORDOBA,Tercero Arriba,2022/23,4800.0,7658.3,Random Forest,550.8872,0
maiz,CORDOBA,Tercero Arriba,2023/24,7000.0,7493.6,Random Forest,123.36,0
maiz,CORDOBA,Tercero Arriba,2024/25,8500.0,7568.0,Random Forest,325.4552,0
maiz,CORDOBA,Totoral,2021/22,7600.0,7221.4,Random Forest,170.5919,0
maiz,CORDOBA,Totoral,2022/23,5200.0,7567.5,Random Forest,498.7955,0
maiz,CORDOBA,Totoral,2023/24,5600.0,7566.2,Random Forest,135.3818,0
maiz,CORDOBA,Totoral,2024/25,7800.0,7523.0,Random Forest,361.7708,0
maiz,CORDOBA,Tulumba,2021/22,7200.0,6105.5,Random Forest,173.7647,0
maiz,CORDOBA,Tulumba,2022/23,5000.0,6223.2,Random Forest,558.5616,0
maiz,CORDOBA,Tulumba,2023/24,4600.0,6400.7,Random Forest,193.5483,0
maiz,CORDOBA,Tulumba,2024/25,7000.0,6721.2,Random Forest,441.355,0
maiz,CORDOBA,Union,2021/22,9000.0,7696.6,Random Forest,188.7741,0
maiz,CORDOBA,Union,2022/23,5600.0,7492.5,Random Forest,2550.9045,1
maiz,CORDOBA,Union,2023/24,9300.0,8783.2,Random Forest,153.3012,0
maiz,CORDOBA,Union,2024/25,9200.0,8373.6,Random Forest,278.7134,0
maiz,CORRIENTES,Bella Vista,2021/22,4500.0,3679.9,Random Forest,266.8378,0
maiz,CORRIENTES,Bella Vista,2022/23,4500.0,4054.0,Random Forest,201.9572,0
maiz,CORRIENTES,Bella Vista,2023/24,4000.0,5078.6,Random Forest,254.8693,0
maiz,CORRIENTES,Bella Vista,2024/25,6500.0,4551.6,Random Forest,378.6436,0
maiz,CORRIENTES,Beron De Astrada,2021/22,4500.0,3822.2,Random Forest,233.8542,0
maiz,CORRIENTES,Beron De Astrada,2022/23,4500.0,3923.0,Random Forest,157.2596,0
maiz,CORRIENTES,Beron De Astrada,2023/24,4000.0,5041.5,Random Forest,374.1086,0
maiz,CORRIENTES,Beron De Astrada,2024/25,6500.0,4281.7,Random Forest,498.2126,0
maiz,CORRIENTES,Capital,2021/22,4500.0,3679.2,Random Forest,102.0641,0
maiz,CORRIENTES,Capital,2022/23,4500.0,3664.2,Random Forest,156.1145,0
maiz,CORRIENTES,Capital,2023/24,4000.0,4198.6,Random Forest,98.9829,0
maiz,CORRIENTES,Capital,2024/25,0.0,3728.8,Random Forest,316.5654,0
maiz,CORRIENTES,Concepcion,2021/22,4500.0,3943.9,Random Forest,210.3096,0
maiz,CORRIENTES,Concepcion,2022/23,4500.0,4036.8,Random Forest,184.3416,0
maiz,CORRIENTES,Concepcion,2023/24,4000.0,4853.2,Random Forest,293.7174,0
maiz,CORRIENTES,Concepcion,2024/25,6500.0,4656.1,Random Forest,375.274,0
maiz,CORRIENTES,Curuzu Cuatia,2021/22,4500.0,3481.0,Random Forest,140.4428,0
maiz,CORRIENTES,Curuzu Cuatia,2022/23,4500.0,3663.3,Random Forest,294.9317,0
maiz,CORRIENTES,Curuzu Cuatia,2023/24,4000.0,4431.8,Random Forest,216.7334,0
maiz,CORRIENTES,Curuzu Cuatia,2024/25,6500.0,4036.3,Random Forest,295.5896,0
maiz,CORRIENTES,Empedrado,2021/22,4500.0,3787.4,Random Forest,286.8034,0
maiz,CORRIENTES,Empedrado,2022/23,4500.0,4007.4,Random Forest,196.6128,0
maiz,CORRIENTES,Empedrado,2023/24,4000.0,4735.4,Random Forest,274.9669,0
maiz,CORRIENTES,Empedrado,2024/25,6500.0,4374.0,Random Forest,450.8752,0
maiz,CORRIENTES,Esquina,2021/22,4500.0,3882.0,Random Forest,199.2421,0
maiz,CORRIENTES,Esquina,2022/23,4500.0,3857.0,Random Forest,258.31,0
maiz,CORRIENTES,Esquina,2023/24,4000.0,4988.4,Random Forest,252.3684,0
maiz,CORRIENTES,Esquina,2024/25,6500.0,4468.8,Random Forest,395.1058,0
maiz,CORRIENTES,Goya,2021/22,4500.0,3749.7,Random Forest,251.4925,0
maiz,CORRIENTES,Goya,2022/23,4500.0,3933.0,Random Forest,230.184,0
maiz,CORRIENTES,Goya,2023/24,4000.0,5034.7,Random Forest,225.5004,0
maiz,CORRIENTES,Goya,2024/25,6500.0,4576.9,Random Forest,367.458,0
maiz,CORRIENTES,Ituzaingo,2021/22,4500.0,4361.1,Random Forest,716.893,0
maiz,CORRIENTES,Ituzaingo,2022/23,4500.0,4535.1,Random Forest,192.8949,0
maiz,CORRIENTES,Ituzaingo,2023/24,4000.0,5479.4,Random Forest,424.6209,0
maiz,CORRIENTES,Ituzaingo,2024/25,6500.0,4720.2,Random Forest,407.0316,0
maiz,CORRIENTES,Lavalle,2021/22,4500.0,3601.0,Random Forest,248.4757,0
maiz,CORRIENTES,Lavalle,2022/23,4500.0,3948.6,Random Forest,220.8138,0
maiz,CORRIENTES,Lavalle,2023/24,4000.0,5134.7,Random Forest,256.2304,0
maiz,CORRIENTES,Lavalle,2024/25,6500.0,4368.9,Random Forest,364.1252,0
maiz,CORRIENTES,Mercedes,2021/22,4500.0,4231.6,Random Forest,156.2415,0
maiz,CORRIENTES,Mercedes,2022/23,4500.0,4082.8,Random Forest,5730.3545,1
maiz,CORRIENTES,Mercedes,2023/24,4000.0,4739.6,Random Forest,246.8349,0
maiz,CORRIENTES,Mercedes,2024/25,6500.0,4405.5,Random Forest,373.144,0
maiz,CORRIENTES,Paso De Los Libres,2021/22,4500.0,3771.5,Random Forest,154.3473,0
maiz,CORRIENTES,Paso De Los Libres,2022/23,4500.0,3898.7,Random Forest,211.4372,0
maiz,CORRIENTES,Paso De Los Libres,2023/24,4000.0,5079.1,Random Forest,223.7382,0
maiz,CORRIENTES,Paso De Los Libres,2024/25,6500.0,4502.3,Random Forest,230.3331,0
maiz,CORRIENTES,Saladas,2021/22,4500.0,3653.4,Random Forest,267.4673,0
maiz,CORRIENTES,Saladas,2022/23,4500.0,4114.9,Random Forest,219.3082,0
maiz,CORRIENTES,Saladas,2023/24,4000.0,4791.5,Random Forest,226.7657,0
maiz,CORRIENTES,Saladas,2024/25,6500.0,4547.8,Random Forest,389.9704,0
maiz,CORRIENTES,San Luis Del Palmar,2021/22,4500.0,3824.3,Random Forest,251.5322,0
maiz,CORRIENTES,San Luis Del Palmar,2022/23,4500.0,3895.5,Random Forest,221.8659,0
maiz,CORRIENTES,San Luis Del Palmar,2023/24,4000.0,4585.9,Random Forest,293.0484,0
maiz,CORRIENTES,San Luis Del Palmar,2024/25,6500.0,4205.3,Random Forest,399.718,0
maiz,CORRIENTES,San Martin,2021/22,4500.0,4575.0,Random Forest,186.253,0
maiz,CORRIENTES,San Martin,2022/23,4500.0,4409.9,Random Forest,692.0139,0
maiz,CORRIENTES,San Martin,2023/24,4000.0,5356.7,Random Forest,184.0187,0
maiz,CORRIENTES,San Martin,2024/25,6500.0,4847.9,Random Forest,340.9811,0
maiz,CORRIENTES,San Miguel,2021/22,4500.0,3979.4,Random Forest,293.9893,0
maiz,CORRIENTES,San Miguel,2022/23,4500.0,3976.3,Random Forest,210.3446,0
maiz,CORRIENTES,San Miguel,2023/24,4000.0,4597.7,Random Forest,501.2667,0
maiz,CORRIENTES,San Miguel,2024/25,6500.0,4431.1,Random Forest,373.1126,0
maiz,CORRIENTES,San Roque,2021/22,4500.0,3748.3,Random Forest,326.6163,0
maiz,CORRIENTES,San Roque,2022/23,4500.0,4080.5,Random Forest,183.488,0
maiz,CORRIENTES,San Roque,2023/24,4000.0,4949.9,Random Forest,347.2887,0
maiz,CORRIENTES,San Roque,2024/25,6500.0,4804.1,Random Forest,413.3275,0
maiz,CORRIENTES,Santo Tome,2021/22,4500.0,3913.5,Random Forest,644.3376,0
maiz,CORRIENTES,Santo Tome,2022/23,4500.0,4037.7,Random Forest,255.5972,0
maiz,CORRIENTES,Santo Tome,2023/24,4000.0,5171.0,Random Forest,204.3082,0
maiz,CORRIENTES,Santo Tome,2024/25,6500.0,4528.6,Random Forest,261.0432,0
maiz,CORRIENTES,Sauce,2021/22,4500.0,3638.8,Random Forest,156.6474,0
maiz,CORRIENTES,Sauce,2022/23,4500.0,3601.0,Random Forest,270.4205,0
maiz,CORRIENTES,Sauce,2023/24,4000.0,4548.5,Random Forest,237.8711,0
maiz,CORRIENTES,Sauce,2024/25,6500.0,4115.4,Random Forest,293.02,0
maiz,ENTRE RIOS,Colon,2021/22,3000.0,5000.2,Random Forest,201.2536,0
maiz,ENTRE RIOS,Colon,2022/23,1700.0,4922.4,Random Forest,2572.0093,1
maiz,ENTRE RIOS,Colon,2023/24,5700.0,5870.9,Random Forest,130.4364,0
maiz,ENTRE RIOS,Colon,2024/25,6700.0,5920.0,Random Forest,273.1221,0
maiz,ENTRE RIOS,Concordia,2021/22,4100.0,5447.5,Random Forest,180.8988,0
maiz,ENTRE RIOS,Concordia,2022/23,3500.0,4765.3,Random Forest,417.5797,0
maiz,ENTRE RIOS,Concordia,2023/24,6600.0,6843.6,Random Forest,166.2305,0
maiz,ENTRE RIOS,Concordia,2024/25,5900.0,5602.4,Random Forest,168.057,0
maiz,ENTRE RIOS,Diamante,2021/22,5000.0,6949.1,Random Forest,170.8123,0
maiz,ENTRE RIOS,Diamante,2022/23,3600.0,5418.1,Random Forest,1257.5911,1
maiz,ENTRE RIOS,Diamante,2023/24,6100.0,7849.9,Random Forest,120.6306,0
maiz,ENTRE RIOS,Diamante,2024/25,6800.0,7269.9,Random Forest,289.7704,0
maiz,ENTRE RIOS,Federacion,2021/22,4000.0,4863.9,Random Forest,160.0005,0
maiz,ENTRE RIOS,Federacion,2022/23,3300.0,4484.1,Random Forest,274.0169,0
maiz,ENTRE RIOS,Federacion,2023/24,6000.0,6223.9,Random Forest,180.1984,0
maiz,ENTRE RIOS,Federacion,2024/25,6100.0,4993.4,Random Forest,219.9685,0
maiz,ENTRE RIOS,Federal,2021/22,4300.0,5677.2,Random Forest,195.7618,0
maiz,ENTRE RIOS,Federal,2022/23,3400.0,4796.3,Random Forest,375.6929,0
maiz,ENTRE RIOS,Federal,2023/24,6000.0,6929.4,Random Forest,178.1724,0
maiz,ENTRE RIOS,Federal,2024/25,6100.0,5844.9,Random Forest,221.1049,0
maiz,ENTRE RIOS,Feliciano,2021/22,4000.0,4931.3,Random Forest,187.467,0
maiz,ENTRE RIOS,Feliciano,2022/23,3500.0,4646.9,Random Forest,1201.733,1
maiz,ENTRE RIOS,Feliciano,2023/24,5900.0,5997.6,Random Forest,150.9566,0
maiz,ENTRE RIOS,Feliciano,2024/25,5900.0,5201.9,Random Forest,262.0091,0
maiz,ENTRE RIOS,Gualeguay,2021/22,4300.0,6555.2,Random Forest,174.7894,0
maiz,ENTRE RIOS,Gualeguay,2022/23,1500.0,5449.8,Random Forest,2991.5403,1
maiz,ENTRE RIOS,Gualeguay,2023/24,5800.0,7441.9,Random Forest,159.6396,0
maiz,ENTRE RIOS,Gualeguay,2024/25,6700.0,6869.7,Random Forest,263.2016,0
maiz,ENTRE RIOS,Gualeguaychu,2021/22,3300.0,5567.5,Random Forest,218.8348,0
maiz,ENTRE RIOS,Gualeguaychu,2022/23,1900.0,4517.3,Random Forest,4225.1265,1
maiz,ENTRE RIOS,Gualeguaychu,2023/24,6000.0,6704.0,Random Forest,178.6461,0
maiz,ENTRE RIOS,Gualeguaychu,2024/25,6700.0,5842.0,Random Forest,270.0061,0
maiz,ENTRE RIOS,La Paz,2021/22,4200.0,6202.3,Random Forest,157.5064,0
maiz,ENTRE RIOS,La Paz,2022/23,3600.0,4808.1,Random Forest,363.2755,0
maiz,ENTRE RIOS,La Paz,2023/24,5900.0,7337.7,Random Forest,155.2936,0
maiz,ENTRE RIOS,La Paz,2024/25,6000.0,6454.9,Random Forest,251.8524,0
maiz,ENTRE RIOS,Nogoya,2021/22,3200.0,5944.7,Random Forest,161.0074,0
maiz,ENTRE RIOS,Nogoya,2022/23,1900.0,5121.5,Random Forest,1162.5974,1
maiz,ENTRE RIOS,Nogoya,2023/24,5000.0,7187.2,Random Forest,119.6522,0
maiz,ENTRE RIOS,Nogoya,2024/25,6700.0,6422.0,Random Forest,205.802,0
maiz,ENTRE RIOS,Parana,2021/22,5000.0,6311.4,Random Forest,167.7026,0
maiz,ENTRE RIOS,Parana,2022/23,3700.0,4905.3,Random Forest,884.8609,0
maiz,ENTRE RIOS,Parana,2023/24,6200.0,7580.7,Random Forest,133.4824,0
maiz,ENTRE RIOS,Parana,2024/25,6400.0,6925.9,Random Forest,294.4606,0
maiz,ENTRE RIOS,San Salvador,2021/22,2700.0,5810.3,Random Forest,214.5268,0
maiz,ENTRE RIOS,San Salvador,2022/23,1600.0,4742.8,Random Forest,893.0707,1
maiz,ENTRE RIOS,San Salvador,2023/24,5500.0,7136.6,Random Forest,264.8788,0
maiz,ENTRE RIOS,San Salvador,2024/25,6700.0,5899.3,Random Forest,188.6623,0
maiz,ENTRE RIOS,Tala,2021/22,3200.0,4839.4,Random Forest,192.3777,0
maiz,ENTRE RIOS,Tala,2022/23,1500.0,4513.5,Random Forest,452.2544,0
maiz,ENTRE RIOS,Tala,2023/24,5000.0,6033.7,Random Forest,153.8596,0
maiz,ENTRE RIOS,Tala,2024/25,6500.0,5637.1,Random Forest,160.0777,0
maiz,ENTRE RIOS,Uruguay,2021/22,2650.0,5495.9,Random Forest,168.0732,0
maiz,ENTRE RIOS,Uruguay,2022/23,1900.0,4933.6,Random Forest,925.2531,1
maiz,ENTRE RIOS,Uruguay,2023/24,6000.0,6355.5,Random Forest,135.1066,0
maiz,ENTRE RIOS,Uruguay,2024/25,6700.0,5928.2,Random Forest,290.9057,0
maiz,ENTRE RIOS,Victoria,2021/22,4300.0,6828.2,Random Forest,161.7577,0
maiz,ENTRE RIOS,Victoria,2022/23,1900.0,6153.9,Random Forest,1957.5833,1
maiz,ENTRE RIOS,Victoria,2023/24,5000.0,7752.8,Random Forest,122.2824,0
maiz,ENTRE RIOS,Victoria,2024/25,6700.0,7469.0,Random Forest,291.2439,0
maiz,ENTRE RIOS,Villaguay,2021/22,3100.0,5144.1,Random Forest,181.3755,0
maiz,ENTRE RIOS,Villaguay,2022/23,1600.0,4445.1,Random Forest,635.1262,0
maiz,ENTRE RIOS,Villaguay,2023/24,5500.0,5862.6,Random Forest,150.6831,0
maiz,ENTRE RIOS,Villaguay,2024/25,6700.0,5758.4,Random Forest,153.3545,0
maiz,FORMOSA,Formosa,2021/22,5199.0,3795.4,Random Forest,297.7678,0
maiz,FORMOSA,Formosa,2022/23,3699.0,4089.8,Random Forest,243.0441,0
maiz,FORMOSA,Formosa,2023/24,2468.0,4773.4,Random Forest,250.0908,0
maiz,FORMOSA,Formosa,2024/25,3800.0,4168.7,Random Forest,271.6333,0
maiz,FORMOSA,Laishi,2021/22,5000.0,3758.7,Random Forest,388.7496,0
maiz,FORMOSA,Laishi,2022/23,3700.0,3979.9,Random Forest,318.7726,0
maiz,FORMOSA,Laishi,2023/24,2458.0,4572.0,Random Forest,231.6061,0
maiz,FORMOSA,Laishi,2024/25,3800.0,4071.8,Random Forest,371.9904,0
maiz,FORMOSA,Patino,2021/22,2100.0,3952.5,Random Forest,435.279,0
maiz,FORMOSA,Patino,2022/23,3700.0,4243.7,Random Forest,248.4283,0
maiz,FORMOSA,Patino,2023/24,2460.0,4590.8,Random Forest,438.4866,0
maiz,FORMOSA,Patino,2024/25,3800.0,4414.4,Random Forest,282.3292,0
maiz,FORMOSA,Pilagas,2021/22,3000.0,3826.8,Random Forest,277.5726,0
maiz,FORMOSA,Pilagas,2022/23,3701.0,4546.7,Random Forest,323.778,0
maiz,FORMOSA,Pilagas,2023/24,2461.0,4818.3,Random Forest,387.6888,0
maiz,FORMOSA,Pilagas,2024/25,3800.0,4345.7,Random Forest,275.568,0
maiz,FORMOSA,Pilcomayo,2021/22,0.0,3859.6,Random Forest,253.6964,0
maiz,FORMOSA,Pilcomayo,2022/23,3689.0,4465.8,Random Forest,259.409,0
maiz,FORMOSA,Pilcomayo,2023/24,2442.0,4555.9,Random Forest,387.0374,0
maiz,FORMOSA,Pilcomayo,2024/25,3800.0,4190.4,Random Forest,225.4994,0
maiz,FORMOSA,Pirane,2021/22,4500.0,3870.9,Random Forest,365.5935,0
maiz,FORMOSA,Pirane,2022/23,3700.0,4546.4,Random Forest,287.9568,0
maiz,FORMOSA,Pirane,2023/24,2460.0,4835.7,Random Forest,378.8031,0
maiz,FORMOSA,Pirane,2024/25,3800.0,4321.1,Random Forest,354.2506,0
maiz,JUJUY,Dr. Manuel Belgrano,2021/22,4000.0,5310.1,Random Forest,227.6757,0
maiz,JUJUY,Dr. Manuel Belgrano,2022/23,4000.0,5249.1,Random Forest,177.2726,0
maiz,JUJUY,Dr. Manuel Belgrano,2023/24,4274.0,5443.6,Random Forest,332.5521,0
maiz,JUJUY,Dr. Manuel Belgrano,2024/25,4000.0,5604.3,Random Forest,238.1279,0
maiz,JUJUY,El Carmen,2021/22,2500.0,5643.4,Random Forest,399.5445,0
maiz,JUJUY,El Carmen,2022/23,4000.0,5551.3,Random Forest,515.7884,0
maiz,JUJUY,El Carmen,2023/24,4300.0,5688.3,Random Forest,179.1846,0
maiz,JUJUY,El Carmen,2024/25,4000.0,5504.5,Random Forest,270.073,0
maiz,JUJUY,Ledesma,2021/22,4000.0,5537.6,Random Forest,392.9042,0
maiz,JUJUY,Ledesma,2022/23,4000.0,5328.6,Random Forest,628.9118,0
maiz,JUJUY,Ledesma,2023/24,4301.0,5490.2,Random Forest,223.5146,0
maiz,JUJUY,Ledesma,2024/25,4000.0,5012.7,Random Forest,359.3368,0
maiz,JUJUY,Palpala,2021/22,4000.0,5657.6,Random Forest,388.4049,0
maiz,JUJUY,Palpala,2022/23,4000.0,5443.2,Random Forest,506.042,0
maiz,JUJUY,Palpala,2023/24,4287.0,5471.9,Random Forest,179.0822,0
maiz,JUJUY,Palpala,2024/25,4000.0,5134.7,Random Forest,284.6614,0
maiz,JUJUY,San Antonio,2021/22,4000.0,5715.3,Random Forest,203.7694,0
maiz,JUJUY,San Antonio,2022/23,3998.0,5396.4,Random Forest,287.2398,0
maiz,JUJUY,San Antonio,2023/24,4300.0,5707.4,Random Forest,370.4325,0
maiz,JUJUY,San Antonio,2024/25,4000.0,5740.3,Random Forest,239.7168,0
maiz,JUJUY,San Pedro,2021/22,4000.0,5447.2,Random Forest,157.7227,0
maiz,JUJUY,San Pedro,2022/23,4000.0,5195.5,Random Forest,3692.1584,1
maiz,JUJUY,San Pedro,2023/24,4300.0,5649.6,Random Forest,138.9585,0
maiz,JUJUY,San Pedro,2024/25,4000.0,5378.7,Random Forest,227.9998,0
maiz,JUJUY,Santa Barbara,2021/22,4000.0,5472.6,Random Forest,246.7949,0
maiz,JUJUY,Santa Barbara,2022/23,4000.0,5323.8,Random Forest,356.5719,0
maiz,JUJUY,Santa Barbara,2023/24,4300.0,5717.6,Random Forest,317.1966,0
maiz,JUJUY,Santa Barbara,2024/25,4000.0,4956.7,Random Forest,285.2532,0
maiz,LA PAMPA,Atreuco,2021/22,5500.0,4955.4,Random Forest,113.0061,0
maiz,LA PAMPA,Atreuco,2022/23,5500.0,4860.6,Random Forest,156.2578,0
maiz,LA PAMPA,Atreuco,2023/24,5500.0,5000.1,Random Forest,88.6875,0
maiz,LA PAMPA,Atreuco,2024/25,6500.0,4719.3,Random Forest,234.4628,0
maiz,LA PAMPA,Capital,2021/22,5000.0,4942.9,Random Forest,94.7832,0
maiz,LA PAMPA,Capital,2022/23,5000.0,4897.0,Random Forest,219.2645,0
maiz,LA PAMPA,Capital,2023/24,5000.0,4975.1,Random Forest,79.9514,0
maiz,LA PAMPA,Capital,2024/25,5500.0,5155.0,Random Forest,265.537,0
maiz,LA PAMPA,Catrilo,2021/22,6500.0,5786.1,Random Forest,119.5238,0
maiz,LA PAMPA,Catrilo,2022/23,5500.0,5660.1,Random Forest,516.0161,0
maiz,LA PAMPA,Catrilo,2023/24,5500.0,5674.2,Random Forest,84.0565,0
maiz,LA PAMPA,Catrilo,2024/25,6500.0,6314.3,Random Forest,302.1142,0
maiz,LA PAMPA,Chapaleufu,2021/22,8702.0,7116.7,Random Forest,109.7768,0
maiz,LA PAMPA,Chapaleufu,2022/23,7670.0,7244.5,Random Forest,978.2338,1
maiz,LA PAMPA,Chapaleufu,2023/24,8660.0,7983.8,Random Forest,95.2284,0
maiz,LA PAMPA,Chapaleufu,2024/25,7200.0,7701.5,Random Forest,285.3856,0
maiz,LA PAMPA,Conhelo,2021/22,6101.0,5786.2,Random Forest,105.2149,0
maiz,LA PAMPA,Conhelo,2022/23,6490.0,6220.6,Random Forest,374.6033,0
maiz,LA PAMPA,Conhelo,2023/24,6880.0,5890.2,Random Forest,86.149,0
maiz,LA PAMPA,Conhelo,2024/25,6000.0,6293.7,Random Forest,293.9834,0
maiz,LA PAMPA,Guatrache,2021/22,4000.0,3371.9,Random Forest,108.5103,0
maiz,LA PAMPA,Guatrache,2022/23,4000.0,3360.6,Random Forest,159.7838,0
maiz,LA PAMPA,Guatrache,2023/24,4000.0,3460.0,Random Forest,82.0917,0
maiz,LA PAMPA,Guatrache,2024/25,4000.0,3262.1,Random Forest,378.0523,0
maiz,LA PAMPA,Hucal,2021/22,3500.0,3160.6,Random Forest,120.6633,0
maiz,LA PAMPA,Hucal,2022/23,3500.0,3077.4,Random Forest,120.6564,0
maiz,LA PAMPA,Hucal,2023/24,3500.0,3432.6,Random Forest,94.4355,0
maiz,LA PAMPA,Hucal,2024/25,3500.0,3125.2,Random Forest,376.9733,0
maiz,LA PAMPA,Maraco,2021/22,8333.0,6858.4,Random Forest,108.0161,0
maiz,LA PAMPA,Maraco,2022/23,7780.0,7270.9,Random Forest,147.6556,0
maiz,LA PAMPA,Maraco,2023/24,8750.0,7484.4,Random Forest,90.8177,0
maiz,LA PAMPA,Maraco,2024/25,7000.0,6669.4,Random Forest,261.1273,0
maiz,LA PAMPA,Quemu Quemu,2021/22,8441.0,6586.6,Random Forest,103.4396,0
maiz,LA PAMPA,Quemu Quemu,2022/23,7860.0,6316.6,Random Forest,600.4212,0
maiz,LA PAMPA,Quemu Quemu,2023/24,7280.0,6438.6,Random Forest,82.9246,0
maiz,LA PAMPA,Quemu Quemu,2024/25,6500.0,6337.0,Random Forest,291.371,0
maiz,LA PAMPA,Rancul,2021/22,7909.0,6434.8,Random Forest,120.4193,0
maiz,LA PAMPA,Rancul,2022/23,6430.0,6865.9,Random Forest,579.8976,0
maiz,LA PAMPA,Rancul,2023/24,6880.0,6971.9,Random Forest,96.3513,0
maiz,LA PAMPA,Rancul,2024/25,6000.0,7256.6,Random Forest,232.3156,0
maiz,LA PAMPA,Realico,2021/22,8394.0,6567.2,Random Forest,115.1577,0
maiz,LA PAMPA,Realico,2022/23,7380.0,6840.0,Random Forest,578.3788,0
maiz,LA PAMPA,Realico,2023/24,7850.0,6793.7,Random Forest,92.6205,0
maiz,LA PAMPA,Realico,2024/25,6000.0,7088.0,Random Forest,240.7516,0
maiz,LA PAMPA,Toay,2021/22,4000.0,3708.5,Random Forest,101.7711,0
maiz,LA PAMPA,Toay,2022/23,4000.0,3772.1,Random Forest,189.1386,0
maiz,LA PAMPA,Toay,2023/24,4000.0,3840.9,Random Forest,84.3699,0
maiz,LA PAMPA,Toay,2024/25,4500.0,3549.7,Random Forest,291.6904,0
maiz,LA PAMPA,Trenel,2021/22,7425.0,6365.6,Random Forest,113.9366,0
maiz,LA PAMPA,Trenel,2022/23,6490.0,6646.2,Random Forest,545.295,0
maiz,LA PAMPA,Trenel,2023/24,6820.0,6476.5,Random Forest,90.3412,0
maiz,LA PAMPA,Trenel,2024/25,6000.0,6679.4,Random Forest,275.4831,0
maiz,LA PAMPA,Utracan,2021/22,4000.0,3569.7,Random Forest,127.3374,0
maiz,LA PAMPA,Utracan,2022/23,4000.0,3568.3,Random Forest,902.4189,1
maiz,LA PAMPA,Utracan,2023/24,4000.0,3443.3,Random Forest,90.422,0
maiz,LA PAMPA,Utracan,2024/25,4000.0,3700.1,Random Forest,283.9095,0
maiz,MISIONES,25 De Mayo,2021/22,3500.0,3622.2,Random Forest,149.9154,0
maiz,MISIONES,25 De Mayo,2022/23,4000.0,3518.4,Random Forest,3284.2568,1
maiz,MISIONES,25 De Mayo,2023/24,3160.0,3966.5,Random Forest,113.223,0
maiz,MISIONES,25 De Mayo,2024/25,5000.0,3849.2,Random Forest,245.0742,0
maiz,MISIONES,Apostoles,2021/22,3502.0,3345.5,Random Forest,197.5254,0
maiz,MISIONES,Apostoles,2022/23,3996.0,3285.4,Random Forest,129.9691,0
maiz,MISIONES,Apostoles,2023/24,3160.0,3827.2,Random Forest,178.4794,0
maiz,MISIONES,Apostoles,2024/25,5000.0,3434.6,Random Forest,186.9582,0
maiz,MISIONES,Cainguas,2021/22,3500.0,3575.0,Random Forest,235.0684,0
maiz,MISIONES,Cainguas,2022/23,4000.0,3470.3,Random Forest,76.295,0
maiz,MISIONES,Cainguas,2023/24,3160.0,3833.7,Random Forest,157.6797,0
maiz,MISIONES,Cainguas,2024/25,5000.0,3603.9,Random Forest,142.5418,0
maiz,MISIONES,Candelaria,2021/22,3200.0,3328.6,Random Forest,275.3537,0
maiz,MISIONES,Candelaria,2022/23,4000.0,3210.3,Random Forest,117.5772,0
maiz,MISIONES,Candelaria,2023/24,3163.0,3726.4,Random Forest,214.1164,0
maiz,MISIONES,Candelaria,2024/25,5000.0,3443.9,Random Forest,147.1764,0
maiz,MISIONES,Capital,2021/22,3505.0,3283.2,Random Forest,90.5344,0
maiz,MISIONES,Capital,2022/23,3989.0,2812.4,Random Forest,216.5838,0
maiz,MISIONES,Capital,2023/24,3164.0,3841.9,Random Forest,88.2291,0
maiz,MISIONES,Capital,2024/25,5000.0,3190.1,Random Forest,268.667,0
maiz,MISIONES,Concepcion,2021/22,3500.0,2980.0,Random Forest,179.9301,0
maiz,MISIONES,Concepcion,2022/23,3977.0,2905.9,Random Forest,306.4258,0
maiz,MISIONES,Concepcion,2023/24,3153.0,3938.3,Random Forest,156.6296,0
maiz,MISIONES,Concepcion,2024/25,5000.0,3371.7,Random Forest,231.7666,0
maiz,MISIONES,Eldorado,2021/22,3503.0,3550.6,Random Forest,419.151,0
maiz,MISIONES,Eldorado,2022/23,4000.0,3691.3,Random Forest,99.0832,0
maiz,MISIONES,Eldorado,2023/24,3154.0,3812.3,Random Forest,208.831,0
maiz,MISIONES,Eldorado,2024/25,5000.0,3534.6,Random Forest,164.359,0
maiz,MISIONES,General Manuel Belgrano,2021/22,3500.0,3880.9,Random Forest,254.3752,0
maiz,MISIONES,General Manuel Belgrano,2022/23,4000.0,3910.4,Random Forest,151.425,0
maiz,MISIONES,General Manuel Belgrano,2023/24,3160.0,4137.5,Random Forest,353.9972,0
maiz,MISIONES,General Manuel Belgrano,2024/25,5000.0,3892.8,Random Forest,169.9786,0
maiz,MISIONES,Guarani,2021/22,3500.0,3675.8,Random Forest,252.98,0
maiz,MISIONES,Guarani,2022/23,4000.0,3702.2,Random Forest,85.8812,0
maiz,MISIONES,Guarani,2023/24,3160.0,3870.8,Random Forest,140.79,0
maiz,MISIONES,Guarani,2024/25,5000.0,3856.7,Random Forest,144.292,0
maiz,MISIONES,Iguazu,2021/22,3500.0,3571.9,Random Forest,198.3564,0
maiz,MISIONES,Iguazu,2022/23,3996.0,3640.2,Random Forest,213.2466,0
maiz,MISIONES,Iguazu,2023/24,3161.0,4092.3,Random Forest,277.984,0
maiz,MISIONES,Iguazu,2024/25,5000.0,3575.6,Random Forest,123.8122,0
maiz,MISIONES,Leandro N. Alem,2021/22,3501.0,3295.9,Random Forest,161.273,0
maiz,MISIONES,Leandro N. Alem,2022/23,4000.0,3079.2,Random Forest,4081.5557,1
maiz,MISIONES,Leandro N. Alem,2023/24,3160.0,3737.6,Random Forest,136.3463,0
maiz,MISIONES,Leandro N. Alem,2024/25,5000.0,3728.5,Random Forest,289.4026,0
maiz,MISIONES,Libertador General San Martin,2021/22,3503.0,3041.1,Random Forest,435.2728,0
maiz,MISIONES,Libertador General San Martin,2022/23,3988.0,2446.4,Random Forest,277.5034,0
maiz,MISIONES,Libertador General San Martin,2023/24,3162.0,3666.0,Random Forest,186.6235,0
maiz,MISIONES,Libertador General San Martin,2024/25,5000.0,3367.0,Random Forest,326.9607,0
maiz,MISIONES,Montecarlo,2021/22,3500.0,3365.5,Random Forest,361.1726,0
maiz,MISIONES,Montecarlo,2022/23,4009.0,3640.0,Random Forest,96.22,0
maiz,MISIONES,Montecarlo,2023/24,3161.0,3778.9,Random Forest,200.8327,0
maiz,MISIONES,Montecarlo,2024/25,5000.0,3536.8,Random Forest,133.8372,0
maiz,MISIONES,Obera,2021/22,3500.0,3515.7,Random Forest,306.3484,0
maiz,MISIONES,Obera,2022/23,4000.0,3460.5,Random Forest,93.4959,0
maiz,MISIONES,Obera,2023/24,3160.0,3758.2,Random Forest,139.0572,0
maiz,MISIONES,Obera,2024/25,5000.0,3639.7,Random Forest,148.1229,0
maiz,MISIONES,San Ignacio,2021/22,3509.0,3438.4,Random Forest,283.1562,0
maiz,MISIONES,San Ignacio,2022/23,3978.0,3440.0,Random Forest,122.0169,0
maiz,MISIONES,San Ignacio,2023/24,3161.0,3822.2,Random Forest,200.7673,0
maiz,MISIONES,San Ignacio,2024/25,5000.0,3634.9,Random Forest,148.9439,0
maiz,MISIONES,San Javier,2021/22,3496.0,3480.4,Random Forest,264.5611,0
maiz,MISIONES,San Javier,2022/23,4001.0,3285.3,Random Forest,146.2332,0
maiz,MISIONES,San Javier,2023/24,3161.0,3769.1,Random Forest,124.9399,0
maiz,MISIONES,San Javier,2024/25,5000.0,3476.2,Random Forest,175.1137,0
maiz,MISIONES,San Pedro,2021/22,3500.0,3604.5,Random Forest,154.169,0
maiz,MISIONES,San Pedro,2022/23,4000.0,3333.2,Random Forest,3436.8467,1
maiz,MISIONES,San Pedro,2023/24,3160.0,3969.4,Random Forest,168.397,0
maiz,MISIONES,San Pedro,2024/25,5000.0,3823.2,Random Forest,287.1529,0
maiz,SALTA,Anta,2021/22,6400.0,6361.5,Random Forest,297.9724,0
maiz,SALTA,Anta,2022/23,5700.0,6048.0,Random Forest,929.6362,1
maiz,SALTA,Anta,2023/24,4300.0,6359.3,Random Forest,476.8302,0
maiz,SALTA,Anta,2024/25,6000.0,6049.7,Random Forest,431.9008,0
maiz,SALTA,Cachi,2021/22,5600.0,5006.1,Random Forest,116.6137,0
maiz,SALTA,Cachi,2023/24,4500.0,5294.0,Random Forest,773.5278,0
maiz,SALTA,Cachi,2024/25,5500.0,5228.7,Random Forest,262.9616,0
maiz,SALTA,Capital,2021/22,6600.0,6041.3,Random Forest,104.8825,0
maiz,SALTA,Capital,2022/23,5800.0,6309.3,Random Forest,197.8527,0
maiz,SALTA,Capital,2023/24,5500.0,6391.4,Random Forest,90.7038,0
maiz,SALTA,Capital,2024/25,6300.0,6231.5,Random Forest,291.4927,0
maiz,SALTA,Cerrillos,2021/22,6600.0,6231.8,Random Forest,160.9908,0
maiz,SALTA,Cerrillos,2022/23,5800.0,5929.2,Random Forest,351.9333,0
maiz,SALTA,Cerrillos,2023/24,5501.0,6141.1,Random Forest,237.2652,0
maiz,SALTA,Cerrillos,2024/25,6300.0,6190.0,Random Forest,254.2885,0
maiz,SALTA,Chicoana,2021/22,6599.0,6235.4,Random Forest,165.9534,0
maiz,SALTA,Chicoana,2022/23,5800.0,5959.8,Random Forest,378.0774,0
maiz,SALTA,Chicoana,2023/24,5501.0,6118.2,Random Forest,221.2614,0
maiz,SALTA,Chicoana,2024/25,6000.0,6147.3,Random Forest,229.1513,0
maiz,SALTA,General Guemes,2021/22,6400.0,6215.4,Random Forest,284.5066,0
maiz,SALTA,General Guemes,2022/23,5800.0,5984.8,Random Forest,621.6694,0
maiz,SALTA,General Guemes,2023/24,5000.0,6066.8,Random Forest,172.7869,0
maiz,SALTA,General Guemes,2024/25,6300.0,5748.7,Random Forest,257.1858,0
maiz,SALTA,General Jose De San Martin,2021/22,6200.0,6276.0,Random Forest,151.4702,0
maiz,SALTA,General Jose De San Martin,2022/23,5700.0,5888.3,Random Forest,353.332,0
maiz,SALTA,General Jose De San Martin,2023/24,3900.0,6064.5,Random Forest,221.7438,0
maiz,SALTA,General Jose De San Martin,2024/25,6000.0,6062.3,Random Forest,260.852,0
maiz,SALTA,La Caldera,2021/22,6500.0,6030.7,Random Forest,228.9104,0
maiz,SALTA,La Caldera,2022/23,5700.0,5640.3,Random Forest,250.8974,0
maiz,SALTA,La Caldera,2023/24,5000.0,5793.9,Random Forest,392.2567,0
maiz,SALTA,La Caldera,2024/25,6000.0,5912.5,Random Forest,205.9723,0
maiz,SALTA,La Candelaria,2021/22,6300.0,6380.8,Random Forest,263.6028,0
maiz,SALTA,La Candelaria,2022/23,5700.0,6235.0,Random Forest,471.985,0
maiz,SALTA,La Candelaria,2023/24,5000.0,6239.2,Random Forest,200.243,0
maiz,SALTA,La Candelaria,2024/25,6000.0,5820.5,Random Forest,332.4245,0
maiz,SALTA,La Vina,2021/22,6300.0,6414.1,Random Forest,168.8252,0
maiz,SALTA,La Vina,2022/23,5800.0,6035.5,Random Forest,362.0176,0
maiz,SALTA,La Vina,2023/24,5500.0,6232.9,Random Forest,218.9839,0
maiz,SALTA,La Vina,2024/25,5800.0,5949.4,Random Forest,221.5277,0
maiz,SALTA,Metan,2021/22,6400.0,6572.7,Random Forest,226.8532,0
maiz,SALTA,Metan,2022/23,5900.0,6147.6,Random Forest,558.6366,0
maiz,SALTA,Metan,2023/24,4500.0,6302.2,Random Forest,180.711,0
maiz,SALTA,Metan,2024/25,6500.0,6327.8,Random Forest,276.1974,0
maiz,SALTA,Oran,2021/22,6300.0,6165.0,Random Forest,255.0362,0
maiz,SALTA,Oran,2022/23,5700.0,5583.6,Random Forest,885.9053,0
maiz,SALTA,Oran,2023/24,4100.0,6260.9,Random Forest,366.1986,0
maiz,SALTA,Oran,2024/25,6000.0,5919.6,Random Forest,447.6017,0
maiz,SALTA,Rosario De La Frontera,2021/22,6300.0,6503.8,Random Forest,207.2548,0
maiz,SALTA,Rosario De La Frontera,2022/23,5800.0,6254.3,Random Forest,477.4499,0
maiz,SALTA,Rosario De La Frontera,2023/24,5000.0,6276.6,Random Forest,193.2933,0
maiz,SALTA,Rosario De La Frontera,2024/25,6500.0,6094.2,Random Forest,326.9154,0
maiz,SALTA,Rosario De Lerma,2021/22,6800.0,6034.9,Random Forest,183.5432,0
maiz,SALTA,Rosario De Lerma,2022/23,6000.0,5628.3,Random Forest,226.3491,0
maiz,SALTA,Rosario De Lerma,2023/24,5000.0,5932.3,Random Forest,297.9314,0
maiz,SALTA,Rosario De Lerma,2024/25,6300.0,6192.6,Random Forest,189.192,0
maiz,SAN LUIS,Ayacucho,2021/22,12000.0,10097.4,Random Forest,135.2787,0
maiz,SAN LUIS,Ayacucho,2022/23,10900.0,9269.5,Random Forest,722.0532,0
maiz,SAN LUIS,Ayacucho,2023/24,10100.0,10483.0,Random Forest,104.8815,0
maiz,SAN LUIS,Ayacucho,2024/25,10500.0,8911.9,Random Forest,305.4004,0
maiz,SAN LUIS,Chacabuco,2021/22,3800.0,5022.9,Random Forest,171.1198,0
maiz,SAN LUIS,Chacabuco,2022/23,2800.0,4747.8,Random Forest,6836.554,1
maiz,SAN LUIS,Chacabuco,2023/24,4300.0,5428.6,Random Forest,118.9597,0
maiz,SAN LUIS,Chacabuco,2024/25,3800.0,5614.2,Random Forest,270.3448,0
maiz,SAN LUIS,Coronel Pringles,2021/22,5200.0,5432.5,Random Forest,162.6764,0
maiz,SAN LUIS,Coronel Pringles,2022/23,3200.0,5351.8,Random Forest,430.5288,0
maiz,SAN LUIS,Coronel Pringles,2023/24,4600.0,5477.5,Random Forest,95.9962,0
maiz,SAN LUIS,Coronel Pringles,2024/25,5500.0,5586.9,Random Forest,514.3606,0
maiz,SAN LUIS,General Pedernera,2021/22,4700.0,5454.3,Random Forest,138.6398,0
maiz,SAN LUIS,General Pedernera,2022/23,3300.0,5408.1,Random Forest,498.7926,0
maiz,SAN LUIS,General Pedernera,2023/24,4400.0,5621.1,Random Forest,126.0155,0
maiz,SAN LUIS,General Pedernera,2024/25,5300.0,5924.7,Random Forest,242.755,0
maiz,SAN LUIS,Gobernador Dupuy,2021/22,4700.0,4450.0,Random Forest,123.7285,0
maiz,SAN LUIS,Gobernador Dupuy,2022/23,3100.0,4499.0,Random Forest,320.6364,0
maiz,SAN LUIS,Gobernador Dupuy,2023/24,4200.0,4674.5,Random Forest,101.1982,0
maiz,SAN LUIS,Gobernador Dupuy,2024/25,4700.0,4631.7,Random Forest,314.964,0
maiz,SAN LUIS,Juan Martin De Pueyrredon,2021/22,4500.0,5506.3,Random Forest,157.5081,0
maiz,SAN LUIS,Juan Martin De Pueyrredon,2022/23,3500.0,5098.6,Random Forest,837.2224,0
maiz,SAN LUIS,Juan Martin De Pueyrredon,2023/24,4000.0,5383.7,Random Forest,106.247,0
maiz,SAN LUIS,Juan Martin De Pueyrredon,2024/25,4700.0,5591.0,Random Forest,335.3568,0
maiz,SAN LUIS,Junin,2021/22,8000.0,5737.3,Random Forest,176.9735,0
maiz,SAN LUIS,Junin,2022/23,7500.0,5856.4,Random Forest,4969.9653,1
maiz,SAN LUIS,Junin,2023/24,7800.0,6759.4,Random Forest,114.2117,0
maiz,SAN LUIS,Junin,2024/25,9000.0,6619.6,Random Forest,296.0059,0
maiz,SAN LUIS,Libertador General San Martin,2021/22,5500.0,4691.5,Random Forest,249.0101,0
maiz,SAN LUIS,Libertador General San Martin,2022/23,2400.0,4886.1,Random Forest,280.8544,0
maiz,SAN LUIS,Libertador General San Martin,2023/24,4500.0,5320.3,Random Forest,149.9019,0
maiz,SAN LUIS,Libertador General San Martin,2024/25,4700.0,4636.5,Random Forest,307.0646,0
maiz,SANTA FE,9 De Julio,2021/22,4500.0,5480.8,Random Forest,156.4411,0
maiz,SANTA FE,9 De Julio,2022/23,3750.0,5496.9,Random Forest,2481.7983,1
maiz,SANTA FE,9 De Julio,2023/24,2000.0,5514.0,Random Forest,125.5015,0
maiz,SANTA FE,9 De Julio,2024/25,5500.0,5945.7,Random Forest,315.8726,0
maiz,SANTA FE,Belgrano,2021/22,7500.0,7760.0,Random Forest,163.9504,0
maiz,SANTA FE,Belgrano,2022/23,2700.0,7679.6,Random Forest,1773.8444,1
maiz,SANTA FE,Belgrano,2023/24,8500.0,8613.0,Random Forest,114.2303,0
maiz,SANTA FE,Belgrano,2024/25,9000.0,8255.1,Random Forest,284.5851,0
maiz,SANTA FE,Caseros,2021/22,6700.0,7698.4,Random Forest,161.6119,0
maiz,SANTA FE,Caseros,2022/23,3700.0,7630.3,Random Forest,2059.5818,1
maiz,SANTA FE,Caseros,2023/24,9700.0,8611.8,Random Forest,128.6574,0
maiz,SANTA FE,Caseros,2024/25,9200.0,8297.8,Random Forest,284.9823,0
maiz,SANTA FE,Castellanos,2021/22,6200.0,7111.4,Random Forest,186.1912,0
maiz,SANTA FE,Castellanos,2022/23,3500.0,5821.7,Random Forest,1140.3657,1
maiz,SANTA FE,Castellanos,2023/24,6400.0,7776.1,Random Forest,155.0042,0
maiz,SANTA FE,Castellanos,2024/25,9300.0,7256.3,Random Forest,415.6,0
maiz,SANTA FE,Garay,2021/22,3800.0,5882.0,Random Forest,130.7243,0
maiz,SANTA FE,Garay,2022/23,1200.0,5467.8,Random Forest,2219.154,1
maiz,SANTA FE,Garay,2023/24,7400.0,6812.9,Random Forest,132.8076,0
maiz,SANTA FE,Garay,2024/25,7500.0,6463.6,Random Forest,230.6751,0
maiz,SANTA FE,General Lopez,2021/22,8936.0,8341.0,Random Forest,197.7364,0
maiz,SANTA FE,General Lopez,2022/23,5700.0,7421.5,Random Forest,3683.9531,1
maiz,SANTA FE,General Lopez,2023/24,9400.0,9202.6,Random Forest,351.7847,0
maiz,SANTA FE,General Lopez,2024/25,8480.0,8447.2,Random Forest,313.7672,0
maiz,SANTA FE,General Obligado,2021/22,3260.0,3710.3,Random Forest,251.5752,0
maiz,SANTA FE,General Obligado,2022/23,2530.0,3967.6,Random Forest,236.7878,0
maiz,SANTA FE,General Obligado,2023/24,2840.0,4711.7,Random Forest,157.0098,0
maiz,SANTA FE,General Obligado,2024/25,3980.0,4213.2,Random Forest,245.9409,0
maiz,SANTA FE,Iriondo,2021/22,6500.0,7714.2,Random Forest,166.7299,0
maiz,SANTA FE,Iriondo,2022/23,2500.0,6090.0,Random Forest,2233.2249,1
maiz,SANTA FE,Iriondo,2023/24,8500.0,8607.3,Random Forest,131.7858,0
maiz,SANTA FE,Iriondo,2024/25,8000.0,8340.6,Random Forest,283.8325,0
maiz,SANTA FE,La Capital,2021/22,4600.0,5845.2,Random Forest,166.3077,0
maiz,SANTA FE,La Capital,2022/23,1900.0,5253.1,Random Forest,1726.1456,1
maiz,SANTA FE,La Capital,2023/24,6400.0,6996.2,Random Forest,122.6003,0
maiz,SANTA FE,La Capital,2024/25,8400.0,6480.7,Random Forest,279.76,0
maiz,SANTA FE,Las Colonias,2021/22,5800.0,6663.6,Random Forest,152.7764,0
maiz,SANTA FE,Las Colonias,2022/23,3200.0,5205.7,Random Forest,1320.237,1
maiz,SANTA FE,Las Colonias,2023/24,6200.0,7477.1,Random Forest,135.9845,0
maiz,SANTA FE,Las Colonias,2024/25,9100.0,6773.9,Random Forest,284.2618,0
maiz,SANTA FE,Rosario,2021/22,4500.0,6477.6,Random Forest,147.6623,0
maiz,SANTA FE,Rosario,2022/23,3000.0,5590.4,Random Forest,2022.3763,1
maiz,SANTA FE,Rosario,2023/24,8700.0,8134.4,Random Forest,108.6406,0
maiz,SANTA FE,Rosario,2024/25,8500.0,7151.9,Random Forest,248.406,0
maiz,SANTA FE,San Cristobal,2021/22,4300.0,6061.2,Random Forest,183.467,0
maiz,SANTA FE,San Cristobal,2022/23,3500.0,5964.7,Random Forest,1107.9193,1
maiz,SANTA FE,San Cristobal,2023/24,5700.0,6566.9,Random Forest,156.4439,0
maiz,SANTA FE,San Cristobal,2024/25,7000.0,5920.9,Random Forest,341.2876,0
maiz,SANTA FE,San Javier,2021/22,4110.0,3772.4,Random Forest,200.9245,0
maiz,SANTA FE,San Javier,2022/23,2630.0,3766.0,Random Forest,156.1679,0
maiz,SANTA FE,San Javier,2023/24,3560.0,4429.6,Random Forest,166.6282,0
maiz,SANTA FE,San Javier,2024/25,3472.0,4206.8,Random Forest,155.5944,0
maiz,SANTA FE,San Jeronimo,2021/22,5500.0,6866.9,Random Forest,265.3953,0
maiz,SANTA FE,San Jeronimo,2022/23,2500.0,5431.8,Random Forest,275.7056,0
maiz,SANTA FE,San Jeronimo,2023/24,8500.0,8473.4,Random Forest,155.7478,0
maiz,SANTA FE,San Jeronimo,2024/25,8000.0,7238.6,Random Forest,230.2718,0
maiz,SANTA FE,San Justo,2021/22,4400.0,6227.8,Random Forest,163.722,0
maiz,SANTA FE,San Justo,2022/23,2000.0,6013.2,Random Forest,433.4248,0
maiz,SANTA FE,San Justo,2023/24,6300.0,6606.1,Random Forest,155.8754,0
maiz,SANTA FE,San Justo,2024/25,7800.0,6485.8,Random Forest,385.5828,0
maiz,SANTA FE,San Lorenzo,2021/22,5300.0,7498.7,Random Forest,147.2365,0
maiz,SANTA FE,San Lorenzo,2022/23,3500.0,6106.8,Random Forest,1577.5126,1
maiz,SANTA FE,San Lorenzo,2023/24,9200.0,8283.4,Random Forest,109.6756,0
maiz,SANTA FE,San Lorenzo,2024/25,8500.0,7975.0,Random Forest,267.1308,0
maiz,SANTA FE,San Martin,2021/22,5500.0,7480.0,Random Forest,168.1236,0
maiz,SANTA FE,San Martin,2022/23,2500.0,6155.8,Random Forest,1174.0685,1
maiz,SANTA FE,San Martin,2023/24,8500.0,8269.2,Random Forest,136.9264,0
maiz,SANTA FE,San Martin,2024/25,8000.0,7985.4,Random Forest,272.9114,0
maiz,SANTA FE,Vera,2021/22,4540.0,4841.0,Random Forest,188.7753,0
maiz,SANTA FE,Vera,2022/23,2600.0,4486.3,Random Forest,291.2066,0
maiz,SANTA FE,Vera,2023/24,3080.0,5585.9,Random Forest,152.4229,0
maiz,SANTA FE,Vera,2024/25,3750.0,4691.1,Random Forest,266.0845,0
maiz,SANTIAGO DEL ESTERO,Aguirre,2021/22,6800.0,5216.8,Random Forest,361.9255,0
maiz,SANTIAGO DEL ESTERO,Aguirre,2022/23,4500.0,5121.0,Random Forest,661.4774,0
maiz,SANTIAGO DEL ESTERO,Aguirre,2023/24,3100.0,5080.0,Random Forest,417.9245,0
maiz,SANTIAGO DEL ESTERO,Aguirre,2024/25,6000.0,5393.8,Random Forest,404.539,0
maiz,SANTIAGO DEL ESTERO,Alberdi,2021/22,7500.0,7036.2,Random Forest,196.2721,0
maiz,SANTIAGO DEL ESTERO,Alberdi,2022/23,6000.0,6756.9,Random Forest,329.8982,0
maiz,SANTIAGO DEL ESTERO,Alberdi,2023/24,2300.0,6720.1,Random Forest,153.1484,0
maiz,SANTIAGO DEL ESTERO,Alberdi,2024/25,2200.0,6675.9,Random Forest,200.0949,0
maiz,SANTIAGO DEL ESTERO,Avellaneda,2021/22,6900.0,6296.4,Random Forest,200.9675,0
maiz,SANTIAGO DEL ESTERO,Avellaneda,2022/23,5500.0,5508.3,Random Forest,448.4308,0
maiz,SANTIAGO DEL ESTERO,Avellaneda,2023/24,2900.0,6267.1,Random Forest,162.1892,0
maiz,SANTIAGO DEL ESTERO,Avellaneda,2024/25,4600.0,6298.7,Random Forest,204.4455,0
maiz,SANTIAGO DEL ESTERO,Banda,2021/22,6500.0,6040.1,Random Forest,243.8941,0
maiz,SANTIAGO DEL ESTERO,Banda,2022/23,5500.0,5615.9,Random Forest,323.7534,0
maiz,SANTIAGO DEL ESTERO,Banda,2023/24,4500.0,6388.0,Random Forest,183.3285,0
maiz,SANTIAGO DEL ESTERO,Banda,2024/25,5600.0,6635.8,Random Forest,267.9061,0
maiz,SANTIAGO DEL ESTERO,Belgrano,2021/22,7500.0,5572.3,Random Forest,162.1837,0
maiz,SANTIAGO DEL ESTERO,Belgrano,2022/23,6300.0,5966.2,Random Forest,1647.758,1
maiz,SANTIAGO DEL ESTERO,Belgrano,2023/24,3000.0,6041.2,Random Forest,119.14,0
maiz,SANTIAGO DEL ESTERO,Belgrano,2024/25,6800.0,6570.0,Random Forest,256.3566,0
maiz,SANTIAGO DEL ESTERO,Capital,2021/22,7500.0,6322.9,Random Forest,155.7955,0
maiz,SANTIAGO DEL ESTERO,Capital,2022/23,5500.0,6044.2,Random Forest,228.8226,0
maiz,SANTIAGO DEL ESTERO,Capital,2023/24,4500.0,6382.6,Random Forest,105.3412,0
maiz,SANTIAGO DEL ESTERO,Capital,2024/25,5800.0,6413.0,Random Forest,262.4364,0
maiz,SANTIAGO DEL ESTERO,Choya,2021/22,7500.0,6126.1,Random Forest,186.1908,0
maiz,SANTIAGO DEL ESTERO,Choya,2022/23,5500.0,5580.0,Random Forest,300.9545,0
maiz,SANTIAGO DEL ESTERO,Choya,2023/24,4500.0,5415.8,Random Forest,172.144,0
maiz,SANTIAGO DEL ESTERO,Choya,2024/25,5600.0,5442.0,Random Forest,366.546,0
maiz,SANTIAGO DEL ESTERO,Copo,2021/22,7200.0,6675.0,Random Forest,196.0094,0
maiz,SANTIAGO DEL ESTERO,Copo,2022/23,6800.0,6025.8,Random Forest,340.5529,0
maiz,SANTIAGO DEL ESTERO,Copo,2023/24,2700.0,6377.4,Random Forest,158.0799,0
maiz,SANTIAGO DEL ESTERO,Copo,2024/25,2700.0,6310.6,Random Forest,227.8437,0
maiz,SANTIAGO DEL ESTERO,Figueroa,2021/22,7500.0,6038.3,Random Forest,162.8303,0
maiz,SANTIAGO DEL ESTERO,Figueroa,2022/23,5500.0,5807.4,Random Forest,210.3461,0
maiz,SANTIAGO DEL ESTERO,Figueroa,2023/24,4000.0,5741.8,Random Forest,151.8452,0
maiz,SANTIAGO DEL ESTERO,Figueroa,2024/25,5600.0,6150.6,Random Forest,320.5312,0
maiz,SANTIAGO DEL ESTERO,General Taboada,2021/22,7600.0,7022.6,Random Forest,290.1072,0
maiz,SANTIAGO DEL ESTERO,General Taboada,2022/23,7000.0,6483.1,Random Forest,392.6762,0
maiz,SANTIAGO DEL ESTERO,General Taboada,2023/24,3100.0,6646.3,Random Forest,202.237,0
maiz,SANTIAGO DEL ESTERO,General Taboada,2024/25,6500.0,6758.0,Random Forest,201.0113,0
maiz,SANTIAGO DEL ESTERO,Guasayan,2021/22,7500.0,6243.1,Random Forest,201.3957,0
maiz,SANTIAGO DEL ESTERO,Guasayan,2022/23,5500.0,6428.6,Random Forest,306.8251,0
maiz,SANTIAGO DEL ESTERO,Guasayan,2023/24,4500.0,5678.6,Random Forest,180.6172,0
maiz,SANTIAGO DEL ESTERO,Guasayan,2024/25,5600.0,5925.7,Random Forest,370.9011,0
maiz,SANTIAGO DEL ESTERO,Jimenez,2021/22,7500.0,6415.3,Random Forest,288.9498,0
maiz,SANTIAGO DEL ESTERO,Jimenez,2022/23,6000.0,6162.8,Random Forest,336.7356,0
maiz,SANTIAGO DEL ESTERO,Jimenez,2023/24,4500.0,6696.9,Random Forest,250.1153,0
maiz,SANTIAGO DEL ESTERO,Jimenez,2024/25,5700.0,6772.5,Random Forest,466.3829,0
maiz,SANTIAGO DEL ESTERO,Juan F. Ibarra,2021/22,7300.0,6846.6,Random Forest,198.591,0
maiz,SANTIAGO DEL ESTERO,Juan F. Ibarra,2022/23,6400.0,5890.1,Random Forest,325.2912,0
maiz,SANTIAGO DEL ESTERO,Juan F. Ibarra,2023/24,2800.0,6771.1,Random Forest,176.9212,0
maiz,SANTIAGO DEL ESTERO,Juan F. Ibarra,2024/25,4900.0,6823.5,Random Forest,207.1472,0
maiz,SANTIAGO DEL ESTERO,Loreto,2021/22,7500.0,5808.6,Random Forest,257.5974,0
maiz,SANTIAGO DEL ESTERO,Loreto,2022/23,5500.0,5539.4,Random Forest,284.0646,0
maiz,SANTIAGO DEL ESTERO,Loreto,2023/24,4500.0,5992.3,Random Forest,166.0291,0
maiz,SANTIAGO DEL ESTERO,Loreto,2024/25,5500.0,5903.9,Random Forest,287.0057,0
maiz,SANTIAGO DEL ESTERO,Mitre,2021/22,7500.0,5852.7,Random Forest,223.0149,0
maiz,SANTIAGO DEL ESTERO,Mitre,2022/23,5500.0,5614.9,Random Forest,484.8708,0
maiz,SANTIAGO DEL ESTERO,Mitre,2023/24,4500.0,6313.4,Random Forest,163.3123,0
maiz,SANTIAGO DEL ESTERO,Mitre,2024/25,5800.0,6490.3,Random Forest,204.8515,0
maiz,SANTIAGO DEL ESTERO,Moreno,2021/22,7500.0,6526.9,Random Forest,195.8934,0
maiz,SANTIAGO DEL ESTERO,Moreno,2022/23,6500.0,6069.8,Random Forest,330.3948,0
maiz,SANTIAGO DEL ESTERO,Moreno,2023/24,2500.0,5766.5,Random Forest,169.1546,0
maiz,SANTIAGO DEL ESTERO,Moreno,2024/25,2700.0,5903.0,Random Forest,256.7968,0
maiz,SANTIAGO DEL ESTERO,Pellegrini,2021/22,7500.0,6894.4,Random Forest,225.8422,0
maiz,SANTIAGO DEL ESTERO,Pellegrini,2022/23,5500.0,6362.3,Random Forest,319.167,0
maiz,SANTIAGO DEL ESTERO,Pellegrini,2023/24,4500.0,6661.2,Random Forest,198.3251,0
maiz,SANTIAGO DEL ESTERO,Pellegrini,2024/25,6000.0,6653.8,Random Forest,268.0036,0
maiz,SANTIAGO DEL ESTERO,Rio Hondo,2021/22,8000.0,6805.4,Random Forest,222.8113,0
maiz,SANTIAGO DEL ESTERO,Rio Hondo,2022/23,5500.0,6661.4,Random Forest,326.7974,0
maiz,SANTIAGO DEL ESTERO,Rio Hondo,2023/24,4500.0,6115.4,Random Forest,202.2122,0
maiz,SANTIAGO DEL ESTERO,Rio Hondo,2024/25,6000.0,6563.1,Random Forest,268.2431,0
maiz,SANTIAGO DEL ESTERO,Rivadavia,2021/22,7300.0,5870.0,Random Forest,196.7452,0
maiz,SANTIAGO DEL ESTERO,Rivadavia,2022/23,6000.0,4864.0,Random Forest,9036.169,1
maiz,SANTIAGO DEL ESTERO,Rivadavia,2023/24,3100.0,6210.2,Random Forest,146.9914,0
maiz,SANTIAGO DEL ESTERO,Rivadavia,2024/25,4200.0,5876.4,Random Forest,339.1389,0
maiz,SANTIAGO DEL ESTERO,Robles,2021/22,8000.0,6052.4,Random Forest,351.6047,0
maiz,SANTIAGO DEL ESTERO,Robles,2022/23,5500.0,5784.6,Random Forest,317.5358,0
maiz,SANTIAGO DEL ESTERO,Robles,2023/24,4500.0,6320.0,Random Forest,181.7296,0
maiz,SANTIAGO DEL ESTERO,Robles,2024/25,5800.0,6628.6,Random Forest,241.0778,0
maiz,SANTIAGO DEL ESTERO,San Martin,2021/22,7500.0,5690.1,Random Forest,196.16,0
maiz,SANTIAGO DEL ESTERO,San Martin,2022/23,5500.0,5170.1,Random Forest,1073.5847,1
maiz,SANTIAGO DEL ESTERO,San Martin,2023/24,4500.0,5568.1,Random Forest,189.9192,0
maiz,SANTIAGO DEL ESTERO,San Martin,2024/25,5600.0,5815.7,Random Forest,360.1958,0
maiz,SANTIAGO DEL ESTERO,Sarmiento,2021/22,6700.0,6360.7,Random Forest,220.91,0
maiz,SANTIAGO DEL ESTERO,Sarmiento,2022/23,5500.0,5678.6,Random Forest,332.8522,0
maiz,SANTIAGO DEL ESTERO,Sarmiento,2023/24,2400.0,6539.5,Random Forest,178.9641,0
maiz,SANTIAGO DEL ESTERO,Sarmiento,2024/25,3200.0,6414.3,Random Forest,242.6804,0
maiz,TUCUMAN,Burruyacu,2021/22,5500.0,6181.0,Random Forest,208.3388,0
maiz,TUCUMAN,Burruyacu,2022/23,4700.0,6274.4,Random Forest,628.0033,0
maiz,TUCUMAN,Burruyacu,2023/24,3300.0,6471.3,Random Forest,250.0988,0
maiz,TUCUMAN,Burruyacu,2024/25,4800.0,6255.3,Random Forest,486.4258,0
maiz,TUCUMAN,Cruz Alta,2021/22,5600.0,5920.8,Random Forest,237.5965,0
maiz,TUCUMAN,Cruz Alta,2022/23,5100.0,6427.6,Random Forest,354.0291,0
maiz,TUCUMAN,Cruz Alta,2023/24,3400.0,6307.6,Random Forest,236.4719,0
maiz,TUCUMAN,Cruz Alta,2024/25,5000.0,6088.9,Random Forest,483.5185,0
maiz,TUCUMAN,Graneros,2021/22,5300.0,6240.2,Random Forest,179.289,0
maiz,TUCUMAN,Graneros,2022/23,4300.0,6169.4,Random Forest,344.5468,0
maiz,TUCUMAN,Graneros,2023/24,2000.0,6278.8,Random Forest,214.8254,0
maiz,TUCUMAN,Graneros,2024/25,4500.0,6156.6,Random Forest,326.2247,0
maiz,TUCUMAN,La Cocha,2021/22,5400.0,6139.0,Random Forest,159.1186,0
maiz,TUCUMAN,La Cocha,2022/23,5000.0,6627.8,Random Forest,428.867,0
maiz,TUCUMAN,La Cocha,2023/24,2200.0,6558.8,Random Forest,206.1461,0
maiz,TUCUMAN,La Cocha,2024/25,4500.0,6471.7,Random Forest,284.701,0
maiz,TUCUMAN,Leales,2021/22,5500.0,6101.9,Random Forest,223.6355,0
maiz,TUCUMAN,Leales,2022/23,4900.0,6298.8,Random Forest,384.83,0
maiz,TUCUMAN,Leales,2023/24,2500.0,6273.2,Random Forest,209.0255,0
maiz,TUCUMAN,Leales,2024/25,4800.0,6110.9,Random Forest,500.9424,0
maiz,TUCUMAN,Simoca,2021/22,5600.0,6077.7,Random Forest,158.0509,0
maiz,TUCUMAN,Simoca,2022/23,5000.0,6491.9,Random Forest,593.8642,0
maiz,TUCUMAN,Simoca,2023/24,2500.0,6637.0,Random Forest,203.4544,0
maiz,TUCUMAN,Simoca,2024/25,4100.0,6456.0,Random Forest,379.1154,0
maiz,TUCUMAN,Tafi Del Valle,2021/22,4000.0,2949.9,Random Forest,197.506,0
maiz,TUCUMAN,Tafi Del Valle,2022/23,0.0,2896.4,Random Forest,656.6371,0
maiz,TUCUMAN,Tafi Del Valle,2023/24,4000.0,3252.9,Random Forest,214.2311,0
maiz,TUCUMAN,Tafi Del Valle,2024/25,0.0,3107.3,Random Forest,409.0517,0
maiz,TUCUMAN,Trancas,2021/22,5800.0,6315.5,Random Forest,233.997,0
maiz,TUCUMAN,Trancas,2022/23,5200.0,6555.0,Random Forest,638.9705,0
maiz,TUCUMAN,Trancas,2023/24,0.0,6495.1,Random Forest,230.5474,0
maiz,TUCUMAN,Trancas,2024/25,5000.0,6299.6,Random Forest,373.9198,0
