departamento,campania_inicio,z_rinde,es_anomala,confianza_anomalia
12 De Octubre,1981,,False,False
12 De Octubre,1982,,False,False
12 De Octubre,1983,,False,False
12 De Octubre,1984,4.8589449625258885,False,False
12 De Octubre,1985,-1.4736199349086285,False,False
12 De Octubre,1986,1.4244444864211667,False,False
12 De Octubre,1987,1.7957068658171587,False,False
12 De Octubre,1988,0.44574104779735557,False,False
12 De Octubre,1989,-1.2316045291156097,False,False
12 De Octubre,1990,-0.506961864966498,False,False
12 De Octubre,1991,2.07515618761464,False,False
12 De Octubre,1992,1.685953725149954,False,False
12 De Octubre,1993,0.2359838326195112,False,False
12 De Octubre,1994,-0.9174791791313285,False,False
12 De Octubre,1995,0.4172012718518976,False,False
12 De Octubre,1996,-0.053680476276047974,False,False
12 De Octubre,1997,3.5403815673334873,False,False
12 De Octubre,1998,0.03934934830736117,False,False
12 De Octubre,1999,1.102119418023174,False,False
12 De Octubre,2000,-1.5999992820056097,True,False
12 De Octubre,2001,0.4139295878844107,False,False
12 De Octubre,2002,-0.15277020592535867,False,False
12 De Octubre,2003,-0.521169873587565,False,False
12 De Octubre,2004,-0.3202563076101742,False,False
12 De Octubre,2005,0.5751536210124326,False,False
12 De Octubre,2006,-0.07207499701564465,False,False
12 De Octubre,2007,3.6331804249169832,False,False
12 De Octubre,2008,-4.3910478035439455,True,False
12 De Octubre,2009,1.2751534261266766,False,False
12 De Octubre,2010,1.6028383566492326,False,False
12 De Octubre,2011,-0.06219197790568602,False,False
12 De Octubre,2012,-0.7309140125576233,False,False
12 De Octubre,2013,3.418714798363969,False,False
12 De Octubre,2014,0.2375509994643001,False,False
12 De Octubre,2015,0.7850399572035567,False,False
12 De Octubre,2016,0.9856542207481084,False,False
12 De Octubre,2017,0.25946909745824037,False,False
12 De Octubre,2018,-0.08905395660560379,False,False
12 De Octubre,2019,0.7303372063562007,False,False
12 De Octubre,2020,-2.420246798851525,True,False
12 De Octubre,2021,-1.6410324901855928,True,False
12 De Octubre,2022,-4.896840704194597,True,False
12 De Octubre,2023,-3.210662910704977,True,False
12 De Octubre,2024,-1.5968468072621662,True,False
1° De Mayo,1981,,False,False
1° De Mayo,1982,,False,False
1° De Mayo,1983,,False,False
1° De Mayo,1984,4.986769368322331,False,False
1° De Mayo,1985,0.4384271577176052,False,False
1° De Mayo,1986,1.2414428718560584,False,False
1° De Mayo,1987,3.3435489942537377,False,False
1° De Mayo,1988,-0.8277799406383975,False,False
1° De Mayo,1989,-0.4485550225250617,False,False
1° De Mayo,1993,1.702513061517497,False,False
1° De Mayo,1994,1.059306918480656,False,False
1° De Mayo,1995,0.45515761971141605,False,False
1° De Mayo,1996,1.3695916362186211,False,False
1° De Mayo,1997,5.333333333333333,False,False
1° De Mayo,1998,-0.02991412017977052,False,False
1° De Mayo,1999,1.2698307068191472,False,False
1° De Mayo,2000,-0.8977026350436768,False,False
1° De Mayo,2001,0.6911239904699881,False,False
1° De Mayo,2002,0.2821469113899346,False,False
1° De Mayo,2003,2.001031093096774,False,False
1° De Mayo,2004,-0.5692043018536236,False,False
1° De Mayo,2005,-0.470605122418425,False,False
1° De Mayo,2006,-0.059355959528746546,False,False
1° De Mayo,2007,-0.017616885532001917,False,False
1° De Mayo,2008,-2.744039646437031,True,False
1° De Mayo,2009,0.21053524251113545,False,False
1° De Mayo,2010,0.3682004335304697,False,False
1° De Mayo,2011,0.4974762069859833,False,False
1° De Mayo,2012,-1.1787401740409513,False,False
1° De Mayo,2013,0.8900710815873654,False,False
2 De Abril,1995,,False,False
2 De Abril,1996,,False,False
2 De Abril,1997,,False,False
2 De Abril,1998,-0.549229695596842,False,False
2 De Abril,1999,0.868802931181466,False,False
2 De Abril,2000,-1.5382863866165077,True,False
2 De Abril,2001,0.9419936823289118,False,False
2 De Abril,2002,0.16184472031339706,False,False
2 De Abril,2003,2.3780354928555054,False,False
2 De Abril,2004,-0.6906092775424862,False,False
2 De Abril,2005,0.000255144758358324,False,False
2 De Abril,2006,-0.17794490535195392,False,False
2 De Abril,2007,0.07190847162298679,False,False
2 De Abril,2008,-2.5365098004089273,True,False
2 De Abril,2009,1.850840283789382,False,False
2 De Abril,2010,1.7329708508583783,False,False
2 De Abril,2011,-0.4640227432536974,False,False
2 De Abril,2012,-1.0272548910147397,False,False
2 De Abril,2013,3.6935238332714135,False,False
2 De Abril,2014,0.24289093638160278,False,False
2 De Abril,2015,0.7358628201590034,False,False
2 De Abril,2016,1.4259085860976257,False,False
2 De Abril,2017,0.020436180915985293,False,False
2 De Abril,2018,-0.32486529405799514,False,False
2 De Abril,2019,0.6681083999477313,False,False
2 De Abril,2020,-0.8362690209073668,False,False
2 De Abril,2021,-0.7492578970940765,False,False
2 De Abril,2022,-4.870401319987223,True,False
2 De Abril,2023,-3.3129333360553255,True,False
2 De Abril,2024,-1.4790508713991346,False,False
25 De Mayo,1981,,False,False
25 De Mayo,1981,,False,False
25 De Mayo,1981,,False,False
25 De Mayo,1981,-inf,True,False
25 De Mayo,1981,-1.5,False,False
25 De Mayo,1981,-1.0954451150103326,False,False
25 De Mayo,1981,-1.391455202132455,False,False
25 De Mayo,1981,-0.9559140137342828,False,False
25 De Mayo,1981,-1.095445115010333,False,False
25 De Mayo,1982,6.7917597130640655,False,False
25 De Mayo,1982,1.7353649412774448,False,False
25 De Mayo,1982,1.0954451150103324,False,False
25 De Mayo,1982,-0.8529835575386742,False,False
25 De Mayo,1982,-0.9615471249789332,False,False
25 De Mayo,1982,-1.0954451150103321,False,False
25 De Mayo,1982,-1.0587988769898613,False,False
25 De Mayo,1982,-0.7259536508198143,False,False
25 De Mayo,1982,-1.0954451150103337,False,False
25 De Mayo,1983,10.224154406763114,False,False
25 De Mayo,1983,1.7640194743489521,False,False
25 De Mayo,1983,1.0954451150103321,False,False
25 De Mayo,1983,-0.7641067777541206,False,False
25 De Mayo,1983,-0.905756452452199,False,False
25 De Mayo,1983,-1.0954451150103324,False,False
25 De Mayo,1983,-0.9252628422410046,False,False
25 De Mayo,1983,-0.6185160349017128,False,False
25 De Mayo,1983,-1.095445115010334,False,False
25 De Mayo,1984,25.155009434799467,False,False
25 De Mayo,1984,1.784547428225137,False,False
25 De Mayo,1984,1.0954451150103321,False,False
25 De Mayo,1984,-0.6927560858822065,False,False
25 De Mayo,1984,-0.8582254308335864,False,False
25 De Mayo,1984,-1.0954451150103324,False,False
25 De Mayo,1984,-1.1650305217281407,False,False
25 De Mayo,1984,-0.805262413039165,False,False
25 De Mayo,1984,-1.0954451150103326,False,False
25 De Mayo,1985,6.114030223229974,False,False
25 De Mayo,1985,1.7240550873535576,False,False
25 De Mayo,1985,1.0954451150103324,False,False
25 De Mayo,1985,-1.1417160641695603,False,False
25 De Mayo,1985,-1.1181451982307584,False,False
25 De Mayo,1985,-1.0954451150103321,False,False
25 De Mayo,1985,-0.8075484935259802,False,False
25 De Mayo,1985,-0.5170064139525814,False,False
25 De Mayo,1985,-1.095445115010226,False,False
25 De Mayo,1986,44.262490241155696,False,False
25 De Mayo,1986,1.7874468673069417,False,False
25 De Mayo,1986,1.0954451150103324,False,False
25 De Mayo,1986,-0.5042245694777706,False,False
25 De Mayo,1986,-0.7206489872715074,False,False
25 De Mayo,1986,-1.0954451150103333,False,False
25 De Mayo,1986,-0.787791882076157,False,False
25 De Mayo,1986,-0.4993852338769232,False,False
25 De Mayo,1986,-1.0954451150097422,False,False
25 De Mayo,1987,79.74013686240625,False,False
25 De Mayo,1987,1.7884179625279575,False,False
25 De Mayo,1987,1.0954451150103326,False,False
25 De Mayo,1987,-0.7202926783629586,False,False
25 De Mayo,1987,-0.8768619397110755,False,False
25 De Mayo,1987,-1.0954451150103337,False,False
25 De Mayo,1987,-0.6771770987545919,False,False
25 De Mayo,1987,-0.3979023981505268,False,False
25 De Mayo,1987,1.095445115009904,False,False
25 De Mayo,1988,29.80692633928239,False,False
25 De Mayo,1988,1.7856583371706636,False,False
25 De Mayo,1988,1.0954451150103341,False,False
25 De Mayo,1988,-3.827689035588439,True,False
25 De Mayo,1988,-1.642768835964468,True,False
25 De Mayo,1988,-1.0954451150103317,False,False
25 De Mayo,1988,0.45086554881111446,False,False
25 De Mayo,1988,0.6785615907264841,False,False
25 De Mayo,1988,1.0954451150103293,False,False
25 De Mayo,1989,2.6086157610385183,False,False
25 De Mayo,1989,1.426171762483345,False,False
25 De Mayo,1989,1.095445115010334,False,False
25 De Mayo,1989,-2.245317524048475,True,False
25 De Mayo,1989,-1.4642999950633915,False,False
25 De Mayo,1989,-1.0954451150103328,False,False
25 De Mayo,1989,0.008936649714554091,False,False
25 De Mayo,1989,0.2825783678806842,False,False
25 De Mayo,1989,1.0954451150103277,False,False
25 De Mayo,1990,5.870640999883916,False,False
25 De Mayo,1990,1.705788771668164,False,False
25 De Mayo,1990,1.0954451150103333,False,False
25 De Mayo,1991,0.7997505767464018,False,False
25 De Mayo,1991,0.5100705890469315,False,False
25 De Mayo,1991,1.095445115012103,False,False
25 De Mayo,1991,-31.78960031782666,True,False
25 De Mayo,1991,-1.7861417836888271,True,False
25 De Mayo,1991,-1.095445115010336,False,False
25 De Mayo,1992,0.385039722656032,False,False
25 De Mayo,1992,0.6247726053397544,False,False
25 De Mayo,1992,1.09544511501034,False,False
25 De Mayo,1992,-1.9260829031589157,True,False
25 De Mayo,1992,-1.3944420050500042,False,False
25 De Mayo,1992,-1.0954451150103361,False,False
25 De Mayo,1992,-4.155703607037331,True,False
25 De Mayo,1992,-1.6279923790024116,True,False
25 De Mayo,1992,-1.0954451150103317,False,False
25 De Mayo,1993,2.0083160441856074,False,False
25 De Mayo,1993,1.4142135623730945,False,False
25 De Mayo,1993,1.0954451150103321,False,False
25 De Mayo,1993,-0.28400428907675285,False,False
25 De Mayo,1993,-0.5383496626556363,False,False
25 De Mayo,1993,-1.0954451150103337,False,False
25 De Mayo,1993,-1.0348304853130947,False,False
25 De Mayo,1993,-0.7072976856982217,False,False
25 De Mayo,1993,-1.0954451150103186,False,False
25 De Mayo,1994,15.105934195877667,False,False
25 De Mayo,1994,1.7771535564123673,False,False
25 De Mayo,1994,1.0954451150103324,False,False
25 De Mayo,1994,-0.8849573198949937,False,False
25 De Mayo,1994,-0.9807100854285133,False,False
25 De Mayo,1994,-1.095445115010333,False,False
25 De Mayo,1994,-0.9585144756340411,False,False
25 De Mayo,1994,-0.6460582824697987,False,False
25 De Mayo,1994,-1.0954451150103086,False,False
25 De Mayo,1995,12.962767194288615,False,False
25 De Mayo,1995,1.7731117374956544,False,False
25 De Mayo,1995,1.0954451150103324,False,False
25 De Mayo,1995,-0.6085806194501849,False,False
25 De Mayo,1995,-0.798955675102186,False,False
25 De Mayo,1995,-1.095445115010334,False,False
25 De Mayo,1995,-1.0622498084948688,False,False
25 De Mayo,1995,-0.7286167394050023,False,False
25 De Mayo,1995,-1.0954451150103246,False,False
25 De Mayo,1996,16.61881526563575,False,False
25 De Mayo,1996,1.7791392456904025,False,False
25 De Mayo,1996,1.0954451150103328,False,False
25 De Mayo,1996,-0.9993787188856001,False,False
25 De Mayo,1996,-1.0454782102252156,False,False
25 De Mayo,1996,-1.0954451150103337,False,False
25 De Mayo,1996,-0.3246889991912512,False,False
25 De Mayo,1996,-0.05141278950744768,False,False
25 De Mayo,1996,1.0954451150103375,False,False
25 De Mayo,1997,11.689312248089493,False,False
25 De Mayo,1997,1.767783516075945,False,False
25 De Mayo,1997,1.095445115010333,False,False
25 De Mayo,1997,-0.9867066369827907,False,False
25 De Mayo,1997,-1.038592063538106,False,False
25 De Mayo,1997,-1.0954451150103337,False,False
25 De Mayo,1997,-1.5736310029769047,True,False
25 De Mayo,1997,-1.0596690753014295,False,False
25 De Mayo,1997,-1.0954451150103328,False,False
25 De Mayo,1998,3.383311470584804,False,False
25 De Mayo,1998,1.6105701414852986,False,False
25 De Mayo,1998,1.0954451150103326,False,False
25 De Mayo,1998,-0.7069894004676617,False,False
25 De Mayo,1998,-0.8679045229920693,False,False
25 De Mayo,1998,-1.0954451150103335,False,False
25 De Mayo,1998,-0.6044685882376837,False,False
25 De Mayo,1998,-0.3288495182335439,False,False
25 De Mayo,1998,1.0954451150103226,False,False
25 De Mayo,1999,18.95191646687805,False,False
25 De Mayo,1999,1.780895978156837,False,False
25 De Mayo,1999,1.0954451150103335,False,False
25 De Mayo,1999,-0.5609941584401318,False,False
25 De Mayo,1999,-0.7639094094300128,False,False
25 De Mayo,1999,-1.0954451150103368,False,False
25 De Mayo,1999,-1.1360171563070154,False,False
25 De Mayo,1999,-0.7841515268245552,False,False
25 De Mayo,1999,-1.0954451150103783,False,False
25 De Mayo,2000,21.635041021454906,False,False
25 De Mayo,2000,1.7830595679974268,False,False
25 De Mayo,2000,1.095445115010333,False,False
25 De Mayo,2000,-1.430785456340027,False,False
25 De Mayo,2000,-1.2417128608214076,False,False
25 De Mayo,2000,-1.095445115010333,False,False
25 De Mayo,2000,-0.4469919722168599,False,False
25 De Mayo,2000,-0.17436172186076643,False,False
25 De Mayo,2000,1.0954451150103337,False,False
25 De Mayo,2001,6.209550920456736,False,False
25 De Mayo,2001,1.7144369895263483,False,False
25 De Mayo,2001,1.095445115010334,False,False
25 De Mayo,2001,-0.8250649804897042,False,False
25 De Mayo,2001,-0.9444246019944865,False,False
25 De Mayo,2001,-1.095445115010336,False,False
25 De Mayo,2001,-1.682443735961114,True,False
25 De Mayo,2001,-1.114768966132535,False,False
25 De Mayo,2001,-1.0954451150103355,False,False
25 De Mayo,2002,7.943498535373549,False,False
25 De Mayo,2002,1.7488445293780506,False,False
25 De Mayo,2002,1.0954451150103328,False,False
25 De Mayo,2002,-0.83924559094781,False,False
25 De Mayo,2002,-0.9531673066689754,False,False
25 De Mayo,2002,-1.0954451150103333,False,False
25 De Mayo,2002,-0.8048016141155964,False,False
25 De Mayo,2002,-0.5145660941971224,False,False
25 De Mayo,2002,-1.0954451150103568,False,False
25 De Mayo,2003,47.65186250295024,False,False
25 De Mayo,2003,1.787638714593373,False,False
25 De Mayo,2003,1.0954451150103328,False,False
25 De Mayo,2003,-0.7278853861688157,False,False
25 De Mayo,2003,-0.8819357354556807,False,False
25 De Mayo,2003,-1.095445115010334,False,False
25 De Mayo,2003,-1.405730655501094,False,False
25 De Mayo,2003,-0.9645899447966857,False,False
25 De Mayo,2003,-1.0954451150103348,False,False
25 De Mayo,2004,7.429580182966001,False,False
25 De Mayo,2004,1.7435360806617095,False,False
25 De Mayo,2004,1.0954451150103326,False,False
25 De Mayo,2004,-1.043534466373133,False,False
25 De Mayo,2004,-1.0689302374364504,False,False
25 De Mayo,2004,-1.095445115010333,False,False
25 De Mayo,2004,-1.0524864830491434,False,False
25 De Mayo,2004,-0.721067386724595,False,False
25 De Mayo,2004,-1.0954451150103357,False,False
25 De Mayo,2005,9.31128347758784,False,False
25 De Mayo,2005,1.7591864148251217,False,False
25 De Mayo,2005,1.0954451150103326,False,False
25 De Mayo,2005,-0.7081665389965788,False,False
25 De Mayo,2005,-0.868700592012504,False,False
25 De Mayo,2005,-1.0954451150103333,False,False
25 De Mayo,2005,-0.8356280043989078,False,False
25 De Mayo,2005,-0.5417701258121392,False,False
25 De Mayo,2005,-1.095445115010354,False,False
25 De Mayo,2006,46.13041095432467,False,False
25 De Mayo,2006,1.7875577799499274,False,False
25 De Mayo,2006,1.0954451150103326,False,False
25 De Mayo,2006,-0.9057576492076779,False,False
25 De Mayo,2006,-0.9929232388068552,False,False
25 De Mayo,2006,-1.0954451150103333,False,False
25 De Mayo,2006,-1.3653373897230237,False,False
25 De Mayo,2006,-0.9397934234884374,False,False
25 De Mayo,2006,-1.0954451150103335,False,False
25 De Mayo,2007,4.823001409142715,False,False
25 De Mayo,2007,1.6900866608129494,False,False
25 De Mayo,2007,1.0954451150103326,False,False
25 De Mayo,2007,-0.4451808914882174,False,False
25 De Mayo,2007,-0.6739971957188253,False,False
25 De Mayo,2007,-1.095445115010334,False,False
25 De Mayo,2007,-1.7791271726054352,True,False
25 De Mayo,2007,-1.1597398419687437,False,False
25 De Mayo,2007,-1.095445115010333,False,False
25 De Mayo,2008,2.312606353910702,False,False
25 De Mayo,2008,1.4768656253944363,False,False
25 De Mayo,2008,1.0954451150103326,False,False
25 De Mayo,2008,-0.6085806194501849,False,False
25 De Mayo,2008,-0.798955675102186,False,False
25 De Mayo,2008,-1.095445115010334,False,False
25 De Mayo,2008,-1.6127386415429912,True,False
25 De Mayo,2008,-1.0800391911827467,False,False
25 De Mayo,2008,-1.0954451150103335,False,False
25 De Mayo,2009,8.87917216001583,False,False
25 De Mayo,2009,1.7563966527772126,False,False
25 De Mayo,2009,1.0954451150103326,False,False
25 De Mayo,2009,-0.4871544684580396,False,False
25 De Mayo,2009,-0.7073341805599485,False,False
25 De Mayo,2009,-1.0954451150103337,False,False
25 De Mayo,2009,-1.0244766569222519,False,False
25 De Mayo,2009,-0.6991527333855659,False,False
25 De Mayo,2009,-1.0954451150103557,False,False
25 De Mayo,2010,9.886129029441193,False,False
25 De Mayo,2010,1.7623765793182429,False,False
25 De Mayo,2010,1.0954451150103335,False,False
25 De Mayo,2010,-0.7835547994560728,False,False
25 De Mayo,2010,-0.9182856406471228,False,False
25 De Mayo,2010,-1.0954451150103344,False,False
25 De Mayo,2010,-0.9901574493229762,False,False
25 De Mayo,2010,-0.6717868276043437,False,False
25 De Mayo,2010,-1.0954451150103934,False,False
25 De Mayo,2011,8.775948829299724,False,False
25 De Mayo,2011,1.7556725881922353,False,False
25 De Mayo,2011,1.0954451150103353,False,False
25 De Mayo,2011,-0.7991798367238502,False,False
25 De Mayo,2011,-0.9282208438691261,False,False
25 De Mayo,2011,-1.095445115010337,False,False
25 De Mayo,2011,-2.167899406619221,True,False
25 De Mayo,2011,-1.3077520973167378,False,False
25 De Mayo,2011,-1.0954451150103361,False,False
25 De Mayo,2012,6.41980989477208,False,False
25 De Mayo,2012,1.7295558450460842,False,False
25 De Mayo,2012,1.0954451150103328,False,False
25 De Mayo,2012,-0.7807754577039377,False,False
25 De Mayo,2012,-0.9165061785373056,False,False
25 De Mayo,2012,-1.0954451150103335,False,False
25 De Mayo,2012,-0.6796920858239026,False,False
25 De Mayo,2012,-0.4002597713895946,False,False
25 De Mayo,2012,1.0954451150109823,False,False
25 De Mayo,2013,49.48047201869885,False,False
25 De Mayo,2013,1.7877011200273731,False,False
25 De Mayo,2013,1.0954451150103337,False,False
25 De Mayo,2013,-0.5591781926948175,False,False
25 De Mayo,2013,-0.7625499766171563,False,False
25 De Mayo,2013,-1.0954451150103357,False,False
25 De Mayo,2013,-1.1347781433856836,False,False
25 De Mayo,2013,-0.7832407786084364,False,False
25 De Mayo,2013,-1.0954451150103868,False,False
25 De Mayo,2014,12.76829594371336,False,False
25 De Mayo,2014,1.7726451705173922,False,False
25 De Mayo,2014,1.0954451150103335,False,False
25 De Mayo,2014,-0.8506719268823185,False,False
25 De Mayo,2014,-0.9601432645989163,False,False
25 De Mayo,2014,-1.0954451150103344,False,False
25 De Mayo,2014,-0.9768737412384191,False,False
25 De Mayo,2014,-0.6610436384778261,False,False
25 De Mayo,2014,-1.0954451150104105,False,False
25 De Mayo,2015,14.084672336232872,False,False
25 De Mayo,2015,1.775449232272954,False,False
25 De Mayo,2015,1.0954451150103335,False,False
25 De Mayo,2015,-0.6066458569879218,False,False
25 De Mayo,2015,-0.7975524665837072,False,False
25 De Mayo,2015,-1.0954451150103357,False,False
25 De Mayo,2015,-1.4873116602172844,False,False
25 De Mayo,2015,-1.0123669197706202,False,False
25 De Mayo,2015,-1.0954451150103435,False,False
25 De Mayo,2016,5.713498050838258,False,False
25 De Mayo,2016,1.7156384268257325,False,False
25 De Mayo,2016,1.0954451150103335,False,False
25 De Mayo,2016,-0.6085806194501854,False,False
25 De Mayo,2016,-0.7989556751021867,False,False
25 De Mayo,2016,-1.0954451150103353,False,False
25 De Mayo,2016,-1.3527087405051863,False,False
25 De Mayo,2016,-0.9318831807394994,False,False
25 De Mayo,2016,-1.0954451150103472,False,False
25 De Mayo,2017,2.43432247780077,False,False
25 De Mayo,2017,1.4979684070239783,False,False
25 De Mayo,2017,1.0954451150103373,False,False
25 De Mayo,2017,-0.5336783893640108,False,False
25 De Mayo,2017,-0.7432902648054641,False,False
25 De Mayo,2017,-1.0954451150103448,False,False
25 De Mayo,2017,-1.2374472595487218,False,False
25 De Mayo,2017,-0.8561512272127431,False,False
25 De Mayo,2017,-1.0954451150104607,False,False
25 De Mayo,2018,18.257418583507636,False,False
25 De Mayo,2018,1.7807702679488107,False,False
25 De Mayo,2018,1.095445115010334,False,False
25 De Mayo,2018,-1.0950940108068052,False,False
25 De Mayo,2018,-1.0952695375866615,False,False
25 De Mayo,2018,-1.095445115010334,False,False
25 De Mayo,2018,-0.1336559629329145,False,False
25 De Mayo,2018,0.14143366368742402,False,False
25 De Mayo,2018,1.095445115010345,False,False
25 De Mayo,2019,4.061550281237103,False,False
25 De Mayo,2019,1.621000364112447,False,False
25 De Mayo,2019,1.095445115010338,False,False
25 De Mayo,2019,-2.0966583921703252,True,False
25 De Mayo,2019,-1.4340174992030743,False,False
25 De Mayo,2019,-1.0954451150103346,False,False
25 De Mayo,2019,-0.08367983517440054,False,False
25 De Mayo,2019,0.19134594929397647,False,False
25 De Mayo,2019,1.0954451150103455,False,False
25 De Mayo,2020,3.855537218516807,False,False
25 De Mayo,2020,1.604111738643572,False,False
25 De Mayo,2020,1.0954451150103388,False,False
25 De Mayo,2020,-2.475731056031385,True,False
25 De Mayo,2020,-1.504703014402474,True,False
25 De Mayo,2020,-1.0954451150103341,False,False
25 De Mayo,2020,-0.23009349447705646,False,False
25 De Mayo,2020,0.04427631509527065,False,False
25 De Mayo,2020,1.0954451150103495,False,False
25 De Mayo,2021,4.838215924629049,False,False
25 De Mayo,2021,1.668115312456605,False,False
25 De Mayo,2021,1.0954451150103373,False,False
25 De Mayo,2021,-1.9068859409439214,True,False
25 De Mayo,2021,-1.3896296255058622,False,False
25 De Mayo,2021,-1.0954451150103348,False,False
25 De Mayo,2021,-0.44941338051706026,False,False
25 De Mayo,2021,-0.17677669529663734,False,False
25 De Mayo,2021,1.095445115010397,False,False
25 De Mayo,2022,4.355698433493731,False,False
25 De Mayo,2022,1.6415243568475388,False,False
25 De Mayo,2022,1.0954451150103528,False,False
25 De Mayo,2022,-2.0148834609423054,True,False
25 De Mayo,2022,-1.4157355832404646,False,False
25 De Mayo,2022,-1.0954451150103413,False,False
25 De Mayo,2022,0.31797609399024246,False,False
25 De Mayo,2022,0.5679145655237282,False,False
25 De Mayo,2022,1.0954451150103566,False,False
25 De Mayo,2023,5.522869121510553,False,False
25 De Mayo,2023,1.695294596552527,False,False
25 De Mayo,2023,1.0954451150103373,False,False
25 De Mayo,2023,-2.660366707882249,True,False
25 De Mayo,2023,-1.5322617553657505,True,False
25 De Mayo,2023,-1.0954451150103337,False,False
25 De Mayo,2023,-0.1498044601723533,False,False
25 De Mayo,2023,0.12522868763680078,False,False
25 De Mayo,2023,1.0954451150103408,False,False
25 De Mayo,2024,4.951097813720575,False,False
25 De Mayo,2024,1.6733274228744777,False,False
25 De Mayo,2024,1.0954451150103348,False,False
25 De Mayo,2024,-1.757807277574724,True,False
25 De Mayo,2024,-1.349517983941499,False,False
25 De Mayo,2024,-1.0954451150103337,False,False
25 De Mayo,2024,0.32900740655600463,False,False
25 De Mayo,2024,0.5774061739152418,False,False
25 De Mayo,2024,1.0954451150103355,False,False
9 De Julio,1981,,False,False
9 De Julio,1981,,False,False
9 De Julio,1981,,False,False
9 De Julio,1981,-inf,True,False
9 De Julio,1981,-1.5,False,False
9 De Julio,1981,-1.0954451150103321,False,False
9 De Julio,1981,-0.2091438788188418,False,False
9 De Julio,1981,0.06544556151489822,False,False
9 De Julio,1981,1.0954451150103317,False,False
9 De Julio,1982,2.3766534846039296,False,False
9 De Julio,1982,1.3692785216120025,False,False
9 De Julio,1982,1.0954451150103315,False,False
9 De Julio,1982,-2.48796009171838,True,False
9 De Julio,1982,-1.5066510307122365,True,False
9 De Julio,1982,-1.0954451150103321,False,False
9 De Julio,1982,0.335555303086956,False,False
9 De Julio,1982,0.5830145725520177,False,False
9 De Julio,1982,1.0954451150103317,False,False
9 De Julio,1983,3.522607820817537,False,False
9 De Julio,1983,1.571296067648966,False,False
9 De Julio,1983,1.095445115010331,False,False
9 De Julio,1983,-2.3594202477145587,True,False
9 De Julio,1983,-1.4852213144650106,False,False
9 De Julio,1983,-1.0954451150103317,False,False
9 De Julio,1983,-0.14937887931959073,False,False
9 De Julio,1983,0.12565617248750865,False,False
9 De Julio,1983,1.095445115010333,False,False
9 De Julio,1984,4.41829529720834,False,False
9 De Julio,1984,1.6454244181451139,False,False
9 De Julio,1984,1.0954451150103317,False,False
9 De Julio,1984,-1.4828019449291188,False,False
9 De Julio,1984,-1.260919699726537,False,False
9 De Julio,1984,-1.0954451150103317,False,False
9 De Julio,1984,-0.19769993518661758,False,False
9 De Julio,1984,0.07699843271057481,False,False
9 De Julio,1984,1.0954451150103348,False,False
9 De Julio,1985,8.069779013909455,False,False
9 De Julio,1985,1.7445654882075674,False,False
9 De Julio,1985,1.0954451150103315,False,False
9 De Julio,1985,-2.096423984613469,True,False
9 De Julio,1985,-1.4339668181404894,False,False
9 De Julio,1985,-1.0954451150103317,False,False
9 De Julio,1985,-0.37711660236109773,False,False
9 De Julio,1985,-0.10430925491485307,False,False
9 De Julio,1985,1.0954451150103384,False,False
9 De Julio,1986,7.729984798278925,False,False
9 De Julio,1986,1.7406024038197778,False,False
9 De Julio,1986,1.0954451150103321,False,False
9 De Julio,1986,-1.133415482948298,False,False
9 De Julio,1986,-1.1141365772175156,False,False
9 De Julio,1986,-1.0954451150103317,False,False
9 De Julio,1986,-0.6930999652413985,False,False
9 De Julio,1986,-0.41279012199236426,False,False
9 De Julio,1986,1.095445115010849,False,False
9 De Julio,1987,84.41013191777952,False,False
9 De Julio,1987,1.7884596659932417,False,False
9 De Julio,1987,1.0954451150103317,False,False
9 De Julio,1987,-0.7153588554082618,False,False
9 De Julio,1987,-0.8735499215829479,False,False
9 De Julio,1987,-1.0954451150103306,False,False
9 De Julio,1987,-0.6862777088679344,False,False
9 De Julio,1987,-0.4064222580351472,False,False
9 De Julio,1987,1.0954451150095668,False,False
9 De Julio,1988,58.02381506010952,False,False
9 De Julio,1988,1.7880168784457213,False,False
9 De Julio,1988,1.0954451150103306,False,False
9 De Julio,1988,-2.808982807559367,True,False
9 De Julio,1988,-1.5518270305440938,True,False
9 De Julio,1988,-1.095445115010332,False,False
9 De Julio,1988,-1.6328063195033327,True,False
9 De Julio,1988,-1.0902423390885327,False,False
9 De Julio,1988,-1.0954451150103355,False,False
9 De Julio,1989,5.774721754345859,False,False
9 De Julio,1989,1.7170254877251707,False,False
9 De Julio,1989,1.0954451150103324,False,False
9 De Julio,1989,-0.32903925491606645,False,False
9 De Julio,1989,-0.5774334988808595,False,False
9 De Julio,1989,-1.0954451150103313,False,False
9 De Julio,1989,-0.3030549679851129,False,False
9 De Julio,1989,-0.029537908792717078,False,False
9 De Julio,1989,1.0954451150103297,False,False
9 De Julio,1990,7.596998528102184,False,False
9 De Julio,1990,1.738907390845222,False,False
9 De Julio,1990,1.0954451150103315,False,False
9 De Julio,1990,-1.651589284220682,True,False
9 De Julio,1990,-1.317716532891042,False,False
9 De Julio,1990,-1.0954451150103317,False,False
9 De Julio,1990,-0.38012944228899764,False,False
9 De Julio,1990,-0.1073420426994727,False,False
9 De Julio,1990,1.0954451150103313,False,False
9 De Julio,1991,12.240408459028476,False,False
9 De Julio,1991,1.7696491634268827,False,False
9 De Julio,1991,1.095445115010332,False,False
9 De Julio,1991,-0.8884437622428621,False,False
9 De Julio,1991,-0.9827710423020182,False,False
9 De Julio,1991,-1.0954451150103315,False,False
9 De Julio,1991,-0.9558161950406475,False,False
9 De Julio,1991,-0.643842511224019,False,False
9 De Julio,1991,-1.0954451150103783,False,False
9 De Julio,1992,12.197059336820056,False,False
9 De Julio,1992,1.7711486996850345,False,False
9 De Julio,1992,1.0954451150103324,False,False
9 De Julio,1992,-0.698601189200233,False,False
9 De Julio,1992,-0.8622122379383285,False,False
9 De Julio,1992,-1.0954451150103315,False,False
9 De Julio,1992,0.09958591954639384,False,False
9 De Julio,1992,0.3697416135079926,False,False
9 De Julio,1992,1.095445115010335,False,False
9 De Julio,1993,1.276193558987039,False,False
9 De Julio,1993,0.8823259082648222,False,False
9 De Julio,1993,1.0954451150103095,False,False
9 De Julio,1993,-13.032988034994425,True,False
9 De Julio,1993,-1.7732752899480826,True,False
9 De Julio,1993,-1.0954451150103328,False,False
9 De Julio,1993,0.15098415368080909,False,False
9 De Julio,1993,0.41801106656156195,False,False
9 De Julio,1993,1.0954451150103395,False,False
9 De Julio,1994,5.541327908681278,False,False
9 De Julio,1994,1.6958990364214528,False,False
9 De Julio,1994,1.0954451150103315,False,False
9 De Julio,1994,-2.071678902541338,True,False
9 De Julio,1994,-1.428561936714302,False,False
9 De Julio,1994,-1.095445115010332,False,False
9 De Julio,1994,-0.07261473300257885,False,False
9 De Julio,1994,0.20234023645558455,False,False
9 De Julio,1994,1.095445115010337,False,False
9 De Julio,1995,4.319578529220569,False,False
9 De Julio,1995,1.6392043212760157,False,False
9 De Julio,1995,1.0954451150103317,False,False
9 De Julio,1995,-1.4382111570947576,False,False
9 De Julio,1995,-1.2445068915422282,False,False
9 De Julio,1995,-1.0954451150103315,False,False
9 De Julio,1995,-0.1866686623074438,False,False
9 De Julio,1995,0.08812559260628809,False,False
9 De Julio,1995,1.0954451150103375,False,False
9 De Julio,1996,6.359943598762368,False,False
9 De Julio,1996,1.7178560710041397,False,False
9 De Julio,1996,1.0954451150103313,False,False
9 De Julio,1996,-1.7950083579686642,True,False
9 De Julio,1996,-1.3600005567010702,False,False
9 De Julio,1996,-1.0954451150103317,False,False
9 De Julio,1996,-0.03029954573432834,False,False
9 De Julio,1996,0.24416057236696642,False,False
9 De Julio,1996,1.095445115010337,False,False
9 De Julio,1997,4.375701408348722,False,False
9 De Julio,1997,1.642787019055075,False,False
9 De Julio,1997,1.095445115010331,False,False
9 De Julio,1997,-1.1979464644785935,False,False
9 De Julio,1997,-1.1445855103595681,False,False
9 De Julio,1997,-1.0954451150103306,False,False
9 De Julio,1997,-0.4900675514519902,False,False
9 De Julio,1997,-0.21716715233294764,False,False
9 De Julio,1997,1.095445115010339,False,False
9 De Julio,1998,9.493857663422894,False,False
9 De Julio,1998,1.7568538790103283,False,False
9 De Julio,1998,1.0954451150103295,False,False
9 De Julio,1998,-2.6039643254724685,True,False
9 De Julio,1998,-1.5242493588365609,True,False
9 De Julio,1998,-1.0954451150103317,False,False
9 De Julio,1998,-0.1533739795219424,False,False
9 De Julio,1998,0.12164235686272476,False,False
9 De Julio,1998,1.0954451150103415,False,False
9 De Julio,1999,4.814158315304164,False,False
9 De Julio,1999,1.6669605686972673,False,False
9 De Julio,1999,1.0954451150103313,False,False
9 De Julio,1999,-1.2734225330935667,False,False
9 De Julio,1999,-1.1781791783508533,False,False
9 De Julio,1999,-1.0954451150103308,False,False
9 De Julio,1999,-0.4081070036313,False,False
9 De Julio,1999,-0.13545709229571928,False,False
9 De Julio,1999,1.0954451150103524,False,False
9 De Julio,2000,6.207522318391971,False,False
9 De Julio,2000,1.714389230829046,False,False
9 De Julio,2000,1.0954451150103302,False,False
9 De Julio,2000,-3.326907386327665,True,False
9 De Julio,2000,-1.6057760192632464,True,False
9 De Julio,2000,-1.0954451150103321,False,False
9 De Julio,2000,-0.18257418583505547,False,False
9 De Julio,2000,0.09225312080288865,False,False
9 De Julio,2000,1.095445115010349,False,False
9 De Julio,2001,7.04432067013598,False,False
9 De Julio,2001,1.730828940609756,False,False
9 De Julio,2001,1.095445115010332,False,False
9 De Julio,2001,-1.0514513352910408,False,False
9 De Julio,2001,-1.073046991451959,False,False
9 De Julio,2001,-1.0954451150103313,False,False
9 De Julio,2001,-0.4598164680290282,False,False
9 De Julio,2001,-0.18714087653434625,False,False
9 De Julio,2001,1.0954451150103617,False,False
9 De Julio,2002,13.206199442069307,False,False
9 De Julio,2002,1.7723725194851352,False,False
9 De Julio,2002,1.0954451150103313,False,False
9 De Julio,2002,-1.4962177180628908,False,False
9 De Julio,2002,-1.265737435155036,False,False
9 De Julio,2002,-1.0954451150103315,False,False
9 De Julio,2002,-0.4381780460041328,False,False
9 De Julio,2002,-0.1655631828417489,False,False
9 De Julio,2002,1.0954451150103597,False,False
9 De Julio,2003,9.85900603509321,False,False
9 De Julio,2003,1.7591864148251215,False,False
9 De Julio,2003,1.0954451150103317,False,False
9 De Julio,2003,-1.6518399463426616,True,False
9 De Julio,2003,-1.31779498626148,False,False
9 De Julio,2003,-1.0954451150103317,False,False
9 De Julio,2003,0.3258279300378818,False,False
9 De Julio,2003,0.5746760066408139,False,False
9 De Julio,2003,1.095445115010334,False,False
9 De Julio,2004,2.786448554665789,False,False
9 De Julio,2004,1.4630325117915728,False,False
9 De Julio,2004,1.0954451150103297,False,False
9 De Julio,2004,-2.7063938135549304,True,False
9 De Julio,2004,-1.5385535330508964,True,False
9 De Julio,2004,-1.0954451150103317,False,False
9 De Julio,2004,0.06846531968814576,False,False
9 De Julio,2004,0.3400921207590814,False,False
9 De Julio,2004,1.0954451150103333,False,False
9 De Julio,2005,2.099603137103137,False,False
9 De Julio,2005,1.2851509262439968,False,False
9 De Julio,2005,1.0954451150103266,False,False
9 De Julio,2005,-3.355887415825283,True,False
9 De Julio,2005,-1.6082617673618866,True,False
9 De Julio,2005,-1.0954451150103315,False,False
9 De Julio,2005,-0.34184102879755046,False,False
9 De Julio,2005,-0.06873986293284999,False,False
9 De Julio,2005,1.0954451150103486,False,False
9 De Julio,2006,11.137025335938517,False,False
9 De Julio,2006,1.7656291626842477,False,False
9 De Julio,2006,1.0954451150103317,False,False
9 De Julio,2006,-1.3196590274393463,False,False
9 De Julio,2006,-1.1977307530120191,False,False
9 De Julio,2006,-1.0954451150103317,False,False
9 De Julio,2006,-0.045643546458763826,False,False
9 De Julio,2006,0.22903933372554727,False,False
9 De Julio,2006,1.0954451150103333,False,False
9 De Julio,2007,2.1756757145344103,False,False
9 De Julio,2007,1.3102435641608352,False,False
9 De Julio,2007,1.0954451150103262,False,False
9 De Julio,2007,-3.017278650116158,True,False
9 De Julio,2007,-1.5759102825532147,True,False
9 De Julio,2007,-1.095445115010331,False,False
9 De Julio,2007,-0.26215780530161786,False,False
9 De Julio,2007,0.011842822907480814,False,False
9 De Julio,2007,1.0954451150103406,False,False
9 De Julio,2008,1.643167672515507,False,False
9 De Julio,2008,1.0954451150103341,False,False
9 De Julio,2008,1.0954451150103244,False,False
9 De Julio,2008,-12.232470450948567,True,False
9 De Julio,2008,-1.7712473500598462,True,False
9 De Julio,2008,-1.0954451150103333,False,False
9 De Julio,2008,-1.4760222911172103,False,False
9 De Julio,2008,-1.0059362256533728,False,False
9 De Julio,2008,-1.0954451150103541,False,False
9 De Julio,2009,10.60189410159448,False,False
9 De Julio,2009,1.7656818693761969,False,False
9 De Julio,2009,1.0954451150103324,False,False
9 De Julio,2009,-0.3042903097250922,False,False
9 De Julio,2009,-0.556064482573238,False,False
9 De Julio,2009,-1.0954451150103304,False,False
9 De Julio,2009,-0.19331384382535255,False,False
9 De Julio,2009,0.0814237941522233,False,False
9 De Julio,2009,1.0954451150103293,False,False
9 De Julio,2010,2.5986392450522757,False,False
9 De Julio,2010,1.4239420852481797,False,False
9 De Julio,2010,1.0954451150103186,False,False
9 De Julio,2010,-2.101684601762464,True,False
9 De Julio,2010,-1.4351018908231075,False,False
9 De Julio,2010,-1.0954451150103268,False,False
9 De Julio,2010,-1.3652040338543938,False,False
9 De Julio,2010,-0.9397102875805314,False,False
9 De Julio,2010,-1.095445115010322,False,False
9 De Julio,2011,4.945379033706032,False,False
9 De Julio,2011,1.6943076946108164,False,False
9 De Julio,2011,1.0954451150103297,False,False
9 De Julio,2011,-1.7522582311069126,True,False
9 De Julio,2011,-1.3479261087964873,False,False
9 De Julio,2011,-1.0954451150103308,False,False
9 De Julio,2011,-1.460593486680442,False,False
9 De Julio,2011,-0.9970544855015818,False,False
9 De Julio,2011,-1.0954451150103404,False,False
9 De Julio,2012,8.52882268115195,False,False
9 De Julio,2012,1.7538384666464037,False,False
9 De Julio,2012,1.095445115010332,False,False
9 De Julio,2012,-0.6840103300299254,False,False
9 De Julio,2012,-0.8522289990293798,False,False
9 De Julio,2012,-1.095445115010331,False,False
9 De Julio,2012,-0.5311249042474334,False,False
9 De Julio,2012,-0.25761871693438165,False,False
9 De Julio,2012,1.0954451150103341,False,False
9 De Julio,2013,13.51048975179407,False,False
9 De Julio,2013,1.773111737495653,False,False
9 De Julio,2013,1.0954451150103308,False,False
9 De Julio,2013,0.16518616813647835,False,False
9 De Julio,2013,-0.10976425998968996,False,False
9 De Julio,2013,-1.0954451150103022,False,False
9 De Julio,2013,-0.4494133805170478,False,False
9 De Julio,2013,-0.17677669529663015,False,False
9 De Julio,2013,1.0954451150092899,False,False
9 De Julio,2014,21.72632811435066,False,False
9 De Julio,2014,1.7828116182555505,False,False
9 De Julio,2014,1.095445115010322,False,False
9 De Julio,2014,-1.9686260037866632,True,False
9 De Julio,2014,-1.4048381844806672,False,False
9 De Julio,2014,-1.0954451150103275,False,False
9 De Julio,2014,-0.8376933232431921,False,False
9 De Julio,2014,-0.5435783172043113,False,False
9 De Julio,2014,-1.09544511500965,False,False
9 De Julio,2015,44.91324971539618,False,False
9 De Julio,2015,1.7874870697294187,False,False
9 De Julio,2015,1.0954451150103302,False,False
9 De Julio,2015,-0.9493857663422857,False,False
9 De Julio,2015,-1.01790094371581,False,False
9 De Julio,2015,-1.095445115010329,False,False
9 De Julio,2015,-0.055566056558494975,False,False
9 De Julio,2015,0.21923401906228032,False,False
9 De Julio,2015,1.0954451150103193,False,False
9 De Julio,2016,2.878228341399658,False,False
9 De Julio,2016,1.480096903979183,False,False
9 De Julio,2016,1.0954451150103153,False,False
9 De Julio,2016,-1.9170289512680494,True,False
9 De Julio,2016,-1.3921818656350597,False,False
9 De Julio,2016,-1.0954451150103242,False,False
9 De Julio,2016,-0.4784702801194524,False,False
9 De Julio,2016,-0.20567663600479053,False,False
9 De Julio,2016,1.095445115010076,False,False
9 De Julio,2017,0.730296743340045,False,False
9 De Julio,2017,0.4472135954997908,False,False
9 De Julio,2017,0.0,False,False
9 De Julio,2017,-7644138.8574556755,True,False
9 De Julio,2017,-1.7888543819997622,True,False
9 De Julio,2017,-1.0954451150103064,False,False
9 De Julio,2017,-4.229635305178694,True,False
9 De Julio,2017,-1.6331945049499608,True,False
9 De Julio,2017,-1.0954451150103304,False,False
9 De Julio,2018,3.635607700541536,False,False
9 De Julio,2018,1.6299649989049798,False,False
9 De Julio,2018,1.0954451150103315,False,False
9 De Julio,2018,-0.5311249042474331,False,False
9 De Julio,2018,-0.7413441316253371,False,False
9 De Julio,2018,-1.0954451150103286,False,False
9 De Julio,2018,-0.5861592282072816,False,False
9 De Julio,2018,-0.3112043340569281,False,False
9 De Julio,2018,1.095445115010159,False,False
9 De Julio,2019,18.074844397667444,False,False
9 De Julio,2019,1.7800983118917821,False,False
9 De Julio,2019,1.0954451150103277,False,False
9 De Julio,2019,-0.6431736230820865,False,False
9 De Julio,2019,-0.8237341515721118,False,False
9 De Julio,2019,-1.0954451150103206,False,False
9 De Julio,2019,0.11615260703312161,False,False
9 De Julio,2019,0.38539803329582245,False,False
9 De Julio,2019,1.0954451150102966,False,False
9 De Julio,2020,4.036469122646917,False,False
9 De Julio,2020,1.6190647176690252,False,False
9 De Julio,2020,1.0954451150103133,False,False
9 De Julio,2020,-3.326907386327612,True,False
9 De Julio,2020,-1.6057760192632384,True,False
9 De Julio,2020,-1.0954451150103288,False,False
9 De Julio,2020,-0.41079191812887356,False,False
9 De Julio,2020,-0.13815023372233093,False,False
9 De Julio,2020,1.095445115010273,False,False
9 De Julio,2021,6.729162849348799,False,False
9 De Julio,2021,1.7253305120625924,False,False
9 De Julio,2021,1.0954451150103237,False,False
9 De Julio,2021,-1.8098658421909675,True,False
9 De Julio,2021,-1.3640965851694171,False,False
9 De Julio,2021,-1.0954451150103277,False,False
9 De Julio,2021,-0.9014600425605828,False,False
9 De Julio,2021,-0.5984871460731621,False,False
9 De Julio,2021,-1.0954451150101112,False,False
9 De Julio,2022,-3.773199840590412,True,False
9 De Julio,2022,-1.5966833093513435,True,False
9 De Julio,2022,-1.0954451150102722,False,False
9 De Julio,2022,-2.921186973360739,True,False
9 De Julio,2022,-1.487668610523444,False,False
9 De Julio,2022,-1.0954451150103097,False,False
9 De Julio,2022,0.33471934069759596,False,False
9 De Julio,2022,0.5822996201974587,False,False
9 De Julio,2022,1.0954451150102895,False,False
9 De Julio,2023,22.90001930902447,False,False
9 De Julio,2023,1.7834194932263998,False,False
9 De Julio,2023,1.0954451150103306,False,False
9 De Julio,2023,-1.8042625423699554,True,False
9 De Julio,2023,-1.3625578073447973,False,False
9 De Julio,2023,-1.0954451150103315,False,False
9 De Julio,2023,-0.7612415206004,False,False
9 De Julio,2023,-0.47545477229229144,False,False
9 De Julio,2023,-1.0954451150117066,False,False
9 De Julio,2024,117.94292404959656,False,False
9 De Julio,2024,1.788654412436925,False,False
9 De Julio,2024,1.095445115010332,False,False
9 De Julio,2024,-1.151621787574964,False,False
9 De Julio,2024,-1.1228930736680853,False,False
9 De Julio,2024,-1.0954451150103315,False,False
9 De Julio,2024,0.2779487605250096,False,False
9 De Julio,2024,0.5330274103658873,False,False
9 De Julio,2024,1.0954451150103326,False,False
Adolfo Alsina,1981,,False,False
Adolfo Alsina,1982,,False,False
Adolfo Alsina,1983,,False,False
Adolfo Alsina,1984,1.0219959787767534,False,False
Adolfo Alsina,1985,0.5741058196775692,False,False
Adolfo Alsina,1986,-0.7185212251023371,False,False
Adolfo Alsina,1987,2.9156825649026197,False,False
Adolfo Alsina,1988,0.04688072309384956,False,False
Adolfo Alsina,1989,-1.5095592836219558,True,False
Adolfo Alsina,1990,2.245594604657452,False,False
Adolfo Alsina,1991,1.002257771127499,False,False
Adolfo Alsina,1992,1.7005628441433065,False,False
Adolfo Alsina,1993,1.4854881708925416,False,False
Adolfo Alsina,1994,0.4326945322850048,False,False
Adolfo Alsina,1995,-4.993437797982817,True,False
Adolfo Alsina,1996,0.3626502058623584,False,False
Adolfo Alsina,1997,-0.0400385151917759,False,False
Adolfo Alsina,1998,-0.9781778855052812,False,False
Adolfo Alsina,1999,1.4796956381958093,False,False
Adolfo Alsina,2000,-0.19167506636628762,False,False
Adolfo Alsina,2001,-0.19127940106121594,False,False
Adolfo Alsina,2002,0.5127185627062967,False,False
Adolfo Alsina,2003,0.16689217496864267,False,False
Adolfo Alsina,2004,4.788071821615992,False,False
Adolfo Alsina,2005,-1.1398363058455858,False,False
Adolfo Alsina,2006,-0.5319487121089875,False,False
Adolfo Alsina,2007,-0.49436571786695954,False,False
Adolfo Alsina,2008,-1.3901058830884732,False,False
Adolfo Alsina,2009,-0.17992804317122016,False,False
Adolfo Alsina,2010,-0.12465421787147507,False,False
Adolfo Alsina,2011,1.3414747937266867,False,False
Adolfo Alsina,2012,1.931049344412095,False,False
Adolfo Alsina,2013,-1.4094336876905038,False,False
Adolfo Alsina,2014,-0.41919924669014985,False,False
Adolfo Alsina,2015,1.730034241883407,False,False
Adolfo Alsina,2016,1.8651106591561353,False,False
Adolfo Alsina,2017,0.5633905456098736,False,False
Adolfo Alsina,2018,1.9337733321262554,False,False
Adolfo Alsina,2019,0.6409978845574557,False,False
Adolfo Alsina,2020,-0.39093501848676243,False,False
Adolfo Alsina,2021,1.5004147791583624,False,False
Adolfo Alsina,2022,-0.726568813207576,False,False
Adolfo Alsina,2023,0.21110829570908377,False,False
Adolfo Alsina,2024,0.44504579991638027,False,False
Adolfo Gonzales Chaves,1981,,False,False
Adolfo Gonzales Chaves,1982,,False,False
Adolfo Gonzales Chaves,1983,,False,False
Adolfo Gonzales Chaves,1984,-1.1338934190276817,False,False
Adolfo Gonzales Chaves,1985,0.918900163260493,False,False
Adolfo Gonzales Chaves,1986,0.4746750820997807,False,False
Adolfo Gonzales Chaves,1987,1.0404354264560831,False,False
Adolfo Gonzales Chaves,1988,0.08258587688117054,False,False
Adolfo Gonzales Chaves,1989,1.575580981435558,False,False
Adolfo Gonzales Chaves,1990,-0.39223188793573344,False,False
Adolfo Gonzales Chaves,1991,0.038424997772537085,False,False
Adolfo Gonzales Chaves,1992,-1.667270539882853,True,False
Adolfo Gonzales Chaves,1993,1.5105187416561243,False,False
Adolfo Gonzales Chaves,1994,0.9759285306683034,False,False
Adolfo Gonzales Chaves,1995,0.22391271046541103,False,False
Adolfo Gonzales Chaves,1996,1.7397647150089204,False,False
Adolfo Gonzales Chaves,1997,1.5475363201511387,False,False
Adolfo Gonzales Chaves,1998,-3.0467705098223616,True,False
Adolfo Gonzales Chaves,1999,1.41415294326154,False,False
Adolfo Gonzales Chaves,2000,-0.3196186613340069,False,False
Adolfo Gonzales Chaves,2001,-0.18868144400513076,False,False
Adolfo Gonzales Chaves,2002,-0.6648283408165506,False,False
Adolfo Gonzales Chaves,2003,0.9660821074060632,False,False
Adolfo Gonzales Chaves,2004,-0.7202136528427552,False,False
Adolfo Gonzales Chaves,2005,0.7610472105745193,False,False
Adolfo Gonzales Chaves,2006,-1.2147344602850834,False,False
Adolfo Gonzales Chaves,2007,0.16389795407332844,False,False
Adolfo Gonzales Chaves,2008,-4.718776172645901,True,False
Adolfo Gonzales Chaves,2009,0.0,False,False
Adolfo Gonzales Chaves,2010,1.59869454940432,False,False
Adolfo Gonzales Chaves,2011,0.3677994308894787,False,False
Adolfo Gonzales Chaves,2012,1.280223481256306,False,False
Adolfo Gonzales Chaves,2013,0.5290138111978672,False,False
Adolfo Gonzales Chaves,2014,-0.4133213328553941,False,False
Adolfo Gonzales Chaves,2015,-0.17386105787314662,False,False
Adolfo Gonzales Chaves,2016,2.236878489691272,False,False
Adolfo Gonzales Chaves,2017,0.3936186254708948,False,False
Adolfo Gonzales Chaves,2018,1.4551470132562825,False,False
Adolfo Gonzales Chaves,2019,0.20497289793748075,False,False
Adolfo Gonzales Chaves,2020,1.4699368305183342,False,False
Adolfo Gonzales Chaves,2021,-5.036221005136552,True,False
Adolfo Gonzales Chaves,2022,-0.8263488832596393,False,False
Adolfo Gonzales Chaves,2023,0.3458572319330373,False,False
Adolfo Gonzales Chaves,2024,0.45806694653829483,False,False
Aguirre,1981,,False,False
Aguirre,1982,,False,False
Aguirre,1983,,False,False
Aguirre,1984,inf,False,False
Aguirre,1985,-1.0571658615136876,False,False
Aguirre,1986,2.971653856973109,False,False
Aguirre,1987,1.6539212483013643,False,False
Aguirre,1988,-0.8839898156970273,False,False
Aguirre,1989,-0.021728973230164778,False,False
Aguirre,1990,1.324010850568501,False,False
Aguirre,1991,-0.52861368595316,False,False
Aguirre,1993,0.6394735580370742,False,False
Aguirre,1994,0.4807813144458657,False,False
Aguirre,1995,4.172799917225602,False,False
Aguirre,1996,0.8419792959572517,False,False
Aguirre,1997,1.0954907590088048,False,False
Aguirre,1998,-1.3992632541471266,False,False
Aguirre,2002,2.426119729199756,False,False
Aguirre,2003,-0.5202074507870873,False,False
Aguirre,2004,-1.1104744816414722,False,False
Aguirre,2005,0.894403987127217,False,False
Aguirre,2006,0.5439676677767575,False,False
Aguirre,2007,-0.623752774836117,False,False
Aguirre,2008,-4.817676942621882,True,False
Aguirre,2009,1.1609533499114637,False,False
Aguirre,2010,0.8908072748885735,False,False
Aguirre,2011,0.583057367815297,False,False
Aguirre,2012,-0.5076156708956955,False,False
Aguirre,2013,2.1698611439243574,False,False
Aguirre,2014,0.45692794136962317,False,False
Aguirre,2015,1.030955347936621,False,False
Aguirre,2016,0.7828736630832395,False,False
Aguirre,2017,-0.38313051408846055,False,False
Aguirre,2018,-0.13391152464160422,False,False
Aguirre,2019,1.4462808208308309,False,False
Aguirre,2020,0.8616646455735499,False,False
Aguirre,2021,0.30223035956756267,False,False
Aguirre,2022,-2.1278126326249165,True,False
Aguirre,2023,-2.887164165694954,True,False
Aguirre,2024,0.12038353031779733,False,False
Alberdi,1981,,False,False
Alberdi,1982,,False,False
Alberdi,1983,,False,False
Alberdi,1984,11.148633698051668,False,False
Alberdi,1985,-1.2704929277418489,False,False
Alberdi,1986,2.9337734865438474,False,False
Alberdi,1987,1.416843567786637,False,False
Alberdi,1988,-0.7592926710217139,False,False
Alberdi,1989,0.08137680530879325,False,False
Alberdi,1996,0.10782594146494588,False,False
Alberdi,1997,4.063777271736938,False,False
Alberdi,1998,0.31050807590225005,False,False
Alberdi,2002,0.6919497405176184,False,False
Alberdi,2003,-0.37931236594717216,False,False
Alberdi,2004,-0.8303868025923882,False,False
Alberdi,2005,4.275142231445526,False,False
Alberdi,2006,1.5965099074139146,False,False
Alberdi,2007,0.700410517091293,False,False
Alberdi,2008,-0.9563557259646759,False,False
Alberdi,2009,0.5929684811001285,False,False
Alberdi,2010,0.8828958476856306,False,False
Alberdi,2011,-0.12660199152722607,False,False
Alberdi,2012,-1.4151021567144442,False,False
Alberdi,2013,2.5142411754552443,False,False
Alberdi,2014,0.7319322973983261,False,False
Alberdi,2015,1.1984750858519146,False,False
Alberdi,2016,0.5350345604077095,False,False
Alberdi,2017,-0.13003251219258036,False,False
Alberdi,2018,-0.5601120336112039,False,False
Alberdi,2019,2.2119319726816005,False,False
Alberdi,2020,1.221300104802853,False,False
Alberdi,2021,0.46044075006889484,False,False
Alberdi,2022,-1.3191164394119805,False,False
Alberdi,2023,-5.3728795837843455,True,False
Alberdi,2024,-1.7231521774570515,True,False
Alberti,1981,,False,False
Alberti,1982,,False,False
Alberti,1983,,False,False
Alberti,1984,0.1748579054032485,False,False
Alberti,1985,0.15970428827473968,False,False
Alberti,1986,-0.5955430949358747,False,False
Alberti,1987,2.0946128564381814,False,False
Alberti,1988,-1.0871571902148716,False,False
Alberti,1989,0.11044754294674171,False,False
Alberti,1990,1.4321772262269017,False,False
Alberti,1991,4.822959869529444,False,False
Alberti,1992,0.48997128255870753,False,False
Alberti,1993,-0.8989417485606801,False,False
Alberti,1994,1.539546199031544,False,False
Alberti,1995,1.3955887769576663,False,False
Alberti,1996,2.0151622939563567,False,False
Alberti,1997,2.1748701844870593,False,False
Alberti,1998,0.5501468078232213,False,False
Alberti,1999,-3.32529810507091,True,False
Alberti,2000,-0.35490111098274135,False,False
Alberti,2001,0.5108459114357495,False,False
Alberti,2002,0.8971508599814344,False,False
Alberti,2003,0.8211911410216175,False,False
Alberti,2004,1.4444857254905783,False,False
Alberti,2005,0.8004763580685739,False,False
Alberti,2006,1.3637100717180182,False,False
Alberti,2007,-2.630737391071034,True,False
Alberti,2008,-4.376829853489358,True,False
Alberti,2009,0.46999811839252825,False,False
Alberti,2010,0.4244379046161871,False,False
Alberti,2011,-0.36259112307563035,False,False
Alberti,2012,0.9300998605144576,False,False
Alberti,2013,0.2801228528880001,False,False
Alberti,2014,1.7067457225076785,False,False
Alberti,2015,1.888348104968114,False,False
Alberti,2016,1.0888196452907417,False,False
Alberti,2017,-2.3652495839563303,True,False
Alberti,2018,0.24174688920761409,False,False
Alberti,2019,-0.519869190427053,False,False
Alberti,2020,0.20003781790711686,False,False
Alberti,2021,-0.5987301913248183,False,False
Alberti,2022,-6.346634379558055,True,False
Alberti,2023,0.20901972367900995,False,False
Alberti,2024,0.507913336140709,False,False
Almirante Brown,1981,,False,False
Almirante Brown,1982,,False,False
Almirante Brown,1983,,False,False
Almirante Brown,1984,2.84507745657158,False,False
Almirante Brown,1985,-0.6928363403390735,False,False
Almirante Brown,1986,-0.6026072121975786,False,False
Almirante Brown,1987,1.0008429170005122,False,False
Almirante Brown,1988,-2.9851856112456017,True,False
Almirante Brown,1989,-0.4402635904311388,False,False
Almirante Brown,1990,1.5392530432036853,False,False
Almirante Brown,1991,3.5635407258487395,False,False
Almirante Brown,1992,1.6507463756375729,False,False
Almirante Brown,1993,0.07213909702712427,False,False
Almirante Brown,1994,-0.4969056290968951,False,False
Almirante Brown,1995,0.17111363195466814,False,False
Almirante Brown,1996,-0.03367588993275009,False,False
Almirante Brown,1997,3.214354596446713,False,False
Almirante Brown,1998,0.06774857401485106,False,False
Almirante Brown,1999,1.2419479637264392,False,False
Almirante Brown,2000,-1.3808522300222206,False,False
Almirante Brown,2001,0.7219304810119697,False,False
Almirante Brown,2002,-0.7276316823465303,False,False
Almirante Brown,2003,0.13762229979656257,False,False
Almirante Brown,2004,-0.2473675475837127,False,False
Almirante Brown,2005,-0.7707775610046714,False,False
Almirante Brown,2006,-0.8452979965949781,False,False
Almirante Brown,2007,4.0713474513489425,False,False
Almirante Brown,2008,-1.586838467668896,True,False
Almirante Brown,2009,1.7837184127958057,False,False
Almirante Brown,2010,2.99639562480182,False,False
Almirante Brown,2011,0.09147279708671499,False,False
Almirante Brown,2012,-1.3250136989858723,False,False
Almirante Brown,2013,1.2161871232372763,False,False
Almirante Brown,2014,2.1346898340170193,False,False
Almirante Brown,2015,0.8447063019297115,False,False
Almirante Brown,2016,1.3831849924458064,False,False
Almirante Brown,2017,-0.08817066519558811,False,False
Almirante Brown,2018,-0.14171690798337438,False,False
Almirante Brown,2019,-0.2606233456578416,False,False
Almirante Brown,2020,-1.3222947315080686,False,False
Almirante Brown,2021,-1.1868848521124167,False,False
Almirante Brown,2022,-4.6863014542170625,True,False
Almirante Brown,2023,-2.9692614841855693,True,False
Almirante Brown,2024,-1.1348433206235649,False,False
Anta,1981,,False,False
Anta,1982,,False,False
Anta,1983,,False,False
Anta,1984,1.3858697343671664,False,False
Anta,1985,-0.9117647058823529,False,False
Anta,1986,-1.253635197519284,False,False
Anta,1987,1.7654644171084304,False,False
Anta,1988,-2.197179838760663,True,False
Anta,1989,0.8750640272533369,False,False
Anta,1990,0.24275969788318377,False,False
Anta,1991,-0.07162814801893158,False,False
Anta,1992,1.1777777498586077,False,False
Anta,1993,1.3739259414249132,False,False
Anta,1994,1.1582399725996921,False,False
Anta,1995,0.2765443371804452,False,False
Anta,1996,0.7028351482964749,False,False
Anta,1997,-2.140728071749394,True,False
Anta,1998,0.992647968271078,False,False
Anta,1999,-1.80843202932576,True,False
Anta,2000,0.9314863616090416,False,False
Anta,2001,2.574909173313063,False,False
Anta,2002,1.4246147870006796,False,False
Anta,2003,0.9360443696391433,False,False
Anta,2004,0.6708203932499365,False,False
Anta,2005,2.6832815729997415,False,False
Anta,2006,3.1304951684997055,False,False
Anta,2007,0.9152492334988813,False,False
Anta,2008,0.3302891295379082,False,False
Anta,2009,5.153282627518158,False,False
Anta,2010,1.2743635497778711,False,False
Anta,2011,-0.027276955867620176,False,False
Anta,2012,-5.424675994263179,True,False
Anta,2013,0.6365952296239187,False,False
Anta,2014,0.6460533618044353,False,False
Anta,2015,0.4819971500714654,False,False
Anta,2016,0.9182933209191367,False,False
Anta,2017,0.4537014226782626,False,False
Anta,2018,2.506813146114541,False,False
Anta,2019,0.9058216273156755,False,False
Anta,2020,0.8352152663013293,False,False
Anta,2021,-0.3852967794407604,False,False
Anta,2022,-2.5298221281346978,True,False
Anta,2023,-4.8711905535840385,True,False
Anta,2024,0.06021110897089116,False,False
Apostoles,1981,,False,False
Apostoles,1982,,False,False
Apostoles,1983,,False,False
Apostoles,1984,-0.21137671557330687,False,False
Apostoles,1985,-1.3309810122461765,False,False
Apostoles,1986,1.5002151028056674,False,False
Apostoles,1987,2.591334782635584,False,False
Apostoles,1988,1.4558556380533973,False,False
Apostoles,1989,1.3365469142352533,False,False
Apostoles,1990,-2.5776995266288134,True,False
Apostoles,1991,2.9615801241839543,False,False
Apostoles,1992,-1.8947959838330586,True,False
Apostoles,1993,0.4595845720290261,False,False
Apostoles,1994,0.36313658262865345,False,False
Apostoles,1995,-0.4528478155006102,False,False
Apostoles,1996,0.6235962055454726,False,False
Apostoles,1997,-0.7720716191117738,False,False
Apostoles,1998,0.8281710852388028,False,False
Apostoles,1999,0.7478123434197069,False,False
Apostoles,2000,0.6573757351339163,False,False
Apostoles,2001,-0.5249007842757841,False,False
Apostoles,2002,0.48715447677373097,False,False
Apostoles,2003,-1.7641461963325027,True,False
Apostoles,2004,-3.4816815208673426,True,False
Apostoles,2005,-0.13074543001812045,False,False
Apostoles,2006,-2.063088902238918,True,False
Apostoles,2007,-1.0849573691260261,False,False
Apostoles,2008,-1.8545501249553977,True,False
Apostoles,2009,1.8690229084120755,False,False
Apostoles,2010,1.4651793394109498,False,False
Apostoles,2011,-0.6548800587844499,False,False
Apostoles,2012,0.7259938433282046,False,False
Apostoles,2013,1.2437947430317102,False,False
Apostoles,2014,0.7988345774175523,False,False
Apostoles,2015,0.753805629728723,False,False
Apostoles,2016,0.5500376484331103,False,False
Apostoles,2017,0.8846517369293819,False,False
Apostoles,2018,24.1436179085544,False,False
Apostoles,2019,1.561476992796451,False,False
Apostoles,2020,-3.405178769457936,True,False
Apostoles,2021,0.2601001355957216,False,False
Apostoles,2022,0.43246365357641603,False,False
Apostoles,2023,-0.11219739913904754,False,False
Apostoles,2024,1.088495560866191,False,False
Arrecifes,1981,,False,False
Arrecifes,1982,,False,False
Arrecifes,1983,,False,False
Arrecifes,1984,0.24762233736129968,False,False
Arrecifes,1985,1.1007175271141276,False,False
Arrecifes,1986,-0.23322393631449895,False,False
Arrecifes,1987,1.1273650372159938,False,False
Arrecifes,1988,-3.136463004922707,True,True
Arrecifes,1989,1.7279236519790484,False,False
Arrecifes,1990,1.3211313028781377,False,False
Arrecifes,1991,1.0852894295546196,False,False
Arrecifes,1992,0.4328589692754135,False,False
Arrecifes,1993,1.0891928574303409,False,False
Arrecifes,1994,-0.4771096246594553,False,False
Arrecifes,1995,-1.228170701655321,False,False
Arrecifes,1996,2.628579691661025,False,False
Arrecifes,1997,5.992683257577692,False,False
Arrecifes,1998,0.48098444611213026,False,False
Arrecifes,1999,-1.4587839733513,False,False
Arrecifes,2000,0.2013461555547046,False,False
Arrecifes,2001,0.023952833662154827,False,False
Arrecifes,2002,0.5932268706239204,False,False
Arrecifes,2003,1.5538275139925337,False,False
Arrecifes,2004,1.2158474338908236,False,False
Arrecifes,2005,-0.6928317234404011,False,False
Arrecifes,2006,2.3519111912149717,False,False
Arrecifes,2007,-0.4145093199235598,False,False
Arrecifes,2008,-3.7568227854001703,True,False
Arrecifes,2009,1.8037864601266556,False,False
Arrecifes,2010,-0.6459822850618085,False,False
Arrecifes,2011,-0.8135757269877152,False,False
Arrecifes,2012,0.7937836491146132,False,False
Arrecifes,2013,0.35929074877222417,False,False
Arrecifes,2014,0.8248764286015452,False,False
Arrecifes,2015,-0.03455851982239533,False,False
Arrecifes,2016,0.9685726154462581,False,False
Arrecifes,2017,-1.7354772220109402,True,True
Arrecifes,2018,2.2032479432885816,False,False
Arrecifes,2019,-0.44013175465750815,False,False
Arrecifes,2020,-0.4640954808922571,False,False
Arrecifes,2021,-1.474410377306519,False,False
Arrecifes,2022,-2.2639213298498295,True,True
Arrecifes,2023,0.4389142554354756,False,False
Arrecifes,2024,0.39195363538682737,False,False
Atreuco,1981,,False,False
Atreuco,1982,,False,False
Atreuco,1983,,False,False
Atreuco,1984,-1.4433756729740648,False,False
Atreuco,1985,9.337953117308558,False,False
Atreuco,1986,0.49193495504995377,False,False
Atreuco,1987,-0.1980125799444985,False,False
Atreuco,1988,0.5652665154506349,False,False
Atreuco,1989,0.18354093721946102,False,False
Atreuco,1990,1.5965520743640487,False,False
Atreuco,1991,3.0511366902205066,False,False
Atreuco,1992,0.37761903612782033,False,False
Atreuco,1993,0.32734039750560545,False,False
Atreuco,1994,-0.2377591465426848,False,False
Atreuco,1995,-2.935769852794755,True,False
Atreuco,1996,-1.2016211467240319,False,False
Atreuco,1997,5.041885087231211,False,False
Atreuco,1998,0.6609766290897514,False,False
Atreuco,1999,1.227631985896966,False,False
Atreuco,2000,0.7368877863310613,False,False
Atreuco,2001,0.4401818291533967,False,False
Atreuco,2002,0.09092496364050184,False,False
Atreuco,2003,1.151547525650328,False,False
Atreuco,2004,3.8980272472006257,False,False
Atreuco,2005,-4.692890807630023,True,False
Atreuco,2006,-0.6797253071236328,False,False
Atreuco,2007,-2.1297221819768457,True,False
Atreuco,2008,-2.9877752848461916,True,False
Atreuco,2009,-0.1907675677926347,False,False
Atreuco,2010,0.9438157064354553,False,False
Atreuco,2011,2.044539784396999,False,False
Atreuco,2012,0.28387364695877987,False,False
Atreuco,2013,-0.36419964878260697,False,False
Atreuco,2014,0.5978735683521144,False,False
Atreuco,2015,3.0753100101010915,False,False
Atreuco,2016,-0.49516784377724693,False,False
Atreuco,2017,-0.4178600403258108,False,False
Atreuco,2018,1.891366498316828,False,False
Atreuco,2019,1.4744195615489712,False,False
Atreuco,2020,0.8654846448158308,False,False
Atreuco,2021,0.5084358968415202,False,False
Atreuco,2022,0.24084443588356466,False,False
Atreuco,2023,-0.8807710121010853,False,False
Atreuco,2024,4.411706913966149,False,False
Avellaneda,1981,,False,False
Avellaneda,1982,,False,False
Avellaneda,1985,,False,False
Avellaneda,1986,9.962648831132611,False,False
Avellaneda,1987,1.924453971877767,False,False
Avellaneda,1988,-0.7367952166299391,False,False
Avellaneda,1989,-0.16685169533638694,False,False
Avellaneda,2010,5.700269379025689,False,False
Avellaneda,2011,0.16076499741596212,False,False
Avellaneda,2012,-0.170890084453108,False,False
Avellaneda,2013,4.291713277038745,False,False
Avellaneda,2014,0.6624929673425362,False,False
Avellaneda,2015,0.7833312636621242,False,False
Avellaneda,2016,0.6358865609053911,False,False
Avellaneda,2017,-0.3676036641697312,False,False
Avellaneda,2018,0.5061613754441273,False,False
Avellaneda,2019,1.8298332542695204,False,False
Avellaneda,2020,1.0359711442328976,False,False
Avellaneda,2021,0.419793428024111,False,False
Avellaneda,2022,-1.1964116996416123,False,False
Avellaneda,2023,-5.322539859156503,True,False
Avellaneda,2024,-0.7312959868942243,False,False
Ayacucho,1981,,False,False
Ayacucho,1981,,False,False
Ayacucho,1981,,False,False
Ayacucho,1981,-1.1547005383792512,False,False
Ayacucho,1982,2.5980762113533165,False,False
Ayacucho,1982,1.4342743312012725,False,False
Ayacucho,1982,-1.0000000000000002,False,False
Ayacucho,1982,-0.7302967433402215,False,False
Ayacucho,1983,4.285929012477925,False,False
Ayacucho,1983,1.6016260318927618,False,False
Ayacucho,1983,-1.4806185392699174,False,False
Ayacucho,1983,-1.0173010951392056,False,False
Ayacucho,1984,1.2194650922526011,False,False
Ayacucho,1984,0.8149797229740741,False,False
Ayacucho,1984,0.12459562507875309,False,False
Ayacucho,1984,0.24305815497374125,False,False
Ayacucho,1985,2.509509000448335,False,False
Ayacucho,1985,1.6306656454871873,False,False
Ayacucho,1985,-2.6233422490567353,True,False
Ayacucho,1985,-1.3812839267871624,False,False
Ayacucho,1986,0.17037730186417108,False,False
Ayacucho,1986,0.12391144878426531,False,False
Ayacucho,1986,-0.3969702760601057,False,False
Ayacucho,1986,-0.07833728449765029,False,False
Ayacucho,1987,2.949766596950557,False,False
Ayacucho,1987,1.5649644188287337,False,False
Ayacucho,1987,-0.20573674174358497,False,False
Ayacucho,1987,-0.1970542999420876,False,False
Ayacucho,1988,1.8197995504852107,False,False
Ayacucho,1988,1.229233950143898,False,False
Ayacucho,1988,-2.023108037627831,True,False
Ayacucho,1988,-1.1867553069713865,False,False
Ayacucho,1989,1.6053084679742398,False,False
Ayacucho,1989,1.0216087492260502,False,False
Ayacucho,1989,-1.1874541897001505,False,False
Ayacucho,1989,-0.7964044227422848,False,False
Ayacucho,1990,0.09687786798861314,False,False
Ayacucho,1990,-0.059562241608607513,False,False
Ayacucho,1990,-0.7308294639244014,False,False
Ayacucho,1990,-0.49536154288182455,False,False
Ayacucho,1991,1.268310588352276,False,False
Ayacucho,1991,0.8566406218514914,False,False
Ayacucho,1992,-0.49646817383708375,False,False
Ayacucho,1992,-0.28975079430804146,False,False
Ayacucho,1993,0.11791303509042708,False,False
Ayacucho,1993,-0.18270667996509932,False,False
Ayacucho,1993,-3.030188351550214,True,False
Ayacucho,1993,-1.6613115287626112,True,False
Ayacucho,1994,1.2653616112104265,False,False
Ayacucho,1994,0.9313806308475998,False,False
Ayacucho,1995,0.6270442928823938,False,False
Ayacucho,1995,0.5991666716729281,False,False
Ayacucho,1996,1.6463341479510973,False,False
Ayacucho,1996,1.7459089092940951,False,False
Ayacucho,1997,2.6516634711211258,False,False
Ayacucho,1997,1.3628019363869088,False,False
Ayacucho,1998,-1.6142433971273318,True,False
Ayacucho,1998,-1.5266746030819753,True,False
Ayacucho,1999,0.588209982564427,False,False
Ayacucho,1999,0.47637262603281416,False,False
Ayacucho,2000,0.16496223112148797,False,False
Ayacucho,2000,0.38442428352571645,False,False
Ayacucho,2001,0.8784731308533719,False,False
Ayacucho,2001,0.9803889042168146,False,False
Ayacucho,2002,0.11632903122046388,False,False
Ayacucho,2002,0.1950563916397427,False,False
Ayacucho,2003,4.087683063911925,False,False
Ayacucho,2003,1.722822086586138,False,False
Ayacucho,2004,0.0,False,False
Ayacucho,2004,-0.08877935232369535,False,False
Ayacucho,2005,1.2597618822618877,False,False
Ayacucho,2005,0.9551131406722401,False,False
Ayacucho,2006,1.7779352938836634,False,False
Ayacucho,2006,1.1876005962274845,False,False
Ayacucho,2007,-1.0919171751101944,False,False
Ayacucho,2007,-1.5325108523754838,True,False
Ayacucho,2007,0.11231417988667308,False,False
Ayacucho,2007,0.11405318970244076,False,False
Ayacucho,2008,-7.000000000000046,True,False
Ayacucho,2008,-1.7457431218879402,True,False
Ayacucho,2008,6.0856275260092225,False,False
Ayacucho,2008,1.690296534150642,False,False
Ayacucho,2009,0.06687169021578387,False,False
Ayacucho,2009,-0.019511034476253974,False,False
Ayacucho,2009,0.6738948904101875,False,False
Ayacucho,2009,0.4080024952295017,False,False
Ayacucho,2010,-1.3089788437927223,False,False
Ayacucho,2010,-0.8955335728760639,False,False
Ayacucho,2010,1.4407253450174198,False,False
Ayacucho,2010,0.9343359634367481,False,False
Ayacucho,2011,-1.012984359213528,False,False
Ayacucho,2011,-0.6820615499757805,False,False
Ayacucho,2011,0.6217390887213613,False,False
Ayacucho,2011,0.3712488895255275,False,False
Ayacucho,2012,-0.4472278551190291,False,False
Ayacucho,2012,-0.17576869705202364,False,False
Ayacucho,2012,2.078329636184467,False,False
Ayacucho,2012,1.3358460843614315,False,False
Ayacucho,2013,-2.4776147389650944,True,False
Ayacucho,2013,-1.3223939039414123,False,False
Ayacucho,2013,1.20401956547691,False,False
Ayacucho,2013,0.8323543331374785,False,False
Ayacucho,2014,-1.0329545362171684,False,False
Ayacucho,2014,-0.6904028097235017,False,False
Ayacucho,2014,0.673916648799632,False,False
Ayacucho,2014,0.4150247998912966,False,False
Ayacucho,2015,-0.6141091473370587,False,False
Ayacucho,2015,-0.34143167982105593,False,False
Ayacucho,2015,1.6283396541042625,False,False
Ayacucho,2015,1.093553479831013,False,False
Ayacucho,2016,-1.2443017954530595,False,False
Ayacucho,2016,-0.8336512975166804,False,False
Ayacucho,2016,0.9786258771031777,False,False
Ayacucho,2016,0.653515440572631,False,False
Ayacucho,2017,-1.2494141957655787,False,False
Ayacucho,2017,-0.8315075830679276,False,False
Ayacucho,2017,1.2806204679568747,False,False
Ayacucho,2017,0.8458888522202896,False,False
Ayacucho,2018,-0.9220334986293894,False,False
Ayacucho,2018,-0.6146889990862596,False,False
Ayacucho,2018,1.2688332783304346,False,False
Ayacucho,2018,0.8458888522202896,False,False
Ayacucho,2019,-1.0927804428200172,False,False
Ayacucho,2019,-0.7302967433402214,False,False
Ayacucho,2019,0.5975155172783629,False,False
Ayacucho,2019,0.3563483225498992,False,False
Ayacucho,2020,-0.8662491540539735,False,False
Ayacucho,2020,-0.5688545557679727,False,False
Ayacucho,2020,1.6842831757014378,False,False
Ayacucho,2020,1.0768512329807218,False,False
Ayacucho,2021,-1.3634747588444296,False,False
Ayacucho,2021,-0.8979939115326273,False,False
Ayacucho,2021,1.0195857032052136,False,False
Ayacucho,2021,0.684385910829155,False,False
Ayacucho,2022,-1.7187444873721742,True,False
Ayacucho,2022,-1.079531152586885,False,False
Ayacucho,2022,0.7650170020386277,False,False
Ayacucho,2022,0.5244648924090595,False,False
Ayacucho,2023,-0.6528684165459437,False,False
Ayacucho,2023,-0.38405122242312967,False,False
Ayacucho,2023,0.7773855663810783,False,False
Ayacucho,2023,0.48964819174786833,False,False
Ayacucho,2024,-1.4093082791866272,False,False
Ayacucho,2024,-0.9438583563660173,False,False
Ayacucho,2024,1.264660214076969,False,False
Ayacucho,2024,0.8382224747063391,False,False
Azul,1981,,False,False
Azul,1982,,False,False
Azul,1983,,False,False
Azul,1984,0.7098428942339366,False,False
Azul,1985,0.506475762136609,False,False
Azul,1986,-0.16069229470105098,False,False
Azul,1987,1.3024484355842694,False,False
Azul,1988,-1.9721282888102816,True,False
Azul,1989,4.0930396025837075,False,False
Azul,1990,-0.37880927903965966,False,False
Azul,1991,-0.0740799385266575,False,False
Azul,1992,-1.4544974510098838,False,False
Azul,1993,-0.4725333665510767,False,False
Azul,1994,-0.43024216520544195,False,False
Azul,1995,-0.24683223562988352,False,False
Azul,1996,3.3801408421360253,False,False
Azul,1997,2.415352680547619,False,False
Azul,1998,-0.6507251519983097,False,False
Azul,1999,1.460377150533706,False,False
Azul,2000,0.05360134838865718,False,False
Azul,2001,0.6771991775797201,False,False
Azul,2002,0.0,False,False
Azul,2003,1.2915436912404388,False,False
Azul,2004,-0.15200228005130115,False,False
Azul,2005,1.0101525445522097,False,False
Azul,2006,0.2019017860500272,False,False
Azul,2007,-1.3585174346518927,False,False
Azul,2008,-5.383754278064908,True,False
Azul,2009,2.911034662627283,False,False
Azul,2010,1.0890077585073359,False,False
Azul,2011,1.12479545313587,False,False
Azul,2012,0.3816282787234749,False,False
Azul,2013,-1.2159964107745111,False,False
Azul,2014,-1.3086609029434622,False,False
Azul,2015,-0.2604184588331247,False,False
Azul,2016,-0.22903933372554725,False,False
Azul,2017,-1.832351754813434,True,False
Azul,2018,2.8889762373322876,False,False
Azul,2019,1.9383491924006746,False,False
Azul,2020,0.4543646492364233,False,False
Azul,2021,0.09217654311823595,False,False
Azul,2022,-0.5457274390388626,False,False
Azul,2023,0.0,False,False
Azul,2024,-1.5555555555555545,True,False
Balcarce,1981,,False,False
Balcarce,1982,,False,False
Balcarce,1983,,False,False
Balcarce,1984,1.3090628605343042,False,False
Balcarce,1985,5.423243656884773,False,False
Balcarce,1986,-1.0469349268498274,False,False
Balcarce,1987,1.7327751279110966,False,False
Balcarce,1988,0.42052212383474663,False,False
Balcarce,1989,1.7045822924606908,False,False
Balcarce,1990,-0.9498804605765252,False,False
Balcarce,1991,-0.593615371424317,False,False
Balcarce,1992,-1.7934503638531532,True,False
Balcarce,1993,-0.6581856871258719,False,False
Balcarce,1994,-0.39743910405203803,False,False
Balcarce,1995,-0.3365876618486989,False,False
Balcarce,1996,3.7856862108070737,False,False
Balcarce,1997,2.2506421538976107,False,False
Balcarce,1998,-0.8147952730039492,False,False
Balcarce,1999,1.1237002321603473,False,False
Balcarce,2000,0.20116585990018437,False,False
Balcarce,2001,0.8496602339047418,False,False
Balcarce,2002,0.15026857675938213,False,False
Balcarce,2003,1.30939370448728,False,False
Balcarce,2004,0.043437224276306904,False,False
Balcarce,2005,0.9100098485886297,False,False
Balcarce,2006,-1.3742819701142204,False,False
Balcarce,2007,0.5390970604473965,False,False
Balcarce,2008,-5.658547907447065,True,False
Balcarce,2009,3.114866790738265,False,False
Balcarce,2010,1.1840879644790079,False,False
Balcarce,2011,0.19869433046560842,False,False
Balcarce,2012,0.8909874441376279,False,False
Balcarce,2013,-1.1163973701623207,False,False
Balcarce,2014,-0.5759931331504597,False,False
Balcarce,2015,-0.24931416061900646,False,False
Balcarce,2016,-0.03631864112714491,False,False
Balcarce,2017,1.7308525709622529,False,False
Balcarce,2018,1.9346111850853343,False,False
Balcarce,2019,0.7110109483646955,False,False
Balcarce,2020,-0.2667325346846323,False,False
Balcarce,2021,-0.8281953595325785,False,False
Balcarce,2022,-1.896399292140071,True,False
Balcarce,2023,-0.26295942474767,False,False
Balcarce,2024,-0.7568230077691603,False,False
Banda,1981,,False,False
Banda,1982,,False,False
Banda,1985,,False,False
Banda,1986,2.871457299082182,False,False
Banda,1987,5.311073386091895,False,False
Banda,1988,-2.376719488808077,True,False
Banda,1989,-0.6056184103004989,False,False
Banda,1991,3.115196427260823,False,False
Banda,1992,1.4811516473750213,False,False
Banda,1993,1.4788852208448375,False,False
Banda,1994,0.2695223322444655,False,False
Banda,1995,-0.0480740533336494,False,False
Banda,1996,4.985303487591284,False,False
Banda,1997,1.8296667322179592,False,False
Banda,1998,0.23176715698203124,False,False
Banda,2005,2.474161271189272,False,False
Banda,2006,0.1382039436741915,False,False
Banda,2007,-0.8993117907046911,False,False
Banda,2008,-2.4891662011904154,True,False
Banda,2009,-0.01716212705098613,False,False
Banda,2010,-0.5624213354163091,False,False
Banda,2011,-0.9848664339414641,False,False
Banda,2012,-1.082490539816929,False,False
Banda,2013,2.7672988700083803,False,False
Banda,2014,1.9829951845067166,False,False
Banda,2015,0.9071478665661665,False,False
Banda,2016,1.5650293072216888,False,False
Banda,2017,0.22524073977454573,False,False
Banda,2018,-0.3820945898664543,False,False
Banda,2019,-0.4531466433086313,False,False
Banda,2020,-0.38223756849327983,False,False
Banda,2021,-1.2073229857657612,False,False
Banda,2022,-6.184777327295996,True,False
Banda,2023,-3.207222298750532,True,False
Banda,2024,-0.46410691475185956,False,False
Baradero,1981,,False,False
Baradero,1982,,False,False
Baradero,1983,,False,False
Baradero,1984,0.8988833444405727,False,False
Baradero,1985,1.489846825915605,False,False
Baradero,1986,0.26427817016991506,False,False
Baradero,1987,0.8391787682089147,False,False
Baradero,1988,-1.7203046970103382,True,True
Baradero,1989,1.3364798968006062,False,False
Baradero,1990,2.3992369763862844,False,False
Baradero,1991,1.0117312166832848,False,False
Baradero,1992,1.0566140000392799,False,False
Baradero,1993,1.2252493515730825,False,False
Baradero,1994,0.28204410305198074,False,False
Baradero,1995,-4.167839395374288,True,False
Baradero,1996,-0.2051956704170303,False,False
Baradero,1997,4.271299723019412,False,False
Baradero,1998,0.32896357177294105,False,False
Baradero,1999,-1.2579907737574698,False,False
Baradero,2000,0.47973192676114884,False,False
Baradero,2001,-0.31949131757038607,False,False
Baradero,2002,0.9113003450397102,False,False
Baradero,2003,1.3258732647440663,False,False
Baradero,2004,0.7211490171674403,False,False
Baradero,2005,-0.8151238417997324,False,False
Baradero,2006,2.2230333457502804,False,False
Baradero,2007,-1.3750167384786853,False,False
Baradero,2008,-2.63310734638177,True,False
Baradero,2009,2.136003250613929,False,False
Baradero,2010,-0.5918802177396675,False,False
Baradero,2011,-0.7543526020015118,False,False
Baradero,2012,0.9338525240555584,False,False
Baradero,2013,0.5038608125482379,False,False
Baradero,2014,0.7942466926044711,False,False
Baradero,2015,0.1516123478420199,False,False
Baradero,2016,0.9234359509133241,False,False
Baradero,2017,-2.335031709299476,True,True
Baradero,2018,1.8474455102410143,False,False
Baradero,2019,-0.19522745170660338,False,False
Baradero,2020,-0.421108810723739,False,False
Baradero,2021,-1.5277577512467977,True,False
Baradero,2022,-2.4995320943851453,True,True
Baradero,2023,0.5451932195347954,False,False
Baradero,2024,0.24899446181757107,False,False
Belgrano,1981,,False,False
Belgrano,1981,,False,False
Belgrano,1981,,False,False
Belgrano,1981,-1.1547005383792517,False,False
Belgrano,1982,-0.25980762113533157,False,False
Belgrano,1982,-0.23786872937925857,False,False
Belgrano,1982,-0.8326183839631115,False,False
Belgrano,1982,-0.7302967433402212,False,False
Belgrano,1983,2.921186973360885,False,False
Belgrano,1983,1.4342743312012722,False,False
Belgrano,1983,-1.057142857142857,False,False
Belgrano,1983,-0.7645746046839175,False,False
Belgrano,1984,2.7584861207491396,False,False
Belgrano,1984,1.3988956566556132,False,False
Belgrano,1984,-0.6728170721178842,False,False
Belgrano,1984,-0.5083583969147341,False,False
Belgrano,1985,1.1500370295034164,False,False
Belgrano,1985,0.7764047316543011,False,False
Belgrano,1985,-1.1614019312353974,False,False
Belgrano,1985,-0.7732359140650041,False,False
Belgrano,1986,0.6521004579978066,False,False
Belgrano,1986,0.40533273671390474,False,False
Belgrano,1986,-0.7566179907964659,False,False
Belgrano,1986,-0.47101578691921897,False,False
Belgrano,1987,1.7448377746027728,False,False
Belgrano,1987,1.1207092566568821,False,False
Belgrano,1987,-0.7219527014575797,False,False
Belgrano,1987,-0.4987569881929829,False,False
Belgrano,1988,-1.4490035877251521,False,False
Belgrano,1988,-1.1937171716884978,False,False
Belgrano,1988,-1.423494088200708,False,False
Belgrano,1988,-1.3289370224429746,False,False
Belgrano,1989,0.9389187861411378,False,False
Belgrano,1989,1.3461824240467284,False,False
Belgrano,1989,0.09993119545878495,False,False
Belgrano,1989,0.09993119545878495,False,False
Belgrano,1990,8.977032292304063,False,False
Belgrano,1990,1.7720616462181424,False,False
Belgrano,1991,0.9586351672421297,False,False
Belgrano,1991,0.6421654654735471,False,False
Belgrano,1991,-1.2460186590484943,False,False
Belgrano,1991,-1.778735515550763,True,False
Belgrano,1992,0.5214491840419083,False,False
Belgrano,1992,0.6238171703839704,False,False
Belgrano,1992,-0.3783711665846247,False,False
Belgrano,1992,-0.1525715692843637,False,False
Belgrano,1993,0.8747688206432714,False,False
Belgrano,1993,0.6023500891396064,False,False
Belgrano,1993,-2.89202483932177,True,False
Belgrano,1993,-1.442939819653668,False,False
Belgrano,1994,1.7976920267539651,False,False
Belgrano,1994,1.1218198846035106,False,False
Belgrano,1994,-0.9887168299302453,False,False
Belgrano,1994,-0.6812836576026035,False,False
Belgrano,1995,0.9702338292786381,False,False
Belgrano,1995,0.6430873427881073,False,False
Belgrano,1995,-1.0295445984175264,False,False
Belgrano,1995,-0.6855116265406124,False,False
Belgrano,1996,0.11866557983867722,False,False
Belgrano,1996,-0.06662041853993043,False,False
Belgrano,1996,-0.9931432152050951,False,False
Belgrano,1996,-0.8018177177390058,False,False
Belgrano,1997,4.229963277745489,False,False
Belgrano,1997,1.5926810904554383,False,False
Belgrano,1997,-0.8975430985149723,False,False
Belgrano,1997,-0.7022783919392218,False,False
Belgrano,1998,0.8697438213895331,False,False
Belgrano,1998,0.5695222466042331,False,False
Belgrano,1998,-0.9156767320895426,False,False
Belgrano,1998,-0.6019970430748852,False,False
Belgrano,1999,0.3989278768317002,False,False
Belgrano,1999,0.16731199409460762,False,False
Belgrano,2000,1.6473365836464138,False,False
Belgrano,2000,1.4030811864553232,False,False
Belgrano,2001,0.7680462925484131,False,False
Belgrano,2001,0.5344251120262765,False,False
Belgrano,2002,2.0455906973959803,False,False
Belgrano,2002,1.7360741598134792,False,False
Belgrano,2002,-4.584493295098444,True,False
Belgrano,2002,-1.6254865067536097,True,False
Belgrano,2003,0.9270254935516137,False,False
Belgrano,2003,0.7302967433402213,False,False
Belgrano,2003,-0.3900448515567091,False,False
Belgrano,2003,-0.1808862526584538,False,False
Belgrano,2004,1.1776265263985166,False,False
Belgrano,2004,0.8579753335637347,False,False
Belgrano,2004,-2.3476091487988433,True,False
Belgrano,2004,-1.2915436912404388,False,False
Belgrano,2005,0.3984095364447979,False,False
Belgrano,2005,0.28433854686392535,False,False
Belgrano,2005,0.062188450012177716,False,False
Belgrano,2005,0.3684006232595503,False,False
Belgrano,2006,2.467868656891721,False,False
Belgrano,2006,1.686807694150205,False,False
Belgrano,2006,-1.1878277418329968,False,False
Belgrano,2006,-0.9006593569236641,False,False
Belgrano,2007,0.43989004123281994,False,False
Belgrano,2007,0.25014933074014944,False,False
Belgrano,2007,-2.5176706963466744,True,False
Belgrano,2007,-1.434274331201272,False,False
Belgrano,2008,-0.19999999999999996,False,False
Belgrano,2008,-0.15936381457791915,False,False
Belgrano,2008,-1.8542101386022127,True,False
Belgrano,2008,-1.4342743312012718,False,False
Belgrano,2009,3.749999999999999,False,False
Belgrano,2009,1.5364425591947515,False,False
Belgrano,2009,-0.33600546013309107,False,False
Belgrano,2009,-0.29081591132988605,False,False
Belgrano,2010,0.5601166545164201,False,False
Belgrano,2010,0.27983498727102113,False,False
Belgrano,2010,-0.6390358076147193,False,False
Belgrano,2010,-0.35883545998656746,False,False
Belgrano,2011,0.5960451233724646,False,False
Belgrano,2011,0.3204185791472435,False,False
Belgrano,2011,-1.8719584146847008,True,False
Belgrano,2011,-1.2111469253231915,False,False
Belgrano,2012,1.9418491645408715,False,False
Belgrano,2012,1.1578025573062225,False,False
Belgrano,2012,-1.4157027552661525,False,False
Belgrano,2012,-0.929568272671556,False,False
Belgrano,2013,0.6021025718872554,False,False
Belgrano,2013,0.3840512224231297,False,False
Belgrano,2013,0.494039425363676,False,False
Belgrano,2013,0.7023205158299237,False,False
Belgrano,2014,0.7810807514057241,False,False
Belgrano,2014,1.7629651094141259,False,False
Belgrano,2014,-4.626813958590479,True,False
Belgrano,2014,-1.632993161855454,True,False
Belgrano,2015,0.26375218935831507,False,False
Belgrano,2015,0.26375218935831507,False,False
Belgrano,2015,-0.19166296949998216,False,False
Belgrano,2015,0.11405318970244042,False,False
Belgrano,2016,2.811551044727532,False,False
Belgrano,2016,1.6132233653638999,False,False
Belgrano,2016,-1.3997084244475322,False,False
Belgrano,2016,-0.9829463743659818,False,False
Belgrano,2017,0.6241422083218942,False,False
Belgrano,2017,0.40800249522950205,False,False
Belgrano,2017,-2.993107282832338,True,True
Belgrano,2017,-1.4912518972873143,False,False
Belgrano,2018,1.3247413636138623,False,False
Belgrano,2018,0.9209713051710159,False,False
Belgrano,2018,-0.39067654591768786,False,False
Belgrano,2018,-0.21310567256654045,False,False
Belgrano,2019,0.8365683066041217,False,False
Belgrano,2019,0.5556927568263852,False,False
Belgrano,2019,-0.20703488256536262,False,False
Belgrano,2019,0.017776899927851187,False,False
Belgrano,2020,0.14919812163792137,False,False
Belgrano,2020,-0.28713701443102246,False,False
Belgrano,2020,-0.9128030552074431,False,False
Belgrano,2020,-0.8916793283125463,False,False
Belgrano,2021,-1.2799227504779653,False,False
Belgrano,2021,-0.9965457582448957,False,False
Belgrano,2021,-0.6751399510385916,False,False
Belgrano,2021,-0.7302967433404481,False,False
Belgrano,2022,-107.77847651554005,True,True
Belgrano,2022,-1.788854381999832,True,True
Belgrano,2022,0.27386127875258304,False,False
Belgrano,2022,0.39036002917941326,False,False
Belgrano,2023,1.5144803708370715,False,False
Belgrano,2023,1.260976649982561,False,False
Belgrano,2023,-1.458475219009016,False,False
Belgrano,2023,-1.561440116717653,True,False
Belgrano,2024,1.1372781313060594,False,False
Belgrano,2024,0.8358875584287143,False,False
Belgrano,2024,0.09370425713316365,False,False
Belgrano,2024,0.21183228859772626,False,False
Bella Vista,1981,,False,False
Bella Vista,1982,,False,False
Bella Vista,1983,,False,False
Bella Vista,1984,3.578393360526891,False,False
Bella Vista,1985,0.6529850669118323,False,False
Bella Vista,1986,0.40900552563916254,False,False
Bella Vista,1987,-0.8070680604833803,False,False
Bella Vista,1988,9.646619417912625,False,False
Bella Vista,1989,1.516763810672927,False,False
Bella Vista,1990,-2.013230554308985,True,False
Bella Vista,1991,0.6894147707532069,False,False
Bella Vista,1992,-0.5153760431295666,False,False
Bella Vista,1993,-0.2379318528345014,False,False
Bella Vista,1994,0.03877651954610498,False,False
Bella Vista,1995,0.5285394162065657,False,False
Bella Vista,1996,0.4860140512302394,False,False
Bella Vista,1997,0.10296913107229931,False,False
Bella Vista,1998,1.71122026564279,False,False
Bella Vista,1999,2.48159213247501,False,False
Bella Vista,2000,2.386296741449914,False,False
Bella Vista,2001,-1.0144128894436517,False,False
Bella Vista,2002,2.2051772211143126,False,False
Bella Vista,2003,-0.7403901452858158,False,False
Bella Vista,2005,-1.1542392996397859,False,False
Bella Vista,2007,-0.413217178435708,False,False
Bella Vista,2008,-2.005169653736226,True,False
Bella Vista,2009,1.493277185307682,False,False
Bella Vista,2010,1.4026876933574466,False,False
Bella Vista,2013,1.339051727840097,False,False
Bella Vista,2018,5.439008872843647,False,False
Bella Vista,2019,1.6585935338162858,False,False
Bella Vista,2020,0.6712627342048488,False,False
Bella Vista,2021,-0.1531768511588163,False,False
Bella Vista,2022,-0.44376370909324797,False,False
Bella Vista,2023,-1.5758335037455882,True,False
Bella Vista,2024,1.6625590407869932,False,False
Benito Juarez,1981,,False,False
Benito Juarez,1982,,False,False
Benito Juarez,1983,,False,False
Benito Juarez,1984,-0.086710996952412,False,False
Benito Juarez,1985,0.9809573962758735,False,False
Benito Juarez,1986,-0.5265323132056018,False,False
Benito Juarez,1987,0.8534190068116704,False,False
Benito Juarez,1988,-1.2334773981662153,False,False
Benito Juarez,1989,1.084240242846385,False,False
Benito Juarez,1990,-0.4709278508609609,False,False
Benito Juarez,1991,0.8858043509216792,False,False
Benito Juarez,1992,-1.555168104788716,True,False
Benito Juarez,1993,-0.5188184554834389,False,False
Benito Juarez,1994,-0.2880476888336875,False,False
Benito Juarez,1995,-0.4548053121357839,False,False
Benito Juarez,1996,2.9941126340143724,False,False
Benito Juarez,1997,2.72328284247511,False,False
Benito Juarez,1998,-0.6639492927069481,False,False
Benito Juarez,1999,1.4130741011315204,False,False
Benito Juarez,2000,0.22009969995167086,False,False
Benito Juarez,2001,0.9497782982795373,False,False
Benito Juarez,2002,0.16268406719211703,False,False
Benito Juarez,2003,1.2764443778933965,False,False
Benito Juarez,2004,-0.1820265481010641,False,False
Benito Juarez,2005,1.5641760488455465,False,False
Benito Juarez,2006,-0.27721367665330504,False,False
Benito Juarez,2007,-1.1473743336115092,False,False
Benito Juarez,2008,-3.213474574208464,True,False
Benito Juarez,2009,3.8494233775477107,False,False
Benito Juarez,2010,1.2924597246406997,False,False
Benito Juarez,2011,0.9672510797559041,False,False
Benito Juarez,2012,0.784734674770886,False,False
Benito Juarez,2013,-1.6544982476393855,True,False
Benito Juarez,2014,-0.8394554650736081,False,False
Benito Juarez,2015,-0.42385935535021263,False,False
Benito Juarez,2016,-0.29908582824533975,False,False
Benito Juarez,2017,-1.9683542883970775,True,False
Benito Juarez,2018,1.0733381547865282,False,False
Benito Juarez,2019,0.7159278271927606,False,False
Benito Juarez,2020,0.5948002178533379,False,False
Benito Juarez,2021,0.9527171896293993,False,False
Benito Juarez,2022,-0.43688712397964863,False,False
Benito Juarez,2023,0.18257418583505566,False,False
Benito Juarez,2024,-1.6431676725155009,True,False
Bermejo,1981,,False,False
Bermejo,1982,,False,False
Bermejo,1983,,False,False
Bermejo,1984,24.918825912285733,False,False
Bermejo,1985,-1.5476456216845385,True,False
Bermejo,1986,0.6555717405650483,False,False
Bermejo,1987,0.05811078338234329,False,False
Bermejo,1988,1.3848712382844455,False,False
Bermejo,1989,0.44129752846978093,False,False
Bermejo,1993,0.13796635675697053,False,False
Bermejo,1994,-0.3869537668355739,False,False
Bermejo,1995,1.1546947066129263,False,False
Bermejo,1996,-0.09196955501915859,False,False
Bermejo,1997,6.130408377190539,False,False
Bermejo,1998,0.0803219328902499,False,False
Bermejo,1999,2.324203751163628,False,False
Bermejo,2000,-1.29209604717372,False,False
Bermejo,2001,0.978268544825189,False,False
Bermejo,2002,-0.43360072915775766,False,False
Bermejo,2003,1.6621547069151243,False,False
Bermejo,2004,-0.7396768090807053,False,False
Bermejo,2005,-0.7612318694627197,False,False
Bermejo,2006,-0.9542177566413315,False,False
Bermejo,2007,0.15825464959547939,False,False
Bermejo,2008,-1.6573671483271077,True,False
Bermejo,2009,1.6894735829998422,False,False
Bermejo,2010,2.5742098632849397,False,False
Bermejo,2011,0.5631457076780166,False,False
Bermejo,2012,-1.0425881880283598,False,False
Bermejo,2013,2.6500229253977503,False,False
Bermejo,2014,1.2878437621686667,False,False
Bermejo,2015,1.1146662395071647,False,False
Beron De Astrada,1981,,False,False
Beron De Astrada,1982,,False,False
Beron De Astrada,1983,,False,False
Beron De Astrada,1984,1.7594784092337856,False,False
Beron De Astrada,1985,2.0505040732216306,False,False
Beron De Astrada,1986,1.00007488719123,False,False
Beron De Astrada,1987,-0.9907572847092213,False,False
Beron De Astrada,1988,1.9268652343882786,False,False
Beron De Astrada,1989,5.8374436807223296,False,False
Beron De Astrada,1991,1.0117357083516871,False,False
Beron De Astrada,1995,-0.5361273582210602,False,False
Beron De Astrada,1996,0.689178253929973,False,False
Beron De Astrada,1997,0.4085748482387512,False,False
Beron De Astrada,1998,0.1829164482178572,False,False
Beron De Astrada,1999,0.4472135954999582,False,False
Beron De Astrada,2000,-1.7888543819998313,True,False
Beron De Astrada,2001,-1.7888543819998315,True,False
Beron De Astrada,2002,-1.5498276464738885,True,False
Beron De Astrada,2003,-1.0553053140502462,False,False
Beron De Astrada,2005,-0.41519587750909237,False,False
Beron De Astrada,2007,-1.7687076614947468,True,False
Beron De Astrada,2008,-5.484295173598961,True,False
Beron De Astrada,2018,22.88008072677732,False,False
Beron De Astrada,2019,1.7809957960055214,False,False
Beron De Astrada,2020,0.817599392016279,False,False
Beron De Astrada,2021,0.18588400503610047,False,False
Beron De Astrada,2022,-0.06532950893715146,False,False
Beron De Astrada,2023,-1.5758335037455862,True,False
Beron De Astrada,2024,1.6625590407869912,False,False
Bolivar,1981,,False,False
Bolivar,1982,,False,False
Bolivar,1983,,False,False
Bolivar,1984,0.35754245459738937,False,False
Bolivar,1985,0.6595907450841729,False,False
Bolivar,1986,-0.46923587479849804,False,False
Bolivar,1987,1.347779993985969,False,False
Bolivar,1988,-1.3359110853915224,False,False
Bolivar,1989,0.4201945204649065,False,False
Bolivar,1990,1.5851980382664441,False,False
Bolivar,1991,2.2890551684454064,False,False
Bolivar,1992,-0.6296623967334184,False,False
Bolivar,1993,0.4943278398800966,False,False
Bolivar,1994,-0.40855676627891246,False,False
Bolivar,1995,-1.8877596148970774,True,False
Bolivar,1996,0.9399344427973456,False,False
Bolivar,1997,2.5298189003058917,False,False
Bolivar,1998,-0.3514839434776953,False,False
Bolivar,1999,1.8320379233787483,False,False
Bolivar,2000,-0.22819196359862748,False,False
Bolivar,2001,-0.24573289737113682,False,False
Bolivar,2002,0.7653021883466145,False,False
Bolivar,2003,0.7667051565191338,False,False
Bolivar,2004,1.7497817962263593,False,False
Bolivar,2005,0.2964664849213387,False,False
Bolivar,2006,3.394112549695428,False,False
Bolivar,2007,-0.17069472940744834,False,False
Bolivar,2008,-2.590382335710559,True,False
Bolivar,2009,0.7057165626372457,False,False
Bolivar,2010,-0.5085396095581489,False,False
Bolivar,2011,0.6401531544788717,False,False
Bolivar,2012,0.8792172952304073,False,False
Bolivar,2013,-1.3278051894714709,False,False
Bolivar,2014,-0.03043941824380854,False,False
Bolivar,2015,0.5946570575034822,False,False
Bolivar,2016,0.701869549944966,False,False
Bolivar,2017,-1.6908675521401453,True,False
Bolivar,2018,1.591644851508443,False,False
Bolivar,2019,0.2233887510889043,False,False
Bolivar,2020,-0.4900980294098034,False,False
Bolivar,2021,0.8807710121010885,False,False
Bolivar,2022,-0.5341141222903942,False,False
Bolivar,2023,-0.6002186418251075,False,False
Bolivar,2024,-0.3217486677621807,False,False
Bragado,1981,,False,False
Bragado,1982,,False,False
Bragado,1983,,False,False
Bragado,1984,-0.2758177513581356,False,False
Bragado,1985,1.7095280736466756,False,False
Bragado,1986,0.6043776711800166,False,False
Bragado,1987,1.8308385410886305,False,False
Bragado,1988,-1.6675740265973724,True,False
Bragado,1989,-0.6527763270394995,False,False
Bragado,1990,1.33142194787749,False,False
Bragado,1991,3.704640233429687,False,False
Bragado,1992,0.5977459196336418,False,False
Bragado,1993,-0.5253011514535185,False,False
Bragado,1994,1.4500679954188933,False,False
Bragado,1995,1.394592028894716,False,False
Bragado,1996,2.011803146947834,False,False
Bragado,1997,2.086254218343887,False,False
Bragado,1998,0.5761155729184425,False,False
Bragado,1999,-1.15413538831152,False,False
Bragado,2000,-0.913890719637182,False,False
Bragado,2001,0.06981822535294845,False,False
Bragado,2002,1.3042961289682193,False,False
Bragado,2003,0.7674930056122126,False,False
Bragado,2004,1.8410364042524336,False,False
Bragado,2005,0.6288563249483069,False,False
Bragado,2006,2.9819972656439,False,False
Bragado,2007,-1.1868848521124167,False,False
Bragado,2008,-2.849198511405417,True,False
Bragado,2009,0.1236767088473987,False,False
Bragado,2010,-0.35490894683920726,False,False
Bragado,2011,-0.5698002651673704,False,False
Bragado,2012,1.1410105983230792,False,False
Bragado,2013,0.8921711034450889,False,False
Bragado,2014,2.4926674310444925,False,False
Bragado,2015,1.1786724369466746,False,False
Bragado,2016,1.0147843288317735,False,False
Bragado,2017,-3.0134028962163972,True,False
Bragado,2018,0.7399956641006085,False,False
Bragado,2019,-0.23962861890851017,False,False
Bragado,2020,0.6767038631434246,False,False
Bragado,2021,-0.5410884154124647,False,False
Bragado,2022,-5.744486905216682,True,False
Bragado,2023,0.1856970697554964,False,False
Bragado,2024,0.5132653347921707,False,False
Brandsen,1981,,False,False
Brandsen,1982,,False,False
Brandsen,1983,,False,False
Brandsen,1984,1.1196709354372845,False,False
Brandsen,1985,0.23689673996338392,False,False
Brandsen,1986,0.21721650985068397,False,False
Brandsen,1987,-0.06389168104606242,False,False
Brandsen,1988,-6.549971577005085,True,False
Brandsen,2003,4.191212838814197,False,False
Brandsen,2004,2.362832775167184,False,False
Brandsen,2005,0.7907911869784625,False,False
Brandsen,2006,1.374285560414584,False,False
Brandsen,2007,0.6677640974713586,False,False
Brandsen,2008,-2.089099247124383,True,False
Brandsen,2009,1.1779533567471747,False,False
Brandsen,2010,-0.2346664525412752,False,False
Brandsen,2011,-1.2035522213335723,False,False
Brandsen,2012,-0.7963559322533083,False,False
Brandsen,2013,1.0098053613032434,False,False
Brandsen,2014,2.10701761087376,False,False
Brandsen,2015,0.4756914841042267,False,False
Brandsen,2016,1.4414718733401874,False,False
Brandsen,2017,-0.6172230618485067,False,False
Brandsen,2018,1.1145564251507059,False,False
Brandsen,2019,0.21320071635561044,False,False
Brandsen,2020,-0.02247332874877474,False,False
Brandsen,2021,-1.627383661316822,True,False
Brandsen,2022,-2.1449890431212055,True,False
Brandsen,2023,0.45907808504876707,False,False
Brandsen,2024,-0.09345386270319957,False,False
Burruyacu,1981,,False,False
Burruyacu,1982,,False,False
Burruyacu,1983,,False,False
Burruyacu,1984,-0.8717350319366827,False,False
Burruyacu,1985,1.6398082156842395,False,False
Burruyacu,1986,0.37151689947911054,False,False
Burruyacu,1987,-0.7874186503863921,False,False
Burruyacu,1988,-4.453946108709744,True,False
Burruyacu,1989,0.9824289392756066,False,False
Burruyacu,1990,1.3125619561634045,False,False
Burruyacu,1991,1.5766304283483408,False,False
Burruyacu,1992,0.9720158387827011,False,False
Burruyacu,1993,0.9719054477801791,False,False
Burruyacu,1994,0.5490912124075317,False,False
Burruyacu,1995,-1.9640274212880144,True,False
Burruyacu,1996,2.78884408927221,False,False
Burruyacu,1997,1.0619300467598605,False,False
Burruyacu,1998,0.8142949401812051,False,False
Burruyacu,2004,2.21007502468079,False,False
Burruyacu,2005,0.22928788634346725,False,False
Burruyacu,2006,3.518598574346252,False,False
Burruyacu,2007,-0.664480988035528,False,False
Burruyacu,2008,1.146127270034109,False,False
Burruyacu,2009,-0.09942423956492484,False,False
Burruyacu,2010,1.7386803007917837,False,False
Burruyacu,2011,-3.0229098315630316,True,False
Burruyacu,2012,-0.8027600262781123,False,False
Burruyacu,2013,0.6568604857397804,False,False
Burruyacu,2014,0.18332563505198815,False,False
Burruyacu,2015,1.0627475006150309,False,False
Burruyacu,2016,0.2087667001917663,False,False
Burruyacu,2017,0.576676402658216,False,False
Burruyacu,2018,1.7440138068306228,False,False
Burruyacu,2019,-1.847739541748624,True,False
Burruyacu,2020,-1.3386637337362182,False,False
Burruyacu,2021,-0.5538487756217113,False,False
Burruyacu,2022,-1.33480027452997,False,False
Burruyacu,2023,-2.272061652100003,True,False
Burruyacu,2024,0.022836645680116105,False,False
Cachi,2000,,False,False
Cachi,2001,,False,False
Cachi,2002,,False,False
Cachi,2003,2.309401076758503,False,False
Cachi,2004,1.2247448713915892,False,False
Cachi,2005,-0.23904572186687875,False,False
Cachi,2006,-0.7302967433402215,False,False
Cachi,2007,-0.7302967433402215,False,False
Cachi,2008,1.0954451150103324,False,False
Cachi,2009,1.0954451150103324,False,False
Cachi,2010,1.460593486680443,False,False
Cachi,2011,4.000574671362782,False,False
Cachi,2012,-2.9726021658411734,True,False
Cachi,2013,0.964009080255661,False,False
Cachi,2014,1.74222355006872,False,False
Cachi,2015,0.7803815538691551,False,False
Cachi,2016,0.08216819566609497,False,False
Cachi,2017,0.27076967389859014,False,False
Cachi,2018,-0.8215271617068405,False,False
Cachi,2019,-0.600320101959648,False,False
Cachi,2020,0.08032193289024957,False,False
Cachi,2021,6.999999999999824,False,False
Cachi,2023,-1.7888543819998273,True,False
Cachi,2024,1.3375189924687867,False,False
Cainguas,1981,,False,False
Cainguas,1982,,False,False
Cainguas,1983,,False,False
Cainguas,1984,-0.08,False,False
Cainguas,1985,-1.19881226136073,False,False
Cainguas,1986,15.872513098173716,False,False
Cainguas,1987,1.7718629969914954,False,False
Cainguas,1988,2.205849588093749,False,False
Cainguas,1989,2.032521867685641,False,False
Cainguas,1991,3.2365769918040703,False,False
Cainguas,1992,-3.1119340199668595,True,False
Cainguas,1993,-0.4089072591172068,False,False
Cainguas,1994,-0.3586321628875147,False,False
Cainguas,1995,0.24877881576524022,False,False
Cainguas,1996,0.9256032365791615,False,False
Cainguas,1997,-0.48678625045806256,False,False
Cainguas,1998,0.857686228570785,False,False
Cainguas,1999,0.9729847647894854,False,False
Cainguas,2000,0.6459337497775852,False,False
Cainguas,2001,-0.571380388235988,False,False
Cainguas,2002,0.5026246899500347,False,False
Cainguas,2003,-1.9474579822405926,True,False
Cainguas,2004,-3.0124740662784153,True,False
Cainguas,2005,-0.11965648071908212,False,False
Cainguas,2006,-2.4639561967236405,True,False
Cainguas,2007,-1.4443113628998443,False,False
Cainguas,2008,-1.588692437815398,True,False
Cainguas,2009,1.5614973330751325,False,False
Cainguas,2010,1.0333637296510876,False,False
Cainguas,2011,-0.6619469471960119,False,False
Cainguas,2012,1.208409919036382,False,False
Cainguas,2013,1.4256449567048233,False,False
Cainguas,2014,1.0283555497713122,False,False
Cainguas,2015,0.885012191046052,False,False
Cainguas,2016,0.6553882059901203,False,False
Cainguas,2017,1.285394387178573,False,False
Cainguas,2018,16.406833208656035,False,False
Cainguas,2019,1.438315098363674,False,False
Cainguas,2020,0.42600643361512935,False,False
Cainguas,2021,-0.3595732599803959,False,False
Cainguas,2022,0.0547893801078994,False,False
Cainguas,2023,-1.9881069312188626,True,False
Cainguas,2024,2.2641442126069946,False,False
Calamuchita,1981,,False,False
Calamuchita,1982,,False,False
Calamuchita,1983,,False,False
Calamuchita,1984,6.084869844593312,False,False
Calamuchita,1985,1.1879638628909903,False,False
Calamuchita,1986,-0.08375431343827673,False,False
Calamuchita,1987,-0.6068103627230454,False,False
Calamuchita,1988,-2.9376434785757626,True,False
Calamuchita,1989,-0.9342703517665433,False,False
Calamuchita,1990,2.0921139807843008,False,False
Calamuchita,1993,2.0483302173364333,False,False
Calamuchita,1994,0.4609176679003332,False,False
Calamuchita,1995,0.15069701327668505,False,False
Calamuchita,1996,-1.537761561584236,True,False
Calamuchita,1997,1.1177148702336948,False,False
Calamuchita,1998,1.0091163555695377,False,False
Calamuchita,1999,1.8135858339854958,False,False
Calamuchita,2000,0.750574369508437,False,False
Calamuchita,2001,1.4633396449064178,False,False
Calamuchita,2002,2.4675613657161417,False,False
Calamuchita,2003,-0.18652014891361088,False,False
Calamuchita,2004,2.7112511549172513,False,False
Calamuchita,2005,-1.5592311203210552,True,False
Calamuchita,2006,1.4407971073221009,False,False
Calamuchita,2007,-0.3989882268065039,False,False
Calamuchita,2008,-0.02484040846661496,False,False
Calamuchita,2009,-2.043103279818928,True,False
Calamuchita,2010,-0.7015610998395336,False,False
Calamuchita,2011,-0.9401850907330744,False,False
Calamuchita,2012,2.074664186619924,False,False
Calamuchita,2013,1.0737802193062536,False,False
Calamuchita,2014,0.11481239530502696,False,False
Calamuchita,2015,0.07167226525269717,False,False
Calamuchita,2016,0.39352162218476017,False,False
Calamuchita,2017,-1.1616114419290549,False,False
Calamuchita,2018,1.1118081585821549,False,False
Calamuchita,2019,0.803354312405494,False,False
Calamuchita,2020,0.5137830903923016,False,False
Calamuchita,2021,-0.722897396012249,False,False
Calamuchita,2022,-4.016884516230214,True,False
Calamuchita,2023,0.4300366343107469,False,False
Calamuchita,2024,1.0811390586387786,False,False
Campana,1981,,False,False
Campana,1982,,False,False
Campana,1983,,False,False
Campana,1984,0.8643113299034961,False,False
Campana,1985,-0.6694731170834298,False,False
Campana,1986,-1.1830454721184362,False,False
Campana,1987,-0.9501207460140322,False,False
Campana,1988,-0.9779864848634903,False,False
Campana,1989,1.6928814683396074,False,False
Campana,1990,2.4766228888672037,False,False
Campana,1991,1.8588114306107675,False,False
Campana,1992,1.1293678311839803,False,False
Campana,1993,1.7360741598134835,False,False
Campana,1994,0.36002272655537126,False,False
Campana,1995,-2.2623470655717024,True,False
Campana,1996,0.8739969183863636,False,False
Campana,1997,2.3097310385023797,False,False
Campana,1998,0.3979487663093498,False,False
Campana,1999,-2.7631623517702173,True,False
Campana,2000,0.5496635083793555,False,False
Campana,2001,0.3338348694117616,False,False
Campana,2002,0.8561512272127326,False,False
Campana,2003,1.1941056590072323,False,False
Campana,2004,1.0891622972743418,False,False
Campana,2005,-0.8989844697897049,False,False
Campana,2006,2.433271908920398,False,False
Campana,2007,-0.9469571548662771,False,False
Campana,2008,-3.046827872256666,True,False
Campana,2009,1.9839454025737715,False,False
Campana,2010,-0.4184927284687974,False,False
Campana,2011,-0.7202352195295458,False,False
Campana,2012,0.977837346225535,False,False
Campana,2013,0.29091996843759665,False,False
Campana,2014,0.8810806766485926,False,False
Campana,2015,0.009543331632345428,False,False
Campana,2016,1.0824515925900207,False,False
Campana,2017,-1.2457552562031478,False,False
Campana,2018,2.2337494273650464,False,False
Campana,2019,-0.46307884115893566,False,False
Campana,2020,-0.4282877102377647,False,False
Campana,2021,-1.7873535451309825,True,False
Campana,2022,-2.03364797869386,True,False
Campana,2023,0.439398060328468,False,False
Campana,2024,0.394447460414728,False,False
Candelaria,1981,,False,False
Candelaria,1982,,False,False
Candelaria,1983,,False,False
Candelaria,1984,-0.2886751345948123,False,False
Candelaria,1985,1.3055824196677341,False,False
Candelaria,1986,6.410000000000001,False,False
Candelaria,1987,-0.22170076974691996,False,False
Candelaria,1988,2.378894769806392,False,False
Candelaria,1989,2.824814693191592,False,False
Candelaria,1993,-0.0055338712705012925,False,False
Candelaria,1994,-0.5381230965840516,False,False
Candelaria,1995,-1.4134232707707357,False,False
Candelaria,1996,2.15784300992758,False,False
Candelaria,1997,-2.607270167056053,True,False
Candelaria,1998,-1.3715181170546207,False,False
Candelaria,1999,1.4853880136248605,False,False
Candelaria,2000,1.0459219249512735,False,False
Candelaria,2001,0.1217161238900369,False,False
Candelaria,2002,-1.0550087574332592,False,False
Candelaria,2003,-1.0550087574332592,False,False
Candelaria,2004,-0.39562828403747224,False,False
Candelaria,2005,-0.9203579866168445,False,False
Candelaria,2006,-0.08944271909999159,False,False
Candelaria,2007,0.4804985534395314,False,False
Candelaria,2008,-0.9694521124707418,False,False
Candelaria,2009,3.2742769877075544,False,False
Candelaria,2010,1.1828047930258294,False,False
Candelaria,2011,-0.47857842355768815,False,False
Candelaria,2012,1.5671519090684307,False,False
Candelaria,2013,1.774736941501549,False,False
Candelaria,2014,1.24234747733961,False,False
Candelaria,2015,0.7066673738025834,False,False
Candelaria,2016,0.4721356368600894,False,False
Candelaria,2017,0.8511476098748234,False,False
Candelaria,2018,22.283854409479073,False,False
Candelaria,2019,1.4786048811014356,False,False
Candelaria,2020,-2.9593201512468634,True,False
Candelaria,2021,0.1560680605148126,False,False
Candelaria,2022,0.502280591402172,False,False
Candelaria,2023,-0.07055858975957086,False,False
Candelaria,2024,1.1555553621499306,False,False
Canuelas,1981,,False,False
Canuelas,1982,,False,False
Canuelas,1983,,False,False
Canuelas,1984,1.151440200940045,False,False
Canuelas,1985,0.11274690420042432,False,False
Canuelas,1986,-2.495401175568175,True,False
Canuelas,1987,-0.0986977613596807,False,False
Canuelas,1989,1.0938195834500268,False,False
Canuelas,1990,2.0318886358684694,False,False
Canuelas,1991,1.2530924945908821,False,False
Canuelas,1992,0.5288602388061514,False,False
Canuelas,1993,-0.12870311550090288,False,False
Canuelas,1994,0.670468209859996,False,False
Canuelas,1995,-1.9262985289251666,True,False
Canuelas,1996,1.1157902606691943,False,False
Canuelas,1997,6.510023136254429,False,False
Canuelas,1998,-0.39517459546429745,False,False
Canuelas,1999,-0.0347760353971534,False,False
Canuelas,2000,-0.15744711649058937,False,False
Canuelas,2001,0.23601472444022234,False,False
Canuelas,2002,1.6662590366057735,False,False
Canuelas,2003,2.2808796286920385,False,False
Canuelas,2004,2.3652809842627947,False,False
Canuelas,2005,0.38549796831115857,False,False
Canuelas,2006,2.057488208671797,False,False
Canuelas,2007,-0.5450287775518305,False,False
Canuelas,2008,-3.0440293706824706,True,False
Canuelas,2009,0.42806867171690627,False,False
Canuelas,2010,-0.8107326273184943,False,False
Canuelas,2011,-1.2238641291701782,False,False
Canuelas,2012,0.3527420243786759,False,False
Canuelas,2013,0.4389864380625363,False,False
Canuelas,2014,1.6368448332432055,False,False
Canuelas,2015,0.3534520802441137,False,False
Canuelas,2016,1.4129072800831428,False,False
Canuelas,2017,-1.6546806079840612,True,False
Canuelas,2018,0.7312861717079769,False,False
Canuelas,2019,0.05158249587084823,False,False
Canuelas,2020,0.11253847187391093,False,False
Canuelas,2021,-1.0659034828453202,False,False
Canuelas,2022,-2.0905904816278364,True,False
Canuelas,2023,0.3829346506114935,False,False
Canuelas,2024,-0.18772930178557282,False,False
Capayan,1981,,False,False
Capayan,1982,,False,False
Capayan,1983,,False,False
Capayan,1984,0.1718600156490825,False,False
Capayan,1985,2.848364280503229,False,False
Capayan,1986,-0.9272125981515583,False,False
Capayan,1987,1.592837541182798,False,False
Capayan,1988,-1.764472236657046,True,False
Capayan,1989,1.5945531853930737,False,False
Capayan,1991,1.8080081792506555,False,False
Capayan,1992,1.8558089093359726,False,False
Capayan,1995,1.1503888162425844,False,False
Capayan,1996,0.7868299101626874,False,False
Capayan,1997,1.6292734582143207,False,False
Capayan,1998,0.30779350562554614,False,False
Capayan,2004,1.7528092952548795,False,False
Capayan,2005,1.0817343730007571,False,False
Capayan,2006,0.7228973960122483,False,False
Capayan,2007,3.2422985673746894,False,False
Capayan,2008,1.5029382986043578,False,False
Capayan,2009,1.0954451150103315,False,False
Capayan,2010,1.3693063937629144,False,False
Capayan,2011,4.181296090235612,False,False
Capayan,2012,-12.05360789227341,True,False
Capayan,2013,-1.7621185500700156,True,False
Capayan,2021,-0.045344861696248455,False,False
Capayan,2022,-1.0151933325673943,False,False
Capayan,2023,-0.6753723332266579,False,False
Capayan,2024,1.3560670315160015,False,False
Capital,1981,,False,False
Capital,1981,,False,False
Capital,1981,,False,False
Capital,1981,,False,False
Capital,1981,,False,False
Capital,1981,,False,False
Capital,1981,-inf,True,False
Capital,1981,-1.788854381999832,True,False
Capital,1981,-1.0954451150103321,False,False
Capital,1981,-0.7302967433402215,False,False
Capital,1981,-0.447213595499958,False,False
Capital,1981,,False,False
Capital,1981,inf,False,False
Capital,1981,1.7888543819998317,False,False
Capital,1981,1.095445115010332,False,False
Capital,1981,0.7302967433402218,False,False
Capital,1981,0.4472135954999581,False,False
Capital,1981,,False,False
Capital,1981,inf,False,False
Capital,1981,1.7888543819998317,False,False
Capital,1981,1.0954451150103321,False,False
Capital,1981,0.7302967433402214,False,False
Capital,1981,0.4472135954999579,False,False
Capital,1981,,False,False
Capital,1981,inf,False,False
Capital,1981,1.7888543819998317,False,False
Capital,1981,1.0954451150103321,False,False
Capital,1981,0.7302967433402214,False,False
Capital,1981,0.4472135954999579,False,False
Capital,1981,,False,False
Capital,1981,-inf,True,False
Capital,1981,-1.7888543819998657,True,False
Capital,1981,-1.0954451150104048,False,False
Capital,1981,-0.7302967433400854,False,False
Capital,1981,-0.4472135954998817,False,False
Capital,1981,,False,False
Capital,1982,inf,False,False
Capital,1982,1.788854381999832,False,False
Capital,1982,1.0954451150103326,False,False
Capital,1982,0.7302967433402209,False,False
Capital,1982,0.44721359549995765,False,False
Capital,1982,,False,False
Capital,1982,-inf,True,False
Capital,1982,-1.7888543819998317,True,False
Capital,1982,-1.0954451150103321,False,False
Capital,1982,-0.7302967433402214,False,False
Capital,1982,-0.4472135954999579,False,False
Capital,1982,,False,False
Capital,1982,inf,False,False
Capital,1982,1.7888543819998317,False,False
Capital,1982,1.0954451150103321,False,False
Capital,1982,0.7302967433402214,False,False
Capital,1982,0.4472135954999579,False,False
Capital,1982,,False,False
Capital,1982,,False,False
Capital,1982,,False,False
Capital,1982,,False,False
Capital,1982,,False,False
Capital,1982,,False,False
Capital,1982,,False,False
Capital,1982,inf,False,False
Capital,1982,1.7888543819998317,False,False
Capital,1982,1.0954451150103321,False,False
Capital,1982,0.7302967433402214,False,False
Capital,1982,0.4472135954999579,False,False
Capital,1982,,False,False
Capital,1982,inf,False,False
Capital,1982,1.7888543819998315,False,False
Capital,1982,1.0954451150103317,False,False
Capital,1982,0.7302967433402225,False,False
Capital,1982,0.44721359549995854,False,False
Capital,1982,,False,False
Capital,1983,inf,False,False
Capital,1983,1.7888543819998317,False,False
Capital,1983,1.0954451150103324,False,False
Capital,1983,0.7302967433402211,False,False
Capital,1983,0.4472135954999577,False,False
Capital,1983,,False,False
Capital,1983,-inf,True,False
Capital,1983,-1.7888543819998317,True,False
Capital,1983,-1.0954451150103321,False,False
Capital,1983,-0.7302967433402214,False,False
Capital,1983,-0.4472135954999579,False,False
Capital,1983,,False,False
Capital,1983,inf,False,False
Capital,1983,1.7888543819998317,False,False
Capital,1983,1.0954451150103324,False,False
Capital,1983,0.7302967433402215,False,False
Capital,1983,0.4472135954999579,False,False
Capital,1983,,False,False
Capital,1983,-inf,True,False
Capital,1983,-1.7888543819998317,True,False
Capital,1983,-1.0954451150103321,False,False
Capital,1983,-0.7302967433402214,False,False
Capital,1983,-0.4472135954999579,False,False
Capital,1983,,False,False
Capital,1983,inf,False,False
Capital,1983,1.788854381999832,False,False
Capital,1983,1.0954451150103324,False,False
Capital,1983,0.7302967433402215,False,False
Capital,1983,0.447213595499958,False,False
Capital,1983,,False,False
Capital,1984,inf,False,False
Capital,1984,1.788854381999832,False,False
Capital,1984,1.0954451150103321,False,False
Capital,1984,0.7302967433402214,False,False
Capital,1984,0.447213595499958,False,False
Capital,1984,,False,False
Capital,1984,-inf,True,False
Capital,1984,-1.788854381999832,True,False
Capital,1984,-1.0954451150103321,False,False
Capital,1984,-0.7302967433402214,False,False
Capital,1984,-0.447213595499958,False,False
Capital,1984,,False,False
Capital,1984,inf,False,False
Capital,1984,1.7888543819998317,False,False
Capital,1984,1.095445115010332,False,False
Capital,1984,0.7302967433402218,False,False
Capital,1984,0.44721359549995815,False,False
Capital,1984,,False,False
Capital,1984,-inf,True,False
Capital,1984,-1.7888543819998317,True,False
Capital,1984,-1.0954451150103321,False,False
Capital,1984,-0.730296743340222,False,False
Capital,1984,-0.4472135954999581,False,False
Capital,1984,,False,False
Capital,1984,inf,False,False
Capital,1984,1.788854381999832,False,False
Capital,1984,1.0954451150103321,False,False
Capital,1984,0.7302967433402214,False,False
Capital,1984,0.447213595499958,False,False
Capital,1984,,False,False
Capital,1985,inf,False,False
Capital,1985,1.7888543819998317,False,False
Capital,1985,1.0954451150103321,False,False
Capital,1985,0.7302967433402214,False,False
Capital,1985,0.4472135954999579,False,False
Capital,1985,,False,False
Capital,1985,-inf,True,False
Capital,1985,-1.788854381999832,True,False
Capital,1985,-1.0954451150103321,False,False
Capital,1985,-0.7302967433402217,False,False
Capital,1985,-0.447213595499958,False,False
Capital,1985,,False,False
Capital,1985,inf,False,False
Capital,1985,1.7888543819998317,False,False
Capital,1985,1.0954451150103321,False,False
Capital,1985,0.7302967433402212,False,False
Capital,1985,0.44721359549995776,False,False
Capital,1985,,False,False
Capital,1985,-inf,True,False
Capital,1985,-1.7888543819998317,True,False
Capital,1985,-1.0954451150103321,False,False
Capital,1985,-0.7302967433402215,False,False
Capital,1985,-0.4472135954999582,False,False
Capital,1985,,False,False
Capital,1985,inf,False,False
Capital,1985,1.788854381999832,False,False
Capital,1985,1.0954451150103321,False,False
Capital,1985,0.7302967433402214,False,False
Capital,1985,0.447213595499958,False,False
Capital,1985,,False,False
Capital,1985,-inf,True,False
Capital,1985,-1.7888543819998313,True,False
Capital,1985,-1.095445115010331,False,False
Capital,1985,-0.7302967433402238,False,False
Capital,1985,-0.44721359549995926,False,False
Capital,1985,,False,False
Capital,1986,-inf,True,False
Capital,1986,-1.788854381999832,True,False
Capital,1986,-1.095445115010332,False,False
Capital,1986,-0.7302967433402215,False,False
Capital,1986,-0.4472135954999577,False,False
Capital,1986,,False,False
Capital,1986,inf,False,False
Capital,1986,1.7888543819998315,False,False
Capital,1986,1.0954451150103321,False,False
Capital,1986,0.7302967433402214,False,False
Capital,1986,0.44721359549995787,False,False
Capital,1986,,False,False
Capital,1986,-inf,True,False
Capital,1986,-1.7888543819998315,True,False
Capital,1986,-1.0954451150103326,False,False
Capital,1986,-0.7302967433402213,False,False
Capital,1986,-0.4472135954999579,False,False
Capital,1986,,False,False
Capital,1986,inf,False,False
Capital,1986,1.788854381999832,False,False
Capital,1986,1.0954451150103324,False,False
Capital,1986,0.7302967433402212,False,False
Capital,1986,0.4472135954999585,False,False
Capital,1986,,False,False
Capital,1986,,False,False
Capital,1986,,False,False
Capital,1986,,False,False
Capital,1986,,False,False
Capital,1986,,False,False
Capital,1986,,False,False
Capital,1987,-inf,True,False
Capital,1987,-1.7888543819998317,True,False
Capital,1987,-1.0954451150103321,False,False
Capital,1987,-0.7302967433402215,False,False
Capital,1987,-0.44721359549995776,False,False
Capital,1987,,False,False
Capital,1987,-inf,True,False
Capital,1987,-1.7888543819998313,True,False
Capital,1987,-1.0954451150103315,False,False
Capital,1987,-0.7302967433402229,False,False
Capital,1987,-0.4472135954999587,False,False
Capital,1987,,False,False
Capital,1987,inf,False,False
Capital,1987,1.7888543819998317,False,False
Capital,1987,1.0954451150103321,False,False
Capital,1987,0.7302967433402213,False,False
Capital,1987,0.4472135954999582,False,False
Capital,1987,,False,False
Capital,1987,inf,False,False
Capital,1987,1.7888543819998317,False,False
Capital,1987,1.0954451150103321,False,False
Capital,1987,0.7302967433402214,False,False
Capital,1987,0.4472135954999579,False,False
Capital,1987,,False,False
Capital,1987,-inf,True,False
Capital,1987,-1.7888543819998317,True,False
Capital,1987,-1.0954451150103321,False,False
Capital,1987,-0.7302967433402214,False,False
Capital,1987,-0.4472135954999579,False,False
Capital,1987,,False,False
Capital,1988,inf,False,False
Capital,1988,1.788854381999832,False,False
Capital,1988,1.0954451150103324,False,False
Capital,1988,0.7302967433402215,False,False
Capital,1988,0.447213595499958,False,False
Capital,1988,,False,False
Capital,1988,,False,False
Capital,1988,,False,False
Capital,1988,,False,False
Capital,1988,,False,False
Capital,1988,,False,False
Capital,1988,,False,False
Capital,1988,inf,False,False
Capital,1988,1.788854381999831,False,False
Capital,1988,1.0954451150103328,False,False
Capital,1988,0.730296743340221,False,False
Capital,1988,0.4472135954999595,False,False
Capital,1988,,False,False
Capital,1988,inf,False,False
Capital,1988,1.7888543819998328,False,False
Capital,1988,1.095445115010331,False,False
Capital,1988,0.7302967433402221,False,False
Capital,1988,0.4472135954999556,False,False
Capital,1988,,False,False
Capital,1988,-inf,True,False
Capital,1988,-1.7888543819998317,True,False
Capital,1988,-1.0954451150103321,False,False
Capital,1988,-0.7302967433402215,False,False
Capital,1988,-0.44721359549995776,False,False
Capital,1988,,False,False
Capital,1989,inf,False,False
Capital,1989,1.7888543819998317,False,False
Capital,1989,1.0954451150103321,False,False
Capital,1989,0.7302967433402214,False,False
Capital,1989,0.4472135954999579,False,False
Capital,1989,,False,False
Capital,1989,-inf,True,False
Capital,1989,-1.7888543819998317,True,False
Capital,1989,-1.095445115010332,False,False
Capital,1989,-0.7302967433402221,False,False
Capital,1989,-0.44721359549995826,False,False
Capital,1989,,False,False
Capital,1989,inf,False,False
Capital,1989,1.788854381999832,False,False
Capital,1989,1.0954451150103321,False,False
Capital,1989,0.7302967433402214,False,False
Capital,1989,0.447213595499958,False,False
Capital,1989,,False,False
Capital,1989,inf,False,False
Capital,1989,1.7888543819998317,False,False
Capital,1989,1.0954451150103321,False,False
Capital,1989,0.7302967433402214,False,False
Capital,1989,0.4472135954999579,False,False
Capital,1989,,False,False
Capital,1989,-inf,True,False
Capital,1989,-1.7888543819998317,True,False
Capital,1989,-1.0954451150103321,False,False
Capital,1989,-0.7302967433402214,False,False
Capital,1989,-0.4472135954999579,False,False
Capital,1989,,False,False
Capital,1990,inf,False,False
Capital,1990,1.7888543819998317,False,False
Capital,1990,1.0954451150103321,False,False
Capital,1990,0.7302967433402214,False,False
Capital,1990,0.4472135954999579,False,False
Capital,1990,,False,False
Capital,1990,-inf,True,False
Capital,1990,-1.788854381999832,True,False
Capital,1990,-1.0954451150103321,False,False
Capital,1990,-0.7302967433402214,False,False
Capital,1990,-0.447213595499958,False,False
Capital,1990,,False,False
Capital,1991,inf,False,False
Capital,1991,1.7888543819998317,False,False
Capital,1991,1.0954451150103321,False,False
Capital,1991,0.7302967433402214,False,False
Capital,1991,0.4472135954999579,False,False
Capital,1991,,False,False
Capital,1991,-inf,True,False
Capital,1991,-1.7888543819998315,True,False
Capital,1991,-1.0954451150103326,False,False
Capital,1991,-0.7302967433402217,False,False
Capital,1991,-0.4472135954999581,False,False
Capital,1991,,False,False
Capital,1991,inf,False,False
Capital,1991,1.788854381999832,False,False
Capital,1991,1.0954451150103328,False,False
Capital,1991,0.7302967433402202,False,False
Capital,1991,0.4472135954999572,False,False
Capital,1991,,False,False
Capital,1992,inf,False,False
Capital,1992,1.7888543819998317,False,False
Capital,1992,1.0954451150103321,False,False
Capital,1992,0.7302967433402214,False,False
Capital,1992,0.4472135954999579,False,False
Capital,1992,,False,False
Capital,1992,-inf,True,False
Capital,1992,-1.788854381999832,True,False
Capital,1992,-1.0954451150103321,False,False
Capital,1992,-0.7302967433402214,False,False
Capital,1992,-0.447213595499958,False,False
Capital,1992,,False,False
Capital,1992,inf,False,False
Capital,1992,1.7888543819998317,False,False
Capital,1992,1.0954451150103321,False,False
Capital,1992,0.7302967433402214,False,False
Capital,1992,0.4472135954999579,False,False
Capital,1992,,False,False
Capital,1992,inf,False,False
Capital,1992,1.7888543819998317,False,False
Capital,1992,1.0954451150103321,False,False
Capital,1992,0.7302967433402214,False,False
Capital,1992,0.4472135954999579,False,False
Capital,1992,,False,False
Capital,1993,inf,False,False
Capital,1993,1.788854381999832,False,False
Capital,1993,1.0954451150103321,False,False
Capital,1993,0.7302967433402214,False,False
Capital,1993,0.447213595499958,False,False
Capital,1993,,False,False
Capital,1993,-inf,True,False
Capital,1993,-1.7888543819998317,True,False
Capital,1993,-1.0954451150103321,False,False
Capital,1993,-0.7302967433402214,False,False
Capital,1993,-0.4472135954999579,False,False
Capital,1993,,False,False
Capital,1993,inf,False,False
Capital,1993,1.788854381999832,False,False
Capital,1993,1.0954451150103324,False,False
Capital,1993,0.7302967433402213,False,False
Capital,1993,0.44721359549995826,False,False
Capital,1993,,False,False
Capital,1993,inf,False,False
Capital,1993,1.7888543819998173,False,False
Capital,1993,1.0954451150103492,False,False
Capital,1993,0.7302967433402131,False,False
Capital,1993,0.4472135954999906,False,False
Capital,1993,,False,False
Capital,1993,inf,False,False
Capital,1993,1.7888543819998317,False,False
Capital,1993,1.0954451150103321,False,False
Capital,1993,0.7302967433402219,False,False
Capital,1993,0.4472135954999581,False,False
Capital,1993,,False,False
Capital,1994,inf,False,False
Capital,1994,1.788854381999831,False,False
Capital,1994,1.095445115010331,False,False
Capital,1994,0.7302967433402238,False,False
Capital,1994,0.4472135954999538,False,False
Capital,1994,,False,False
Capital,1994,-inf,True,False
Capital,1994,-1.7888543819998317,True,False
Capital,1994,-1.0954451150103321,False,False
Capital,1994,-0.7302967433402217,False,False
Capital,1994,-0.44721359549995804,False,False
Capital,1994,,False,False
Capital,1994,inf,False,False
Capital,1994,1.7888543819998317,False,False
Capital,1994,1.0954451150103321,False,False
Capital,1994,0.7302967433402215,False,False
Capital,1994,0.4472135954999579,False,False
Capital,1994,,False,False
Capital,1994,inf,False,False
Capital,1994,1.7888543819998317,False,False
Capital,1994,1.0954451150103321,False,False
Capital,1994,0.7302967433402214,False,False
Capital,1994,0.4472135954999579,False,False
Capital,1994,,False,False
Capital,1994,inf,False,False
Capital,1994,1.788854381999832,False,False
Capital,1994,1.0954451150103321,False,False
Capital,1994,0.7302967433402214,False,False
Capital,1994,0.447213595499958,False,False
Capital,1994,,False,False
Capital,1995,inf,False,False
Capital,1995,1.7888543819998317,False,False
Capital,1995,1.0954451150103321,False,False
Capital,1995,0.7302967433402214,False,False
Capital,1995,0.4472135954999579,False,False
Capital,1995,,False,False
Capital,1995,-inf,True,False
Capital,1995,-1.7888543819998317,True,False
Capital,1995,-1.0954451150103321,False,False
Capital,1995,-0.7302967433402218,False,False
Capital,1995,-0.4472135954999581,False,False
Capital,1995,,False,False
Capital,1995,inf,False,False
Capital,1995,1.788854381999831,False,False
Capital,1995,1.095445115010333,False,False
Capital,1995,0.7302967433402211,False,False
Capital,1995,0.4472135954999593,False,False
Capital,1995,,False,False
Capital,1995,-inf,True,False
Capital,1995,-1.7888543819998317,True,False
Capital,1995,-1.0954451150103321,False,False
Capital,1995,-0.7302967433402214,False,False
Capital,1995,-0.4472135954999579,False,False
Capital,1995,,False,False
Capital,1995,inf,False,False
Capital,1995,1.7888543819998317,False,False
Capital,1995,1.0954451150103321,False,False
Capital,1995,0.7302967433402213,False,False
Capital,1995,0.4472135954999578,False,False
Capital,1995,,False,False
Capital,1995,-inf,True,False
Capital,1995,-1.7888543819998322,True,False
Capital,1995,-1.0954451150103326,False,False
Capital,1995,-0.7302967433402208,False,False
Capital,1995,-0.44721359549995754,False,False
Capital,1995,,False,False
Capital,1996,inf,False,False
Capital,1996,1.7888543819998317,False,False
Capital,1996,1.0954451150103324,False,False
Capital,1996,0.7302967433402212,False,False
Capital,1996,0.4472135954999584,False,False
Capital,1996,,False,False
Capital,1996,-inf,True,False
Capital,1996,-1.788854381999832,True,False
Capital,1996,-1.0954451150103324,False,False
Capital,1996,-0.7302967433402213,False,False
Capital,1996,-0.44721359549995787,False,False
Capital,1996,,False,False
Capital,1996,inf,False,False
Capital,1996,1.7888543819998317,False,False
Capital,1996,1.0954451150103321,False,False
Capital,1996,0.7302967433402214,False,False
Capital,1996,0.4472135954999579,False,False
Capital,1996,,False,False
Capital,1996,inf,False,False
Capital,1996,1.7888543819998317,False,False
Capital,1996,1.0954451150103321,False,False
Capital,1996,0.7302967433402214,False,False
Capital,1996,0.4472135954999579,False,False
Capital,1996,,False,False
Capital,1996,inf,False,False
Capital,1996,1.7888543819998317,False,False
Capital,1996,1.0954451150103321,False,False
Capital,1996,0.7302967433402218,False,False
Capital,1996,0.4472135954999575,False,False
Capital,1996,,False,False
Capital,1997,inf,False,False
Capital,1997,1.7888543819998306,False,False
Capital,1997,1.0954451150103337,False,False
Capital,1997,0.7302967433402208,False,False
Capital,1997,0.4472135954999607,False,False
Capital,1997,,False,False
Capital,1997,-inf,True,False
Capital,1997,-1.788854381999832,True,False
Capital,1997,-1.0954451150103324,False,False
Capital,1997,-0.7302967433402215,False,False
Capital,1997,-0.447213595499958,False,False
Capital,1997,,False,False
Capital,1997,inf,False,False
Capital,1997,1.7888543819998317,False,False
Capital,1997,1.0954451150103321,False,False
Capital,1997,0.7302967433402213,False,False
Capital,1997,0.4472135954999578,False,False
Capital,1997,,False,False
Capital,1997,-inf,True,False
Capital,1997,-1.7888543819998317,True,False
Capital,1997,-1.0954451150103321,False,False
Capital,1997,-0.7302967433402214,False,False
Capital,1997,-0.4472135954999579,False,False
Capital,1997,,False,False
Capital,1997,inf,False,False
Capital,1997,1.7888543819998317,False,False
Capital,1997,1.0954451150103321,False,False
Capital,1997,0.7302967433402214,False,False
Capital,1997,0.4472135954999579,False,False
Capital,1997,,False,False
Capital,1997,inf,False,False
Capital,1997,1.788854381999832,False,False
Capital,1997,1.0954451150103324,False,False
Capital,1997,0.7302967433402215,False,False
Capital,1997,0.447213595499958,False,False
Capital,1997,,False,False
Capital,1998,-inf,True,False
Capital,1998,-1.7888543819998306,True,False
Capital,1998,-1.0954451150103335,False,False
Capital,1998,-0.7302967433402209,False,False
Capital,1998,-0.44721359549996037,False,False
Capital,1998,,False,False
Capital,1998,-inf,True,False
Capital,1998,-1.7888543819998317,True,False
Capital,1998,-1.0954451150103321,False,False
Capital,1998,-0.7302967433402217,False,False
Capital,1998,-0.4472135954999581,False,False
Capital,1998,,False,False
Capital,1998,inf,False,False
Capital,1998,1.788854381999832,False,False
Capital,1998,1.0954451150103321,False,False
Capital,1998,0.7302967433402214,False,False
Capital,1998,0.447213595499958,False,False
Capital,1998,,False,False
Capital,1998,-inf,True,False
Capital,1998,-1.7888543819998317,True,False
Capital,1998,-1.0954451150103321,False,False
Capital,1998,-0.7302967433402214,False,False
Capital,1998,-0.4472135954999579,False,False
Capital,1998,,False,False
Capital,1998,inf,False,False
Capital,1998,1.788854381999832,False,False
Capital,1998,1.0954451150103321,False,False
Capital,1998,0.7302967433402215,False,False
Capital,1998,0.4472135954999578,False,False
Capital,1998,,False,False
Capital,1998,inf,False,False
Capital,1998,1.7888543819998315,False,False
Capital,1998,1.0954451150103326,False,False
Capital,1998,0.7302967433402222,False,False
Capital,1998,0.4472135954999583,False,False
Capital,1998,,False,False
Capital,1999,inf,False,False
Capital,1999,1.788854381999832,False,False
Capital,1999,1.0954451150103324,False,False
Capital,1999,0.7302967433402215,False,False
Capital,1999,0.447213595499958,False,False
Capital,1999,,False,False
Capital,1999,-inf,True,False
Capital,1999,-1.788854381999832,True,False
Capital,1999,-1.095445115010332,False,False
Capital,1999,-0.7302967433402215,False,False
Capital,1999,-0.447213595499958,False,False
Capital,1999,,False,False
Capital,1999,inf,False,False
Capital,1999,1.7888543819998315,False,False
Capital,1999,1.095445115010332,False,False
Capital,1999,0.7302967433402221,False,False
Capital,1999,0.44721359549995837,False,False
Capital,1999,,False,False
Capital,1999,-inf,True,False
Capital,1999,-1.7888543819998317,True,False
Capital,1999,-1.0954451150103321,False,False
Capital,1999,-0.7302967433402214,False,False
Capital,1999,-0.4472135954999579,False,False
Capital,1999,,False,False
Capital,1999,inf,False,False
Capital,1999,1.7888543819998317,False,False
Capital,1999,1.0954451150103321,False,False
Capital,1999,0.7302967433402214,False,False
Capital,1999,0.4472135954999579,False,False
Capital,1999,,False,False
Capital,2000,inf,False,False
Capital,2000,1.788854381999832,False,False
Capital,2000,1.0954451150103321,False,False
Capital,2000,0.7302967433402215,False,False
Capital,2000,0.447213595499958,False,False
Capital,2000,,False,False
Capital,2000,-inf,True,False
Capital,2000,-1.7888543819998317,True,False
Capital,2000,-1.0954451150103324,False,False
Capital,2000,-0.7302967433402215,False,False
Capital,2000,-0.4472135954999579,False,False
Capital,2000,,False,False
Capital,2000,inf,False,False
Capital,2000,1.788854381999832,False,False
Capital,2000,1.0954451150103321,False,False
Capital,2000,0.7302967433402215,False,False
Capital,2000,0.447213595499958,False,False
Capital,2000,,False,False
Capital,2000,-inf,True,False
Capital,2000,-1.7888543819998317,True,False
Capital,2000,-1.0954451150103321,False,False
Capital,2000,-0.7302967433402214,False,False
Capital,2000,-0.4472135954999579,False,False
Capital,2000,,False,False
Capital,2000,,False,False
Capital,2000,,False,False
Capital,2000,,False,False
Capital,2000,,False,False
Capital,2000,,False,False
Capital,2000,,False,False
Capital,2001,inf,False,False
Capital,2001,1.7888543819998317,False,False
Capital,2001,1.0954451150103321,False,False
Capital,2001,0.7302967433402214,False,False
Capital,2001,0.4472135954999579,False,False
Capital,2001,,False,False
Capital,2001,-inf,True,False
Capital,2001,-1.7888543819998317,True,False
Capital,2001,-1.0954451150103321,False,False
Capital,2001,-0.7302967433402215,False,False
Capital,2001,-0.4472135954999579,False,False
Capital,2001,,False,False
Capital,2001,inf,False,False
Capital,2001,1.7888543819998317,False,False
Capital,2001,1.0954451150103321,False,False
Capital,2001,0.7302967433402215,False,False
Capital,2001,0.447213595499958,False,False
Capital,2001,,False,False
Capital,2001,-inf,True,False
Capital,2001,-1.7888543819998317,True,False
Capital,2001,-1.0954451150103321,False,False
Capital,2001,-0.7302967433402214,False,False
Capital,2001,-0.4472135954999579,False,False
Capital,2001,,False,False
Capital,2001,inf,False,False
Capital,2001,1.7888543819998317,False,False
Capital,2001,1.0954451150103321,False,False
Capital,2001,0.7302967433402214,False,False
Capital,2001,0.4472135954999579,False,False
Capital,2001,,False,False
Capital,2002,inf,False,False
Capital,2002,1.7888543819998317,False,False
Capital,2002,1.0954451150103321,False,False
Capital,2002,0.7302967433402214,False,False
Capital,2002,0.4472135954999579,False,False
Capital,2002,,False,False
Capital,2002,-inf,True,False
Capital,2002,-1.7888543819998317,True,False
Capital,2002,-1.0954451150103321,False,False
Capital,2002,-0.7302967433402214,False,False
Capital,2002,-0.4472135954999579,False,False
Capital,2002,,False,False
Capital,2002,inf,False,False
Capital,2002,1.7888543819998317,False,False
Capital,2002,1.0954451150103321,False,False
Capital,2002,0.7302967433402214,False,False
Capital,2002,0.4472135954999579,False,False
Capital,2002,,False,False
Capital,2002,-inf,True,False
Capital,2002,-1.7888543819998317,True,False
Capital,2002,-1.0954451150103321,False,False
Capital,2002,-0.7302967433402214,False,False
Capital,2002,-0.4472135954999579,False,False
Capital,2002,,False,False
Capital,2002,inf,False,False
Capital,2002,1.7888543819998317,False,False
Capital,2002,1.0954451150103321,False,False
Capital,2002,0.7302967433402214,False,False
Capital,2002,0.4472135954999579,False,False
Capital,2002,,False,False
Capital,2003,inf,False,False
Capital,2003,1.7888543819998317,False,False
Capital,2003,1.0954451150103321,False,False
Capital,2003,0.7302967433402214,False,False
Capital,2003,0.4472135954999579,False,False
Capital,2003,,False,False
Capital,2003,-inf,True,False
Capital,2003,-1.788854381999832,True,False
Capital,2003,-1.0954451150103324,False,False
Capital,2003,-0.7302967433402215,False,False
Capital,2003,-0.447213595499958,False,False
Capital,2003,,False,False
Capital,2003,inf,False,False
Capital,2003,1.788854381999832,False,False
Capital,2003,1.0954451150103321,False,False
Capital,2003,0.7302967433402214,False,False
Capital,2003,0.447213595499958,False,False
Capital,2003,,False,False
Capital,2003,-inf,True,False
Capital,2003,-1.7888543819998317,True,False
Capital,2003,-1.0954451150103324,False,False
Capital,2003,-0.7302967433402215,False,False
Capital,2003,-0.4472135954999579,False,False
Capital,2003,,False,False
Capital,2003,inf,False,False
Capital,2003,1.7888543819998317,False,False
Capital,2003,1.0954451150103321,False,False
Capital,2003,0.7302967433402214,False,False
Capital,2003,0.4472135954999579,False,False
Capital,2003,,False,False
Capital,2004,inf,False,False
Capital,2004,1.7888543819998317,False,False
Capital,2004,1.0954451150103324,False,False
Capital,2004,0.7302967433402215,False,False
Capital,2004,0.4472135954999579,False,False
Capital,2004,,False,False
Capital,2004,-inf,True,False
Capital,2004,-1.7888543819998317,True,False
Capital,2004,-1.0954451150103324,False,False
Capital,2004,-0.7302967433402215,False,False
Capital,2004,-0.4472135954999579,False,False
Capital,2004,,False,False
Capital,2004,-inf,True,False
Capital,2004,-1.7888543819998317,True,False
Capital,2004,-1.0954451150103321,False,False
Capital,2004,-0.7302967433402214,False,False
Capital,2004,-0.4472135954999579,False,False
Capital,2004,,False,False
Capital,2004,inf,False,False
Capital,2004,1.7888543819998317,False,False
Capital,2004,1.0954451150103321,False,False
Capital,2004,0.7302967433402214,False,False
Capital,2004,0.4472135954999579,False,False
Capital,2004,,False,False
Capital,2005,inf,False,False
Capital,2005,1.7888543819998317,False,False
Capital,2005,1.0954451150103321,False,False
Capital,2005,0.7302967433402214,False,False
Capital,2005,0.4472135954999579,False,False
Capital,2005,,False,False
Capital,2005,-inf,True,False
Capital,2005,-1.7888543819998317,True,False
Capital,2005,-1.0954451150103321,False,False
Capital,2005,-0.7302967433402214,False,False
Capital,2005,-0.4472135954999579,False,False
Capital,2005,,False,False
Capital,2005,inf,False,False
Capital,2005,1.7888543819998317,False,False
Capital,2005,1.0954451150103321,False,False
Capital,2005,0.7302967433402214,False,False
Capital,2005,0.4472135954999579,False,False
Capital,2005,,False,False
Capital,2005,-inf,True,False
Capital,2005,-1.7888543819998317,True,False
Capital,2005,-1.0954451150103321,False,False
Capital,2005,-0.7302967433402214,False,False
Capital,2005,-0.4472135954999579,False,False
Capital,2005,,False,False
Capital,2005,inf,False,False
Capital,2005,1.7888543819998317,False,False
Capital,2005,1.0954451150103321,False,False
Capital,2005,0.7302967433402214,False,False
Capital,2005,0.4472135954999579,False,False
Capital,2005,,False,False
Capital,2006,inf,False,False
Capital,2006,1.7888543819998317,False,False
Capital,2006,1.0954451150103321,False,False
Capital,2006,0.7302967433402214,False,False
Capital,2006,0.4472135954999579,False,False
Capital,2006,,False,False
Capital,2006,-inf,True,False
Capital,2006,-1.788854381999832,True,False
Capital,2006,-1.0954451150103321,False,False
Capital,2006,-0.7302967433402215,False,False
Capital,2006,-0.447213595499958,False,False
Capital,2006,,False,False
Capital,2006,-inf,True,False
Capital,2006,-1.788854381999832,True,False
Capital,2006,-1.0954451150103321,False,False
Capital,2006,-0.7302967433402215,False,False
Capital,2006,-0.447213595499958,False,False
Capital,2006,,False,False
Capital,2006,inf,False,False
Capital,2006,1.7888543819998317,False,False
Capital,2006,1.0954451150103321,False,False
Capital,2006,0.7302967433402215,False,False
Capital,2006,0.44721359549995776,False,False
Capital,2006,,False,False
Capital,2007,inf,False,False
Capital,2007,1.7888543819998317,False,False
Capital,2007,1.0954451150103321,False,False
Capital,2007,0.7302967433402214,False,False
Capital,2007,0.4472135954999579,False,False
Capital,2007,,False,False
Capital,2007,-inf,True,False
Capital,2007,-1.7888543819998317,True,False
Capital,2007,-1.0954451150103321,False,False
Capital,2007,-0.7302967433402215,False,False
Capital,2007,-0.447213595499958,False,False
Capital,2007,,False,False
Capital,2007,inf,False,False
Capital,2007,1.7888543819998317,False,False
Capital,2007,1.0954451150103324,False,False
Capital,2007,0.7302967433402217,False,False
Capital,2007,0.447213595499958,False,False
Capital,2007,,False,False
Capital,2007,-inf,True,False
Capital,2007,-1.7888543819998317,True,False
Capital,2007,-1.0954451150103321,False,False
Capital,2007,-0.7302967433402215,False,False
Capital,2007,-0.4472135954999582,False,False
Capital,2007,,False,False
Capital,2007,inf,False,False
Capital,2007,1.788854381999832,False,False
Capital,2007,1.095445115010332,False,False
Capital,2007,0.7302967433402215,False,False
Capital,2007,0.447213595499958,False,False
Capital,2007,,False,False
Capital,2008,inf,False,False
Capital,2008,1.7888543819998317,False,False
Capital,2008,1.0954451150103321,False,False
Capital,2008,0.7302967433402214,False,False
Capital,2008,0.4472135954999579,False,False
Capital,2008,,False,False
Capital,2008,-inf,True,False
Capital,2008,-1.7888543819998317,True,False
Capital,2008,-1.0954451150103321,False,False
Capital,2008,-0.7302967433402215,False,False
Capital,2008,-0.4472135954999579,False,False
Capital,2008,,False,False
Capital,2008,inf,False,False
Capital,2008,1.7888543819998317,False,False
Capital,2008,1.0954451150103321,False,False
Capital,2008,0.7302967433402214,False,False
Capital,2008,0.44721359549995776,False,False
Capital,2008,,False,False
Capital,2008,-inf,True,False
Capital,2008,-1.788854381999832,True,False
Capital,2008,-1.0954451150103321,False,False
Capital,2008,-0.7302967433402215,False,False
Capital,2008,-0.4472135954999579,False,False
Capital,2008,,False,False
Capital,2008,inf,False,False
Capital,2008,1.7888543819998317,False,False
Capital,2008,1.0954451150103321,False,False
Capital,2008,0.7302967433402214,False,False
Capital,2008,0.4472135954999579,False,False
Capital,2008,,False,False
Capital,2009,inf,False,False
Capital,2009,1.7888543819998317,False,False
Capital,2009,1.0954451150103321,False,False
Capital,2009,0.7302967433402214,False,False
Capital,2009,0.4472135954999579,False,False
Capital,2009,,False,False
Capital,2009,-inf,True,False
Capital,2009,-1.7888543819998317,True,False
Capital,2009,-1.0954451150103321,False,False
Capital,2009,-0.7302967433402215,False,False
Capital,2009,-0.4472135954999579,False,False
Capital,2009,,False,False
Capital,2009,-inf,True,False
Capital,2009,-1.788854381999832,True,False
Capital,2009,-1.0954451150103324,False,False
Capital,2009,-0.730296743340221,False,False
Capital,2009,-0.4472135954999577,False,False
Capital,2009,,False,False
Capital,2009,inf,False,False
Capital,2009,1.7888543819998317,False,False
Capital,2009,1.0954451150103321,False,False
Capital,2009,0.7302967433402217,False,False
Capital,2009,0.4472135954999576,False,False
Capital,2009,,False,False
Capital,2010,inf,False,False
Capital,2010,1.788854381999832,False,False
Capital,2010,1.0954451150103321,False,False
Capital,2010,0.7302967433402214,False,False
Capital,2010,0.447213595499958,False,False
Capital,2010,,False,False
Capital,2010,-inf,True,False
Capital,2010,-1.7888543819998315,True,False
Capital,2010,-1.095445115010332,False,False
Capital,2010,-0.730296743340222,False,False
Capital,2010,-0.4472135954999582,False,False
Capital,2010,,False,False
Capital,2010,-inf,True,False
Capital,2010,-1.788854381999832,True,False
Capital,2010,-1.0954451150103324,False,False
Capital,2010,-0.7302967433402215,False,False
Capital,2010,-0.447213595499958,False,False
Capital,2010,,False,False
Capital,2010,inf,False,False
Capital,2010,1.7888543819998317,False,False
Capital,2010,1.0954451150103321,False,False
Capital,2010,0.7302967433402213,False,False
Capital,2010,0.4472135954999581,False,False
Capital,2010,,False,False
Capital,2010,-inf,True,False
Capital,2010,-1.788854381999832,True,False
Capital,2010,-1.0954451150103328,False,False
Capital,2010,-0.7302967433402203,False,False
Capital,2010,-0.44721359549995726,False,False
Capital,2010,,False,False
Capital,2011,inf,False,False
Capital,2011,1.7888543819998315,False,False
Capital,2011,1.0954451150103326,False,False
Capital,2011,0.7302967433402214,False,False
Capital,2011,0.44721359549995854,False,False
Capital,2011,,False,False
Capital,2011,-inf,True,False
Capital,2011,-1.7888543819998317,True,False
Capital,2011,-1.0954451150103321,False,False
Capital,2011,-0.7302967433402214,False,False
Capital,2011,-0.4472135954999579,False,False
Capital,2011,,False,False
Capital,2011,-inf,True,False
Capital,2011,-1.7888543819998317,True,False
Capital,2011,-1.0954451150103324,False,False
Capital,2011,-0.7302967433402215,False,False
Capital,2011,-0.4472135954999579,False,False
Capital,2011,,False,False
Capital,2011,inf,False,False
Capital,2011,1.788854381999832,False,False
Capital,2011,1.0954451150103321,False,False
Capital,2011,0.7302967433402215,False,False
Capital,2011,0.44721359549995776,False,False
Capital,2011,,False,False
Capital,2011,inf,False,False
Capital,2011,1.7888543819998242,False,False
Capital,2011,1.0954451150103413,False,False
Capital,2011,0.730296743340217,False,False
Capital,2011,0.44721359549997525,False,False
Capital,2011,,False,False
Capital,2012,inf,False,False
Capital,2012,1.788854381999832,False,False
Capital,2012,1.0954451150103324,False,False
Capital,2012,0.7302967433402215,False,False
Capital,2012,0.447213595499958,False,False
Capital,2012,,False,False
Capital,2012,-inf,True,False
Capital,2012,-1.7888543819998317,True,False
Capital,2012,-1.0954451150103321,False,False
Capital,2012,-0.7302967433402214,False,False
Capital,2012,-0.4472135954999579,False,False
Capital,2012,,False,False
Capital,2012,-inf,True,False
Capital,2012,-1.7888543819998317,True,False
Capital,2012,-1.0954451150103321,False,False
Capital,2012,-0.7302967433402214,False,False
Capital,2012,-0.4472135954999579,False,False
Capital,2012,,False,False
Capital,2012,inf,False,False
Capital,2012,1.7888543819998322,False,False
Capital,2012,1.0954451150103328,False,False
Capital,2012,0.7302967433402204,False,False
Capital,2012,0.4472135954999573,False,False
Capital,2012,,False,False
Capital,2012,inf,False,False
Capital,2012,1.7888543819998317,False,False
Capital,2012,1.0954451150103321,False,False
Capital,2012,0.7302967433402219,False,False
Capital,2012,0.4472135954999581,False,False
Capital,2012,,False,False
Capital,2013,inf,False,False
Capital,2013,1.7888543819998317,False,False
Capital,2013,1.0954451150103321,False,False
Capital,2013,0.7302967433402214,False,False
Capital,2013,0.4472135954999579,False,False
Capital,2013,,False,False
Capital,2013,-inf,True,False
Capital,2013,-1.788854381999832,True,False
Capital,2013,-1.0954451150103321,False,False
Capital,2013,-0.7302967433402214,False,False
Capital,2013,-0.447213595499958,False,False
Capital,2013,,False,False
Capital,2013,-inf,True,False
Capital,2013,-1.788854381999832,True,False
Capital,2013,-1.0954451150103328,False,False
Capital,2013,-0.7302967433402202,False,False
Capital,2013,-0.4472135954999572,False,False
Capital,2013,,False,False
Capital,2013,inf,False,False
Capital,2013,1.7888543819998317,False,False
Capital,2013,1.0954451150103321,False,False
Capital,2013,0.7302967433402213,False,False
Capital,2013,0.44721359549995815,False,False
Capital,2013,,False,False
Capital,2013,inf,False,False
Capital,2013,1.7888543819998317,False,False
Capital,2013,1.0954451150103321,False,False
Capital,2013,0.7302967433402215,False,False
Capital,2013,0.4472135954999579,False,False
Capital,2013,,False,False
Capital,2014,inf,False,False
Capital,2014,1.7888543819998317,False,False
Capital,2014,1.0954451150103321,False,False
Capital,2014,0.7302967433402214,False,False
Capital,2014,0.4472135954999579,False,False
Capital,2014,,False,False
Capital,2014,-inf,True,False
Capital,2014,-1.7888543819998317,True,False
Capital,2014,-1.0954451150103321,False,False
Capital,2014,-0.7302967433402214,False,False
Capital,2014,-0.4472135954999579,False,False
Capital,2014,,False,False
Capital,2014,-inf,True,False
Capital,2014,-1.788854381999832,True,False
Capital,2014,-1.0954451150103324,False,False
Capital,2014,-0.7302967433402209,False,False
Capital,2014,-0.44721359549995765,False,False
Capital,2014,,False,False
Capital,2014,inf,False,False
Capital,2014,1.7888543819998317,False,False
Capital,2014,1.0954451150103324,False,False
Capital,2014,0.7302967433402213,False,False
Capital,2014,0.44721359549995815,False,False
Capital,2014,,False,False
Capital,2014,inf,False,False
Capital,2014,1.7888543819998317,False,False
Capital,2014,1.0954451150103321,False,False
Capital,2014,0.7302967433402214,False,False
Capital,2014,0.4472135954999579,False,False
Capital,2014,,False,False
Capital,2015,inf,False,False
Capital,2015,1.7888543819998317,False,False
Capital,2015,1.0954451150103321,False,False
Capital,2015,0.7302967433402214,False,False
Capital,2015,0.4472135954999579,False,False
Capital,2015,,False,False
Capital,2015,-inf,True,False
Capital,2015,-1.7888543819998317,True,False
Capital,2015,-1.0954451150103321,False,False
Capital,2015,-0.7302967433402214,False,False
Capital,2015,-0.4472135954999579,False,False
Capital,2015,,False,False
Capital,2015,-inf,True,False
Capital,2015,-1.7888543819998317,True,False
Capital,2015,-1.0954451150103321,False,False
Capital,2015,-0.7302967433402214,False,False
Capital,2015,-0.4472135954999579,False,False
Capital,2015,,False,False
Capital,2015,inf,False,False
Capital,2015,1.7888543819998317,False,False
Capital,2015,1.0954451150103321,False,False
Capital,2015,0.7302967433402214,False,False
Capital,2015,0.4472135954999579,False,False
Capital,2015,,False,False
Capital,2015,inf,False,False
Capital,2015,1.7888543819998317,False,False
Capital,2015,1.0954451150103321,False,False
Capital,2015,0.7302967433402214,False,False
Capital,2015,0.4472135954999579,False,False
Capital,2015,,False,False
Capital,2016,inf,False,False
Capital,2016,1.788854381999832,False,False
Capital,2016,1.0954451150103324,False,False
Capital,2016,0.7302967433402215,False,False
Capital,2016,0.447213595499958,False,False
Capital,2016,,False,False
Capital,2016,-inf,True,False
Capital,2016,-1.7888543819998317,True,False
Capital,2016,-1.0954451150103321,False,False
Capital,2016,-0.7302967433402214,False,False
Capital,2016,-0.4472135954999579,False,False
Capital,2016,,False,False
Capital,2016,-inf,True,False
Capital,2016,-1.7888543819998317,True,False
Capital,2016,-1.0954451150103321,False,False
Capital,2016,-0.7302967433402215,False,False
Capital,2016,-0.4472135954999579,False,False
Capital,2016,,False,False
Capital,2016,inf,False,False
Capital,2016,1.7888543819998317,False,False
Capital,2016,1.0954451150103321,False,False
Capital,2016,0.7302967433402215,False,False
Capital,2016,0.4472135954999579,False,False
Capital,2016,,False,False
Capital,2016,inf,False,False
Capital,2016,1.7888543819998317,False,False
Capital,2016,1.0954451150103321,False,False
Capital,2016,0.7302967433402214,False,False
Capital,2016,0.4472135954999579,False,False
Capital,2016,,False,False
Capital,2017,-inf,True,False
Capital,2017,-1.7888543819998317,True,False
Capital,2017,-1.0954451150103321,False,False
Capital,2017,-0.7302967433402214,False,False
Capital,2017,-0.4472135954999579,False,False
Capital,2017,,False,False
Capital,2017,-inf,True,False
Capital,2017,-1.7888543819998317,True,False
Capital,2017,-1.0954451150103321,False,False
Capital,2017,-0.7302967433402214,False,False
Capital,2017,-0.4472135954999579,False,False
Capital,2017,,False,False
Capital,2017,-inf,True,False
Capital,2017,-1.7888543819998317,True,False
Capital,2017,-1.0954451150103321,False,False
Capital,2017,-0.7302967433402214,False,False
Capital,2017,-0.4472135954999579,False,False
Capital,2017,,False,False
Capital,2017,inf,False,False
Capital,2017,1.7888543819998317,False,False
Capital,2017,1.0954451150103321,False,False
Capital,2017,0.7302967433402215,False,False
Capital,2017,0.4472135954999579,False,False
Capital,2017,,False,False
Capital,2017,inf,False,False
Capital,2017,1.788854381999832,False,False
Capital,2017,1.0954451150103321,False,False
Capital,2017,0.7302967433402215,False,False
Capital,2017,0.447213595499958,False,False
Capital,2017,,False,False
Capital,2018,inf,False,False
Capital,2018,1.7888543819998317,False,False
Capital,2018,1.0954451150103321,False,False
Capital,2018,0.7302967433402214,False,False
Capital,2018,0.4472135954999579,False,False
Capital,2018,,False,False
Capital,2018,-inf,True,False
Capital,2018,-1.7888543819998317,True,False
Capital,2018,-1.0954451150103321,False,False
Capital,2018,-0.7302967433402214,False,False
Capital,2018,-0.4472135954999579,False,False
Capital,2018,,False,False
Capital,2018,-inf,True,False
Capital,2018,-1.788854381999832,True,False
Capital,2018,-1.0954451150103321,False,False
Capital,2018,-0.7302967433402214,False,False
Capital,2018,-0.447213595499958,False,False
Capital,2018,,False,False
Capital,2018,-inf,True,False
Capital,2018,-1.7888543819998317,True,False
Capital,2018,-1.0954451150103321,False,False
Capital,2018,-0.7302967433402214,False,False
Capital,2018,-0.4472135954999579,False,False
Capital,2018,,False,False
Capital,2018,inf,False,False
Capital,2018,1.788854381999832,False,False
Capital,2018,1.0954451150103321,False,False
Capital,2018,0.7302967433402214,False,False
Capital,2018,0.447213595499958,False,False
Capital,2018,,False,False
Capital,2018,,False,False
Capital,2018,,False,False
Capital,2018,,False,False
Capital,2018,,False,False
Capital,2018,,False,False
Capital,2018,,False,False
Capital,2019,inf,False,False
Capital,2019,1.7888543819998317,False,False
Capital,2019,1.0954451150103321,False,False
Capital,2019,0.7302967433402214,False,False
Capital,2019,0.4472135954999579,False,False
Capital,2019,,False,False
Capital,2019,-inf,True,False
Capital,2019,-1.7888543819998317,True,False
Capital,2019,-1.0954451150103321,False,False
Capital,2019,-0.7302967433402214,False,False
Capital,2019,-0.4472135954999579,False,False
Capital,2019,,False,False
Capital,2019,-inf,True,False
Capital,2019,-1.7888543819998317,True,False
Capital,2019,-1.0954451150103321,False,False
Capital,2019,-0.7302967433402214,False,False
Capital,2019,-0.4472135954999579,False,False
Capital,2019,,False,False
Capital,2019,-inf,True,False
Capital,2019,-1.7888543819998317,True,False
Capital,2019,-1.0954451150103321,False,False
Capital,2019,-0.7302967433402214,False,False
Capital,2019,-0.4472135954999579,False,False
Capital,2019,,False,False
Capital,2019,inf,False,False
Capital,2019,1.788854381999832,False,False
Capital,2019,1.0954451150103321,False,False
Capital,2019,0.7302967433402214,False,False
Capital,2019,0.447213595499958,False,False
Capital,2019,,False,False
Capital,2019,inf,False,False
Capital,2019,1.7888543819998317,False,False
Capital,2019,1.0954451150103321,False,False
Capital,2019,0.7302967433402215,False,False
Capital,2019,0.4472135954999579,False,False
Capital,2019,,False,False
Capital,2020,inf,False,False
Capital,2020,1.7888543819998317,False,False
Capital,2020,1.0954451150103324,False,False
Capital,2020,0.7302967433402215,False,False
Capital,2020,0.4472135954999579,False,False
Capital,2020,,False,False
Capital,2020,-inf,True,False
Capital,2020,-1.7888543819998317,True,False
Capital,2020,-1.0954451150103321,False,False
Capital,2020,-0.7302967433402214,False,False
Capital,2020,-0.4472135954999579,False,False
Capital,2020,,False,False
Capital,2020,-inf,True,False
Capital,2020,-1.7888543819998317,True,False
Capital,2020,-1.0954451150103321,False,False
Capital,2020,-0.7302967433402214,False,False
Capital,2020,-0.4472135954999579,False,False
Capital,2020,,False,False
Capital,2020,-inf,True,False
Capital,2020,-1.7888543819998317,True,False
Capital,2020,-1.0954451150103321,False,False
Capital,2020,-0.7302967433402214,False,False
Capital,2020,-0.4472135954999579,False,False
Capital,2020,,False,False
Capital,2020,inf,False,False
Capital,2020,1.7888543819998317,False,False
Capital,2020,1.0954451150103324,False,False
Capital,2020,0.7302967433402214,False,False
Capital,2020,0.4472135954999581,False,False
Capital,2020,,False,False
Capital,2020,inf,False,False
Capital,2020,1.7888543819998324,False,False
Capital,2020,1.0954451150103313,False,False
Capital,2020,0.7302967433402219,False,False
Capital,2020,0.4472135954999564,False,False
Capital,2020,,False,False
Capital,2021,,False,False
Capital,2021,,False,False
Capital,2021,,False,False
Capital,2021,,False,False
Capital,2021,,False,False
Capital,2021,,False,False
Capital,2021,-inf,True,False
Capital,2021,-1.7888543819998317,True,False
Capital,2021,-1.0954451150103321,False,False
Capital,2021,-0.7302967433402214,False,False
Capital,2021,-0.4472135954999579,False,False
Capital,2021,,False,False
Capital,2021,inf,False,False
Capital,2021,1.7888543819998317,False,False
Capital,2021,1.0954451150103321,False,False
Capital,2021,0.7302967433402214,False,False
Capital,2021,0.4472135954999579,False,False
Capital,2021,,False,False
Capital,2021,-inf,True,False
Capital,2021,-1.7888543819998317,True,False
Capital,2021,-1.0954451150103321,False,False
Capital,2021,-0.7302967433402214,False,False
Capital,2021,-0.4472135954999579,False,False
Capital,2021,,False,False
Capital,2021,inf,False,False
Capital,2021,1.7888543819998317,False,False
Capital,2021,1.0954451150103324,False,False
Capital,2021,0.7302967433402215,False,False
Capital,2021,0.4472135954999579,False,False
Capital,2021,,False,False
Capital,2021,inf,False,False
Capital,2021,1.7888543819998317,False,False
Capital,2021,1.0954451150103321,False,False
Capital,2021,0.7302967433402214,False,False
Capital,2021,0.4472135954999579,False,False
Capital,2021,,False,False
Capital,2022,-inf,True,False
Capital,2022,-1.7888543819998317,True,False
Capital,2022,-1.0954451150103321,False,False
Capital,2022,-0.7302967433402214,False,False
Capital,2022,-0.4472135954999579,False,False
Capital,2022,,False,False
Capital,2022,-inf,True,False
Capital,2022,-1.7888543819998317,True,False
Capital,2022,-1.0954451150103321,False,False
Capital,2022,-0.7302967433402214,False,False
Capital,2022,-0.4472135954999579,False,False
Capital,2022,,False,False
Capital,2022,inf,False,False
Capital,2022,1.7888543819998317,False,False
Capital,2022,1.0954451150103321,False,False
Capital,2022,0.7302967433402214,False,False
Capital,2022,0.4472135954999579,False,False
Capital,2022,,False,False
Capital,2022,-inf,True,False
Capital,2022,-1.788854381999832,True,False
Capital,2022,-1.0954451150103326,False,False
Capital,2022,-0.7302967433402207,False,False
Capital,2022,-0.44721359549995754,False,False
Capital,2022,,False,False
Capital,2022,inf,False,False
Capital,2022,1.788854381999832,False,False
Capital,2022,1.0954451150103326,False,False
Capital,2022,0.7302967433402211,False,False
Capital,2022,0.4472135954999577,False,False
Capital,2022,,False,False
Capital,2022,-inf,True,False
Capital,2022,-1.788854381999832,True,False
Capital,2022,-1.0954451150103321,False,False
Capital,2022,-0.7302967433402214,False,False
Capital,2022,-0.447213595499958,False,False
Capital,2022,,False,False
Capital,2023,inf,False,False
Capital,2023,1.7888543819998317,False,False
Capital,2023,1.0954451150103321,False,False
Capital,2023,0.7302967433402214,False,False
Capital,2023,0.4472135954999579,False,False
Capital,2023,,False,False
Capital,2023,-inf,True,False
Capital,2023,-1.7888543819998317,True,False
Capital,2023,-1.0954451150103321,False,False
Capital,2023,-0.7302967433402214,False,False
Capital,2023,-0.4472135954999579,False,False
Capital,2023,,False,False
Capital,2023,inf,False,False
Capital,2023,1.7888543819998317,False,False
Capital,2023,1.0954451150103321,False,False
Capital,2023,0.7302967433402214,False,False
Capital,2023,0.4472135954999579,False,False
Capital,2023,,False,False
Capital,2023,-inf,True,False
Capital,2023,-1.7888543819998317,True,False
Capital,2023,-1.0954451150103324,False,False
Capital,2023,-0.7302967433402213,False,False
Capital,2023,-0.4472135954999573,False,False
Capital,2023,,False,False
Capital,2023,inf,False,False
Capital,2023,1.788854381999832,False,False
Capital,2023,1.0954451150103324,False,False
Capital,2023,0.7302967433402211,False,False
Capital,2023,0.44721359549995776,False,False
Capital,2023,,False,False
Capital,2023,-inf,True,False
Capital,2023,-1.7888543819998317,True,False
Capital,2023,-1.0954451150103321,False,False
Capital,2023,-0.7302967433402214,False,False
Capital,2023,-0.4472135954999579,False,False
Capital,2023,,False,False
Capital,2024,inf,False,False
Capital,2024,1.7888543819998317,False,False
Capital,2024,1.0954451150103321,False,False
Capital,2024,0.7302967433402214,False,False
Capital,2024,0.4472135954999579,False,False
Capital,2024,,False,False
Capital,2024,-inf,True,False
Capital,2024,-1.7888543819998317,True,False
Capital,2024,-1.0954451150103324,False,False
Capital,2024,-0.7302967433402215,False,False
Capital,2024,-0.4472135954999579,False,False
Capital,2024,,False,False
Capital,2024,inf,False,False
Capital,2024,1.788854381999832,False,False
Capital,2024,1.0954451150103321,False,False
Capital,2024,0.7302967433402214,False,False
Capital,2024,0.447213595499958,False,False
Capital,2024,,False,False
Capital,2024,-inf,True,False
Capital,2024,-1.7888543819998317,True,False
Capital,2024,-1.0954451150103321,False,False
Capital,2024,-0.7302967433402214,False,False
Capital,2024,-0.4472135954999579,False,False
Capital,2024,,False,False
Capital,2024,inf,False,False
Capital,2024,1.788854381999832,False,False
Capital,2024,1.0954451150103321,False,False
Capital,2024,0.7302967433402215,False,False
Capital,2024,0.447213595499958,False,False
Capital,2024,,False,False
Capital,2024,-inf,True,False
Capital,2024,-1.7888543819998317,True,False
Capital,2024,-1.0954451150103321,False,False
Capital,2024,-0.7302967433402214,False,False
Capital,2024,-0.4472135954999579,False,False
Capital,2024,,False,False
Capitan Sarmiento,1981,,False,False
Capitan Sarmiento,1982,,False,False
Capitan Sarmiento,1983,,False,False
Capitan Sarmiento,1984,0.1816284103558865,False,False
Capitan Sarmiento,1985,1.804359716023386,False,False
Capitan Sarmiento,1986,-0.374448838747,False,False
Capitan Sarmiento,1987,1.2204389323511557,False,False
Capitan Sarmiento,1988,-3.3618852632651963,True,False
Capitan Sarmiento,1989,1.0658565310068762,False,False
Capitan Sarmiento,1990,0.9222442967657526,False,False
Capitan Sarmiento,1991,0.44877632636993303,False,False
Capitan Sarmiento,1992,1.4015251145131291,False,False
Capitan Sarmiento,1993,0.9325809561897587,False,False
Capitan Sarmiento,1994,-0.32424718525894103,False,False
Capitan Sarmiento,1995,-1.0290390619128302,False,False
Capitan Sarmiento,1996,3.1491793958471987,False,False
Capitan Sarmiento,1997,2.7048619934517317,False,False
Capitan Sarmiento,1998,0.31057546600175145,False,False
Capitan Sarmiento,1999,-1.4618201396204349,False,False
Capitan Sarmiento,2000,0.2204790294425214,False,False
Capitan Sarmiento,2001,-0.18955979543013285,False,False
Capitan Sarmiento,2002,0.3809174458190629,False,False
Capitan Sarmiento,2003,1.9378323124708552,False,False
Capitan Sarmiento,2004,0.8489742148768328,False,False
Capitan Sarmiento,2005,-0.9455944882296078,False,False
Capitan Sarmiento,2006,2.2280014065614746,False,False
Capitan Sarmiento,2007,-0.14438457513688677,False,False
Capitan Sarmiento,2008,-3.7474369350383423,True,False
Capitan Sarmiento,2009,1.9493588689617931,False,False
Capitan Sarmiento,2010,-0.4904741103678934,False,False
Capitan Sarmiento,2011,-0.7581986665295845,False,False
Capitan Sarmiento,2012,0.9534323352467471,False,False
Capitan Sarmiento,2013,0.3223452245192685,False,False
Capitan Sarmiento,2014,0.7402116483259887,False,False
Capitan Sarmiento,2015,0.008673524953493335,False,False
Capitan Sarmiento,2016,1.0859167897854725,False,False
Capitan Sarmiento,2017,-1.892057688769279,True,True
Capitan Sarmiento,2018,2.0094978387374374,False,False
Capitan Sarmiento,2019,-0.8977330316136695,False,False
Capitan Sarmiento,2020,-0.360130479065611,False,False
Capitan Sarmiento,2021,-1.3398019831824315,False,False
Capitan Sarmiento,2022,-2.1832617894208783,True,True
Capitan Sarmiento,2023,0.4980720238379007,False,False
Capitan Sarmiento,2024,0.46243763308645736,False,False
Carlos Casares,1981,,False,False
Carlos Casares,1982,,False,False
Carlos Casares,1983,,False,False
Carlos Casares,1984,0.0972292924717046,False,False
Carlos Casares,1985,0.9121029595257395,False,False
Carlos Casares,1986,2.1950361465010246,False,False
Carlos Casares,1987,2.5089586885729167,False,False
Carlos Casares,1988,-0.27579122787901256,False,False
Carlos Casares,1989,0.45015380610116396,False,False
Carlos Casares,1990,4.287459477420706,False,False
Carlos Casares,1991,3.253558078280448,False,False
Carlos Casares,1992,0.3451253222305111,False,False
Carlos Casares,1993,-0.07236146901371612,False,False
Carlos Casares,1994,-0.0019153714356348788,False,False
Carlos Casares,1995,-3.3253598801139157,True,False
Carlos Casares,1996,0.8284074593164839,False,False
Carlos Casares,1997,3.3451132845293317,False,False
Carlos Casares,1998,0.9441175904999112,False,False
Carlos Casares,1999,0.7089554295208693,False,False
Carlos Casares,2000,0.07020065111405864,False,False
Carlos Casares,2001,0.5812665955896159,False,False
Carlos Casares,2002,0.4803298070591581,False,False
Carlos Casares,2003,2.4542879643115856,False,False
Carlos Casares,2004,2.356767776925498,False,False
Carlos Casares,2005,1.0444402602481095,False,False
Carlos Casares,2006,3.0272920310766387,False,False
Carlos Casares,2007,-0.14122534594735514,False,False
Carlos Casares,2008,-6.902684899626334,True,False
Carlos Casares,2009,0.3157841768091835,False,False
Carlos Casares,2010,-0.25690507467020646,False,False
Carlos Casares,2011,0.6256969690117203,False,False
Carlos Casares,2012,0.3542712166056374,False,False
Carlos Casares,2013,-0.555071453763522,False,False
Carlos Casares,2014,-0.7291692243906716,False,False
Carlos Casares,2015,0.8776213000379549,False,False
Carlos Casares,2016,0.8996760752397187,False,False
Carlos Casares,2017,-0.4083697748559177,False,False
Carlos Casares,2018,1.565736444055926,False,False
Carlos Casares,2019,0.8843529841082984,False,False
Carlos Casares,2020,-0.3951902058563454,False,False
Carlos Casares,2021,-0.0555770014376728,False,False
Carlos Casares,2022,-11.10666231079871,True,False
Carlos Casares,2023,0.2884082134701481,False,False
Carlos Casares,2024,0.4468620125720266,False,False
Carlos Tejedor,1981,,False,False
Carlos Tejedor,1982,,False,False
Carlos Tejedor,1983,,False,False
Carlos Tejedor,1984,-0.03875174535853844,False,False
Carlos Tejedor,1985,2.859524718935737,False,False
Carlos Tejedor,1986,-0.8838292740714635,False,False
Carlos Tejedor,1987,0.40940105948923616,False,False
Carlos Tejedor,1988,-0.444564083725818,False,False
Carlos Tejedor,1989,-2.05154292375197,True,False
Carlos Tejedor,1990,1.2378375713255723,False,False
Carlos Tejedor,1991,3.2723841389122232,False,False
Carlos Tejedor,1992,0.5491596517069219,False,False
Carlos Tejedor,1993,0.023226592256309894,False,False
Carlos Tejedor,1994,0.4583143075342228,False,False
Carlos Tejedor,1995,-3.6750562587979294,True,False
Carlos Tejedor,1996,-0.01600475316255246,False,False
Carlos Tejedor,1997,3.1839853751375498,False,False
Carlos Tejedor,1998,0.7717958577441867,False,False
Carlos Tejedor,1999,0.928116853735444,False,False
Carlos Tejedor,2000,-0.23254280552564466,False,False
Carlos Tejedor,2001,0.8598271933712595,False,False
Carlos Tejedor,2002,0.04244763599780089,False,False
Carlos Tejedor,2003,2.2984635322863833,False,False
Carlos Tejedor,2004,1.7193646837706986,False,False
Carlos Tejedor,2005,-0.09892078657680871,False,False
Carlos Tejedor,2006,1.7810237907813298,False,False
Carlos Tejedor,2007,0.3517613898753338,False,False
Carlos Tejedor,2008,-5.3249479458491615,True,False
Carlos Tejedor,2009,0.5715686509328513,False,False
Carlos Tejedor,2010,-0.06326773957676192,False,False
Carlos Tejedor,2011,0.31301882139202464,False,False
Carlos Tejedor,2012,0.3934941085350995,False,False
Carlos Tejedor,2013,-0.6077504530034586,False,False
Carlos Tejedor,2014,-0.6360495205263967,False,False
Carlos Tejedor,2015,1.4756396343644373,False,False
Carlos Tejedor,2016,0.8809515031441403,False,False
Carlos Tejedor,2017,-0.973584767022471,False,False
Carlos Tejedor,2018,1.8328619788241072,False,False
Carlos Tejedor,2019,0.6584609806393577,False,False
Carlos Tejedor,2020,-2.6668699109538916,True,False
Carlos Tejedor,2021,0.5017140665270373,False,False
Carlos Tejedor,2022,-1.3663595583605348,False,False
Carlos Tejedor,2023,-0.10527655172229954,False,False
Carlos Tejedor,2024,0.7635527770031915,False,False
Carmen De Areco,1981,,False,False
Carmen De Areco,1982,,False,False
Carmen De Areco,1983,,False,False
Carmen De Areco,1984,-0.9411665405998226,False,False
Carmen De Areco,1985,0.0504676185885378,False,False
Carmen De Areco,1986,-1.1069642783705156,False,False
Carmen De Areco,1987,-0.40856200891161654,False,False
Carmen De Areco,1988,-3.999634973976506,True,False
Carmen De Areco,1989,1.692455842750712,False,False
Carmen De Areco,1990,2.550325034680089,False,False
Carmen De Areco,1991,1.6877916060493847,False,False
Carmen De Areco,1992,1.1739197776198098,False,False
Carmen De Areco,1993,-0.8242521024829977,False,False
Carmen De Areco,1994,1.35458344297623,False,False
Carmen De Areco,1995,0.74175050336275,False,False
Carmen De Areco,1996,3.0339003150997685,False,False
Carmen De Areco,1997,2.2522852611454325,False,False
Carmen De Areco,1998,0.5712973551889982,False,False
Carmen De Areco,1999,-1.6378143518297332,True,False
Carmen De Areco,2000,0.13934871801822776,False,False
Carmen De Areco,2001,0.26331563128047025,False,False
Carmen De Areco,2002,1.1439513776733787,False,False
Carmen De Areco,2003,0.9105393714780855,False,False
Carmen De Areco,2004,1.0006307159252095,False,False
Carmen De Areco,2005,-3.315898177401045,True,False
Carmen De Areco,2006,1.478877987989264,False,False
Carmen De Areco,2007,-0.05447094558424621,False,False
Carmen De Areco,2008,-2.745154021075888,True,False
Carmen De Areco,2009,1.4780122204633523,False,False
Carmen De Areco,2010,-0.4088832547431412,False,False
Carmen De Areco,2011,-0.5374229750846026,False,False
Carmen De Areco,2012,1.0229071417249123,False,False
Carmen De Areco,2013,0.8568981953034503,False,False
Carmen De Areco,2014,0.6815886499457431,False,False
Carmen De Areco,2015,0.2651570517527075,False,False
Carmen De Areco,2016,0.5527108286827733,False,False
Carmen De Areco,2017,-4.3149645327532955,True,True
Carmen De Areco,2018,0.6972282034098,False,False
Carmen De Areco,2019,-0.40125152400373537,False,False
Carmen De Areco,2020,-2.2691363096642587,True,True
Carmen De Areco,2021,-2.7431883836606668,True,False
Carmen De Areco,2022,-1.8008970032495508,True,True
Carmen De Areco,2023,0.8648265150802041,False,False
Carmen De Areco,2024,0.48501230709291465,False,False
Caseros,1981,,False,False
Caseros,1982,,False,False
Caseros,1983,,False,False
Caseros,1984,1.425603365678388,False,False
Caseros,1985,1.3702361475850804,False,False
Caseros,1986,-0.21073622653980828,False,False
Caseros,1987,0.6899738782154291,False,False
Caseros,1988,-2.6377904455105186,True,True
Caseros,1989,-1.209898614253433,False,False
Caseros,1990,0.6558837921195629,False,False
Caseros,1991,2.269556914629508,False,False
Caseros,1992,0.9504095786046928,False,False
Caseros,1993,0.7066113013548668,False,False
Caseros,1994,0.9363821838346236,False,False
Caseros,1995,-0.06963106238227916,False,False
Caseros,1996,-3.6878655015828743,True,False
Caseros,1997,4.26880667227094,False,False
Caseros,1998,1.0164861349662067,False,False
Caseros,1999,-1.1780508719103127,False,False
Caseros,2000,-0.08388608708084178,False,False
Caseros,2001,0.9576906678758738,False,False
Caseros,2002,0.30303205933356697,False,False
Caseros,2003,2.416825640645203,False,False
Caseros,2004,2.0369340799393605,False,False
Caseros,2005,0.08140830768942973,False,False
Caseros,2006,1.981212021058337,False,False
Caseros,2007,0.04028751493121328,False,False
Caseros,2008,-1.7721824956176653,True,False
Caseros,2009,1.842296111797609,False,False
Caseros,2010,0.15595635292047152,False,False
Caseros,2011,-0.20144046598844415,False,False
Caseros,2012,0.21506292884151362,False,False
Caseros,2013,-0.3742833457671294,False,False
Caseros,2014,-0.03253080223295072,False,False
Caseros,2015,-0.9066014198259309,False,False
Caseros,2016,-1.5171584991372637,True,False
Caseros,2017,-3.4748023680500197,True,True
Caseros,2018,1.8029808533971472,False,False
Caseros,2019,0.5078993831847904,False,False
Caseros,2020,0.38245609711303985,False,False
Caseros,2021,-2.3179195365317855,True,False
Caseros,2022,-3.6785728044414365,True,True
Caseros,2023,0.8236319887825655,False,False
Caseros,2024,0.6227461378599886,False,False
Castellanos,1981,,False,False
Castellanos,1982,,False,False
Castellanos,1983,,False,False
Castellanos,1984,1.1517052011979114,False,False
Castellanos,1985,2.0652560576407186,False,False
Castellanos,1986,6.06884119608047,False,False
Castellanos,1987,1.353332492870422,False,False
Castellanos,1988,-1.5682107570193864,True,False
Castellanos,1989,-0.5765944066697434,False,False
Castellanos,1990,0.24755988020737912,False,False
Castellanos,1991,1.0593008960918413,False,False
Castellanos,1992,1.2203958860626865,False,False
Castellanos,1993,1.276905593924189,False,False
Castellanos,1994,-0.1623417802044889,False,False
Castellanos,1995,-0.5263794791034009,False,False
Castellanos,1996,-4.127243061123446,True,False
Castellanos,1997,1.2764016424013755,False,False
Castellanos,1998,-0.30354789191762716,False,False
Castellanos,1999,0.6243964547450415,False,False
Castellanos,2000,0.38417954728890513,False,False
Castellanos,2001,1.56522521039566,False,False
Castellanos,2002,3.299044595106618,False,False
Castellanos,2003,1.1689281389286514,False,False
Castellanos,2004,2.1378804726552185,False,False
Castellanos,2005,-0.38269033666201774,False,False
Castellanos,2006,1.1197845502245738,False,False
Castellanos,2007,-1.4378448478818078,False,False
Castellanos,2008,-1.8107200106954189,True,False
Castellanos,2009,1.5647133153384118,False,False
Castellanos,2010,-0.461112334163388,False,False
Castellanos,2011,-0.115278083540847,False,False
Castellanos,2012,1.2052868114215471,False,False
Castellanos,2013,0.11575981603464654,False,False
Castellanos,2014,0.5799686511904211,False,False
Castellanos,2015,0.7019798183703286,False,False
Castellanos,2016,-0.8991060050915066,False,False
Castellanos,2017,-3.9492919892678033,True,False
Castellanos,2018,1.010416161501472,False,False
Castellanos,2019,0.7051509880032671,False,False
Castellanos,2020,1.0467250465190083,False,False
Castellanos,2021,-0.8703009213716254,False,False
Castellanos,2022,-2.536263357215335,True,False
Castellanos,2023,-0.24854978539805808,False,False
Castellanos,2024,1.3562130802541021,False,False
Castelli,1981,,False,False
Castelli,1982,,False,False
Castelli,1983,,False,False
Castelli,1984,2.037953332044471,False,False
Castelli,1985,-0.6331654681304206,False,False
Castelli,1986,0.6685870226197032,False,False
Castelli,1987,2.286194372652899,False,False
Castelli,1988,-6.447149508200655,True,False
Castelli,1989,-0.16854280440600072,False,False
Castelli,1990,-0.2504742957490366,False,False
Castelli,1991,0.5928437217089986,False,False
Castelli,1992,-0.8324424412527295,False,False
Castelli,1993,-0.11426239256308601,False,False
Castelli,1994,-0.08470378986398722,False,False
Castelli,1995,-1.1601146924790595,False,False
Castelli,1996,2.6994965899884042,False,False
Castelli,1997,2.9278207594550394,False,False
Castelli,1998,-0.46701756121073695,False,False
Castelli,1999,1.132284027855081,False,False
Castelli,2000,0.856700008991598,False,False
Castelli,2001,0.8411488570772575,False,False
Castelli,2002,0.22552124739689688,False,False
Castelli,2003,1.4803946422477874,False,False
Castelli,2004,0.8991060050915077,False,False
Castelli,2005,1.6696605713011468,False,False
Castelli,2006,2.745276774505443,False,False
Castelli,2007,0.5824728335906016,False,False
Castelli,2008,-5.576932335734023,True,False
Castelli,2009,2.013838994890946,False,False
Castelli,2010,0.738028588561178,False,False
Castelli,2011,0.21636713707703484,False,False
Castelli,2012,1.108032941969948,False,False
Castelli,2013,0.031775323932781326,False,False
Castelli,2014,0.08720763297376252,False,False
Castelli,2015,2.0686248127902425,False,False
Castelli,2016,-0.7651193915235024,False,False
Castelli,2017,-1.2920634689865471,False,False
Castelli,2018,0.5259547057403536,False,False
Castelli,2019,0.6049587620114619,False,False
Castelli,2020,1.3060595337853131,False,False
Castelli,2021,0.19451950503185514,False,False
Castelli,2022,-4.629100498862764,True,False
Castelli,2023,-1.073849688342439,False,False
Castelli,2024,-0.4324614442506509,False,False
Catrilo,1981,,False,False
Catrilo,1982,,False,False
Catrilo,1983,,False,False
Catrilo,1984,-1.0440737953277484,False,False
Catrilo,1985,6.801962264485301,False,False
Catrilo,1986,0.9865867196687161,False,False
Catrilo,1987,0.13097732911813081,False,False
Catrilo,1988,0.2576257624834446,False,False
Catrilo,1989,-0.03174324152745037,False,False
Catrilo,1990,1.2943472565904055,False,False
Catrilo,1991,0.719530126037293,False,False
Catrilo,1992,1.8572610587251501,False,False
Catrilo,1993,1.1700445262412484,False,False
Catrilo,1994,0.39223227027636803,False,False
Catrilo,1995,-1.632993161855451,True,False
Catrilo,1996,-0.395628284037472,False,False
Catrilo,1997,11.910966276799655,False,False
Catrilo,1998,0.3256532773658416,False,False
Catrilo,1999,1.192246242651169,False,False
Catrilo,2000,0.6670358039685447,False,False
Catrilo,2001,0.23695315073958467,False,False
Catrilo,2002,-0.1510123905565331,False,False
Catrilo,2003,3.8360343836319344,False,False
Catrilo,2004,3.4207082464305287,False,False
Catrilo,2005,-1.1316468489208564,False,False
Catrilo,2006,-0.693338795430334,False,False
Catrilo,2007,-0.7744305775920298,False,False
Catrilo,2008,-2.4528530181899835,True,False
Catrilo,2009,0.18834337129433587,False,False
Catrilo,2010,0.7943573534222419,False,False
Catrilo,2011,1.4702966604346241,False,False
Catrilo,2012,0.717636290052435,False,False
Catrilo,2013,-0.9575418077151427,False,False
Catrilo,2014,0.5746589927638924,False,False
Catrilo,2015,2.2895325222628906,False,False
Catrilo,2016,0.5779805957096499,False,False
Catrilo,2017,0.4065997251073309,False,False
Catrilo,2018,1.164813825836785,False,False
Catrilo,2019,1.434274331201272,False,False
Catrilo,2020,0.84508581841481,False,False
Catrilo,2021,1.6720250805643135,False,False
Catrilo,2022,-0.7242859683401479,False,False
Catrilo,2023,-1.3867504905630714,False,False
Catrilo,2024,1.3595409697216359,False,False
Cerrillos,1981,,False,False
Cerrillos,1982,,False,False
Cerrillos,1983,,False,False
Cerrillos,1984,1.2134548208712062,False,False
Cerrillos,1985,-0.019424373046386164,False,False
Cerrillos,1986,1.0375024112093938,False,False
Cerrillos,1987,3.145705511194871,False,False
Cerrillos,1988,-0.16189094353824743,False,False
Cerrillos,1989,1.6873229754642154,False,False
Cerrillos,1993,4.1752855840933645,False,False
Cerrillos,1994,0.0,False,False
Cerrillos,1995,0.18257418583505536,False,False
Cerrillos,1996,0.10991149581709676,False,False
Cerrillos,1997,-0.40749518473399826,False,False
Cerrillos,1998,0.6366439271885528,False,False
Cerrillos,1999,1.3750936530679998,False,False
Cerrillos,2000,0.931954467586227,False,False
Cerrillos,2001,0.6246252631465157,False,False
Cerrillos,2002,3.1157369593112003,False,False
Cerrillos,2003,1.7778240548863335,False,False
Cerrillos,2004,1.0954451150103328,False,False
Cerrillos,2005,2.556038601690777,False,False
Cerrillos,2006,0.0,False,False
Cerrillos,2007,0.4472135954999583,False,False
Cerrillos,2008,1.6431676725154998,False,False
Cerrillos,2009,1.0358647947564752,False,False
Cerrillos,2010,4.447971765893834,False,False
Cerrillos,2011,0.9985045881740161,False,False
Cerrillos,2012,-4.945249411349755,True,False
Cerrillos,2013,1.2466137224188445,False,False
Cerrillos,2014,1.039242614930082,False,False
Cerrillos,2015,0.6040474184535497,False,False
Cerrillos,2016,0.9268312335720231,False,False
Cerrillos,2017,0.6263447072560703,False,False
Cerrillos,2018,3.3657399079853345,False,False
Cerrillos,2019,1.3093073414159544,False,False
Cerrillos,2020,0.862730431518649,False,False
Cerrillos,2021,-0.3086066999241838,False,False
Cerrillos,2022,-3.2627876321529294,True,False
Cerrillos,2023,-2.3105777518458672,True,False
Cerrillos,2024,-0.0618402847863882,False,False
Chacabuco,1981,,False,False
Chacabuco,1981,,False,False
Chacabuco,1981,,False,False
Chacabuco,1981,-inf,True,False
Chacabuco,1981,-1.5,False,False
Chacabuco,1981,-1.0954451150103321,False,False
Chacabuco,1981,-0.7380907320631692,False,False
Chacabuco,1981,-0.4543613257717619,False,False
Chacabuco,1981,-1.0954451150110438,False,False
Chacabuco,1982,257.15574074884495,False,False
Chacabuco,1982,1.7888122062623508,False,False
Chacabuco,1982,1.0954451150103324,False,False
Chacabuco,1982,-1.2764036000857855,False,False
Chacabuco,1982,-1.1794628427337055,False,False
Chacabuco,1982,-1.0954451150103321,False,False
Chacabuco,1982,-0.5538965637894433,False,False
Chacabuco,1982,-0.279885771470286,False,False
Chacabuco,1982,1.0954451150103308,False,False
Chacabuco,1983,20.996031371031354,False,False
Chacabuco,1983,1.7823805414598193,False,False
Chacabuco,1983,1.0954451150103324,False,False
Chacabuco,1983,-1.3634124823583305,False,False
Chacabuco,1983,-1.2155429002378197,False,False
Chacabuco,1983,-1.0954451150103321,False,False
Chacabuco,1983,-0.25757601995060186,False,False
Chacabuco,1983,0.016478823991782323,False,False
Chacabuco,1983,1.0954451150103324,False,False
Chacabuco,1984,7.2877336833831095,False,False
Chacabuco,1984,1.7346084088186382,False,False
Chacabuco,1984,1.0954451150103321,False,False
Chacabuco,1984,-0.9334996914607585,False,False
Chacabuco,1984,-1.0089053752190753,False,False
Chacabuco,1984,-1.0954451150103321,False,False
Chacabuco,1984,-0.6576619764765264,False,False
Chacabuco,1984,-0.379536890758454,False,False
Chacabuco,1984,1.095445115010814,False,False
Chacabuco,1985,35.20668426269352,False,False
Chacabuco,1985,1.7865682857730345,False,False
Chacabuco,1985,1.0954451150103328,False,False
Chacabuco,1985,-2.461231440922958,True,False
Chacabuco,1985,-1.5023693488275356,True,False
Chacabuco,1985,-1.0954451150103324,False,False
Chacabuco,1985,-0.07839950332917087,False,False
Chacabuco,1985,0.1965953032817849,False,False
Chacabuco,1985,1.0954451150103373,False,False
Chacabuco,1986,3.2267806682676796,False,False
Chacabuco,1986,1.5348429524542424,False,False
Chacabuco,1986,1.095445115010333,False,False
Chacabuco,1986,-1.3682065492699333,False,False
Chacabuco,1986,-1.2174548240939338,False,False
Chacabuco,1986,-1.0954451150103328,False,False
Chacabuco,1986,-1.1446291462048919,False,False
Chacabuco,1986,-0.7904610104579223,False,False
Chacabuco,1986,-1.0954451150103648,False,False
Chacabuco,1987,15.996534554758757,False,False
Chacabuco,1987,1.7783885345687074,False,False
Chacabuco,1987,1.0954451150103321,False,False
Chacabuco,1987,-0.7088499143512786,False,False
Chacabuco,1987,-0.8691624318834458,False,False
Chacabuco,1987,-1.0954451150103317,False,False
Chacabuco,1987,-1.2347549990533264,False,False
Chacabuco,1987,-0.8543053027275772,False,False
Chacabuco,1987,-1.095445115010348,False,False
Chacabuco,1988,4.60323618545244,False,False
Chacabuco,1988,1.6817865030180665,False,False
Chacabuco,1988,1.0954451150103335,False,False
Chacabuco,1988,-1.1981611783565214,False,False
Chacabuco,1988,-1.1446841184918526,False,False
Chacabuco,1988,-1.095445115010333,False,False
Chacabuco,1988,-1.4151211463224262,False,False
Chacabuco,1988,-0.9702452400016504,False,False
Chacabuco,1988,-1.095445115010351,False,False
Chacabuco,1989,7.545791100562976,False,False
Chacabuco,1989,1.7448241067271082,False,False
Chacabuco,1989,1.0954451150103328,False,False
Chacabuco,1989,-0.4780036261836395,False,False
Chacabuco,1989,-0.7001384310054047,False,False
Chacabuco,1989,-1.095445115010332,False,False
Chacabuco,1989,-1.0546702135071702,False,False
Chacabuco,1989,-0.7227599474157774,False,False
Chacabuco,1989,-1.09544511501037,False,False
Chacabuco,1990,12.053321671977796,False,False
Chacabuco,1990,1.7707396754875455,False,False
Chacabuco,1990,1.0954451150103324,False,False
Chacabuco,1990,-1.030379823702555,False,False
Chacabuco,1990,-1.062031002767463,False,False
Chacabuco,1990,-1.0954451150103321,False,False
Chacabuco,1991,1.146174258059806,False,False
Chacabuco,1991,1.1202868619469177,False,False
Chacabuco,1991,1.0954451150103324,False,False
Chacabuco,1991,-0.5525102558090321,False,False
Chacabuco,1991,-0.757544493864242,False,False
Chacabuco,1991,-1.0954451150103313,False,False
Chacabuco,1991,-1.7861220658107413,True,False
Chacabuco,1991,-1.162854792367238,False,False
Chacabuco,1991,-1.0954451150103366,False,False
Chacabuco,1992,3.8893281983145913,False,False
Chacabuco,1992,1.6465640814491622,False,False
Chacabuco,1992,1.0954451150103326,False,False
Chacabuco,1992,-0.325877878897806,False,False
Chacabuco,1992,-0.5747189316619198,False,False
Chacabuco,1992,-1.0954451150103313,False,False
Chacabuco,1993,-0.3153554118969137,False,False
Chacabuco,1993,-0.04197754801611135,False,False
Chacabuco,1993,1.0954451150103426,False,False
Chacabuco,1993,-4.564354645876417,True,False
Chacabuco,1993,-1.6802129561128434,True,False
Chacabuco,1993,-1.0954451150103344,False,False
Chacabuco,1993,-1.5499918811238191,True,False
Chacabuco,1993,-1.0470391915304629,False,False
Chacabuco,1993,-1.0954451150103606,False,False
Chacabuco,1994,13.295102693850815,False,False
Chacabuco,1994,1.7738638947418526,False,False
Chacabuco,1994,1.095445115010332,False,False
Chacabuco,1994,-1.0206046669075797,False,False
Chacabuco,1994,-1.0568563345556001,False,False
Chacabuco,1994,-1.0954451150103317,False,False
Chacabuco,1994,-0.9221595241176773,False,False
Chacabuco,1994,-0.6159194443589144,False,False
Chacabuco,1994,-1.0954451150103957,False,False
Chacabuco,1995,18.106722430118978,False,False
Chacabuco,1995,1.7806380823665704,False,False
Chacabuco,1995,1.0954451150103321,False,False
Chacabuco,1995,-0.568788809716903,False,False
Chacabuco,1995,-0.7697261219398286,False,False
Chacabuco,1995,-1.095445115010331,False,False
Chacabuco,1995,-1.4201310995494296,False,False
Chacabuco,1995,-0.9732456674691387,False,False
Chacabuco,1995,-1.095445115010333,False,False
Chacabuco,1996,7.101587322845965,False,False
Chacabuco,1996,1.7395844915742131,False,False
Chacabuco,1996,1.095445115010332,False,False
Chacabuco,1996,-0.7002787097845492,False,False
Chacabuco,1996,-0.8633533565374307,False,False
Chacabuco,1996,-1.0954451150103313,False,False
Chacabuco,1996,-1.3519581549939528,False,False
Chacabuco,1996,-0.9314106527961112,False,False
Chacabuco,1996,-1.0954451150103348,False,False
Chacabuco,1997,7.941977083824934,False,False
Chacabuco,1997,1.748830203206137,False,False
Chacabuco,1997,1.095445115010332,False,False
Chacabuco,1997,-0.35073462015681683,False,False
Chacabuco,1997,-0.5959420593525859,False,False
Chacabuco,1997,-1.095445115010331,False,False
Chacabuco,1997,-1.4999483667382203,False,False
Chacabuco,1997,-1.019497224209198,False,False
Chacabuco,1997,-1.0954451150103317,False,False
Chacabuco,1998,4.463972528941245,False,False
Chacabuco,1998,1.6759917494277468,False,False
Chacabuco,1998,1.0954451150103317,False,False
Chacabuco,1998,-0.8867212449709966,False,False
Chacabuco,1998,-0.9817535018499975,False,False
Chacabuco,1998,-1.0954451150103315,False,False
Chacabuco,1998,-0.7276230627945195,False,False
Chacabuco,1998,-0.44475631620383566,False,False
Chacabuco,1998,1.0954451151240387,False,False
Chacabuco,1999,1115.2152912492186,False,False
Chacabuco,1999,1.7888521335143428,False,False
Chacabuco,1999,1.095445115010332,False,False
Chacabuco,1999,-0.7224349014975695,False,False
Chacabuco,1999,-0.8782963061098631,False,False
Chacabuco,1999,-1.095445115010331,False,False
Chacabuco,2000,1.2028416949133052,False,False
Chacabuco,2000,1.1468292773139102,False,False
Chacabuco,2000,1.0954451150103313,False,False
Chacabuco,2000,-1.9068859409439094,True,False
Chacabuco,2000,-1.389629625505857,False,False
Chacabuco,2000,-1.0954451150103317,False,False
Chacabuco,2001,0.9023378030694081,False,False
Chacabuco,2001,0.9909288482161991,False,False
Chacabuco,2001,1.095445115010332,False,False
Chacabuco,2001,-0.6242859257585761,False,False
Chacabuco,2001,-0.810278043191558,False,False
Chacabuco,2001,-1.095445115010331,False,False
Chacabuco,2002,2.0744661115171494,False,False
Chacabuco,2002,1.4291761859555416,False,False
Chacabuco,2002,1.0954451150103317,False,False
Chacabuco,2002,-1.1643410341933713,False,False
Chacabuco,2002,-1.1289325696052046,False,False
Chacabuco,2002,-1.0954451150103315,False,False
Chacabuco,2003,1.0622498084948673,False,False
Chacabuco,2003,1.0786195379835872,False,False
Chacabuco,2003,1.0954451150103317,False,False
Chacabuco,2003,-1.230685252665928,False,False
Chacabuco,2003,-1.1594184605815867,False,False
Chacabuco,2003,-1.0954451150103315,False,False
Chacabuco,2004,1.2528366545233105,False,False
Chacabuco,2004,1.1692264309300078,False,False
Chacabuco,2004,1.095445115010332,False,False
Chacabuco,2004,-1.066465085512704,False,False
Chacabuco,2004,-1.0807815399984235,False,False
Chacabuco,2004,-1.0954451150103317,False,False
Chacabuco,2005,0.6831808244150457,False,False
Chacabuco,2005,0.8516583167045436,False,False
Chacabuco,2005,1.095445115010332,False,False
Chacabuco,2005,-1.057408826294695,False,False
Chacabuco,2005,-1.0761274188337224,False,False
Chacabuco,2005,-1.0954451150103315,False,False
Chacabuco,2006,2.0665844013670087,False,False
Chacabuco,2006,1.4274355872427533,False,False
Chacabuco,2006,1.095445115010332,False,False
Chacabuco,2006,-1.0700875891999073,False,False
Chacabuco,2006,-1.0826335710715367,False,False
Chacabuco,2006,-1.0954451150103317,False,False
Chacabuco,2007,0.709725004091201,False,False
Chacabuco,2007,0.8697535044522834,False,False
Chacabuco,2007,1.0954451150103317,False,False
Chacabuco,2007,-0.8998299159013439,False,False
Chacabuco,2007,-0.9894628983420581,False,False
Chacabuco,2007,-1.0954451150103315,False,False
Chacabuco,2007,-0.9128709291752763,False,False
Chacabuco,2007,-0.6081211398682969,False,False
Chacabuco,2007,-1.0954451150103384,False,False
Chacabuco,2008,6.572670690062049,False,False
Chacabuco,2008,1.7320508075688772,False,False
Chacabuco,2008,1.0954451150103317,False,False
Chacabuco,2008,-1.5518805795979687,True,False
Chacabuco,2008,-1.2851509262439968,False,False
Chacabuco,2008,-1.0954451150103315,False,False
Chacabuco,2008,0.5112077203381549,False,False
Chacabuco,2008,0.7260551591195433,False,False
Chacabuco,2008,1.0954451150103326,False,False
Chacabuco,2009,6.959298377712696,False,False
Chacabuco,2009,1.7294168897584419,False,False
Chacabuco,2009,1.0954451150103315,False,False
Chacabuco,2009,-1.1898800387181185,False,False
Chacabuco,2009,-1.1408681498929572,False,False
Chacabuco,2009,-1.0954451150103315,False,False
Chacabuco,2009,-0.6405061601426528,False,False
Chacabuco,2009,-0.3632870259730536,False,False
Chacabuco,2009,1.0954451150102582,False,False
Chacabuco,2010,31.859195428214846,False,False
Chacabuco,2010,1.7860592312650192,False,False
Chacabuco,2010,1.0954451150103315,False,False
Chacabuco,2010,-0.8213161321729462,False,False
Chacabuco,2010,-0.9420975108430232,False,False
Chacabuco,2010,-1.0954451150103306,False,False
Chacabuco,2010,-0.4257964334013778,False,False
Chacabuco,2010,-0.15318282879078818,False,False
Chacabuco,2010,1.0954451150102975,False,False
Chacabuco,2011,2.5107098383109534,False,False
Chacabuco,2011,1.4034811821765147,False,False
Chacabuco,2011,1.0954451150102855,False,False
Chacabuco,2011,-8.277040741704297,True,False
Chacabuco,2011,-1.7518105747313524,True,False
Chacabuco,2011,-1.095445115010331,False,False
Chacabuco,2011,-0.3701733492619008,False,False
Chacabuco,2011,-0.09731663620392983,False,False
Chacabuco,2011,1.0954451150103217,False,False
Chacabuco,2012,16.387094656520656,False,False
Chacabuco,2012,1.7781852107747902,False,False
Chacabuco,2012,1.0954451150103315,False,False
Chacabuco,2012,-1.2501690013112257,False,False
Chacabuco,2012,-1.1680549039942192,False,False
Chacabuco,2012,-1.0954451150103317,False,False
Chacabuco,2012,-0.44502457797294726,False,False
Chacabuco,2012,-0.17239884636824615,False,False
Chacabuco,2012,1.0954451150103284,False,False
Chacabuco,2013,11.137025335938322,False,False
Chacabuco,2013,1.765629162684247,False,False
Chacabuco,2013,1.0954451150103315,False,False
Chacabuco,2013,-0.1665589063758398,False,False
Chacabuco,2013,-0.4324546236839126,False,False
Chacabuco,2013,-1.0954451150103268,False,False
Chacabuco,2013,-2.4256284689514387,True,False
Chacabuco,2013,-1.3822178973625918,False,False
Chacabuco,2013,-1.0954451150103288,False,False
Chacabuco,2014,3.20207033618404,False,False
Chacabuco,2014,1.5944944187302326,False,False
Chacabuco,2014,1.0954451150103313,False,False
Chacabuco,2014,-0.8998299159013434,False,False
Chacabuco,2014,-0.9894628983420577,False,False
Chacabuco,2014,-1.0954451150103308,False,False
Chacabuco,2014,-0.3651483716701103,False,False
Chacabuco,2014,-0.09225312080288839,False,False
Chacabuco,2014,1.0954451150103144,False,False
Chacabuco,2015,6.7552448758969295,False,False
Chacabuco,2015,1.7258140887224998,False,False
Chacabuco,2015,1.0954451150103293,False,False
Chacabuco,2015,-1.2060961367285439,False,False
Chacabuco,2015,-1.1483159090635044,False,False
Chacabuco,2015,-1.0954451150103293,False,False
Chacabuco,2015,-0.7302967433402198,False,False
Chacabuco,2015,-0.4472135954999567,False,False
Chacabuco,2015,,False,False
Chacabuco,2016,inf,False,False
Chacabuco,2016,1.7888543819998317,False,False
Chacabuco,2016,1.0954451150103321,False,False
Chacabuco,2016,-0.7302967433402214,False,False
Chacabuco,2016,-0.8835412617927487,False,False
Chacabuco,2016,-1.0954451150103321,False,False
Chacabuco,2016,-0.5591334441198571,False,False
Chacabuco,2016,-0.2849881999516386,False,False
Chacabuco,2016,1.0954451150103321,False,False
Chacabuco,2017,9.250425415642805,False,False
Chacabuco,2017,1.7551441460607522,False,False
Chacabuco,2017,1.0954451150103324,False,False
Chacabuco,2017,-2.52995657514291,True,True
Chacabuco,2017,-1.5132029876172417,True,True
Chacabuco,2017,-1.0954451150103321,False,False
Chacabuco,2017,-2.1178605556866423,True,True
Chacabuco,2017,-1.2913215084752983,False,False
Chacabuco,2017,-1.0954451150103321,False,False
Chacabuco,2018,5.61175392250907,False,False
Chacabuco,2018,1.7132448231239108,False,False
Chacabuco,2018,1.0954451150103324,False,False
Chacabuco,2018,-0.6251782727079169,False,False
Chacabuco,2018,-0.810917720017347,False,False
Chacabuco,2018,-1.0954451150103321,False,False
Chacabuco,2018,-0.8048168191912645,False,False
Chacabuco,2018,-0.5145796109827125,False,False
Chacabuco,2018,-1.0954451150103321,False,False
Chacabuco,2019,38.52315321119668,False,False
Chacabuco,2019,1.7870003261739649,False,False
Chacabuco,2019,1.0954451150103321,False,False
Chacabuco,2019,-0.7532246643520657,False,False
Chacabuco,2019,-0.8986664763019195,False,False
Chacabuco,2019,-1.0954451150103321,False,False
Chacabuco,2019,-2.144279991393055,True,False
Chacabuco,2019,-1.3000832620394394,False,False
Chacabuco,2019,-1.0954451150103321,False,False
Chacabuco,2020,2.7106801515555,False,False
Chacabuco,2020,1.539128537546442,False,False
Chacabuco,2020,1.0954451150103321,False,False
Chacabuco,2020,-0.4868644955601476,False,False
Chacabuco,2020,-0.7071067811865475,False,False
Chacabuco,2020,-1.0954451150103321,False,False
Chacabuco,2020,-0.30071042372832646,False,False
Chacabuco,2020,-0.027166291246208056,False,False
Chacabuco,2020,1.0954451150103297,False,False
Chacabuco,2021,3.2406917985722252,False,False
Chacabuco,2021,1.536740723870407,False,False
Chacabuco,2021,1.0954451150103308,False,False
Chacabuco,2021,-2.7552104407835594,True,False
Chacabuco,2021,-1.5449951709916299,True,False
Chacabuco,2021,-1.095445115010332,False,False
Chacabuco,2021,-1.773577805254823,True,False
Chacabuco,2021,-1.157255592481243,False,False
Chacabuco,2021,-1.095445115010331,False,False
Chacabuco,2022,1.095445115010331,False,False
Chacabuco,2022,1.095445115010331,False,False
Chacabuco,2022,1.095445115010331,False,False
Chacabuco,2022,-1.095445115010331,False,False
Chacabuco,2022,-1.095445115010331,False,False
Chacabuco,2022,-1.095445115010331,False,False
Chacabuco,2022,-2.2517482919656806,True,True
Chacabuco,2022,-1.3337718577106994,False,False
Chacabuco,2022,-1.0954451150103306,False,False
Chacabuco,2023,12.415044636783746,False,False
Chacabuco,2023,1.7717431878348842,False,False
Chacabuco,2023,1.0954451150103321,False,False
Chacabuco,2023,-1.3236628473041514,False,False
Chacabuco,2023,-1.1993882232587343,False,False
Chacabuco,2023,-1.0954451150103321,False,False
Chacabuco,2023,-0.1893361927178352,False,False
Chacabuco,2023,0.0854357657716761,False,False
Chacabuco,2023,1.0954451150103321,False,False
Chacabuco,2024,3.544982108297325,False,False
Chacabuco,2024,1.573748647452283,False,False
Chacabuco,2024,1.0954451150103321,False,False
Chacabuco,2024,-2.477087602410751,True,False
Chacabuco,2024,-1.5049200119229709,True,False
Chacabuco,2024,-1.0954451150103324,False,False
Chacabuco,2024,-0.08426500884694864,False,False
Chacabuco,2024,0.1907638981689866,False,False
Chacabuco,2024,1.0954451150103324,False,False
Chapaleufu,1981,,False,False
Chapaleufu,1982,,False,False
Chapaleufu,1983,,False,False
Chapaleufu,1984,-1.4320176130339226,False,False
Chapaleufu,1985,6.342709063788006,False,False
Chapaleufu,1986,1.2188469005789966,False,False
Chapaleufu,1987,-0.07674905252266628,False,False
Chapaleufu,1988,-0.1525556421393132,False,False
Chapaleufu,1989,-0.33462644348650444,False,False
Chapaleufu,1990,-0.764646972088971,False,False
Chapaleufu,1991,8.20411828431847,False,False
Chapaleufu,1992,0.7218706238709327,False,False
Chapaleufu,1993,-0.4679477766067407,False,False
Chapaleufu,1994,0.21873081570993652,False,False
Chapaleufu,1995,-0.7675399286729878,False,False
Chapaleufu,1996,-1.1636334752061408,False,False
Chapaleufu,1997,1.0695812595977712,False,False
Chapaleufu,1998,0.9275985939349198,False,False
Chapaleufu,1999,7.00105766269081,False,False
Chapaleufu,2000,1.3647502484130203,False,False
Chapaleufu,2001,1.2199765128754076,False,False
Chapaleufu,2002,0.842749452283435,False,False
Chapaleufu,2003,0.3688323482876258,False,False
Chapaleufu,2004,14.86940753949324,False,False
Chapaleufu,2005,0.5841043134078486,False,False
Chapaleufu,2006,0.8694351505425313,False,False
Chapaleufu,2007,-0.1629853218795754,False,False
Chapaleufu,2008,-2.878119074169647,True,False
Chapaleufu,2009,-0.031989196584533565,False,False
Chapaleufu,2010,-0.2918143124235679,False,False
Chapaleufu,2011,-1.4891110638955691,False,False
Chapaleufu,2012,0.2146581853409914,False,False
Chapaleufu,2013,1.1522439820684762,False,False
Chapaleufu,2014,2.983338617229699,False,False
Chapaleufu,2015,1.5668421897622442,False,False
Chapaleufu,2016,0.9227910514607335,False,False
Chapaleufu,2017,-0.297219149138882,False,False
Chapaleufu,2018,0.5393598899705937,False,False
Chapaleufu,2019,0.26128050920099327,False,False
Chapaleufu,2020,-0.939329803562513,False,False
Chapaleufu,2021,-0.19812146533330172,False,False
Chapaleufu,2022,-1.61480025610301,True,False
Chapaleufu,2023,-0.02533624111476048,False,False
Chapaleufu,2024,-2.2669171110006157,True,False
Chascomus,1981,,False,False
Chascomus,1982,,False,False
Chascomus,1983,,False,False
Chascomus,1984,1.5118578920369088,False,False
Chascomus,1985,0.3396831102433787,False,False
Chascomus,1986,-1.0894610470936208,False,False
Chascomus,1987,-1.3241493158427544,False,False
Chascomus,1988,-3.872439416575918,True,False
Chascomus,1989,-2.0473729104681486,True,False
Chascomus,1990,3.852218910642482,False,False
Chascomus,1991,1.6493988127750614,False,False
Chascomus,1992,0.623110852499717,False,False
Chascomus,1993,0.3853551910513024,False,False
Chascomus,1994,0.5403711513862914,False,False
Chascomus,1995,-1.4508985543716713,False,False
Chascomus,1996,1.030998104160948,False,False
Chascomus,1997,7.900627688984957,False,False
Chascomus,1998,-0.29469905712412764,False,False
Chascomus,1999,-0.10767219690571794,False,False
Chascomus,2000,0.6061333142220646,False,False
Chascomus,2001,-0.2949672680445674,False,False
Chascomus,2002,1.605760412157264,False,False
Chascomus,2003,2.2554305615327728,False,False
Chascomus,2004,2.4431534414692724,False,False
Chascomus,2005,0.40923821714096625,False,False
Chascomus,2006,1.7616808449131622,False,False
Chascomus,2007,-0.7578589905858489,False,False
Chascomus,2008,-3.1393531980634983,True,False
Chascomus,2009,0.5308524732061153,False,False
Chascomus,2010,-0.5072337048046153,False,False
Chascomus,2011,-1.326584405933052,False,False
Chascomus,2012,0.6259762757372916,False,False
Chascomus,2013,0.39593223785860876,False,False
Chascomus,2014,1.0758983928656205,False,False
Chascomus,2015,0.42248845294377957,False,False
Chascomus,2016,0.8647524704434445,False,False
Chascomus,2017,-0.6044826213744501,False,False
Chascomus,2018,1.4433756729740657,False,False
Chascomus,2019,-0.01998002995008736,False,False
Chascomus,2020,0.37592591477381987,False,False
Chascomus,2021,-2.7339671305973052,True,False
Chascomus,2022,-3.9197507230466724,True,False
Chascomus,2023,0.397450862998534,False,False
Chascomus,2024,-0.27500173616888773,False,False
Chicoana,1981,,False,False
Chicoana,1982,,False,False
Chicoana,1983,,False,False
Chicoana,1984,1.2134548208712062,False,False
Chicoana,1985,-0.019424373046386164,False,False
Chicoana,1986,1.0375024112093938,False,False
Chicoana,1987,3.145705511194871,False,False
Chicoana,1988,0.04700059651110366,False,False
Chicoana,1989,1.6572520609947765,False,False
Chicoana,1997,1.044218977915697,False,False
Chicoana,1998,2.440585118430351,False,False
Chicoana,1999,1.592582840510242,False,False
Chicoana,2000,2.3349622895104756,False,False
Chicoana,2001,-0.9352338326170571,False,False
Chicoana,2002,1.4702029796696112,False,False
Chicoana,2003,-1.39391814412966,False,False
Chicoana,2004,-1.0000000000000002,False,False
Chicoana,2005,1.0954451150103324,False,False
Chicoana,2006,0.18257418583505539,False,False
Chicoana,2007,1.4000000000000004,False,False
Chicoana,2008,1.5496124358363617,False,False
Chicoana,2009,1.1983425406454107,False,False
Chicoana,2010,2.1376351598046672,False,False
Chicoana,2011,1.3455808833412148,False,False
Chicoana,2012,-6.647135171782643,True,False
Chicoana,2013,1.2794612869818411,False,False
Chicoana,2014,1.0498653231246922,False,False
Chicoana,2015,0.6319418279951484,False,False
Chicoana,2016,1.028452570859732,False,False
Chicoana,2017,0.4676546494467377,False,False
Chicoana,2018,2.565488878833164,False,False
Chicoana,2019,1.14339903857762,False,False
Chicoana,2020,1.1862933415220243,False,False
Chicoana,2021,0.05331528566029979,False,False
Chicoana,2022,-2.2621742046333626,True,False
Chicoana,2023,-2.4102248318556385,True,False
Chicoana,2024,-0.49025727540207154,False,False
Chivilcoy,1981,,False,False
Chivilcoy,1982,,False,False
Chivilcoy,1983,,False,False
Chivilcoy,1984,0.019367281045402227,False,False
Chivilcoy,1985,0.0177887325681601,False,False
Chivilcoy,1986,-0.28909757915061135,False,False
Chivilcoy,1987,1.5516829725065702,False,False
Chivilcoy,1988,-2.53721872771465,True,False
Chivilcoy,1989,1.090062646157871,False,False
Chivilcoy,1990,0.9500208967827098,False,False
Chivilcoy,1991,3.910555358976082,False,False
Chivilcoy,1992,0.4436841988562572,False,False
Chivilcoy,1993,-0.8914183647648224,False,False
Chivilcoy,1994,1.5496762415336134,False,False
Chivilcoy,1995,1.66281286893299,False,False
Chivilcoy,1996,1.8521274099674432,False,False
Chivilcoy,1997,2.090795208851894,False,False
Chivilcoy,1998,0.5232392619374588,False,False
Chivilcoy,1999,-3.632242988607165,True,False
Chivilcoy,2000,-0.429405263041883,False,False
Chivilcoy,2001,-0.3456054453364435,False,False
Chivilcoy,2002,0.787149863109052,False,False
Chivilcoy,2003,1.2178131150011409,False,False
Chivilcoy,2004,1.819935358340641,False,False
Chivilcoy,2005,0.5830194859288221,False,False
Chivilcoy,2006,1.6749113017865915,False,False
Chivilcoy,2007,-1.0114147958923323,False,False
Chivilcoy,2008,-6.303701518584769,True,False
Chivilcoy,2009,0.8128186497019926,False,False
Chivilcoy,2010,0.2922147732134885,False,False
Chivilcoy,2011,-0.9146190676803237,False,False
Chivilcoy,2012,0.7375015272172054,False,False
Chivilcoy,2013,0.6221680308401916,False,False
Chivilcoy,2014,0.8768517350867355,False,False
Chivilcoy,2015,0.46324242608355837,False,False
Chivilcoy,2016,0.7984752795247025,False,False
Chivilcoy,2017,-4.313310928137518,True,False
Chivilcoy,2018,0.31273510735676574,False,False
Chivilcoy,2019,-0.39766486786081784,False,False
Chivilcoy,2020,0.4948739452926265,False,False
Chivilcoy,2021,-1.1053860570461604,False,False
Chivilcoy,2022,-5.755111945637139,True,False
Chivilcoy,2023,0.2500669518037791,False,False
Chivilcoy,2024,0.3466769774979957,False,False
Choya,1981,,False,False
Choya,1982,,False,False
Choya,1983,,False,False
Choya,1984,18.101629028121796,False,False
Choya,1985,-0.9688610475338139,False,False
Choya,1986,1.7428332070215449,False,False
Choya,1987,0.919447081222467,False,False
Choya,1988,-1.3013875331955884,False,False
Choya,1989,0.06229176577976246,False,False
Choya,1991,1.6245716051326162,False,False
Choya,1992,2.1539897960945997,False,False
Choya,1993,0.652741519972928,False,False
Choya,1994,0.4986084707726123,False,False
Choya,1995,-2.0535063291490054,True,False
Choya,1996,2.4780445730660468,False,False
Choya,1997,1.3142975890520758,False,False
Choya,1998,-0.5782089536710993,False,False
Choya,2004,-2.705266352248996,True,False
Choya,2005,0.6852294702167481,False,False
Choya,2006,0.6091772657968474,False,False
Choya,2007,0.05696530561992604,False,False
Choya,2008,-0.8380410367356895,False,False
Choya,2009,1.048695063646012,False,False
Choya,2010,1.342064503711625,False,False
Choya,2011,-2.5166231571782514,True,False
Choya,2012,-1.3283541983775493,False,False
Choya,2013,1.3281972684008458,False,False
Choya,2014,0.8821331975794449,False,False
Choya,2015,1.0367080724563482,False,False
Choya,2016,1.1148293105001026,False,False
Choya,2017,0.22955440982053923,False,False
Choya,2018,1.093450130446252,False,False
Choya,2019,1.2106794294325247,False,False
Choya,2020,0.7784790309756704,False,False
Choya,2021,1.304493502960957,False,False
Choya,2022,-1.6546108847518617,True,False
Choya,2023,-2.9825489945045596,True,False
Choya,2024,-0.5606565842464144,False,False
Colon,1981,,False,False
Colon,1981,,False,False
Colon,1981,,False,False
Colon,1981,-inf,True,False
Colon,1981,-1.5,False,False
Colon,1981,-1.0954451150103321,False,False
Colon,1981,-2.5560386016907755,True,False
Colon,1981,-1.414213562373095,False,False
Colon,1981,-1.0954451150103321,False,False
Colon,1982,3.202070336184048,False,False
Colon,1982,1.5944944187302343,False,False
Colon,1982,1.0954451150103324,False,False
Colon,1982,0.4042714114919083,False,False
Colon,1982,0.13160814432847964,False,False
Colon,1982,-1.0954451150103321,False,False
Colon,1982,-10.589302778433211,True,False
Colon,1982,-1.7631516074892957,True,False
Colon,1982,-1.0954451150103321,False,False
Colon,1983,0.6146664256446864,False,False
Colon,1983,0.8033574794708419,False,False
Colon,1983,1.0954451150103324,False,False
Colon,1983,1.3829374981352163,False,False
Colon,1983,0.9506919285649172,False,False
Colon,1983,1.0954451150103408,False,False
Colon,1983,-6.202900187104974,True,False
Colon,1983,-1.7257287877983722,True,False
Colon,1983,-1.0954451150103326,False,False
Colon,1984,1.7716458032883153,False,False
Colon,1984,1.3534557075150975,False,False
Colon,1984,1.0954451150103324,False,False
Colon,1984,0.08881987419002696,False,False
Colon,1984,-0.1862312565732604,False,False
Colon,1984,-1.0954451150103373,False,False
Colon,1984,-3.7385575591763027,True,True
Colon,1984,-1.5934312150003636,True,True
Colon,1984,-1.0954451150103326,False,False
Colon,1985,1.5216220193872125,False,False
Colon,1985,1.274711472321981,False,False
Colon,1985,1.0954451150103324,False,False
Colon,1985,-0.5681775003542111,False,False
Colon,1985,-0.7692710129178614,False,False
Colon,1985,-1.0954451150103337,False,False
Colon,1985,-0.84786713443145,False,False
Colon,1985,-0.5524586776323808,False,False
Colon,1985,-1.0954451150103883,False,False
Colon,1986,13.49841873124366,False,False
Colon,1986,1.7742978801492377,False,False
Colon,1986,1.0954451150103346,False,False
Colon,1986,0.06621460398259676,False,False
Colon,1986,-0.20868890210003532,False,False
Colon,1986,-1.0954451150103592,False,False
Colon,1986,-6.0531593041291405,True,False
Colon,1986,-1.7106189121408217,True,False
Colon,1986,-1.0954451150103333,False,False
Colon,1987,5.2946513892166065,False,False
Colon,1987,1.70500183284359,False,False
Colon,1987,1.0954451150103326,False,False
Colon,1987,-0.1161835728041262,False,False
Colon,1987,-0.3854272121217979,False,False
Colon,1987,-1.0954451150103353,False,False
Colon,1987,-1.5298046159512517,True,False
Colon,1987,-1.0360615190057383,False,False
Colon,1987,-1.0954451150103381,False,False
Colon,1988,1.7494421985985977,False,False
Colon,1988,1.3471154184497018,False,False
Colon,1988,1.0954451150103353,False,False
Colon,1988,-2.995420433535589,True,True
Colon,1988,-1.5735485187661646,True,True
Colon,1988,-1.0954451150103326,False,False
Colon,1988,-1.273988314513004,False,False
Colon,1988,-0.8808557728939773,False,False
Colon,1988,-1.095445115010324,False,False
Colon,1989,8.216828819281773,False,False
Colon,1989,1.751299805970205,False,False
Colon,1989,1.0954451150103324,False,False
Colon,1989,0.3867069471192687,False,False
Colon,1989,0.11395983464980726,False,False
Colon,1989,-1.0954451150103517,False,False
Colon,1989,-4.668171339782669,True,False
Colon,1989,-1.6595984780723274,True,False
Colon,1989,-1.0954451150103344,False,False
Colon,1990,5.251497490746508,False,False
Colon,1990,1.7037792422386513,False,False
Colon,1990,1.0954451150103326,False,False
Colon,1990,-0.3355636534326878,False,False
Colon,1990,-0.5830217125646805,False,False
Colon,1990,-1.095445115010334,False,False
Colon,1990,-2.465792806411094,True,False
Colon,1990,-1.3924426691721132,False,False
Colon,1990,-1.095445115010334,False,False
Colon,1991,3.103761159195946,False,False
Colon,1991,1.5849058664490423,False,False
Colon,1991,1.0954451150103328,False,False
Colon,1991,0.12171612389003697,False,False
Colon,1991,-0.15339299776947415,False,False
Colon,1991,-1.0954451150103357,False,False
Colon,1991,-4.642600725519994,True,False
Colon,1991,-1.65824313385124,True,False
Colon,1991,-1.0954451150103328,False,False
Colon,1992,1.8859913396761232,False,False
Colon,1992,1.3843037637220503,False,False
Colon,1992,1.0954451150103326,False,False
Colon,1992,-0.07618936715238167,False,False
Colon,1992,-0.3474792871775571,False,False
Colon,1992,-1.0954451150103333,False,False
Colon,1992,-1.3956013067833952,False,False
Colon,1992,-0.958443628567705,False,False
Colon,1992,-1.0954451150103435,False,False
Colon,1993,5.844484630951141,False,False
Colon,1993,1.7185594403903157,False,False
Colon,1993,1.095445115010333,False,False
Colon,1993,-0.5884574079563265,False,False
Colon,1993,-0.7842711451787041,False,False
Colon,1993,-1.095445115010334,False,False
Colon,1993,-2.9617590146575696,True,False
Colon,1993,-1.4945893137246113,False,False
Colon,1993,-1.0954451150103335,False,False
Colon,1994,2.1742925767629346,False,False
Colon,1994,1.4502838559536826,False,False
Colon,1994,1.0954451150103326,False,False
Colon,1994,-0.6259686371487615,False,False
Colon,1994,-0.8114839641461752,False,False
Colon,1994,-1.095445115010333,False,False
Colon,1994,-0.6600759026344315,False,False
Colon,1994,-0.38181557397534327,False,False
Colon,1994,1.0954451150109272,False,False
Colon,1995,40.860102789907586,False,False
Colon,1995,1.7871599663535462,False,False
Colon,1995,1.0954451150103335,False,False
Colon,1995,-0.2648073268617641,False,False
Colon,1995,-0.5214238364570276,False,False
Colon,1995,-1.0954451150103364,False,False
Colon,1995,-2.575850491639496,True,False
Colon,1995,-1.418780190085642,False,False
Colon,1995,-1.095445115010336,False,False
Colon,1996,4.642902251838468,False,False
Colon,1996,1.6833578877881394,False,False
Colon,1996,1.0954451150103326,False,False
Colon,1996,-0.4750822108401525,False,False
Colon,1996,-0.6978326762451112,False,False
Colon,1996,-1.0954451150103333,False,False
Colon,1996,-0.8854809216955603,False,False
Colon,1996,-0.5848972315091627,False,False
Colon,1996,-1.095445115010447,False,False
Colon,1997,46.73899157377899,False,False
Colon,1997,1.7875910963391053,False,False
Colon,1997,1.0954451150103324,False,False
Colon,1997,-0.6038992300697986,False,False
Colon,1997,-0.7955572841757301,False,False
Colon,1997,-1.0954451150103326,False,False
Colon,1997,-0.682731363346352,False,False
Colon,1997,-0.40310565031677126,False,False
Colon,1997,1.0954451150107805,False,False
Colon,1998,63.58007707931297,False,False
Colon,1998,1.7881573569017515,False,False
Colon,1998,1.0954451150103328,False,False
Colon,1998,-2.005637432304227,True,False
Colon,1998,-1.4135904237332384,False,False
Colon,1998,-1.0954451150103324,False,False
Colon,1998,-0.37101133749680937,False,False
Colon,1998,-0.09816082629508957,False,False
Colon,1998,1.0954451150103381,False,False
Colon,1999,3.8095330119016215,False,False
Colon,1999,1.6000124741120425,False,False
Colon,1999,1.0954451150103326,False,False
Colon,1999,0.5148699753932535,False,False
Colon,1999,0.24164820425845426,False,False
Colon,1999,-1.0954451150102777,False,False
Colon,1999,-39.07087576870004,True,False
Colon,1999,-1.7870003261739649,True,False
Colon,1999,-1.0954451150103326,False,False
Colon,2000,1.9213759556927263,False,False
Colon,2000,1.3932691262746972,False,False
Colon,2000,1.0954451150103324,False,False
Colon,2000,0.07183246655805456,False,False
Colon,2000,-0.2031166333003276,False,False
Colon,2000,-1.0954451150103302,False,False
Colon,2000,-0.9792615422062045,False,False
Colon,2000,-0.6629809395719759,False,False
Colon,2000,-1.0954451150102822,False,False
Colon,2001,11.441315645662973,False,False
Colon,2001,1.7688300920266735,False,False
Colon,2001,1.0954451150103306,False,False
Colon,2001,0.6390096504226925,False,False
Colon,2001,0.36186501842551927,False,False
Colon,2001,-1.0954451150092126,False,False
Colon,2001,-53.67681063545178,True,False
Colon,2001,-1.7878750999523885,True,False
Colon,2001,-1.0954451150103315,False,False
Colon,2002,1.8509245046726293,False,False
Colon,2002,1.3751547489855773,False,False
Colon,2002,1.095445115010332,False,False
Colon,2002,0.6857664541121589,False,False
Colon,2002,0.4059443947637212,False,False
Colon,2002,-1.0954451150085434,False,False
Colon,2002,-55.50255249376695,True,False
Colon,2002,-1.78793872681076,True,False
Colon,2002,-1.0954451150103313,False,False
Colon,2003,1.278019300845387,False,False
Colon,2003,1.180157228651059,False,False
Colon,2003,1.095445115010332,False,False
Colon,2003,-1.0401196041512237,False,False
Colon,2003,-1.067146316973287,False,False
Colon,2003,-1.0954451150103313,False,False
Colon,2003,-0.21509521268692455,False,False
Colon,2003,0.05943424627796702,False,False
Colon,2003,1.0954451150103364,False,False
Colon,2004,5.98107371580578,False,False
Colon,2004,1.7087617045815573,False,False
Colon,2004,1.095445115010331,False,False
Colon,2004,-1.2381580904609126,False,False
Colon,2004,-1.1627475886743326,False,False
Colon,2004,-1.095445115010331,False,False
Colon,2004,-1.9039879379941476,True,False
Colon,2004,-1.212678125181665,False,False
Colon,2004,-1.0954451150103346,False,False
Colon,2005,2.719341067909916,False,False
Colon,2005,1.5402848032957885,False,False
Colon,2005,1.095445115010333,False,False
Colon,2005,-0.18284259833995864,False,False
Colon,2005,-0.44746013453457023,False,False
Colon,2005,-1.095445115010332,False,False
Colon,2005,-4.701634118941072,True,False
Colon,2005,-1.661341665352913,True,False
Colon,2005,-1.0954451150103333,False,False
Colon,2006,2.970531347910905,False,False
Colon,2006,1.57081425238628,False,False
Colon,2006,1.0954451150103324,False,False
Colon,2006,0.36514837167011066,False,False
Colon,2006,0.09225312080288849,False,False
Colon,2006,-1.0954451150103222,False,False
Colon,2006,-1.9438064985238734,True,False
Colon,2006,-1.2284201848407168,False,False
Colon,2006,-1.0954451150103182,False,False
Colon,2007,3.2929277930651235,False,False
Colon,2007,1.6027991480452932,False,False
Colon,2007,1.0954451150103297,False,False
Colon,2007,-1.928954028950066,True,False
Colon,2007,-1.3951551900231671,False,False
Colon,2007,-1.0954451150103308,False,False
Colon,2007,-2.1566575701765887,True,False
Colon,2007,-1.3041211847146974,False,False
Colon,2007,-1.0954451150103297,False,False
Colon,2008,1.8257418583505496,False,False
Colon,2008,1.368417469810076,False,False
Colon,2008,1.095445115010331,False,False
Colon,2008,-0.3140275996362949,False,False
Colon,2008,-0.5645041227220408,False,False
Colon,2008,-1.0954451150103284,False,False
Colon,2008,-3.92032922111755,True,False
Colon,2008,-1.6096740983437976,True,False
Colon,2008,-1.095445115010331,False,False
Colon,2009,4.228643621493567,False,False
Colon,2009,1.6651140594239016,False,False
Colon,2009,1.0954451150103321,False,False
Colon,2009,-0.09619686078205322,False,False
Colon,2009,-0.3665276687204765,False,False
Colon,2009,-1.0954451150103317,False,False
Colon,2009,-0.6878475022718518,False,False
Colon,2009,-0.4078889502539826,False,False
Colon,2009,1.0954451150088884,False,False
Colon,2010,3.505424368028443,False,False
Colon,2010,1.5693857709660881,False,False
Colon,2010,1.0954451150097033,False,False
Colon,2010,-39.051657433328444,True,True
Colon,2010,-1.7870497505511107,True,True
Colon,2010,-1.0954451150103308,False,False
Colon,2010,-0.4464027043756875,False,False
Colon,2010,-0.17377387383033605,False,False
Colon,2010,1.095445115010281,False,False
Colon,2011,7.62557424720749,False,False
Colon,2011,1.7392789585865234,False,False
Colon,2011,1.0954451150103288,False,False
Colon,2011,1.8567184554331022,False,False
Colon,2011,1.1932890988685758,False,False
Colon,2011,1.0954451150103228,False,False
Colon,2011,-3.2254772830859504,True,False
Colon,2011,-1.5966833093514292,True,False
Colon,2011,-1.0954451150103302,False,False
Colon,2012,2.7807452919492994,False,False
Colon,2012,1.5482731166384889,False,False
Colon,2012,1.0954451150103317,False,False
Colon,2012,-1.351048975179409,False,False
Colon,2012,-1.2105762727389,False,False
Colon,2012,-1.0954451150103317,False,False
Colon,2012,-0.18577724172689836,False,False
Colon,2012,0.08902433143081599,False,False
Colon,2012,1.0954451150103275,False,False
Colon,2013,3.952194140429417,False,False
Colon,2013,1.6123226995656357,False,False
Colon,2013,1.0954451150103308,False,False
Colon,2013,-0.486864495560147,False,False
Colon,2013,-0.7071067811865462,False,False
Colon,2013,-1.0954451150103288,False,False
Colon,2013,-3.195048252113459,True,False
Colon,2013,-1.5304393030528196,True,False
Colon,2013,-1.0954451150103304,False,False
Colon,2014,3.3269073863276697,False,False
Colon,2014,1.6057760192632464,False,False
Colon,2014,1.095445115010332,False,False
Colon,2014,-0.1825741858350553,False,False
Colon,2014,-0.4472135954999577,False,False
Colon,2014,-1.0954451150103308,False,False
Colon,2014,-1.0345870530653125,False,False
Colon,2014,-0.7071067811865462,False,False
Colon,2014,-1.0954451150102777,False,False
Colon,2015,4.0166320883710185,False,False
Colon,2015,1.65396605623278,False,False
Colon,2015,1.0954451150103242,False,False
Colon,2015,0.028088336282316006,False,False
Colon,2015,-0.24633537007722253,False,False
Colon,2015,-1.0954451150102777,False,False
Colon,2015,-6.207522318391574,True,False
Colon,2015,-1.714389230829035,True,False
Colon,2015,-1.0954451150103262,False,False
Colon,2016,4.381780460041305,False,False
Colon,2016,1.6723558812490782,False,False
Colon,2016,1.0954451150103315,False,False
Colon,2016,-0.3564543628208221,False,False
Colon,2016,-0.6007863230871546,False,False
Colon,2016,-1.09544511501033,False,False
Colon,2016,-2.336949578688704,True,False
Colon,2016,-1.3583928790570228,False,False
Colon,2016,-1.0954451150103295,False,False
Colon,2017,1.261421647587652,False,False
Colon,2017,1.1729788561542438,False,False
Colon,2017,1.09544511501033,False,False
Colon,2017,-1.7800983118917861,True,True
Colon,2017,-1.355838438878475,False,False
Colon,2017,-1.095445115010331,False,False
Colon,2017,-1.7814814496632656,True,True
Colon,2017,-1.1607902825035334,False,False
Colon,2017,-1.0954451150103284,False,False
Colon,2018,7.245312427349014,False,False
Colon,2018,1.741376426702553,False,False
Colon,2018,1.0954451150103321,False,False
Colon,2018,0.20237138670873606,False,False
Colon,2018,-0.07228360010207144,False,False
Colon,2018,-1.09544511501033,False,False
Colon,2018,-2.7842563339845885,True,False
Colon,2018,-1.4626094896919724,False,False
Colon,2018,-1.0954451150103304,False,False
Colon,2019,1.2983053214937248,False,False
Colon,2019,1.1887957327134224,False,False
Colon,2019,1.0954451150103308,False,False
Colon,2019,0.42600643361512863,False,False
Colon,2019,0.15339299776947377,False,False
Colon,2019,-1.0954451150102777,False,False
Colon,2019,-9.128709291752315,True,False
Colon,2019,-1.7542379475938819,True,False
Colon,2019,-1.0954451150103297,False,False
Colon,2020,0.8573048726167798,False,False
Colon,2020,0.9641647856593677,False,False
Colon,2020,1.0954451150103288,False,False
Colon,2020,1.2780193008453835,False,False
Colon,2020,0.8835412617927454,False,False
Colon,2020,1.0954451150102946,False,False
Colon,2020,-11.137025335937995,True,True
Colon,2020,-1.7677669529663667,True,True
Colon,2020,-1.0954451150103313,False,False
Colon,2021,0.3464228141485663,False,False
Colon,2021,0.5922804476170128,False,False
Colon,2021,1.0954451150103297,False,False
Colon,2021,1.0478170665316198,False,False
Colon,2021,0.7174404589809092,False,False
Colon,2021,1.095445115010247,False,False
Colon,2021,-21.178605556864778,True,False
Colon,2021,-1.7828116182555704,True,False
Colon,2021,-1.0954451150103317,False,False
Colon,2022,0.03042903097250921,False,False
Colon,2022,0.3034572967243524,False,False
Colon,2022,1.0954451150103288,False,False
Colon,2022,2.0996031371031303,False,False
Colon,2022,1.285150926243995,False,False
Colon,2022,1.0954451150103262,False,False
Colon,2022,-5.1120772033815225,True,True
Colon,2022,-1.699646045651247,True,True
Colon,2022,-1.0954451150103317,False,False
Colon,2023,2.084388621616881,False,False
Colon,2023,1.4313516298733533,False,False
Colon,2023,1.095445115010332,False,False
Colon,2023,0.16283643601504935,False,False
Colon,2023,-0.11212831498831476,False,False
Colon,2023,-1.0954451150103297,False,False
Colon,2023,-1.6034776321165696,True,False
Colon,2023,-1.0752738161887248,False,False
Colon,2023,-1.095445115010321,False,False
Colon,2024,3.4191165710928204,False,False
Colon,2024,1.6135213383420473,False,False
Colon,2024,1.09544511501033,False,False
Colon,2024,0.511207720338154,False,False
Colon,2024,0.23804174547778087,False,False
Colon,2024,-1.095445115010181,False,False
Colon,2024,-8.033264176741328,True,False
Colon,2024,-1.744163198544743,True,False
Colon,2024,-1.0954451150103228,False,False
Comandante Fernandez,1981,,False,False
Comandante Fernandez,1982,,False,False
Comandante Fernandez,1983,,False,False
Comandante Fernandez,1984,3.5646959240232654,False,False
Comandante Fernandez,1985,-0.907087691467965,False,False
Comandante Fernandez,1986,1.954911623296666,False,False
Comandante Fernandez,1987,2.216865602163603,False,False
Comandante Fernandez,1988,-1.24740400425011,False,False
Comandante Fernandez,1989,0.21040154960974872,False,False
Comandante Fernandez,1990,-0.4513649588994809,False,False
Comandante Fernandez,1991,2.0471399157034433,False,False
Comandante Fernandez,1992,1.268953173350048,False,False
Comandante Fernandez,1993,-0.32411192725444987,False,False
Comandante Fernandez,1994,-0.7132995935044837,False,False
Comandante Fernandez,1995,0.04816716472427829,False,False
Comandante Fernandez,1996,-0.38100677571664526,False,False
Comandante Fernandez,1997,1.6252939079824829,False,False
Comandante Fernandez,1998,-0.050759024337114794,False,False
Comandante Fernandez,1999,2.9919896679757336,False,False
Comandante Fernandez,2000,-1.3438576238053428,False,False
Comandante Fernandez,2001,1.2678363871894187,False,False
Comandante Fernandez,2002,-0.07071102002378517,False,False
Comandante Fernandez,2003,-0.010100581417191211,False,False
Comandante Fernandez,2004,-1.166666666666667,False,False
Comandante Fernandez,2005,-0.2522624895547566,False,False
Comandante Fernandez,2006,-0.08989331499509899,False,False
Comandante Fernandez,2007,1.5689290811054744,False,False
Comandante Fernandez,2008,-2.0986426745086515,True,False
Comandante Fernandez,2009,2.574247772137852,False,False
Comandante Fernandez,2010,2.5041824439245772,False,False
Comandante Fernandez,2011,-1.023596008118943,False,False
Comandante Fernandez,2012,-0.7659622992154306,False,False
Comandante Fernandez,2013,1.246792683207212,False,False
Comandante Fernandez,2014,2.3673251437831735,False,False
Comandante Fernandez,2015,1.3266230559586216,False,False
Comandante Fernandez,2016,1.3605741897997976,False,False
Comandante Fernandez,2017,-0.28155098742699863,False,False
Comandante Fernandez,2018,0.0,False,False
Comandante Fernandez,2019,0.15075567228888195,False,False
Comandante Fernandez,2020,-3.0124740662784166,True,False
Comandante Fernandez,2021,-1.6169439606927407,True,False
Comandante Fernandez,2022,-2.264280524169838,True,False
Comandante Fernandez,2023,-1.7467181251037929,True,False
Comandante Fernandez,2024,-0.9219439232372553,False,False
Concepcion,1981,,False,False
Concepcion,1981,,False,False
Concepcion,1981,,False,False
Concepcion,1981,-1.154700538379252,False,False
Concepcion,1982,5.971017257671653,False,False
Concepcion,1982,1.7016036626609579,False,False
Concepcion,1982,-0.5081604010991542,False,False
Concepcion,1982,-0.4772852181285069,False,False
Concepcion,1983,-0.5897678246195885,False,False
Concepcion,1983,-0.7302967433402214,False,False
Concepcion,1983,-0.9733472372646144,False,False
Concepcion,1983,-1.7888543819998317,True,False
Concepcion,1984,5.093819784798044,False,False
Concepcion,1984,1.6683598110817932,False,False
Concepcion,1984,0.2576509802810912,False,False
Concepcion,1984,0.14348895259115185,False,False
Concepcion,1985,0.35507146878860457,False,False
Concepcion,1985,-0.05177685913336515,False,False
Concepcion,1985,-4.557735616589917,True,False
Concepcion,1985,-1.7129773354866693,True,False
Concepcion,1986,8.936065307814811,False,False
Concepcion,1986,1.739129455407793,False,False
Concepcion,1986,0.11172985378324357,False,False
Concepcion,1986,-0.005109986248392832,False,False
Concepcion,1987,0.058308074765358306,False,False
Concepcion,1987,-0.3887864733327408,False,False
Concepcion,1987,2.0466603352983124,False,False
Concepcion,1987,1.7242031745497273,False,False
Concepcion,1988,-0.4825588254780128,False,False
Concepcion,1988,-0.669040596433042,False,False
Concepcion,1988,-0.6988851138684181,False,False
Concepcion,1988,-0.7302967433402213,False,False
Concepcion,1989,2.6571941132622534,False,False
Concepcion,1989,1.788854381999832,False,False
Concepcion,1989,0.3655867250574702,False,False
Concepcion,1989,0.15974339320938033,False,False
Concepcion,1991,0.6642870701861053,False,False
Concepcion,1991,0.43571887346436394,False,False
Concepcion,1992,-8.643955926031857,True,False
Concepcion,1992,-1.7476000593417371,True,False
Concepcion,1993,-0.9306821881147928,False,False
Concepcion,1993,-0.6288969058930928,False,False
Concepcion,1993,2.2846921381403287,False,False
Concepcion,1993,1.7836944330417934,False,False
Concepcion,1994,-0.061815464398692115,False,False
Concepcion,1994,-0.23599152090298178,False,False
Concepcion,1994,0.7960424400452409,False,False
Concepcion,1994,0.514367114877573,False,False
Concepcion,1995,-0.14220700624480315,False,False
Concepcion,1995,0.08877935232369494,False,False
Concepcion,1995,-3.6609969339955186,True,False
Concepcion,1995,-1.7142857142857135,True,False
Concepcion,1996,-0.07482483432682843,False,False
Concepcion,1996,0.1836400103348519,False,False
Concepcion,1996,2.1499674993932345,False,False
Concepcion,1996,1.5074693257628629,False,False
Concepcion,1997,-0.6390096504226935,False,False
Concepcion,1997,-0.996545758244879,False,False
Concepcion,1997,-2.627069191573268,True,False
Concepcion,1997,-1.4054928806544746,False,False
Concepcion,1998,0.5939659802155114,False,False
Concepcion,1998,1.0688058819930393,False,False
Concepcion,1998,-1.837410598589824,True,False
Concepcion,1998,-1.1151696323761666,False,False
Concepcion,1999,1.0985413938349669,False,False
Concepcion,1999,0.7495433978863452,False,False
Concepcion,1999,1.2759266861944882,False,False
Concepcion,1999,1.0341350427396392,False,False
Concepcion,2000,-0.6812882965690508,False,False
Concepcion,2000,-1.5664989920611128,True,False
Concepcion,2000,0.9541013737199123,False,False
Concepcion,2000,0.7302967433402212,False,False
Concepcion,2001,-0.5819552173492387,False,False
Concepcion,2001,-0.34348718491400865,False,False
Concepcion,2001,-2.7469648698702764,True,False
Concepcion,2001,-1.5488511859485632,True,False
Concepcion,2002,-0.5957232483307543,False,False
Concepcion,2002,-0.3103717159572741,False,False
Concepcion,2002,-0.7861563484323059,False,False
Concepcion,2002,-0.7302967433402181,False,False
Concepcion,2003,3.834057902536145,False,False
Concepcion,2003,1.561440116717651,False,False
Concepcion,2003,-0.9561828874675141,False,False
Concepcion,2003,-0.730296743340221,False,False
Concepcion,2004,0.730296743340221,False,False
Concepcion,2004,0.4636004455717531,False,False
Concepcion,2005,1.3287276776598382,False,False
Concepcion,2005,1.1583158907100042,False,False
Concepcion,2005,-1.654730362644539,True,False
Concepcion,2005,-1.654730362644539,True,False
Concepcion,2006,-0.24477904781022264,False,False
Concepcion,2006,-0.1375228328345057,False,False
Concepcion,2007,2.13302330845555,False,False
Concepcion,2007,1.632993161855451,False,False
Concepcion,2007,-0.4472135954999577,False,False
Concepcion,2007,-0.7302967433402209,False,False
Concepcion,2008,-1.034587053065313,False,False
Concepcion,2008,-0.9161573349021885,False,False
Concepcion,2008,-1.2883206568795385,False,False
Concepcion,2008,-1.6329931618554425,True,False
Concepcion,2009,4.919349550499514,False,False
Concepcion,2009,1.7040257344605154,False,False
Concepcion,2009,1.6895270012921473,False,False
Concepcion,2009,1.0542738803459235,False,False
Concepcion,2010,0.4445278505882099,False,False
Concepcion,2010,0.04592545164650477,False,False
Concepcion,2010,0.9357701191032749,False,False
Concepcion,2010,0.7302967433402069,False,False
Concepcion,2011,-7.746361884715762,True,False
Concepcion,2011,-1.7270684146697366,True,False
Concepcion,2012,0.6745932805102077,False,False
Concepcion,2012,0.6092282326081948,False,False
Concepcion,2013,2.425633772892768,False,False
Concepcion,2013,1.4342743312012716,False,False
Concepcion,2013,0.5581717605591615,False,False
Concepcion,2013,0.26426819257596296,False,False
Concepcion,2014,0.0004898978995664016,False,False
Concepcion,2014,-0.7302967433402135,False,False
Concepcion,2015,0.44587061172968206,False,False
Concepcion,2015,1.7888543819998326,False,False
Concepcion,2016,1.095445115010334,False,False
Concepcion,2016,0.7302967433402184,False,False
Concepcion,2017,5.490975950762638,False,False
Concepcion,2017,1.788854381999832,False,False
Concepcion,2018,20.57002493741624,False,False
Concepcion,2018,1.7799550456994895,False,False
Concepcion,2018,0.2649548959580459,False,False
Concepcion,2018,0.0499804801866463,False,False
Concepcion,2019,0.9338895784584287,False,False
Concepcion,2019,0.7302967433402214,False,False
Concepcion,2019,-1.4605934866804429,False,False
Concepcion,2019,-0.9492889050691345,False,False
Concepcion,2020,0.23425474049997796,False,False
Concepcion,2020,0.08877935232369506,False,False
Concepcion,2020,-6.859572982088509,True,False
Concepcion,2020,-1.7457431218879391,True,False
Concepcion,2021,0.4896481917478683,False,False
Concepcion,2021,0.4896481917478683,False,False
Concepcion,2021,0.22399601788396722,False,False
Concepcion,2021,0.43133109281375365,False,False
Concepcion,2022,0.6998964726756152,False,False
Concepcion,2022,0.7302967433402214,False,False
Concepcion,2022,-0.2245662485771181,False,False
Concepcion,2022,-0.03679221559068458,False,False
Concepcion,2023,-0.21554462662366608,False,False
Concepcion,2023,-0.6755995272555367,False,False
Concepcion,2023,-4.0945055716485195,True,False
Concepcion,2023,-1.7880077213821721,True,False
Concepcion,2024,6.183755248828005,False,False
Concepcion,2024,1.7018018254161027,False,False
Concepcion,2024,0.19768556745694707,False,False
Concepcion,2024,0.08285094176212998,False,False
Concordia,1981,,False,False
Concordia,1982,,False,False
Concordia,1983,,False,False
Concordia,1984,1.4,False,False
Concordia,1985,2.928912811840939,False,False
Concordia,1986,1.1961251136555622,False,False
Concordia,1987,3.9547149776555717,False,False
Concordia,1988,-0.5583701236226871,False,False
Concordia,1989,1.2584123954231425,False,False
Concordia,1990,-0.15936381457791915,False,False
Concordia,1991,-0.36971583130610913,False,False
Concordia,1992,3.911384954608113,False,False
Concordia,1993,0.39708756852476096,False,False
Concordia,1994,2.2383601941100553,False,False
Concordia,1995,-0.20470985056003202,False,False
Concordia,1996,0.2868428990193554,False,False
Concordia,1997,2.9889099010265574,False,False
Concordia,1998,0.9672604843578073,False,False
Concordia,1999,-1.9461449521289929,True,False
Concordia,2000,1.2397752033603366,False,False
Concordia,2001,0.6404198011414697,False,False
Concordia,2002,0.40932165629651973,False,False
Concordia,2003,0.7728822594202236,False,False
Concordia,2004,0.32369586875793177,False,False
Concordia,2005,-0.6949955884209079,False,False
Concordia,2006,8.497058314499162,False,False
Concordia,2007,-0.5773502691896256,False,False
Concordia,2008,-4.234286874236714,True,False
Concordia,2009,1.042513703639008,False,False
Concordia,2010,-1.118041373035998,False,False
Concordia,2011,0.40483950183491196,False,False
Concordia,2012,1.0489412542633658,False,False
Concordia,2013,-0.08477929458505915,False,False
Concordia,2014,1.045827435729661,False,False
Concordia,2015,0.991333491779185,False,False
Concordia,2016,0.8927411816006918,False,False
Concordia,2017,-2.231984124179725,True,False
Concordia,2018,0.7022860203327167,False,False
Concordia,2019,0.00764049188013842,False,False
Concordia,2020,-0.5736306970496916,False,False
Concordia,2021,-1.8921487532369143,True,False
Concordia,2022,-1.5779496515040667,True,False
Concordia,2023,0.6043681015767437,False,False
Concordia,2024,0.32306131851146386,False,False
Conhelo,1981,,False,False
Conhelo,1982,,False,False
Conhelo,1983,,False,False
Conhelo,1984,0.2612398936723059,False,False
Conhelo,1985,2.537012518977179,False,False
Conhelo,1986,1.1815297044855368,False,False
Conhelo,1987,-0.686981094953788,False,False
Conhelo,1988,-0.4575005995272563,False,False
Conhelo,1989,-0.7274053156427861,False,False
Conhelo,1990,-0.4075208044986728,False,False
Conhelo,1991,3.9615939714219253,False,False
Conhelo,1992,1.3329188831090206,False,False
Conhelo,1993,-0.20552756149659587,False,False
Conhelo,1994,-0.2993486614636435,False,False
Conhelo,1995,-1.7120913932071045,True,False
Conhelo,1996,-0.8870588321738327,False,False
Conhelo,1997,0.8102838176764608,False,False
Conhelo,1998,1.531765842687298,False,False
Conhelo,1999,4.734602311264418,False,False
Conhelo,2000,-0.035748293418537955,False,False
Conhelo,2001,2.1587780119681064,False,False
Conhelo,2002,1.2798282323384567,False,False
Conhelo,2003,-0.7281798625283474,False,False
Conhelo,2004,1.2828326749351593,False,False
Conhelo,2005,-0.9248676325394946,False,False
Conhelo,2006,-1.4699801429256738,False,False
Conhelo,2007,-0.9496552660065057,False,False
Conhelo,2008,-1.4226975170040361,False,False
Conhelo,2009,-0.6599266788866258,False,False
Conhelo,2010,0.5657887265728105,False,False
Conhelo,2011,3.5984061527520717,False,False
Conhelo,2012,-0.0008915326258357734,False,False
Conhelo,2013,0.5563163585213959,False,False
Conhelo,2014,2.3920458468182586,False,False
Conhelo,2015,3.454888695313144,False,False
Conhelo,2016,1.86163801190031,False,False
Conhelo,2017,0.7196681312941647,False,False
Conhelo,2018,1.2285562398290273,False,False
Conhelo,2019,1.5745900259119836,False,False
Conhelo,2020,-1.9756773116724564,True,False
Conhelo,2021,-1.0903047552770053,False,False
Conhelo,2022,-0.39531442172918146,False,False
Conhelo,2023,-0.02456631441252107,False,False
Conhelo,2024,-0.769668389119577,False,False
Copo,1981,,False,False
Copo,1982,,False,False
Copo,1983,,False,False
Copo,1984,inf,False,False
Copo,1985,-1.26,False,False
Copo,1986,3.3087865165490786,False,False
Copo,1987,1.477837290880844,False,False
Copo,1988,-1.4887754248128182,False,False
Copo,1989,0.23140664235624225,False,False
Copo,1996,0.5108832635594336,False,False
Copo,1997,2.843893187081756,False,False
Copo,1998,1.9189059382887947,False,False
Copo,2002,-0.11007789420363351,False,False
Copo,2003,-0.5442821536971656,False,False
Copo,2004,-1.003348145384777,False,False
Copo,2005,1.0471939281417955,False,False
Copo,2006,1.261689446833167,False,False
Copo,2007,0.4350256450233216,False,False
Copo,2008,-3.3570804869031856,True,False
Copo,2009,0.9726677270246993,False,False
Copo,2010,0.7507064725391775,False,False
Copo,2011,0.0044161137213093345,False,False
Copo,2012,-0.484024371124167,False,False
Copo,2013,2.5760833132760905,False,False
Copo,2014,0.928393317967265,False,False
Copo,2015,0.5499874976437608,False,False
Copo,2016,0.49044167563692487,False,False
Copo,2017,-0.17137029212332494,False,False
Copo,2018,0.0,False,False
Copo,2019,-0.21392220984368776,False,False
Copo,2020,-0.11776304492065472,False,False
Copo,2021,2.7558399216850606,False,False
Copo,2022,0.823607965681379,False,False
Copo,2023,-8.264186419267624,True,False
Copo,2024,-1.7272923157291857,True,False
Coronel Dorrego,1981,,False,False
Coronel Dorrego,1982,,False,False
Coronel Dorrego,1983,,False,False
Coronel Dorrego,1984,0.3946228018337962,False,False
Coronel Dorrego,1985,0.8648398790619387,False,False
Coronel Dorrego,1986,-0.7348667886632869,False,False
Coronel Dorrego,1987,0.8884916213669329,False,False
Coronel Dorrego,1988,-1.3506505695779576,False,False
Coronel Dorrego,1989,2.006694525000422,False,False
Coronel Dorrego,1990,-1.5410893214276267,True,False
Coronel Dorrego,1991,-0.2534899421321213,False,False
Coronel Dorrego,1992,-0.8488658100259768,False,False
Coronel Dorrego,1993,1.380372278096294,False,False
Coronel Dorrego,1994,1.4756322401467965,False,False
Coronel Dorrego,1995,-0.3541426287136946,False,False
Coronel Dorrego,1996,1.8177031526161096,False,False
Coronel Dorrego,1997,1.891907949658518,False,False
Coronel Dorrego,1998,-2.4870442071993524,True,False
Coronel Dorrego,1999,0.46695685163885936,False,False
Coronel Dorrego,2000,-0.11001531440231814,False,False
Coronel Dorrego,2001,0.009247536975525748,False,False
Coronel Dorrego,2002,-0.5874268574477055,False,False
Coronel Dorrego,2003,0.764314990599203,False,False
Coronel Dorrego,2004,0.23328800284891693,False,False
Coronel Dorrego,2005,2.5971238929249734,False,False
Coronel Dorrego,2006,-0.4770315032763667,False,False
Coronel Dorrego,2007,-0.6580901965284981,False,False
Coronel Dorrego,2008,-6.166916614818513,True,False
Coronel Dorrego,2009,-0.20129270277552655,False,False
Coronel Dorrego,2010,2.79186485429924,False,False
Coronel Dorrego,2011,0.5414617428769072,False,False
Coronel Dorrego,2012,0.19793090622479928,False,False
Coronel Dorrego,2013,0.684527475697363,False,False
Coronel Dorrego,2014,0.6977215486179235,False,False
Coronel Dorrego,2015,1.0554562418347353,False,False
Coronel Dorrego,2016,0.6486749731408025,False,False
Coronel Dorrego,2017,-0.36281086378522825,False,False
Coronel Dorrego,2018,0.2731951107050043,False,False
Coronel Dorrego,2019,-0.11278673705953685,False,False
Coronel Dorrego,2020,-2.932455163547958,True,False
Coronel Dorrego,2021,-3.7142857142857144,True,False
Coronel Dorrego,2022,-0.3751603200366396,False,False
Coronel Dorrego,2023,-1.8132748801770915,True,False
Coronel Dorrego,2024,0.28829998806257884,False,False
Coronel Pringles,1981,,False,False
Coronel Pringles,1981,,False,False
Coronel Pringles,1981,,False,False
Coronel Pringles,1981,-1.1547005383792517,False,False
Coronel Pringles,1982,2.598076211353315,False,False
Coronel Pringles,1982,1.4342743312012722,False,False
Coronel Pringles,1982,-1.4,False,False
Coronel Pringles,1982,-0.9492889050691344,False,False
Coronel Pringles,1983,0.287494454249973,False,False
Coronel Pringles,1983,0.13296449906290675,False,False
Coronel Pringles,1983,0.15482259994323672,False,False
Coronel Pringles,1983,0.5443310539518174,False,False
Coronel Pringles,1984,1.2883206568795396,False,False
Coronel Pringles,1984,1.632993161855452,False,False
Coronel Pringles,1984,0.3494716508997671,False,False
Coronel Pringles,1984,0.22747164025770714,False,False
Coronel Pringles,1985,-0.7932460812644868,False,False
Coronel Pringles,1985,-1.3855809302870612,False,False
Coronel Pringles,1985,-1.510001759497786,True,False
Coronel Pringles,1985,-1.2031415454133074,False,False
Coronel Pringles,1986,-5.9479951975991225,True,False
Coronel Pringles,1986,-1.7640656017213578,True,False
Coronel Pringles,1986,-2.587114538323554,True,False
Coronel Pringles,1986,-1.3864006960519946,False,False
Coronel Pringles,1987,0.3792501709876732,False,False
Coronel Pringles,1987,0.9168145286091938,False,False
Coronel Pringles,1987,0.8866432391051409,False,False
Coronel Pringles,1987,0.7741050024664354,False,False
Coronel Pringles,1988,-1.0560618623163598,False,False
Coronel Pringles,1988,-1.7856595204135979,True,False
Coronel Pringles,1988,-9.453593803729884,True,False
Coronel Pringles,1988,-1.745782493629576,True,False
Coronel Pringles,1989,3.6922198735680776,False,False
Coronel Pringles,1989,1.614350613895769,False,False
Coronel Pringles,1989,-0.41856357996989846,False,False
Coronel Pringles,1989,-0.37655463450009863,False,False
Coronel Pringles,1990,0.4696761551833156,False,False
Coronel Pringles,1990,0.1987615979999813,False,False
Coronel Pringles,1991,0.05018340346907369,False,False
Coronel Pringles,1991,0.39808132624493414,False,False
Coronel Pringles,1991,-2.3810188423028773,True,False
Coronel Pringles,1991,-1.7406027909425699,True,False
Coronel Pringles,1992,-0.549057695632674,False,False
Coronel Pringles,1992,-0.2864864002808463,False,False
Coronel Pringles,1993,2.835537821433576,False,False
Coronel Pringles,1993,1.727601105843031,False,False
Coronel Pringles,1993,-1.0195889215351848,False,False
Coronel Pringles,1993,-1.0185850103674428,False,False
Coronel Pringles,1994,1.5644736562401058,False,False
Coronel Pringles,1994,0.9967846048693553,False,False
Coronel Pringles,1994,-1.324990413707258,False,False
Coronel Pringles,1994,-0.8738694251899964,False,False
Coronel Pringles,1995,-0.028270689281237868,False,False
Coronel Pringles,1995,-0.14764269410511244,False,False
Coronel Pringles,1995,-0.7962442401521974,False,False
Coronel Pringles,1995,-0.6170964751374575,False,False
Coronel Pringles,1996,4.613103720498715,False,False
Coronel Pringles,1996,1.6325576972829114,False,False
Coronel Pringles,1996,-1.1197376363465583,False,False
Coronel Pringles,1996,-0.8450863688003015,False,False
Coronel Pringles,1997,1.5543219405663224,False,False
Coronel Pringles,1997,0.9926479061879407,False,False
Coronel Pringles,1997,-0.5167372558321485,False,False
Coronel Pringles,1997,-0.3258587700415668,False,False
Coronel Pringles,1998,-0.49320085215181525,False,False
Coronel Pringles,1998,-0.7319703913779867,False,False
Coronel Pringles,1998,0.0639534671300098,False,False
Coronel Pringles,1998,1.7888139321449457,False,False
Coronel Pringles,1999,1.7344830806522877,False,False
Coronel Pringles,1999,1.0820985426949465,False,False
Coronel Pringles,2000,2.0939655374525583,False,False
Coronel Pringles,2000,1.647787857683847,False,False
Coronel Pringles,2001,1.0490620370812993,False,False
Coronel Pringles,2001,0.7302967433402193,False,False
Coronel Pringles,2002,-4.024922359499604,True,False
Coronel Pringles,2002,-1.7888543819998317,True,False
Coronel Pringles,2003,1.0954451150103321,False,False
Coronel Pringles,2003,0.9492889050691344,False,False
Coronel Pringles,2004,1.309696958249877,False,False
Coronel Pringles,2004,0.9965457582448797,False,False
Coronel Pringles,2005,-5.754764344566919,True,False
Coronel Pringles,2005,-1.7821042470551336,True,False
Coronel Pringles,2006,0.3084651047343836,False,False
Coronel Pringles,2006,0.3903600291794133,False,False
Coronel Pringles,2007,1.336306209562122,False,False
Coronel Pringles,2007,1.1925695879998879,False,False
Coronel Pringles,2007,0.816496580927726,False,False
Coronel Pringles,2007,0.7302967433402214,False,False
Coronel Pringles,2008,-6.260990336999411,True,False
Coronel Pringles,2008,-1.7888543819998317,True,False
Coronel Pringles,2008,1.0143010324169741,False,False
Coronel Pringles,2008,0.9048191163967695,False,False
Coronel Pringles,2009,-0.10236445520486037,False,False
Coronel Pringles,2009,0.03076468011760946,False,False
Coronel Pringles,2009,0.8964780305608389,False,False
Coronel Pringles,2009,0.6806417011483288,False,False
Coronel Pringles,2010,0.7604524732055906,False,False
Coronel Pringles,2010,0.7672456009913241,False,False
Coronel Pringles,2010,1.1457261991366219,False,False
Coronel Pringles,2010,1.7784026252959069,False,False
Coronel Pringles,2011,-2.0625707985440185,True,False
Coronel Pringles,2011,-1.3525742103287528,False,False
Coronel Pringles,2011,-1.129191145692257,False,False
Coronel Pringles,2011,-0.8203696034220549,False,False
Coronel Pringles,2012,-1.3542364747885616,False,False
Coronel Pringles,2012,-1.753001960357113,True,False
Coronel Pringles,2012,2.9834794159315683,False,False
Coronel Pringles,2012,1.5417375692738013,False,False
Coronel Pringles,2013,0.6980636200802605,False,False
Coronel Pringles,2013,0.511101251999952,False,False
Coronel Pringles,2013,2.03188863586847,False,False
Coronel Pringles,2013,1.7228220865861306,False,False
Coronel Pringles,2014,2.372321010475646,False,False
Coronel Pringles,2014,1.2915436912404394,False,False
Coronel Pringles,2014,1.6915601264441247,False,False
Coronel Pringles,2014,1.3707293980099824,False,False
Coronel Pringles,2015,-0.6154217751694014,False,False
Coronel Pringles,2015,-1.1217185151295614,False,False
Coronel Pringles,2015,-0.05612135332663141,False,False
Coronel Pringles,2015,-0.1140531897024403,False,False
Coronel Pringles,2016,1.8743673631516848,False,False
Coronel Pringles,2016,1.5896863853409333,False,False
Coronel Pringles,2016,2.1670106043463657,False,False
Coronel Pringles,2016,1.3562653804889837,False,False
Coronel Pringles,2017,-5.0069516891409425,True,False
Coronel Pringles,2017,-1.7457431218879393,True,False
Coronel Pringles,2017,-1.5214068815023052,True,False
Coronel Pringles,2017,-0.9754239079663202,False,False
Coronel Pringles,2018,0.9432008641590801,False,False
Coronel Pringles,2018,1.6827584124792836,False,False
Coronel Pringles,2018,-0.02179585700133865,False,False
Coronel Pringles,2018,-0.08877935232369508,False,False
Coronel Pringles,2019,-0.05216405309573011,False,False
Coronel Pringles,2019,-0.46360044557175367,False,False
Coronel Pringles,2019,-4.533082528401877,True,False
Coronel Pringles,2019,-1.773577805254824,True,False
Coronel Pringles,2020,-0.04197754801611135,False,False
Coronel Pringles,2020,0.08877935232369508,False,False
Coronel Pringles,2020,2.26913630966426,False,False
Coronel Pringles,2020,1.5614401167176533,False,False
Coronel Pringles,2021,-1.2915436912404394,False,False
Coronel Pringles,2021,-1.2915436912404394,False,False
Coronel Pringles,2021,0.0,False,False
Coronel Pringles,2021,-0.03199488122847241,False,False
Coronel Pringles,2022,-1.1344056396492495,False,False
Coronel Pringles,2022,-0.9161573349021894,False,False
Coronel Pringles,2022,-1.6329931618554525,True,False
Coronel Pringles,2022,-1.142926153886031,False,False
Coronel Pringles,2023,0.19576351369295858,False,False
Coronel Pringles,2023,1.0690449676496985,False,False
Coronel Pringles,2023,2.342160175076481,False,False
Coronel Pringles,2023,1.333333333333334,False,False
Coronel Pringles,2024,0.9024731748508107,False,False
Coronel Pringles,2024,0.7302967433402222,False,False
Coronel Pringles,2024,3.8013155617496484,False,False
Coronel Pringles,2024,1.7888543819998317,False,False
Coronel Suarez,1981,,False,False
Coronel Suarez,1982,,False,False
Coronel Suarez,1983,,False,False
Coronel Suarez,1984,-0.8356531230804317,False,False
Coronel Suarez,1985,0.34038174025574736,False,False
Coronel Suarez,1986,-0.8545404418451448,False,False
Coronel Suarez,1987,4.95184356749899,False,False
Coronel Suarez,1988,-3.5839362861434756,True,False
Coronel Suarez,1989,0.8655857753105365,False,False
Coronel Suarez,1990,1.14557467918069,False,False
Coronel Suarez,1991,0.04154909161213437,False,False
Coronel Suarez,1992,-0.04043834039431403,False,False
Coronel Suarez,1993,0.09814123095504756,False,False
Coronel Suarez,1994,-0.20107837782519677,False,False
Coronel Suarez,1995,-1.706682734853438,True,False
Coronel Suarez,1996,4.064914440891068,False,False
Coronel Suarez,1997,4.872742981224624,False,False
Coronel Suarez,1998,-0.8512055557875506,False,False
Coronel Suarez,1999,-0.604183748682098,False,False
Coronel Suarez,2000,0.221541631722601,False,False
Coronel Suarez,2001,-0.2435214248411832,False,False
Coronel Suarez,2002,-0.5573128911633108,False,False
Coronel Suarez,2003,3.5937576907218776,False,False
Coronel Suarez,2004,1.5746086301608455,False,False
Coronel Suarez,2005,0.4771890187398609,False,False
Coronel Suarez,2006,0.4403855060505442,False,False
Coronel Suarez,2007,0.7023212455599,False,False
Coronel Suarez,2008,-11.124587705299609,True,False
Coronel Suarez,2009,-1.3954335789027985,False,False
Coronel Suarez,2010,0.3301892462501937,False,False
Coronel Suarez,2011,-0.5070989312386163,False,False
Coronel Suarez,2012,0.12703404584248326,False,False
Coronel Suarez,2013,0.4259530243087016,False,False
Coronel Suarez,2014,0.6189125703158631,False,False
Coronel Suarez,2015,2.89070311955371,False,False
Coronel Suarez,2016,1.212985899391472,False,False
Coronel Suarez,2017,0.031742033253447585,False,False
Coronel Suarez,2018,1.6088440586001385,False,False
Coronel Suarez,2019,3.8664133951729576,False,False
Coronel Suarez,2020,-1.0216235164122462,False,False
Coronel Suarez,2021,2.121868417549813,False,False
Coronel Suarez,2022,-0.21483446221182986,False,False
Coronel Suarez,2023,-1.3880441875771343,False,False
Coronel Suarez,2024,1.2041594578792296,False,False
Cruz Alta,1981,,False,False
Cruz Alta,1982,,False,False
Cruz Alta,1983,,False,False
Cruz Alta,1984,10.137586093101778,False,False
Cruz Alta,1985,2.491819554721896,False,False
Cruz Alta,1986,0.8971599070132698,False,False
Cruz Alta,1987,-0.24400615417497212,False,False
Cruz Alta,1988,-5.735736107329829,True,False
Cruz Alta,1989,0.613970746918035,False,False
Cruz Alta,1991,1.4683480071632546,False,False
Cruz Alta,1992,1.4232630665206785,False,False
Cruz Alta,1993,0.5915268854547976,False,False
Cruz Alta,1994,0.47893656184343275,False,False
Cruz Alta,1995,-4.6388049239969025,True,False
Cruz Alta,1996,0.2403920134487308,False,False
Cruz Alta,1997,2.4717865446487877,False,False
Cruz Alta,1998,0.7022536964670667,False,False
Cruz Alta,2004,1.6909088702411155,False,False
Cruz Alta,2005,0.24287919030032692,False,False
Cruz Alta,2006,2.018275064222323,False,False
Cruz Alta,2007,-0.552567662696957,False,False
Cruz Alta,2008,0.8761664365377214,False,False
Cruz Alta,2009,-0.12862088658006832,False,False
Cruz Alta,2010,1.4261411594139548,False,False
Cruz Alta,2011,-2.814250023125395,True,False
Cruz Alta,2012,-0.7833018044154803,False,False
Cruz Alta,2013,0.8423018722517063,False,False
Cruz Alta,2014,0.4086330655449493,False,False
Cruz Alta,2015,1.071436167417537,False,False
Cruz Alta,2016,0.18700680955092774,False,False
Cruz Alta,2017,1.0003396931536577,False,False
Cruz Alta,2018,1.6166098978533607,False,False
Cruz Alta,2019,-2.5244664851177476,True,False
Cruz Alta,2020,-1.19822909816396,False,False
Cruz Alta,2021,-0.5076597786720155,False,False
Cruz Alta,2022,-0.9097998707390927,False,False
Cruz Alta,2023,-2.32768864957106,True,False
Cruz Alta,2024,0.13141800600362943,False,False
Curuzu Cuatia,1981,,False,False
Curuzu Cuatia,1982,,False,False
Curuzu Cuatia,1983,,False,False
Curuzu Cuatia,1984,1.346025740021728,False,False
Curuzu Cuatia,1985,3.920281979736071,False,False
Curuzu Cuatia,1986,6.922274466256628,False,False
Curuzu Cuatia,1987,0.49506524312564815,False,False
Curuzu Cuatia,1988,1.7993480779705968,False,False
Curuzu Cuatia,1989,1.8948643274341024,False,False
Curuzu Cuatia,1992,0.6782012598501337,False,False
Curuzu Cuatia,1993,-1.075255934792247,False,False
Curuzu Cuatia,1996,0.3035408149944705,False,False
Curuzu Cuatia,1997,-0.6654622973144504,False,False
Curuzu Cuatia,1998,0.5550708295559404,False,False
Curuzu Cuatia,1999,-1.521870344428266,True,False
Curuzu Cuatia,2000,-1.8393990434335956,True,False
Curuzu Cuatia,2001,-3.792403627414247,True,False
Curuzu Cuatia,2002,0.43101357471374735,False,False
Curuzu Cuatia,2003,0.01481117534577156,False,False
Curuzu Cuatia,2005,0.7463471053054321,False,False
Curuzu Cuatia,2007,4.465676965981194,False,False
Curuzu Cuatia,2008,-0.10306828677333855,False,False
Curuzu Cuatia,2009,0.3062981190378343,False,False
Curuzu Cuatia,2010,6.610361185108333,False,False
Curuzu Cuatia,2013,-0.004375563798042701,False,False
Curuzu Cuatia,2018,1.7447126882730508,False,False
Curuzu Cuatia,2019,1.0936550192036545,False,False
Curuzu Cuatia,2020,0.34417928447703294,False,False
Curuzu Cuatia,2021,-0.6788627498344177,False,False
Curuzu Cuatia,2022,-0.44376370909324786,False,False
Curuzu Cuatia,2023,-1.5758335037455866,True,False
Curuzu Cuatia,2024,1.662559040786992,False,False
Daireaux,1981,,False,False
Daireaux,1982,,False,False
Daireaux,1983,,False,False
Daireaux,1984,0.8946847375423775,False,False
Daireaux,1985,1.1654979487679336,False,False
Daireaux,1986,-0.20751252631703898,False,False
Daireaux,1987,0.3650285122010284,False,False
Daireaux,1988,-0.6288389011531101,False,False
Daireaux,1989,0.8566303387107029,False,False
Daireaux,1990,2.0992595889131462,False,False
Daireaux,1991,2.9379162640994982,False,False
Daireaux,1992,-0.6472915756518464,False,False
Daireaux,1993,0.4380397047838457,False,False
Daireaux,1994,0.8284996702777541,False,False
Daireaux,1995,-1.4832396974191322,False,False
Daireaux,1996,1.2298373876248843,False,False
Daireaux,1997,2.347871376374779,False,False
Daireaux,1998,0.095703709436991,False,False
Daireaux,1999,1.7353283674239415,False,False
Daireaux,2000,-0.3832849898658148,False,False
Daireaux,2001,-0.4193225795543111,False,False
Daireaux,2002,0.7732565969604092,False,False
Daireaux,2003,0.7732565969604092,False,False
Daireaux,2004,1.0951145542994016,False,False
Daireaux,2005,-0.10830803284279795,False,False
Daireaux,2006,1.8884215723011284,False,False
Daireaux,2007,-0.3359940268259504,False,False
Daireaux,2008,-4.442587688032011,True,False
Daireaux,2009,1.0452922680623946,False,False
Daireaux,2010,-0.48418582443233166,False,False
Daireaux,2011,0.9183316558582956,False,False
Daireaux,2012,0.8887445780228717,False,False
Daireaux,2013,-0.6888233132835315,False,False
Daireaux,2014,-0.23256118496517364,False,False
Daireaux,2015,0.6921256110859494,False,False
Daireaux,2016,0.7735319310485169,False,False
Daireaux,2017,-2.7425223009901964,True,False
Daireaux,2018,1.661074275980787,False,False
Daireaux,2019,0.20851441405707472,False,False
Daireaux,2020,-0.2931977358041868,False,False
Daireaux,2021,1.2007145371028602,False,False
Daireaux,2022,-0.9157462082462065,False,False
Daireaux,2023,-0.5423537431392917,False,False
Daireaux,2024,-0.2906689678051037,False,False
Diamante,1981,,False,False
Diamante,1982,,False,False
Diamante,1983,,False,False
Diamante,1984,0.10677266338723322,False,False
Diamante,1985,3.4033037065729914,False,False
Diamante,1986,1.3866975978300036,False,False
Diamante,1987,3.2063870797056353,False,False
Diamante,1988,-1.1697892074585943,False,False
Diamante,1989,0.5589873776801301,False,False
Diamante,1990,1.2759838694792536,False,False
Diamante,1991,1.2915308941786232,False,False
Diamante,1992,1.0826025394448264,False,False
Diamante,1993,-0.25249244772886165,False,False
Diamante,1994,2.1144645629375196,False,False
Diamante,1995,-0.6454045717221489,False,False
Diamante,1996,0.35428009361349894,False,False
Diamante,1997,2.2736394245233527,False,False
Diamante,1998,1.3206121203039072,False,False
Diamante,1999,-0.786713239303197,False,False
Diamante,2000,0.980450776588464,False,False
Diamante,2001,0.6668283142512437,False,False
Diamante,2002,0.9370113528680768,False,False
Diamante,2003,1.3016575225847027,False,False
Diamante,2004,0.6139406135149207,False,False
Diamante,2005,-4.500549417009568,True,False
Diamante,2006,1.9318920698053976,False,False
Diamante,2007,-1.0348565545554873,False,False
Diamante,2008,-2.8867746967240295,True,False
Diamante,2009,1.139901881468883,False,False
Diamante,2010,-0.34935633225504326,False,False
Diamante,2011,0.00889730996843219,False,False
Diamante,2012,1.1960133648279299,False,False
Diamante,2013,-0.2448206370051355,False,False
Diamante,2014,0.7512657790007606,False,False
Diamante,2015,1.0163590805889058,False,False
Diamante,2016,0.6848959760959875,False,False
Diamante,2017,-1.779110255952743,True,False
Diamante,2018,0.7567368634423378,False,False
Diamante,2019,-0.2651394713124215,False,False
Diamante,2020,-1.7917926894828466,True,False
Diamante,2021,-1.855898232947548,True,False
Diamante,2022,-2.200328714853195,True,False
Diamante,2023,0.015790567251665815,False,False
Diamante,2024,0.8027078202368122,False,False
Dolores,1981,,False,False
Dolores,1982,,False,False
Dolores,1983,,False,False
Dolores,1984,-0.32025630761017465,False,False
Dolores,1985,-0.5773502691896257,False,False
Dolores,1986,0.12777531299998798,False,False
Dolores,1987,-1.4032928308912458,False,False
Dolores,1988,-11.050931043268562,True,False
Dolores,1990,-0.7086628796000796,False,False
Dolores,1991,-0.1491906329313766,False,False
Dolores,1992,-0.8926091752164461,False,False
Dolores,1993,0.14093499774066362,False,False
Dolores,1994,1.4399519674273915,False,False
Dolores,1995,-1.8686840497125534,True,False
Dolores,1996,4.144013857828574,False,False
Dolores,1997,2.877161272895635,False,False
Dolores,1998,-0.5615061825958046,False,False
Dolores,1999,1.1234117838666886,False,False
Dolores,2000,0.4894317374697288,False,False
Dolores,2001,0.854120979705709,False,False
Dolores,2002,0.491479248892493,False,False
Dolores,2003,1.4987887071179957,False,False
Dolores,2004,1.0946843395048702,False,False
Dolores,2005,1.6752938823847223,False,False
Dolores,2006,2.760664636524558,False,False
Dolores,2007,0.5103914920776746,False,False
Dolores,2008,-6.155128480817368,True,False
Dolores,2009,1.9644856294127253,False,False
Dolores,2010,0.7252916013528489,False,False
Dolores,2011,0.2144512533366833,False,False
Dolores,2012,0.6614907927520444,False,False
Dolores,2013,-0.6775636299733555,False,False
Dolores,2014,-1.3633480415863197,False,False
Dolores,2015,0.5714521073568943,False,False
Dolores,2016,1.0167550643746337,False,False
Dolores,2017,0.13142466620247267,False,False
Dolores,2018,0.7011193317868804,False,False
Dolores,2019,0.7432902648054589,False,False
Dolores,2020,-27.539200191178615,True,False
Dolores,2021,-1.7830599255328319,True,False
Dolores,2022,-1.0939758703663012,False,False
Dolores,2023,0.6959225120985251,False,False
Dolores,2024,0.8454027929649519,False,False
Dr. Manuel Belgrano,1995,,False,False
Dr. Manuel Belgrano,1996,,False,False
Dr. Manuel Belgrano,1997,,False,False
Dr. Manuel Belgrano,1999,1.140946119875912,False,False
Dr. Manuel Belgrano,2000,-1.013605956512613,False,False
Dr. Manuel Belgrano,2001,1.0862846380280982,False,False
Dr. Manuel Belgrano,2002,0.7254253690403956,False,False
Dr. Manuel Belgrano,2003,1.2195843397763593,False,False
Dr. Manuel Belgrano,2004,5.437685266051315,False,False
Dr. Manuel Belgrano,2005,3.704940227527597,False,False
Dr. Manuel Belgrano,2006,0.40865462215553416,False,False
Dr. Manuel Belgrano,2007,1.3996149072883175,False,False
Dr. Manuel Belgrano,2008,0.6968634032697401,False,False
Dr. Manuel Belgrano,2009,1.938539756715596,False,False
Dr. Manuel Belgrano,2010,2.6016457268368764,False,False
Dr. Manuel Belgrano,2011,1.0457362748014647,False,False
Dr. Manuel Belgrano,2012,-8.99533777547655,True,False
Dr. Manuel Belgrano,2013,0.9548009412836267,False,False
Dr. Manuel Belgrano,2014,0.968546423635055,False,False
Dr. Manuel Belgrano,2015,-0.23906524004956603,False,False
Dr. Manuel Belgrano,2016,-0.8973579155170422,False,False
Dr. Manuel Belgrano,2017,-0.0680448546482141,False,False
Dr. Manuel Belgrano,2018,0.34140160705984557,False,False
Dr. Manuel Belgrano,2019,1.3730311818713727,False,False
Dr. Manuel Belgrano,2020,1.7849405364327844,False,False
Dr. Manuel Belgrano,2021,-0.627907732160079,False,False
Dr. Manuel Belgrano,2022,-0.9679435417641356,False,False
Dr. Manuel Belgrano,2023,-0.7251601927680048,False,False
Dr. Manuel Belgrano,2024,-0.7969391097183562,False,False
El Alto,1981,,False,False
El Alto,1982,,False,False
El Alto,1983,,False,False
El Alto,1984,-5.581957790488398,True,False
El Alto,1985,0.9101568497202519,False,False
El Alto,1986,-1.8553631399279118,True,False
El Alto,1987,1.9515407620921765,False,False
El Alto,1988,-1.281211817838152,False,False
El Alto,1989,0.7985310779043576,False,False
El Alto,1991,2.004813173732057,False,False
El Alto,1992,1.5295788084808875,False,False
El Alto,1993,1.0049029899468058,False,False
El Alto,1994,0.7524994968839886,False,False
El Alto,1995,0.5566621435443662,False,False
El Alto,1996,0.44721359549996376,False,False
El Alto,1997,inf,False,False
El Alto,1998,0.0,False,False
El Alto,2000,1.7528092952548817,False,False
El Alto,2001,1.0817343730007583,False,False
El Alto,2002,0.722897396012249,False,False
El Alto,2003,0.4472135954999579,False,False
El Alto,2004,0.4472135954999579,False,False
El Alto,2005,,False,False
El Alto,2006,,False,False
El Alto,2007,inf,False,False
El Alto,2008,1.7888543819998317,False,False
El Alto,2009,1.0954451150103321,False,False
El Alto,2010,1.3766093611963175,False,False
El Alto,2011,4.1719901226312945,False,False
El Alto,2012,-4.687252033931564,True,False
El Alto,2013,9.822578527513333,False,False
El Alto,2014,-0.2728041365358157,False,False
El Alto,2015,-0.21473241748703079,False,False
El Alto,2016,-0.43197814112476607,False,False
El Alto,2017,-0.6533978796795152,False,False
El Alto,2018,-0.033193037032781564,False,False
El Alto,2019,-0.509512167672787,False,False
El Alto,2020,-0.3907446583289631,False,False
El Alto,2021,-0.6789276551612553,False,False
El Alto,2022,-0.8770580193070286,False,False
El Alto,2023,-3.241718830859336,True,False
El Alto,2024,-0.15084778442774913,False,False
El Carmen,1981,,False,False
El Carmen,1982,,False,False
El Carmen,1983,,False,False
El Carmen,1984,0.5174548896682013,False,False
El Carmen,1985,-0.06472977780031544,False,False
El Carmen,1986,-0.8904453139541232,False,False
El Carmen,1987,1.4841360350420478,False,False
El Carmen,1988,-0.41966311670924933,False,False
El Carmen,1989,0.7659871517876622,False,False
El Carmen,1990,-0.37633855884168455,False,False
El Carmen,1991,1.2888763032896629,False,False
El Carmen,1992,0.5198750338459983,False,False
El Carmen,1993,2.779756694684986,False,False
El Carmen,1994,3.4676657215210867,False,False
El Carmen,1995,0.2621567168454926,False,False
El Carmen,1996,0.14620536926280647,False,False
El Carmen,1997,-0.28764653442635013,False,False
El Carmen,1998,0.3083466642965749,False,False
El Carmen,1999,-0.002665605078701768,False,False
El Carmen,2000,0.8027272018972621,False,False
El Carmen,2001,0.5154319357872202,False,False
El Carmen,2002,0.30957896786790806,False,False
El Carmen,2003,1.149977816999999,False,False
El Carmen,2004,27.50363612324741,False,False
El Carmen,2005,4.057900478251128,False,False
El Carmen,2006,0.43555447264540426,False,False
El Carmen,2007,0.22491265869257462,False,False
El Carmen,2008,1.4488145069491492,False,False
El Carmen,2009,2.9211869733608857,False,False
El Carmen,2010,1.3577797002038712,False,False
El Carmen,2011,1.8051661328363138,False,False
El Carmen,2012,-5.593115502729474,True,False
El Carmen,2013,1.0124689711085681,False,False
El Carmen,2014,0.7550429942824204,False,False
El Carmen,2015,-0.26530586563367614,False,False
El Carmen,2016,-0.9543668664212476,False,False
El Carmen,2017,-0.07830085934290994,False,False
El Carmen,2018,0.34783296239022143,False,False
El Carmen,2019,1.5015965000988027,False,False
El Carmen,2020,1.8223868413929116,False,False
El Carmen,2021,-1.6754829633111004,True,False
El Carmen,2022,-0.4987106569089212,False,False
El Carmen,2023,-0.31188099023474997,False,False
El Carmen,2024,-0.4092850749095849,False,False
Eldorado,1981,,False,False
Eldorado,1982,,False,False
Eldorado,1983,,False,False
Eldorado,1984,-1.12201446100185,False,False
Eldorado,1985,-1.5222809964773785,True,False
Eldorado,1986,3.579230851736239,False,False
Eldorado,1987,1.7802205857914732,False,False
Eldorado,1988,1.6380864924610357,False,False
Eldorado,1989,2.2976916503901834,False,False
Eldorado,1993,0.8963327764068941,False,False
Eldorado,1994,0.5898986769277095,False,False
Eldorado,1995,-0.9953299242842246,False,False
Eldorado,1996,2.878203826530971,False,False
Eldorado,1997,-3.0247887055436267,True,False
Eldorado,1998,0.0808851594240275,False,False
Eldorado,1999,1.0406267252308279,False,False
Eldorado,2000,0.8027729719194864,False,False
Eldorado,2001,-3.2659863237109046,True,False
Eldorado,2002,0.6666666666666666,False,False
Eldorado,2003,-0.319791008241072,False,False
Eldorado,2004,-0.6518131137032537,False,False
Eldorado,2005,-0.0528680532637681,False,False
Eldorado,2006,-0.9741041647415415,False,False
Eldorado,2007,-1.3313159070232037,False,False
Eldorado,2008,-1.6707215350743505,True,False
Eldorado,2009,1.6850594350999222,False,False
Eldorado,2010,0.7426623330927907,False,False
Eldorado,2011,-0.8324946412477765,False,False
Eldorado,2012,1.8402082734586407,False,False
Eldorado,2013,1.6812589600086396,False,False
Eldorado,2014,1.0132927173923425,False,False
Eldorado,2015,0.9355363639362008,False,False
Eldorado,2016,0.6405927782631854,False,False
Eldorado,2017,1.486136851117747,False,False
Eldorado,2018,15.085526637296018,False,False
Eldorado,2019,1.6649958920133188,False,False
Eldorado,2020,-3.3579394836354006,True,False
Eldorado,2021,0.20251511977473124,False,False
Eldorado,2022,0.38193166333026435,False,False
Eldorado,2023,-0.1427108958448298,False,False
Eldorado,2024,1.0398752702447698,False,False
Empedrado,1981,,False,False
Empedrado,1982,,False,False
Empedrado,1983,,False,False
Empedrado,1984,-1.169557442930701,False,False
Empedrado,1985,0.8058017292362156,False,False
Empedrado,1986,0.19901230003967538,False,False
Empedrado,1987,-0.7208540924345811,False,False
Empedrado,1988,-1.5114812265856954,True,False
Empedrado,1989,8.809199434236001,False,False
Empedrado,1991,1.9466761556450776,False,False
Empedrado,1992,-0.666187804616172,False,False
Empedrado,1993,-0.07531253704146164,False,False
Empedrado,1994,-0.33065081317575556,False,False
Empedrado,1995,-0.031880903293016696,False,False
Empedrado,1996,0.07674607934633236,False,False
Empedrado,1997,0.324802892193395,False,False
Empedrado,1998,1.747726167620499,False,False
Empedrado,1999,0.7981644154225666,False,False
Empedrado,2000,-8.740798413529044,True,False
Empedrado,2001,-1.7336411873948707,True,False
Empedrado,2002,-1.073646385535242,False,False
Empedrado,2003,-0.907967898788164,False,False
Empedrado,2005,-0.3909350184867623,False,False
Empedrado,2007,-4.024922359499504,True,False
Empedrado,2008,-3.801315561749615,True,False
Empedrado,2009,1.4342743312012693,False,False
Empedrado,2010,1.9235384061671315,False,False
Empedrado,2013,8.040761540665539,False,False
Empedrado,2018,5.174812897544235,False,False
Empedrado,2019,1.648780689629239,False,False
Empedrado,2020,0.7391118408383438,False,False
Empedrado,2021,0.013320840624851024,False,False
Empedrado,2022,-0.44376370909324786,False,False
Empedrado,2023,-1.5758335037455873,True,False
Empedrado,2024,1.6625590407869923,False,False
Esquina,1981,,False,False
Esquina,1982,,False,False
Esquina,1983,,False,False
Esquina,1984,-0.6549132993799757,False,False
Esquina,1985,0.8450079105169986,False,False
Esquina,1986,8.485634156723071,False,False
Esquina,1987,0.7370825147014857,False,False
Esquina,1988,1.7808988480591623,False,False
Esquina,1989,1.4246166422779631,False,False
Esquina,1992,-0.09529190664550194,False,False
Esquina,1993,-0.6203148428528908,False,False
Esquina,1995,0.6123432626990782,False,False
Esquina,1996,1.685783720194932,False,False
Esquina,1997,-1.3708277462060228,False,False
Esquina,1998,1.706724863188666,False,False
Esquina,1999,0.4549235282752558,False,False
Esquina,2000,-2.2572389041645273,True,False
Esquina,2001,-2.093252135003395,True,False
Esquina,2002,-0.3944275799645711,False,False
Esquina,2003,0.01853861927755259,False,False
Esquina,2005,1.5951818513604006,False,False
Esquina,2007,1.4906200332333004,False,False
Esquina,2008,-1.0900746763793516,False,False
Esquina,2009,-0.9378179944283298,False,False
Esquina,2010,-0.4710009080654225,False,False
Esquina,2013,2.114586154492549,False,False
Esquina,2018,6.618416018657013,False,False
Esquina,2019,1.70916787723349,False,False
Esquina,2020,0.7242174520331265,False,False
Esquina,2021,-0.039948222256790525,False,False
Esquina,2022,-0.4438397648163517,False,False
Esquina,2023,-1.575628421550983,True,False
Esquina,2024,1.662559040786993,False,False
Exaltacion De La Cruz,1981,,False,False
Exaltacion De La Cruz,1982,,False,False
Exaltacion De La Cruz,1983,,False,False
Exaltacion De La Cruz,1984,16.165807537309515,False,False
Exaltacion De La Cruz,1985,-1.9188064472004938,True,False
Exaltacion De La Cruz,1986,-1.084220996013137,False,False
Exaltacion De La Cruz,1987,-0.7856742013183861,False,False
Exaltacion De La Cruz,1988,-1.9880306672850734,True,False
Exaltacion De La Cruz,1989,-1.012470663227166,False,False
Exaltacion De La Cruz,1990,5.114459064454444,False,False
Exaltacion De La Cruz,1991,1.6596112779045222,False,False
Exaltacion De La Cruz,1992,1.4046517041109516,False,False
Exaltacion De La Cruz,1993,1.095695816326816,False,False
Exaltacion De La Cruz,1994,0.30988676161418305,False,False
Exaltacion De La Cruz,1995,-3.7025596834471592,True,False
Exaltacion De La Cruz,1996,1.5043083838074993,False,False
Exaltacion De La Cruz,1997,3.130277220221212,False,False
Exaltacion De La Cruz,1998,0.33238714015751447,False,False
Exaltacion De La Cruz,1999,-2.4985834844113786,True,False
Exaltacion De La Cruz,2000,0.22904288721756266,False,False
Exaltacion De La Cruz,2001,-0.08009739074689615,False,False
Exaltacion De La Cruz,2002,0.9167970809535791,False,False
Exaltacion De La Cruz,2003,1.3397876906064712,False,False
Exaltacion De La Cruz,2004,1.2604175824977624,False,False
Exaltacion De La Cruz,2005,-0.4060580215721849,False,False
Exaltacion De La Cruz,2006,1.7936635648312351,False,False
Exaltacion De La Cruz,2007,0.5584802377062069,False,False
Exaltacion De La Cruz,2008,-3.2680720277275057,True,False
Exaltacion De La Cruz,2009,1.2653219254921997,False,False
Exaltacion De La Cruz,2010,-0.741314194695299,False,False
Exaltacion De La Cruz,2011,-1.1903178957202993,False,False
Exaltacion De La Cruz,2012,0.7313445055015196,False,False
Exaltacion De La Cruz,2013,0.42629078493718653,False,False
Exaltacion De La Cruz,2014,1.1035317551977164,False,False
Exaltacion De La Cruz,2015,0.16101120712343495,False,False
Exaltacion De La Cruz,2016,0.9304015602505589,False,False
Exaltacion De La Cruz,2017,-1.3745111379633672,False,False
Exaltacion De La Cruz,2018,2.3135454758058485,False,False
Exaltacion De La Cruz,2019,-0.3197991974305627,False,False
Exaltacion De La Cruz,2020,-0.4657574718384705,False,False
Exaltacion De La Cruz,2021,-1.6206673008362955,True,False
Exaltacion De La Cruz,2022,-2.5193988860036223,True,False
Exaltacion De La Cruz,2023,0.47637330442074605,False,False
Exaltacion De La Cruz,2024,0.3228542104316673,False,False
Federacion,1981,,False,False
Federacion,1982,,False,False
Federacion,1983,,False,False
Federacion,1984,1.396594497510351,False,False
Federacion,1985,4.752800112658968,False,False
Federacion,1986,2.4530781340079217,False,False
Federacion,1987,3.0313470419498154,False,False
Federacion,1988,-0.6995189708084697,False,False
Federacion,1989,0.2051121795176646,False,False
Federacion,1990,-0.5511236767086936,False,False
Federacion,1991,-0.33890176848773496,False,False
Federacion,1992,1.7732968515779033,False,False
Federacion,1993,1.0081553308969216,False,False
Federacion,1994,2.828653752455761,False,False
Federacion,1995,0.022911446554115693,False,False
Federacion,1996,0.33028912953790823,False,False
Federacion,1997,5.297021568768625,False,False
Federacion,1998,0.3286537265148993,False,False
Federacion,1999,-1.7219476470243509,True,False
Federacion,2000,0.9724995622699284,False,False
Federacion,2001,0.31846032472606683,False,False
Federacion,2002,-0.20092412010827193,False,False
Federacion,2003,1.3745874366934747,False,False
Federacion,2004,0.9623031732568869,False,False
Federacion,2005,1.687322975464215,False,False
Federacion,2006,2.3126063539107014,False,False
Federacion,2007,-0.738024966423108,False,False
Federacion,2008,-4.249318994325496,True,False
Federacion,2009,1.0631484458176945,False,False
Federacion,2010,-0.38723849364190643,False,False
Federacion,2011,0.3821743537663634,False,False
Federacion,2012,0.8967358182453141,False,False
Federacion,2013,-0.14478299779271916,False,False
Federacion,2014,0.6986545681194241,False,False
Federacion,2015,0.6916429268080574,False,False
Federacion,2016,1.5217022998757803,False,False
Federacion,2017,-1.679253830742674,True,False
Federacion,2018,1.2490572675514322,False,False
Federacion,2019,-0.15460859922178946,False,False
Federacion,2020,-0.5123042477859259,False,False
Federacion,2021,-2.6111648393354683,True,False
Federacion,2022,-1.973814470159298,True,False
Federacion,2023,0.4322643095156073,False,False
Federacion,2024,0.7516620557311855,False,False
Federal,1981,,False,False
Federal,1982,,False,False
Federal,1983,,False,False
Federal,1984,1.1489270356873558,False,False
Federal,1985,5.495414666915635,False,False
Federal,1986,1.687167650175979,False,False
Federal,1987,4.238843327525975,False,False
Federal,1988,-0.4779760837045848,False,False
Federal,1989,0.4633719934926544,False,False
Federal,1990,-0.7813991921824823,False,False
Federal,1991,-0.698982647720351,False,False
Federal,1992,1.6066199068402705,False,False
Federal,1993,1.6066199068402705,False,False
Federal,1994,3.529905933427978,False,False
Federal,1995,-0.0040924905720319035,False,False
Federal,1996,0.6942686613945228,False,False
Federal,1997,3.6728156562108114,False,False
Federal,1998,0.8323526356382229,False,False
Federal,1999,-1.9713173200109015,True,False
Federal,2000,0.6616221817736164,False,False
Federal,2001,0.4139274242516789,False,False
Federal,2002,-0.07722235012813686,False,False
Federal,2003,1.2782376044292396,False,False
Federal,2004,1.0,False,False
Federal,2005,3.2795663669996915,False,False
Federal,2006,1.4768656253944359,False,False
Federal,2007,-1.1952286093343936,False,False
Federal,2008,-3.442827504318187,True,False
Federal,2009,1.0111801061633836,False,False
Federal,2010,-0.7901700730564972,False,False
Federal,2011,0.4232293316367839,False,False
Federal,2012,1.16889878597077,False,False
Federal,2013,-0.2722012826013565,False,False
Federal,2014,0.7946509187597651,False,False
Federal,2015,0.8336769517466416,False,False
Federal,2016,0.7509172071422912,False,False
Federal,2017,-1.7836488477759411,True,False
Federal,2018,0.8052052241334038,False,False
Federal,2019,-0.45050924505680984,False,False
Federal,2020,-0.7009039702739964,False,False
Federal,2021,-2.064293120219102,True,False
Federal,2022,-1.9631435465267593,True,False
Federal,2023,0.2834464329320098,False,False
Federal,2024,0.6629834374458581,False,False
Feliciano,1981,,False,False
Feliciano,1982,,False,False
Feliciano,1983,,False,False
Feliciano,1984,-0.31868131868131866,False,False
Feliciano,1985,4.666272787667523,False,False
Feliciano,1986,1.0675752460583376,False,False
Feliciano,1987,2.904389083627458,False,False
Feliciano,1988,-3.202326447034063,True,False
Feliciano,1989,0.7840425079196836,False,False
Feliciano,1990,0.058891494228670654,False,False
Feliciano,1991,0.0772315083521806,False,False
Feliciano,1992,1.29218406189687,False,False
Feliciano,1993,0.9526989091906768,False,False
Feliciano,1994,2.0987791212623277,False,False
Feliciano,1995,-0.02298049211304521,False,False
Feliciano,1996,1.1754254525168948,False,False
Feliciano,1997,4.037923671402651,False,False
Feliciano,1998,0.7763192339094056,False,False
Feliciano,1999,-2.0729342216439073,True,False
Feliciano,2000,1.2475419752272636,False,False
Feliciano,2001,0.1383358106456524,False,False
Feliciano,2002,-0.3834756667127572,False,False
Feliciano,2003,0.8753529181320308,False,False
Feliciano,2004,1.5371855116167992,False,False
Feliciano,2005,3.9417392541275245,False,False
Feliciano,2006,1.3851394237599104,False,False
Feliciano,2007,0.19989627451977585,False,False
Feliciano,2008,-1.3818946087284332,False,False
Feliciano,2009,1.3451110375048352,False,False
Feliciano,2010,-1.9634725336107715,True,False
Feliciano,2011,0.3076653059903327,False,False
Feliciano,2012,0.8241790148708278,False,False
Feliciano,2013,-0.5614326800726219,False,False
Feliciano,2014,-0.33870465566092395,False,False
Feliciano,2015,0.27823670182108756,False,False
Feliciano,2016,1.3392901760961764,False,False
Feliciano,2017,-2.315402871745698,True,False
Feliciano,2018,1.0111037970186632,False,False
Feliciano,2019,-0.04295367795875577,False,False
Feliciano,2020,0.04335549847620599,False,False
Feliciano,2021,-1.6041534436196216,True,False
Feliciano,2022,-1.4763858921335922,False,False
Feliciano,2023,0.564133060833451,False,False
Feliciano,2024,0.7637304770216153,False,False
Figueroa,1981,,False,False
Figueroa,1982,,False,False
Figueroa,1985,,False,False
Figueroa,1986,3.034159925315693,False,False
Figueroa,1987,2.033858399088944,False,False
Figueroa,1988,-4.94940019197107,True,False
Figueroa,1989,-0.488810333058443,False,False
Figueroa,1993,4.971207013814588,False,False
Figueroa,1994,0.9468143128708228,False,False
Figueroa,1995,-0.005701600113548312,False,False
Figueroa,1996,1.534951589654982,False,False
Figueroa,1997,1.1067019413978398,False,False
Figueroa,1998,1.2526376121875942,False,False
Figueroa,2010,0.0039455228517431525,False,False
Figueroa,2011,1.685266045400792,False,False
Figueroa,2012,-2.2928931964592136,True,False
Figueroa,2013,1.0747851951396887,False,False
Figueroa,2014,2.3996948206191817,False,False
Figueroa,2015,0.09583552580018359,False,False
Figueroa,2016,1.2769390151481952,False,False
Figueroa,2017,-0.11033170925677978,False,False
Figueroa,2018,-0.6496712078667871,False,False
Figueroa,2019,1.1253233421978277,False,False
Figueroa,2020,1.647862261140892,False,False
Figueroa,2021,1.0579977429942389,False,False
Figueroa,2022,-1.0761830740631437,False,False
Figueroa,2023,-2.5357442052518557,True,False
Figueroa,2024,-0.46195325340331594,False,False
Florentino Ameghino,1995,,False,False
Florentino Ameghino,1996,,False,False
Florentino Ameghino,1997,,False,False
Florentino Ameghino,1998,0.8979227572882184,False,False
Florentino Ameghino,1999,0.8145019609160833,False,False
Florentino Ameghino,2000,0.204715903389149,False,False
Florentino Ameghino,2001,0.18243119550298112,False,False
Florentino Ameghino,2002,2.1827122465508775,False,False
Florentino Ameghino,2003,0.9502278272401586,False,False
Florentino Ameghino,2004,2.4975545779744794,False,False
Florentino Ameghino,2005,0.47972066767371696,False,False
Florentino Ameghino,2006,1.4204696371791221,False,False
Florentino Ameghino,2007,-1.2549900398011153,False,False
Florentino Ameghino,2008,-4.750215125579014,True,False
Florentino Ameghino,2009,0.9091682746873933,False,False
Florentino Ameghino,2010,-0.6732575442678803,False,False
Florentino Ameghino,2011,-2.661503668019395,True,False
Florentino Ameghino,2012,0.5103241600133307,False,False
Florentino Ameghino,2013,0.26202405583692095,False,False
Florentino Ameghino,2014,0.9954506853310726,False,False
Florentino Ameghino,2015,1.1700859510552775,False,False
Florentino Ameghino,2016,0.7291740037786959,False,False
Florentino Ameghino,2017,-0.2421543793853363,False,False
Florentino Ameghino,2018,1.214900215141594,False,False
Florentino Ameghino,2019,0.07955572841757301,False,False
Florentino Ameghino,2020,-1.6060095737411304,True,False
Florentino Ameghino,2021,-2.099584930583649,True,False
Florentino Ameghino,2022,-3.1406591138519775,True,False
Florentino Ameghino,2023,0.02909879809896627,False,False
Florentino Ameghino,2024,-0.13657053575865608,False,False
Formosa,1981,,False,False
Formosa,1982,,False,False
Formosa,1983,,False,False
Formosa,1984,-0.2886751345948127,False,False
Formosa,1985,0.26111648393354675,False,False
Formosa,1986,-0.46912722916374955,False,False
Formosa,1987,-1.3762276348710205,False,False
Formosa,1988,-0.5556905562285811,False,False
Formosa,1989,5.998474308901225,False,False
Formosa,1990,1.0753905252855211,False,False
Formosa,1991,1.5435547986171605,False,False
Formosa,1992,0.6043321488383446,False,False
Formosa,1993,0.32224528037742445,False,False
Formosa,1994,1.1628347301588358,False,False
Formosa,1995,0.022238331311909026,False,False
Formosa,1996,5.337901087447367,False,False
Formosa,1997,-1.1328599858859438,False,False
Formosa,1998,-0.9450478210335762,False,False
Formosa,2001,1.2381967622488494,False,False
Formosa,2002,1.172439748243172,False,False
Formosa,2003,-0.5920887398226754,False,False
Formosa,2004,-0.3735115347738836,False,False
Formosa,2021,4.24103609487016,False,False
Formosa,2022,0.10615450604503618,False,False
Formosa,2023,-1.1867388966029024,False,False
Formosa,2024,0.3674172404381016,False,False
Fray Justo Santa Maria De Oro,1981,,False,False
Fray Justo Santa Maria De Oro,1982,,False,False
Fray Justo Santa Maria De Oro,1983,,False,False
Fray Justo Santa Maria De Oro,1984,3.0632244396811825,False,False
Fray Justo Santa Maria De Oro,1985,-0.4349570356858931,False,False
Fray Justo Santa Maria De Oro,1986,-0.2502041508071147,False,False
Fray Justo Santa Maria De Oro,1987,2.032619137342849,False,False
Fray Justo Santa Maria De Oro,1988,-0.4419528370849765,False,False
Fray Justo Santa Maria De Oro,1989,-0.17544257097855231,False,False
Fray Justo Santa Maria De Oro,1991,2.6795442932005864,False,False
Fray Justo Santa Maria De Oro,1992,1.5438325438699847,False,False
Fray Justo Santa Maria De Oro,1993,-0.4963724166630926,False,False
Fray Justo Santa Maria De Oro,1994,-0.9435236845792063,False,False
Fray Justo Santa Maria De Oro,1995,0.3049971406652093,False,False
Fray Justo Santa Maria De Oro,1996,-0.15147995127208672,False,False
Fray Justo Santa Maria De Oro,1997,1.0162286102227658,False,False
Fray Justo Santa Maria De Oro,1998,0.4989312248694788,False,False
Fray Justo Santa Maria De Oro,1999,2.660728464548366,False,False
Fray Justo Santa Maria De Oro,2000,-1.6606525098588028,True,False
Fray Justo Santa Maria De Oro,2001,0.8447155519142477,False,False
Fray Justo Santa Maria De Oro,2002,-0.4111050521376798,False,False
Fray Justo Santa Maria De Oro,2003,0.6588011012493074,False,False
Fray Justo Santa Maria De Oro,2004,-0.19166296949998196,False,False
Fray Justo Santa Maria De Oro,2005,-0.3212877315609995,False,False
Fray Justo Santa Maria De Oro,2006,0.06593804733957868,False,False
Fray Justo Santa Maria De Oro,2007,1.124507060463498,False,False
Fray Justo Santa Maria De Oro,2008,-6.366579406033768,True,False
Fray Justo Santa Maria De Oro,2009,1.2510163638437575,False,False
Fray Justo Santa Maria De Oro,2010,0.9475840235089834,False,False
Fray Justo Santa Maria De Oro,2011,-0.46586592487841866,False,False
Fray Justo Santa Maria De Oro,2012,-0.7682178861520065,False,False
Fray Justo Santa Maria De Oro,2013,4.7837804935556925,False,False
Fray Justo Santa Maria De Oro,2014,0.9265906327925066,False,False
Fray Justo Santa Maria De Oro,2015,0.9229949175370228,False,False
Fray Justo Santa Maria De Oro,2016,1.0777809726432621,False,False
Fray Justo Santa Maria De Oro,2017,-0.010537998718474054,False,False
Fray Justo Santa Maria De Oro,2018,-1.218663432720043,False,False
Fray Justo Santa Maria De Oro,2019,-0.29851706850930276,False,False
Fray Justo Santa Maria De Oro,2020,-2.1724693659973005,True,False
Fray Justo Santa Maria De Oro,2021,-1.2353459879600281,False,False
Fray Justo Santa Maria De Oro,2022,-2.8795472345308304,True,False
Fray Justo Santa Maria De Oro,2023,-3.108136422006911,True,False
Fray Justo Santa Maria De Oro,2024,-1.4672904226733015,False,False
Garay,1981,,False,False
Garay,1982,,False,False
Garay,1983,,False,False
Garay,1984,-0.3288886900144573,False,False
Garay,1985,-0.9730865196382441,False,False
Garay,1986,1.641311195058509,False,False
Garay,1987,-7.787497797830799,True,False
Garay,1988,-0.028975027848234594,False,False
Garay,1989,1.3325486495811225,False,False
Garay,1994,1.7474403310530242,False,False
Garay,1995,1.1094198145562266,False,False
Garay,1996,0.6035893098333128,False,False
Garay,1997,1.2913325920636172,False,False
Garay,1998,0.6890031021158575,False,False
Garay,1999,-1.7040257344605167,True,False
Garay,2000,1.057863481035559,False,False
Garay,2001,0.9967081970401108,False,False
Garay,2002,-0.04753826885415283,False,False
Garay,2003,3.4257769501849213,False,False
Garay,2004,2.1974136370871276,False,False
Garay,2005,-1.17123824542775,False,False
Garay,2006,0.41486329529721055,False,False
Garay,2007,0.02337622911060922,False,False
Garay,2008,-6.943410466414145,True,False
Garay,2009,2.0944870234936888,False,False
Garay,2010,-0.1576085412067079,False,False
Garay,2011,0.32185529255378753,False,False
Garay,2012,0.9982136604084236,False,False
Garay,2013,0.037518078567964956,False,False
Garay,2014,0.7730773473318013,False,False
Garay,2015,0.3740420721449754,False,False
Garay,2016,-0.3491523945350184,False,False
Garay,2017,-1.8253301095070538,True,False
Garay,2018,1.4742586685110013,False,False
Garay,2019,0.133276980510934,False,False
Garay,2020,0.27448679885200683,False,False
Garay,2021,-2.564100583292755,True,False
Garay,2022,-2.8605501724073434,True,False
Garay,2023,0.6882896743241541,False,False
Garay,2024,0.8148659556816977,False,False
General Alvarado,1981,,False,False
General Alvarado,1982,,False,False
General Alvarado,1983,,False,False
General Alvarado,1984,0.9686931457851521,False,False
General Alvarado,1985,2.869159028655805,False,False
General Alvarado,1986,-1.3672151105456165,False,False
General Alvarado,1987,2.7536432715224493,False,False
General Alvarado,1988,0.5292312802203338,False,False
General Alvarado,1989,2.059916843682903,False,False
General Alvarado,1990,-0.9751206096875674,False,False
General Alvarado,1991,-0.5535563644934065,False,False
General Alvarado,1992,-1.6232920760237095,True,False
General Alvarado,1993,-0.7107411330662791,False,False
General Alvarado,1994,-0.43140693048573087,False,False
General Alvarado,1995,-0.4963288261529357,False,False
General Alvarado,1996,3.9928988979960454,False,False
General Alvarado,1997,2.341767161251568,False,False
General Alvarado,1998,-0.8106296263476054,False,False
General Alvarado,1999,1.2177287164768082,False,False
General Alvarado,2000,0.4487531640681568,False,False
General Alvarado,2001,0.7406897617707949,False,False
General Alvarado,2002,0.0622636203643406,False,False
General Alvarado,2003,1.304674817159997,False,False
General Alvarado,2004,-0.19289712886816596,False,False
General Alvarado,2005,0.8222484329867347,False,False
General Alvarado,2006,0.5238127103110859,False,False
General Alvarado,2007,0.9188526453742735,False,False
General Alvarado,2008,-5.666951898950688,True,False
General Alvarado,2009,3.710943324965315,False,False
General Alvarado,2010,1.2688472731362122,False,False
General Alvarado,2011,0.03190615665046577,False,False
General Alvarado,2012,0.2913605692780204,False,False
General Alvarado,2013,-1.4084518072076784,False,False
General Alvarado,2014,-0.8312939934792073,False,False
General Alvarado,2015,-0.28053340301158336,False,False
General Alvarado,2016,0.023220842176281165,False,False
General Alvarado,2017,0.3889158509797197,False,False
General Alvarado,2018,5.32222231968641,False,False
General Alvarado,2019,1.999655736291452,False,False
General Alvarado,2020,1.183278838450097,False,False
General Alvarado,2021,-0.7276068751089992,False,False
General Alvarado,2022,-1.1858431066817632,False,False
General Alvarado,2023,-0.5987545645747745,False,False
General Alvarado,2024,-0.37459543996552935,False,False
General Alvear,1981,,False,False
General Alvear,1982,,False,False
General Alvear,1983,,False,False
General Alvear,1984,0.5773502691896255,False,False
General Alvear,1985,0.027216174183514776,False,False
General Alvear,1986,1.6483832345287508,False,False
General Alvear,1987,2.0230129187223276,False,False
General Alvear,1988,-0.7557381310941041,False,False
General Alvear,1989,1.8847300727268221,False,False
General Alvear,1990,1.5779182071623847,False,False
General Alvear,1991,1.3341203593617184,False,False
General Alvear,1993,0.8780669041151075,False,False
General Alvear,1994,0.6434925764211182,False,False
General Alvear,1995,-3.4903764434693203,True,False
General Alvear,1996,1.7225790031966655,False,False
General Alvear,1997,2.9211718347513322,False,False
General Alvear,1998,-0.11751804225272496,False,False
General Alvear,1999,1.9631200122285157,False,False
General Alvear,2000,-0.5248000280531322,False,False
General Alvear,2001,-0.36121780680146875,False,False
General Alvear,2002,-0.3599114038098387,False,False
General Alvear,2003,1.7151574459165586,False,False
General Alvear,2004,1.6035674514745457,False,False
General Alvear,2005,0.8302780872259964,False,False
General Alvear,2006,2.565707922359273,False,False
General Alvear,2007,-0.14761042166366714,False,False
General Alvear,2008,-3.3787064553863098,True,False
General Alvear,2009,0.6480268392850376,False,False
General Alvear,2010,0.08038369524685003,False,False
General Alvear,2011,0.5303088099223816,False,False
General Alvear,2012,-5.156034085412147,True,False
General Alvear,2013,-0.1729974389950173,False,False
General Alvear,2014,0.3986013149047666,False,False
General Alvear,2015,0.6634700637669622,False,False
General Alvear,2016,0.7528297764557846,False,False
General Alvear,2017,-0.15785140474072903,False,False
General Alvear,2018,0.8935550043556172,False,False
General Alvear,2019,0.42571497973154343,False,False
General Alvear,2020,-1.1281521496355325,False,False
General Alvear,2021,0.6360779716321134,False,False
General Alvear,2022,-0.2165408787114111,False,False
General Alvear,2023,-0.6537935434513742,False,False
General Alvear,2024,-0.3947910454387228,False,False
General Arenales,1981,,False,False
General Arenales,1982,,False,False
General Arenales,1983,,False,False
General Arenales,1984,0.20739033894608605,False,False
General Arenales,1985,-1.7008401285415227,True,False
General Arenales,1986,-3.8398602685150447,True,False
General Arenales,1987,1.3692875379781946,False,False
General Arenales,1988,1.080435221187321,False,False
General Arenales,1989,0.905492972272549,False,False
General Arenales,1990,1.4582030304407105,False,False
General Arenales,1991,0.8314737961139017,False,False
General Arenales,1992,1.2364778344285516,False,False
General Arenales,1993,3.5023638230681287,False,False
General Arenales,1994,1.5881504806371929,False,False
General Arenales,1995,0.5065321980506464,False,False
General Arenales,1996,0.9156812234638706,False,False
General Arenales,1997,5.7262580149170645,False,False
General Arenales,1998,0.8096222361010341,False,False
General Arenales,1999,-0.06291551601711887,False,False
General Arenales,2000,-1.0460292011411636,False,False
General Arenales,2001,0.8592071664660761,False,False
General Arenales,2002,-0.5080109516054572,False,False
General Arenales,2003,2.3170487875310015,False,False
General Arenales,2004,2.2004414032788073,False,False
General Arenales,2005,-0.6625027010782095,False,False
General Arenales,2006,2.7289081400768382,False,False
General Arenales,2007,0.21056592529412474,False,False
General Arenales,2008,-1.48275411635346,False,False
General Arenales,2009,1.331268294390599,False,False
General Arenales,2010,0.4211639625774788,False,False
General Arenales,2011,-1.7295554364371597,True,False
General Arenales,2012,0.5992693287367954,False,False
General Arenales,2013,0.5989239204694573,False,False
General Arenales,2014,0.8125696397387977,False,False
General Arenales,2015,0.24272772214944022,False,False
General Arenales,2016,0.2471208252860862,False,False
General Arenales,2017,-3.551745150911208,True,True
General Arenales,2018,0.26639771383306554,False,False
General Arenales,2019,0.14530784390894483,False,False
General Arenales,2020,-2.256304299271065,True,True
General Arenales,2021,-3.121771059103237,True,False
General Arenales,2022,-2.6046553304959574,True,True
General Arenales,2023,0.9555076328783629,False,False
General Arenales,2024,0.2597496477727589,False,False
General Belgrano,1981,,False,False
General Belgrano,1981,,False,False
General Belgrano,1981,,False,False
General Belgrano,1981,-1.1547005383792515,False,False
General Belgrano,1982,0.8660254037844387,False,False
General Belgrano,1982,0.7302967433402212,False,False
General Belgrano,1982,-1.1889655313019893,False,False
General Belgrano,1982,-0.7910398718838387,False,False
General Belgrano,1983,0.9557712502120271,False,False
General Belgrano,1983,0.6357438559766605,False,False
General Belgrano,1983,-1.0461214680880309,False,False
General Belgrano,1983,-0.6973291986990106,False,False
General Belgrano,1984,2.2684608985142716,False,False
General Belgrano,1984,1.281866654992705,False,False
General Belgrano,1984,-0.02536275781065548,False,False
General Belgrano,1984,0.013718361901781604,False,False
General Belgrano,1985,0.7154502857169542,False,False
General Belgrano,1985,0.46446261144698425,False,False
General Belgrano,1985,-3.7634244492249995,True,False
General Belgrano,1985,-1.581516061104176,True,False
General Belgrano,1986,1.4212994595770294,False,False
General Belgrano,1986,0.9855558218351984,False,False
General Belgrano,1986,-0.5451178453752313,False,False
General Belgrano,1986,-0.3471203850945189,False,False
General Belgrano,1987,0.8942514666458695,False,False
General Belgrano,1987,0.5936660763750631,False,False
General Belgrano,1987,-0.41360381053414097,False,False
General Belgrano,1987,-0.1791544177558614,False,False
General Belgrano,1988,-0.7594995937362136,False,False
General Belgrano,1988,-1.0120109763449954,False,False
General Belgrano,1988,-2.47578245137881,True,False
General Belgrano,1988,-1.7231625108062172,True,False
General Belgrano,1989,3.1139475943013624,False,False
General Belgrano,1989,1.5720913314612142,False,False
General Belgrano,1989,-0.5782364505012639,False,False
General Belgrano,1989,-0.4813257002604651,False,False
General Belgrano,1990,2.002384334758283,False,False
General Belgrano,1990,1.2246147109287748,False,False
General Belgrano,1990,-1.1772158194445708,False,False
General Belgrano,1990,-0.8062771972092694,False,False
General Belgrano,1991,1.1546374836891695,False,False
General Belgrano,1991,0.769120486398778,False,False
General Belgrano,1991,-0.4454618081710669,False,False
General Belgrano,1991,-0.23441536419464673,False,False
General Belgrano,1992,0.4969481969524954,False,False
General Belgrano,1992,0.2084479020970781,False,False
General Belgrano,1992,-1.0291923586815126,False,False
General Belgrano,1992,-0.7302967433402214,False,False
General Belgrano,1993,0.9840394739767383,False,False
General Belgrano,1993,0.6537801324702271,False,False
General Belgrano,1993,-2.3838571275026244,True,False
General Belgrano,1993,-1.320042864254235,False,False
General Belgrano,1994,1.4607490991146461,False,False
General Belgrano,1994,0.964875817867556,False,False
General Belgrano,1994,-1.1934551779478424,False,False
General Belgrano,1994,-0.7971940844080023,False,False
General Belgrano,1995,0.6428669704429276,False,False
General Belgrano,1995,0.40048517717630283,False,False
General Belgrano,1995,-0.5557176167945804,False,False
General Belgrano,1995,-0.28512555387419103,False,False
General Belgrano,1996,1.9697098970386597,False,False
General Belgrano,1996,1.260146136723852,False,False
General Belgrano,1996,-1.3737782736327,False,False
General Belgrano,1996,-0.9161573349021892,False,False
General Belgrano,1997,2.4494897427831788,False,False
General Belgrano,1997,1.3159920995175118,False,False
General Belgrano,1997,-0.48532042157960953,False,False
General Belgrano,1997,-0.3554356244271463,False,False
General Belgrano,1998,0.06598341534964297,False,False
General Belgrano,1998,-0.2118023484544829,False,False
General Belgrano,1998,-1.5933829676355664,True,False
General Belgrano,1998,-1.3694548234636297,False,False
General Belgrano,1999,1.1960679850341454,False,False
General Belgrano,1999,0.8340825083492449,False,False
General Belgrano,1999,-0.24845518127596508,False,False
General Belgrano,1999,-0.0783560952761333,False,False
General Belgrano,2000,3.0634554790490722,False,False
General Belgrano,2000,1.5801957491696363,False,False
General Belgrano,2000,-1.8202918826539844,True,False
General Belgrano,2000,-1.1500075153748313,False,False
General Belgrano,2001,0.40567064513388945,False,False
General Belgrano,2001,0.2640470565894606,False,False
General Belgrano,2001,-0.5325167766264012,False,False
General Belgrano,2001,-0.24913342984030465,False,False
General Belgrano,2002,2.002434382956126,False,False
General Belgrano,2002,1.283634756527691,False,False
General Belgrano,2002,-1.2470917868622395,False,False
General Belgrano,2002,-0.8516027037427346,False,False
General Belgrano,2003,1.4054159827531734,False,False
General Belgrano,2003,0.9158757500521327,False,False
General Belgrano,2003,-1.2438083928302233,False,False
General Belgrano,2003,-0.8253497356961437,False,False
General Belgrano,2004,1.5170313965898363,False,False
General Belgrano,2004,0.9746555345363117,False,False
General Belgrano,2004,-1.0249116837382442,False,False
General Belgrano,2004,-0.6924587686300355,False,False
General Belgrano,2005,0.751104383932724,False,False
General Belgrano,2005,0.4772852181285069,False,False
General Belgrano,2005,-1.1140058909481116,False,False
General Belgrano,2005,-0.7539282061159639,False,False
General Belgrano,2006,1.8373296586776906,False,False
General Belgrano,2006,1.1246199731881679,False,False
General Belgrano,2006,-0.9312994678585331,False,False
General Belgrano,2006,-0.6441032635971662,False,False
General Belgrano,2007,0.36113777197046076,False,False
General Belgrano,2007,0.14073886380605585,False,False
General Belgrano,2007,-0.9407147484323903,False,False
General Belgrano,2007,-0.66792766570138,False,False
General Belgrano,2008,0.15098371409996317,False,False
General Belgrano,2008,-0.04209360449419127,False,False
General Belgrano,2008,-1.824393300505066,True,False
General Belgrano,2008,-1.3462613788615243,False,False
General Belgrano,2009,3.207492202723117,False,False
General Belgrano,2009,1.4644459384781232,False,False
General Belgrano,2009,-0.39395087541712204,False,False
General Belgrano,2009,-0.31727675276347567,False,False
General Belgrano,2010,0.47463931100998485,False,False
General Belgrano,2010,0.19558631415747257,False,False
General Belgrano,2010,-0.6588126906163405,False,False
General Belgrano,2010,-0.3786526792678275,False,False
General Belgrano,2011,-0.12704057637946345,False,False
General Belgrano,2011,-0.38916214675518435,False,False
General Belgrano,2011,-2.5719716083108612,True,False
General Belgrano,2011,-1.704683701065566,True,False
General Belgrano,2012,3.018341045655216,False,False
General Belgrano,2012,1.465396290676758,False,False
General Belgrano,2012,-1.1265249727769424,False,False
General Belgrano,2012,-0.8102387220697884,False,False
General Belgrano,2013,0.9040429133137362,False,False
General Belgrano,2013,0.5998669082019932,False,False
General Belgrano,2013,0.5423214687072314,False,False
General Belgrano,2013,0.6448028294005971,False,False
General Belgrano,2014,0.9438042887190502,False,False
General Belgrano,2014,1.6873322818327028,False,False
General Belgrano,2014,-3.9236576254914293,True,False
General Belgrano,2014,-1.5700829302871928,True,False
General Belgrano,2015,1.3081100298236323,False,False
General Belgrano,2015,0.9281415202332614,False,False
General Belgrano,2015,-0.9141963345282828,False,False
General Belgrano,2015,-0.6146889990862595,False,False
General Belgrano,2016,1.2688332783304344,False,False
General Belgrano,2016,0.8458888522202895,False,False
General Belgrano,2016,-0.40979266605750636,False,False
General Belgrano,2016,-0.21657686270533003,False,False
General Belgrano,2017,-1.0314212462587933,False,False
General Belgrano,2017,-1.1429261538860305,False,False
General Belgrano,2017,-0.9461903161826327,False,False
General Belgrano,2017,-0.970649410830523,False,False
General Belgrano,2018,5.0190114754278135,False,False
General Belgrano,2018,1.7817416127494952,False,False
General Belgrano,2018,-0.6331099093758494,False,False
General Belgrano,2018,-0.6331099093758494,False,False
General Belgrano,2019,0.6501595370220956,False,False
General Belgrano,2019,0.39036002917941315,False,False
General Belgrano,2019,-0.5291772589866001,False,False
General Belgrano,2019,-0.2585884750103647,False,False
General Belgrano,2020,0.9551440291252553,False,False
General Belgrano,2020,0.6568645411818302,False,False
General Belgrano,2020,-2.3755710813963034,True,False
General Belgrano,2020,-1.3173798264575731,False,False
General Belgrano,2021,0.7201201950701358,False,False
General Belgrano,2021,0.5268437244780179,False,False
General Belgrano,2021,-1.5050620964176844,True,False
General Belgrano,2021,-0.9923173045670354,False,False
General Belgrano,2022,-0.8006819775759954,False,False
General Belgrano,2022,-0.6999493246126149,False,False
General Belgrano,2022,-2.2586104365538464,True,False
General Belgrano,2022,-1.7877968268485738,True,False
General Belgrano,2023,3.4419316578498127,False,False
General Belgrano,2023,1.553949415293718,False,False
General Belgrano,2023,-1.59736811765356,True,False
General Belgrano,2023,-1.0581197160895064,False,False
General Belgrano,2024,1.0857621902365466,False,False
General Belgrano,2024,0.7370901366609822,False,False
General Belgrano,2024,-1.0615002243336336,False,False
General Belgrano,2024,-0.7075058920050172,False,False
General Donovan,1981,,False,False
General Donovan,1982,,False,False
General Donovan,1983,,False,False
General Donovan,1984,7.777616675447127,False,False
General Donovan,1985,-0.16955993541494255,False,False
General Donovan,1986,0.8385164517405387,False,False
General Donovan,1987,1.5668629131106617,False,False
General Donovan,1988,-0.03047389743118397,False,False
General Donovan,1989,-0.36810510358184445,False,False
General Donovan,1993,-0.5913035438475257,False,False
General Donovan,1994,-0.9629145412703942,False,False
General Donovan,1995,0.8281049497245934,False,False
General Donovan,1996,0.5737877260277277,False,False
General Donovan,1997,7.482238191382125,False,False
General Donovan,1998,-0.07906818246468271,False,False
General Donovan,1999,1.3985334557154716,False,False
General Donovan,2000,-1.0614949346546223,False,False
General Donovan,2001,0.5725234105467392,False,False
General Donovan,2002,-0.19320308428629454,False,False
General Donovan,2003,1.8404513295943856,False,False
General Donovan,2004,-0.5233817489959287,False,False
General Donovan,2005,-0.31512416876665006,False,False
General Donovan,2006,-0.3118500281481929,False,False
General Donovan,2007,0.00039257199204239385,False,False
General Donovan,2008,-2.4917384179586026,True,False
General Donovan,2009,0.797573412306115,False,False
General Donovan,2010,0.6312238745219769,False,False
General Donovan,2011,-0.07586432418108811,False,False
General Donovan,2012,-1.98800942690961,True,False
General Donovan,2013,1.3792294244729368,False,False
General Guemes,1981,,False,False
General Guemes,1981,,False,False
General Guemes,1981,,False,False
General Guemes,1981,1.1547005383792515,False,False
General Guemes,1982,-0.8660254037844387,False,False
General Guemes,1982,-0.7302967433402214,False,False
General Guemes,1982,0.03042903097250923,False,False
General Guemes,1982,-0.13296449906290675,False,False
General Guemes,1983,-0.79115480528524,False,False
General Guemes,1983,-0.6025948617237675,False,False
General Guemes,1983,3.5800970736886764,False,False
General Guemes,1983,1.5454095055605752,False,False
General Guemes,1984,0.228729844067269,False,False
General Guemes,1984,0.15529385346824,False,False
General Guemes,1984,1.0195331186995102,False,False
General Guemes,1984,0.8903183256807776,False,False
General Guemes,1985,-3.7974062404292512,True,False
General Guemes,1985,-1.5474865918189413,True,False
General Guemes,1985,0.46905544646270303,False,False
General Guemes,1985,0.3946438022828829,False,False
General Guemes,1986,-0.8183081817536941,False,False
General Guemes,1986,-0.525426207499094,False,False
General Guemes,1986,0.6439819647683688,False,False
General Guemes,1986,0.3763391998093071,False,False
General Guemes,1987,-0.9941972589882447,False,False
General Guemes,1987,-0.6736202794554477,False,False
General Guemes,1987,4.390303626042254,False,False
General Guemes,1987,1.6134206023468012,False,False
General Guemes,1988,-1.6594559394763182,True,False
General Guemes,1988,-1.0956961783223413,False,False
General Guemes,1988,-0.22876499910029674,False,False
General Guemes,1988,-0.2583706261553764,False,False
General Guemes,1989,-0.6910943845597601,False,False
General Guemes,1989,-0.5258970959559305,False,False
General Guemes,1989,5.065517641769508,False,False
General Guemes,1989,1.6639898663901478,False,False
General Guemes,1991,0.8662491540539735,False,False
General Guemes,1991,0.6025948617237675,False,False
General Guemes,1992,0.5610294986546213,False,False
General Guemes,1992,0.7302967433402214,False,False
General Guemes,1993,-8.398412548412546,True,False
General Guemes,1993,-1.7360741598134837,True,False
General Guemes,1993,0.8499341502148814,False,False
General Guemes,1993,0.7302967433402214,False,False
General Guemes,1994,-0.9439085407672362,False,False
General Guemes,1994,-0.6251337935113676,False,False
General Guemes,1994,1.0931036215923762,False,False
General Guemes,1994,0.7302967433402219,False,False
General Guemes,1995,-0.26520045314317714,False,False
General Guemes,1995,-0.07235078345101006,False,False
General Guemes,1995,0.7281575407893582,False,False
General Guemes,1995,0.4636004455717535,False,False
General Guemes,1996,-2.325273435904719,True,False
General Guemes,1996,-1.3333333333333333,False,False
General Guemes,1996,2.198375231514535,False,False
General Guemes,1996,1.247069253509142,False,False
General Guemes,1997,1.2795795733141941,False,False
General Guemes,1997,0.9196481091594171,False,False
General Guemes,1997,-0.3003641436033366,False,False
General Guemes,1997,-1.5863829886332113,True,False
General Guemes,1998,-3.9573094819154186,True,False
General Guemes,1998,-1.554995229672389,True,False
General Guemes,1998,1.2790300005770017,False,False
General Guemes,1998,1.291784620411522,False,False
General Guemes,1999,0.6481574781618223,False,False
General Guemes,1999,0.5279269221422629,False,False
General Guemes,1999,0.45028170404860307,False,False
General Guemes,1999,0.046545082720366324,False,False
General Guemes,2000,-18.524383040755605,True,False
General Guemes,2000,-1.7835603355225111,True,False
General Guemes,2000,0.8951181352443244,False,False
General Guemes,2000,0.8087219036216677,False,False
General Guemes,2001,-0.04656201971797188,False,False
General Guemes,2001,0.09984411525986357,False,False
General Guemes,2001,0.454858826147342,False,False
General Guemes,2001,0.1140531897024402,False,False
General Guemes,2002,-0.3333333333333333,False,False
General Guemes,2002,0.0,False,False
General Guemes,2002,-0.23904572186687872,False,False
General Guemes,2002,-0.7302967433402214,False,False
General Guemes,2003,-13.304604466123749,True,False
General Guemes,2003,-1.7888543819998317,True,False
General Guemes,2003,1.5240975513187232,False,False
General Guemes,2003,1.1474318764059306,False,False
General Guemes,2004,-0.5252444423892333,False,False
General Guemes,2004,-0.3563483225498992,False,False
General Guemes,2004,1.063123961793513,False,False
General Guemes,2004,0.7302967433402214,False,False
General Guemes,2005,-0.48686449556014766,False,False
General Guemes,2005,-0.2637521893583148,False,False
General Guemes,2005,2.906888370749727,False,False
General Guemes,2005,1.5074693257628633,False,False
General Guemes,2006,-0.754624494751408,False,False
General Guemes,2006,-0.5876856722255589,False,False
General Guemes,2006,0.545544725589981,False,False
General Guemes,2006,0.29586820363292277,False,False
General Guemes,2007,-1.189180028246081,False,False
General Guemes,2007,-0.8358875584287144,False,False
General Guemes,2007,1.0932163332202425,False,False
General Guemes,2007,0.7302967433402214,False,False
General Guemes,2008,-2.9211869733608857,True,False
General Guemes,2008,-1.4342743312012725,False,False
General Guemes,2008,1.2533333333333334,False,False
General Guemes,2008,0.8746433255585251,False,False
General Guemes,2009,-0.6720098320769284,False,False
General Guemes,2009,-0.43181181679486286,False,False
General Guemes,2009,1.461214881835156,False,False
General Guemes,2009,0.9833636969584905,False,False
General Guemes,2010,0.35675943226113965,False,False
General Guemes,2010,0.3857803705431717,False,False
General Guemes,2010,1.0858192452923152,False,False
General Guemes,2010,1.2377054955105526,False,False
General Guemes,2011,-3.4103175845497105,True,False
General Guemes,2011,-1.4920651037894623,False,False
General Guemes,2011,0.860982486334558,False,False
General Guemes,2011,0.6544686834461845,False,False
General Guemes,2012,-2.109441835427483,True,False
General Guemes,2012,-1.236004422861996,False,False
General Guemes,2012,-0.8772723730166602,False,False
General Guemes,2012,-0.6925376249924969,False,False
General Guemes,2013,1.0813967440869707,False,False
General Guemes,2013,1.7865570408427005,False,False
General Guemes,2013,2.5669875073229744,False,False
General Guemes,2013,1.364717326226435,False,False
General Guemes,2014,0.3144541511937644,False,False
General Guemes,2014,-0.08877935232369508,False,False
General Guemes,2014,0.9911170088188723,False,False
General Guemes,2014,0.730296743340222,False,False
General Guemes,2015,0.1825741858350555,False,False
General Guemes,2015,0.3149996923832634,False,False
General Guemes,2015,0.29364527053943823,False,False
General Guemes,2015,-0.26375218935831746,False,False
General Guemes,2016,1.6329931618554774,False,False
General Guemes,2016,1.6329931618554774,False,False
General Guemes,2016,6.260990336999493,False,False
General Guemes,2016,1.7228220865861323,False,False
General Guemes,2017,-3.599939283033825,True,False
General Guemes,2017,-1.6162592159283935,True,False
General Guemes,2017,0.4360926705286408,False,False
General Guemes,2017,0.39036002917941337,False,False
General Guemes,2018,-0.5345224838248489,False,False
General Guemes,2018,-0.2637521893583149,False,False
General Guemes,2018,2.5342103744997626,False,False
General Guemes,2018,1.4342743312012727,False,False
General Guemes,2019,-0.9000000000000002,False,False
General Guemes,2019,-0.6679276657013801,False,False
General Guemes,2019,0.9059022845997792,False,False
General Guemes,2019,0.5955500003825583,False,False
General Guemes,2020,-2.4302791254881964,True,False
General Guemes,2020,-1.3402371356749287,False,False
General Guemes,2020,1.0913947975294744,False,False
General Guemes,2020,0.7701904557710081,False,False
General Guemes,2021,-0.8570517637946917,False,False
General Guemes,2021,-0.5633474327258048,False,False
General Guemes,2021,0.7690096033344017,False,False
General Guemes,2021,0.4848492551333408,False,False
General Guemes,2022,-1.6917508403790864,True,False
General Guemes,2022,-1.0935534798310131,False,False
General Guemes,2022,0.6787100702471235,False,False
General Guemes,2022,0.4636004455717535,False,False
General Guemes,2023,-2.6020917020838525,True,False
General Guemes,2023,-1.4042275494594818,False,False
General Guemes,2023,0.6607446725459147,False,False
General Guemes,2023,0.5008703226778093,False,False
General Guemes,2024,-0.7729135930084946,False,False
General Guemes,2024,-0.4862395890061611,False,False
General Guemes,2024,1.7857414764715047,False,False
General Guemes,2024,1.1361718690483786,False,False
General Guido,1981,,False,False
General Guido,1982,,False,False
General Guido,1983,,False,False
General Guido,1984,5.258568668024429,False,False
General Guido,1985,2.566062055480912,False,False
General Guido,1986,-0.14901743956722616,False,False
General Guido,1987,0.5831876608103427,False,False
General Guido,1988,1.2168292839777195,False,False
General Guido,1989,0.9561828874675149,False,False
General Guido,1996,-0.6641121893174375,False,False
General Guido,1997,0.2695284194844565,False,False
General Guido,1998,-3.083296459828961,True,False
General Guido,1999,0.11978739185031574,False,False
General Guido,2000,0.13210280060239846,False,False
General Guido,2001,0.7711045083088979,False,False
General Guido,2002,0.42584904962199066,False,False
General Guido,2003,1.599360914682895,False,False
General Guido,2004,0.9351114808612816,False,False
General Guido,2005,1.9419526714681086,False,False
General Guido,2006,0.5038650574279612,False,False
General Guido,2007,0.7814410349499092,False,False
General Guido,2008,-10.72339116146888,True,False
General Guido,2009,2.2545843404445254,False,False
General Guido,2010,0.92537094593081,False,False
General Guido,2011,0.43061167263684147,False,False
General Guido,2012,1.0477989400120604,False,False
General Guido,2013,-0.49406836490833644,False,False
General Guido,2014,-0.8807943537802072,False,False
General Guido,2015,0.8587795754580297,False,False
General Guido,2016,1.1126561515159348,False,False
General Guido,2017,0.6687338550904234,False,False
General Guido,2018,0.7475288986369744,False,False
General Guido,2019,0.8268491550594654,False,False
General Guido,2020,5.258758927213289,False,False
General Guido,2021,-1.5537971921347116,True,False
General Guido,2022,-7.172865536171718,True,False
General Guido,2023,-0.6331099093758495,False,False
General Guido,2024,-0.0849165250368649,False,False
General Jose De San Martin,1981,,False,False
General Jose De San Martin,1982,,False,False
General Jose De San Martin,1983,,False,False
General Jose De San Martin,1984,0.5773502691896257,False,False
General Jose De San Martin,1985,-0.5704761904761905,False,False
General Jose De San Martin,1986,2.789980212791119,False,False
General Jose De San Martin,1987,2.7573606565056896,False,False
General Jose De San Martin,1988,-0.41184876879277604,False,False
General Jose De San Martin,1989,0.5422748742935195,False,False
General Jose De San Martin,1991,-0.07104919358248549,False,False
General Jose De San Martin,1992,-0.433264265621348,False,False
General Jose De San Martin,1993,0.2549193515059505,False,False
General Jose De San Martin,1994,3.279024245107068,False,False
General Jose De San Martin,1995,-0.7717131411607562,False,False
General Jose De San Martin,1996,0.07202689506217198,False,False
General Jose De San Martin,1997,-0.06501612544577828,False,False
General Jose De San Martin,1998,-0.2268875828917908,False,False
General Jose De San Martin,1999,-0.2268875828917908,False,False
General Jose De San Martin,2000,0.4472135954999555,False,False
General Jose De San Martin,2001,,False,False
General Jose De San Martin,2002,inf,False,False
General Jose De San Martin,2003,1.7888543819998317,False,False
General Jose De San Martin,2004,-0.7302967433402214,False,False
General Jose De San Martin,2005,1.0954451150103321,False,False
General Jose De San Martin,2006,0.7302967433402214,False,False
General Jose De San Martin,2007,1.3416407864998738,False,False
General Jose De San Martin,2008,0.23008949665421113,False,False
General Jose De San Martin,2009,1.7640194743489521,False,False
General Jose De San Martin,2010,2.613404448702879,False,False
General Jose De San Martin,2011,0.828529304008585,False,False
General Jose De San Martin,2012,-6.644838105451788,True,False
General Jose De San Martin,2013,1.1665024082567446,False,False
General Jose De San Martin,2014,0.9404530051733357,False,False
General Jose De San Martin,2015,0.3944846960452054,False,False
General Jose De San Martin,2016,0.9750729931279827,False,False
General Jose De San Martin,2017,0.47610959756853277,False,False
General Jose De San Martin,2018,2.163564803334499,False,False
General Jose De San Martin,2019,1.043498389499902,False,False
General Jose De San Martin,2020,0.7234930106770323,False,False
General Jose De San Martin,2021,-1.059400819844585,False,False
General Jose De San Martin,2022,-2.1887327797386233,True,False
General Jose De San Martin,2023,-5.4096687633377565,True,False
General Jose De San Martin,2024,0.13780819250991092,False,False
General Juan Madariaga,1981,,False,False
General Juan Madariaga,1982,,False,False
General Juan Madariaga,1983,,False,False
General Juan Madariaga,1984,-0.5220552062896373,False,False
General Juan Madariaga,1985,1.7317976095765961,False,False
General Juan Madariaga,1986,-0.7736776501915058,False,False
General Juan Madariaga,1987,1.3238986371160404,False,False
General Juan Madariaga,1988,2.1571402135524154,False,False
General Juan Madariaga,1989,1.312486370410634,False,False
General Juan Madariaga,1990,-1.9743644205974453,True,False
General Juan Madariaga,1991,-1.013162529547606,False,False
General Juan Madariaga,1992,-1.1337144460957012,False,False
General Juan Madariaga,1993,-0.6761499224954768,False,False
General Juan Madariaga,1994,-0.1403461150167136,False,False
General Juan Madariaga,1995,0.2382239901448909,False,False
General Juan Madariaga,1996,9.103430279883456,False,False
General Juan Madariaga,1997,3.0541620567095795,False,False
General Juan Madariaga,1998,-0.5261053734695127,False,False
General Juan Madariaga,1999,1.5852464293404596,False,False
General Juan Madariaga,2000,0.20561017963433623,False,False
General Juan Madariaga,2001,0.8300523603953284,False,False
General Juan Madariaga,2002,0.4790814774895548,False,False
General Juan Madariaga,2003,1.8306260056728232,False,False
General Juan Madariaga,2004,0.39668132897712965,False,False
General Juan Madariaga,2005,1.118653101982988,False,False
General Juan Madariaga,2006,2.4768767195230477,False,False
General Juan Madariaga,2007,0.816011809730932,False,False
General Juan Madariaga,2008,-3.1542846430234484,True,False
General Juan Madariaga,2009,2.9869621003720632,False,False
General Juan Madariaga,2010,1.2574501681641284,False,False
General Juan Madariaga,2011,0.7308446953112013,False,False
General Juan Madariaga,2012,0.6096718853970924,False,False
General Juan Madariaga,2013,-0.29314150371495135,False,False
General Juan Madariaga,2014,-3.934768087447447,True,False
General Juan Madariaga,2015,1.6552250704796174,False,False
General Juan Madariaga,2016,0.24015860616681647,False,False
General Juan Madariaga,2017,0.5788783930358115,False,False
General Juan Madariaga,2018,0.7730687843678805,False,False
General Juan Madariaga,2019,0.4395707310583861,False,False
General Juan Madariaga,2020,0.7302967433402228,False,False
General Juan Madariaga,2021,-0.9355285539275006,False,False
General Juan Madariaga,2022,-0.592186568158087,False,False
General Juan Madariaga,2023,-4.663469224244936,True,False
General Juan Madariaga,2024,-1.7827511421612916,True,False
General La Madrid,1981,,False,False
General La Madrid,1982,,False,False
General La Madrid,1983,,False,False
General La Madrid,1984,2.7738991239925026,False,False
General La Madrid,1985,2.4990216132261867,False,False
General La Madrid,1986,0.9873809272521828,False,False
General La Madrid,1987,0.6760332357446055,False,False
General La Madrid,1988,-2.9012740829414634,True,False
General La Madrid,1989,0.0,False,False
General La Madrid,1990,0.0,False,False
General La Madrid,1991,-0.7715885154726595,False,False
General La Madrid,1992,-0.5000000000000001,False,False
General La Madrid,1993,0.35856858280031817,False,False
General La Madrid,1994,0.028000000000000014,False,False
General La Madrid,1995,-0.9608489930470717,False,False
General La Madrid,1996,4.7209714634752915,False,False
General La Madrid,1997,5.329803842944735,False,False
General La Madrid,1998,-0.4425939922400184,False,False
General La Madrid,1999,-0.5198569068926827,False,False
General La Madrid,2000,-0.10819107294518682,False,False
General La Madrid,2001,-0.0037116947406566738,False,False
General La Madrid,2002,-0.37280506450284245,False,False
General La Madrid,2003,3.8267307494157876,False,False
General La Madrid,2004,2.2400141350598424,False,False
General La Madrid,2005,0.7655852433543566,False,False
General La Madrid,2006,0.0,False,False
General La Madrid,2007,1.0358647947564754,False,False
General La Madrid,2008,-6.833490955540668,True,False
General La Madrid,2009,-0.9004775002779292,False,False
General La Madrid,2010,0.8025113954812735,False,False
General La Madrid,2011,-0.6093084197275455,False,False
General La Madrid,2012,1.9440177560363407,False,False
General La Madrid,2013,0.10151336960051113,False,False
General La Madrid,2014,-0.251348968369992,False,False
General La Madrid,2015,-0.4219717489020256,False,False
General La Madrid,2016,0.35634832254989923,False,False
General La Madrid,2017,-0.42519520276218714,False,False
General La Madrid,2018,1.7149858514250909,False,False
General La Madrid,2019,-0.3367281199597886,False,False
General La Madrid,2020,2.6173432019689775,False,False
General La Madrid,2021,2.629502940535668,False,False
General La Madrid,2022,0.6135719910778965,False,False
General La Madrid,2023,-3.3328204733667124,True,False
General La Madrid,2024,-0.46252305521094983,False,False
General Las Heras,1981,,False,False
General Las Heras,1982,,False,False
General Las Heras,1983,,False,False
General Las Heras,1984,0.5773502691896291,False,False
General Las Heras,1985,10.500000000000007,False,False
General Las Heras,1986,-2.429352668091834,True,False
General Las Heras,1987,-1.9081260131054667,True,False
General Las Heras,1988,0.3426823495024955,False,False
General Las Heras,1995,2.414084234359472,False,False
General Las Heras,1996,4.491984296599053,False,False
General Las Heras,1997,2.7465129507198576,False,False
General Las Heras,1998,1.2264233061003564,False,False
General Las Heras,1999,-0.3470458119356991,False,False
General Las Heras,2000,0.4943283061343783,False,False
General Las Heras,2001,-1.8961513485110775,True,False
General Las Heras,2002,0.24120300162633468,False,False
General Las Heras,2003,0.6074907451875085,False,False
General Las Heras,2004,1.4361050867410396,False,False
General Las Heras,2005,-1.30037663061257,False,False
General Las Heras,2006,1.623608781903273,False,False
General Las Heras,2007,0.7446498937106172,False,False
General Las Heras,2008,-2.372556727188797,True,False
General Las Heras,2009,1.6539518268118993,False,False
General Las Heras,2010,0.05976143046671969,False,False
General Las Heras,2011,-0.5618332187193684,False,False
General Las Heras,2012,0.856177081898022,False,False
General Las Heras,2013,-0.1319686718016009,False,False
General Las Heras,2014,0.384628134085329,False,False
General Las Heras,2015,-0.008996604422624765,False,False
General Las Heras,2016,0.4752873641594711,False,False
General Las Heras,2017,-2.5777706096139514,True,False
General Las Heras,2018,1.0501460149934645,False,False
General Las Heras,2019,0.2234484546655047,False,False
General Las Heras,2020,0.7581986259672033,False,False
General Las Heras,2021,-0.6216634405374637,False,False
General Las Heras,2022,-2.086631426527634,True,False
General Las Heras,2023,0.14518962092630278,False,False
General Las Heras,2024,-0.40770273970032594,False,False
General Lavalle,1981,,False,False
General Lavalle,1982,,False,False
General Lavalle,1983,,False,False
General Lavalle,1984,-0.16012815380508785,False,False
General Lavalle,1985,-1.1945016892890046,False,False
General Lavalle,1986,-1.6354359684811077,True,False
General Lavalle,1987,-0.5197115016578552,False,False
General Lavalle,1988,-1.9578680323737756,True,False
General Lavalle,1996,4.381326774855901,False,False
General Lavalle,1997,3.4073132339941115,False,False
General Lavalle,1998,-1.1360032291235025,False,False
General Lavalle,1999,1.340182913484133,False,False
General Lavalle,2000,0.5039867090877411,False,False
General Lavalle,2001,0.8426481571922296,False,False
General Lavalle,2002,0.479525242151464,False,False
General Lavalle,2003,1.6355883055854223,False,False
General Lavalle,2004,0.685172297925355,False,False
General Lavalle,2005,1.9314894326843801,False,False
General Lavalle,2006,1.0053015335375168,False,False
General Lavalle,2007,-0.05185169574310634,False,False
General Lavalle,2008,-7.989866373657742,True,False
General Lavalle,2009,2.4121805923248467,False,False
General Lavalle,2010,0.9498744187609792,False,False
General Lavalle,2011,0.44037562043484485,False,False
General Lavalle,2012,2.318891597818778,False,False
General Lavalle,2013,-0.38148668743803854,False,False
General Lavalle,2014,0.653486394681945,False,False
General Lavalle,2015,0.012708729823976328,False,False
General Lavalle,2016,0.16403995352218828,False,False
General Lavalle,2017,-0.2606713806298953,False,False
General Lavalle,2018,0.3536097741979055,False,False
General Lavalle,2019,-0.13884202690012584,False,False
General Lavalle,2020,-3.279566366999819,True,False
General Lavalle,2021,-3.6859143929669655,True,False
General Lavalle,2022,-15.785713922561303,True,False
General Lavalle,2023,-0.10027894056973134,False,False
General Lavalle,2024,0.31720831958260864,False,False
General Lopez,1981,,False,False
General Lopez,1982,,False,False
General Lopez,1983,,False,False
General Lopez,1984,0.324535489617795,False,False
General Lopez,1985,1.24133040593219,False,False
General Lopez,1986,-0.3826111679091904,False,False
General Lopez,1987,0.10801982027369458,False,False
General Lopez,1988,-1.4874949707094958,False,False
General Lopez,1989,-1.4564832243009151,False,False
General Lopez,1990,1.1517451807606927,False,False
General Lopez,1991,2.5126547528784298,False,False
General Lopez,1992,1.2800158143365499,False,False
General Lopez,1993,0.8923683835094728,False,False
General Lopez,1994,0.7023212455599,False,False
General Lopez,1995,0.30808605444465814,False,False
General Lopez,1996,-10.888264218594273,True,False
General Lopez,1997,7.738838332549828,False,False
General Lopez,1998,1.232704403584977,False,False
General Lopez,1999,0.9773073158596681,False,False
General Lopez,2000,0.21170903885161374,False,False
General Lopez,2001,0.6730328304688662,False,False
General Lopez,2002,1.4722099736857712,False,False
General Lopez,2003,1.8578873431607192,False,False
General Lopez,2004,2.75318951280843,False,False
General Lopez,2005,0.4448172973957767,False,False
General Lopez,2006,3.536572626297683,False,False
General Lopez,2007,-0.26954611035747783,False,False
General Lopez,2008,-1.1616114419290549,False,False
General Lopez,2009,1.118033988749895,False,False
General Lopez,2010,-1.1512743816720308,False,False
General Lopez,2011,-2.8407085696411167,True,False
General Lopez,2012,1.1199213349386237,False,False
General Lopez,2013,0.20639401351502165,False,False
General Lopez,2014,0.7372349242804487,False,False
General Lopez,2015,0.8675607352804419,False,False
General Lopez,2016,0.5491191897705622,False,False
General Lopez,2017,-2.837607784247102,True,True
General Lopez,2018,1.487710567431656,False,False
General Lopez,2019,0.20271036672278522,False,False
General Lopez,2020,-0.15203277504208892,False,False
General Lopez,2021,-1.3244080059381513,False,False
General Lopez,2022,-4.562699619146387,True,True
General Lopez,2023,0.14280821956717826,False,False
General Lopez,2024,-0.19334367402284616,False,False
General Manuel Belgrano,1981,,False,False
General Manuel Belgrano,1982,,False,False
General Manuel Belgrano,1983,,False,False
General Manuel Belgrano,1984,2.909539156663199,False,False
General Manuel Belgrano,1985,0.15558406702681546,False,False
General Manuel Belgrano,1986,5.303301522475249,False,False
General Manuel Belgrano,1987,1.199057609302113,False,False
General Manuel Belgrano,1988,1.9218593710762968,False,False
General Manuel Belgrano,1989,2.394454933760116,False,False
General Manuel Belgrano,1991,3.13850731599474,False,False
General Manuel Belgrano,1992,-2.981905610997752,True,False
General Manuel Belgrano,1993,-0.32627818380750895,False,False
General Manuel Belgrano,1994,-0.23180022278587673,False,False
General Manuel Belgrano,1995,0.29256748293130785,False,False
General Manuel Belgrano,1996,0.9793883280868542,False,False
General Manuel Belgrano,1997,-0.32619616933173734,False,False
General Manuel Belgrano,1998,0.875984022905523,False,False
General Manuel Belgrano,1999,0.9826306090832324,False,False
General Manuel Belgrano,2000,0.6521841747607595,False,False
General Manuel Belgrano,2001,-0.7094291012066961,False,False
General Manuel Belgrano,2002,0.4920223590750994,False,False
General Manuel Belgrano,2003,-0.43894075858484355,False,False
General Manuel Belgrano,2004,-3.6470186264932596,True,False
General Manuel Belgrano,2005,0.13448564269216493,False,False
General Manuel Belgrano,2006,-2.603482961246086,True,False
General Manuel Belgrano,2007,-1.5021782608648204,True,False
General Manuel Belgrano,2008,-1.5232236213246513,True,False
General Manuel Belgrano,2009,1.8339733536122318,False,False
General Manuel Belgrano,2010,1.2554958344745373,False,False
General Manuel Belgrano,2011,-0.4348621830167063,False,False
General Manuel Belgrano,2012,0.9370521692787436,False,False
General Manuel Belgrano,2013,1.4621771305641877,False,False
General Manuel Belgrano,2014,1.095180840919419,False,False
General Manuel Belgrano,2015,0.7151788317446224,False,False
General Manuel Belgrano,2016,0.5613969247634952,False,False
General Manuel Belgrano,2017,0.8346248495316817,False,False
General Manuel Belgrano,2018,22.948389299220356,False,False
General Manuel Belgrano,2019,2.0118632117735293,False,False
General Manuel Belgrano,2020,0.28598800216126496,False,False
General Manuel Belgrano,2021,-0.8151238417997327,False,False
General Manuel Belgrano,2022,-0.40928889722555556,False,False
General Manuel Belgrano,2023,-1.675,True,False
General Manuel Belgrano,2024,1.0427005278403376,False,False
General Obligado,1981,,False,False
General Obligado,1982,,False,False
General Obligado,1983,,False,False
General Obligado,1984,1.8510467287055907,False,False
General Obligado,1985,1.124842205879514,False,False
General Obligado,1986,2.0050333372576494,False,False
General Obligado,1987,-0.8624934543453501,False,False
General Obligado,1988,-0.7181848464596078,False,False
General Obligado,1989,4.422345854537255,False,False
General Obligado,1990,1.2026755886059097,False,False
General Obligado,1991,1.2309684142959232,False,False
General Obligado,1992,3.518602904636718,False,False
General Obligado,1993,0.3362260810678386,False,False
General Obligado,1994,0.017302449416844567,False,False
General Obligado,1995,0.09408464933020994,False,False
General Obligado,1996,-0.12363212322853623,False,False
General Obligado,1997,-0.5839944512070255,False,False
General Obligado,1998,0.8373896219910779,False,False
General Obligado,1999,11.539851826664142,False,False
General Obligado,2000,0.349293524193477,False,False
General Obligado,2001,1.6468055976664218,False,False
General Obligado,2002,-1.0865678922569126,False,False
General Obligado,2003,1.0344514177816793,False,False
General Obligado,2004,3.8199681756194135,False,False
General Obligado,2005,-2.617343201968975,True,False
General Obligado,2006,-0.020030067669194167,False,False
General Obligado,2007,-1.3787403578289386,False,False
General Obligado,2008,-2.5447364629618465,True,False
General Obligado,2009,0.5560281016504943,False,False
General Obligado,2010,0.9946246331755212,False,False
General Obligado,2011,-0.42114252039439215,False,False
General Obligado,2012,1.4795702439625726,False,False
General Obligado,2013,1.5959495162041004,False,False
General Obligado,2014,0.8746206272820729,False,False
General Obligado,2015,0.07615178736832938,False,False
General Obligado,2016,0.1583615164929792,False,False
General Obligado,2017,-3.607648271439468,True,False
General Obligado,2018,-0.17027058606870774,False,False
General Obligado,2019,1.257445831151997,False,False
General Obligado,2020,0.32009219983224,False,False
General Obligado,2021,-0.6714780897692258,False,False
General Obligado,2022,-1.374180620275883,False,False
General Obligado,2023,-1.011684909986655,False,False
General Obligado,2024,0.605373920525612,False,False
General Paz,1981,,False,False
General Paz,1981,,False,False
General Paz,1981,,False,False
General Paz,1981,-1.1547005383792515,False,False
General Paz,1982,0.4937415117760825,False,False
General Paz,1982,0.44195955307733586,False,False
General Paz,1982,-0.9518345136952703,False,False
General Paz,1982,-0.6343499485857276,False,False
General Paz,1983,2.2760913133467575,False,False
General Paz,1983,1.2915436912404394,False,False
General Paz,1983,-1.1686679735714074,False,False
General Paz,1983,-0.8087219036216677,False,False
General Paz,1984,1.2494141957655789,False,False
General Paz,1984,0.8274757743917583,False,False
General Paz,1984,-1.0216091719473936,False,False
General Paz,1984,-0.6825871204076521,False,False
General Paz,1985,0.8788585322268184,False,False
General Paz,1985,0.575658469538448,False,False
General Paz,1985,-0.9607321386303539,False,False
General Paz,1985,-0.6362189264147268,False,False
General Paz,1986,0.7448601641198975,False,False
General Paz,1986,0.4686921726790003,False,False
General Paz,1986,0.0614591943453679,False,False
General Paz,1986,0.2932873711465732,False,False
General Paz,1987,0.7974679067027843,False,False
General Paz,1987,0.7302967433402224,False,False
General Paz,1987,-2.821730218431289,True,False
General Paz,1987,-1.4150022811741023,False,False
General Paz,1988,0.6715473527512363,False,False
General Paz,1988,0.5106318158355365,False,False
General Paz,1988,0.9497565866512652,False,False
General Paz,1988,0.9497565866512652,False,False
General Paz,1989,-1.7528500118205204,True,False
General Paz,1989,-1.7528500118205204,True,False
General Paz,1989,0.00843385882010663,False,False
General Paz,1989,0.1133716274639068,False,False
General Paz,1991,0.9442239087773502,False,False
General Paz,1991,1.1645415302052833,False,False
General Paz,1992,-4.5905234491553815,True,False
General Paz,1992,-1.7629353364906557,True,False
General Paz,1995,-0.04926696474213909,False,False
General Paz,1995,0.07282555496134045,False,False
General Paz,1996,0.29997675741485796,False,False
General Paz,1996,0.7302967433402219,False,False
General Paz,1997,-0.11180339887498958,False,False
General Paz,1997,-1.7888543819998317,True,False
General Paz,1998,1.4605934866804429,False,False
General Paz,1998,1.1217185151295606,False,False
General Paz,1999,1.7397619531255726,False,False
General Paz,1999,1.142926153886031,False,False
General Paz,2000,-4.845146963900724,True,False
General Paz,2000,-1.76747572343898,True,False
General Paz,2001,-0.506936210725825,False,False
General Paz,2001,-0.30436591135684155,False,False
General Paz,2002,-2.067353243365516,True,False
General Paz,2002,-1.5946946726563371,True,False
General Paz,2003,11.646683326095818,False,False
General Paz,2003,1.7574543955035224,False,False
General Paz,2003,-0.6047610412380617,False,False
General Paz,2003,-0.5824612851775945,False,False
General Paz,2004,1.3869894608679274,False,False
General Paz,2004,0.9195374560807716,False,False
General Paz,2005,0.5439670920806795,False,False
General Paz,2005,0.5431397072513474,False,False
General Paz,2005,-1.7072797584215589,True,False
General Paz,2005,-1.7612977602430662,True,False
General Paz,2006,1.247817051520661,False,False
General Paz,2006,1.0927291581573673,False,False
General Paz,2007,0.6130871150558559,False,False
General Paz,2007,0.5482202380384645,False,False
General Paz,2007,-1.8316307164490657,True,False
General Paz,2007,-1.7654547789930342,True,False
General Paz,2008,0.08498819906322168,False,False
General Paz,2008,0.2856075226517192,False,False
General Paz,2008,-1.1956352570200488,False,False
General Paz,2008,-0.8429000136379885,False,False
General Paz,2009,2.092473928915424,False,False
General Paz,2009,1.2136627613597328,False,False
General Paz,2009,-0.990823612294264,False,False
General Paz,2009,-0.6926057656639374,False,False
General Paz,2010,0.6369176704816474,False,False
General Paz,2010,0.38487465724013853,False,False
General Paz,2010,-0.9752167879507968,False,False
General Paz,2010,-0.657531140336848,False,False
General Paz,2011,0.8024833996316165,False,False
General Paz,2011,0.5158270399934285,False,False
General Paz,2012,0.6130767229062333,False,False
General Paz,2012,0.7302967433402217,False,False
General Paz,2013,1.578717873270936,False,False
General Paz,2013,1.7888543819998317,False,False
General Paz,2013,-2.816858867169426,True,False
General Paz,2013,-1.478877987989264,False,False
General Paz,2014,1.5193248944814666,False,False
General Paz,2014,1.0116611502624895,False,False
General Paz,2015,0.41440542523844803,False,False
General Paz,2015,0.4227627592106248,False,False
General Paz,2016,0.6212484728650184,False,False
General Paz,2016,0.5290686221195197,False,False
General Paz,2017,-1.8627612616951987,True,False
General Paz,2017,-1.1615246787519862,False,False
General Paz,2018,1.0601943963513065,False,False
General Paz,2018,0.7302967433402214,False,False
General Paz,2019,0.15975241260567344,False,False
General Paz,2019,0.29586820363292277,False,False
General Paz,2020,-0.275460015502278,False,False
General Paz,2020,-1.1217185151295606,False,False
General Paz,2021,-3.561994508424849,True,False
General Paz,2021,-1.7360741598134837,True,False
General Paz,2022,-4.193796732613869,True,False
General Paz,2022,-1.618487297999848,True,False
General Paz,2023,1.2141700920645533,False,False
General Paz,2023,1.2141700920645533,False,False
General Paz,2024,0.413578010297134,False,False
General Paz,2024,0.37414641343198823,False,False
General Pedernera,1981,,False,False
General Pedernera,1982,,False,False
General Pedernera,1983,,False,False
General Pedernera,1984,3.2288313804429825,False,False
General Pedernera,1985,0.24712539854212104,False,False
General Pedernera,1986,-1.3252427984629553,False,False
General Pedernera,1987,-0.736101763156206,False,False
General Pedernera,1988,-3.297433021125084,True,False
General Pedernera,1989,-0.5847975285764188,False,False
General Pedernera,1991,-0.7282845867615766,False,False
General Pedernera,1993,-0.45045442606857516,False,False
General Pedernera,1994,-1.0464772510305194,False,False
General Pedernera,1995,-0.4002699225531017,False,False
General Pedernera,1996,-2.199541045344858,True,False
General Pedernera,1997,4.242502199394642,False,False
General Pedernera,1998,3.014441819178875,False,False
General Pedernera,2007,1.9124841916224498,False,False
General Pedernera,2008,2.573216412322081,False,False
General Pedernera,2009,1.7952489367302955,False,False
General Pedernera,2010,1.318617748895885,False,False
General Pedernera,2011,0.02645908837670331,False,False
General Pedernera,2012,0.19379622301013646,False,False
General Pedernera,2013,2.8890817766436676,False,False
General Pedernera,2014,1.7217157393846494,False,False
General Pedernera,2015,2.3365212033286458,False,False
General Pedernera,2016,1.4604618483144702,False,False
General Pedernera,2017,-2.126350752196711,True,False
General Pedernera,2018,-0.5621154167911698,False,False
General Pedernera,2019,-1.3183276071111678,False,False
General Pedernera,2020,0.3481014970394594,False,False
General Pedernera,2021,-0.38107626993290467,False,False
General Pedernera,2022,-1.6019789741639443,True,False
General Pedernera,2023,-0.2295626136713214,False,False
General Pedernera,2024,0.8212327744369605,False,False
General Pinto,1981,,False,False
General Pinto,1982,,False,False
General Pinto,1983,,False,False
General Pinto,1984,-0.5578833980497365,False,False
General Pinto,1985,0.8579541614959395,False,False
General Pinto,1986,-2.0509660012934243,True,False
General Pinto,1987,0.3345478991706056,False,False
General Pinto,1988,-0.7928433222953408,False,False
General Pinto,1989,-1.05791334730411,False,False
General Pinto,1990,0.8732087954951653,False,False
General Pinto,1991,3.4941669695940476,False,False
General Pinto,1992,0.84896557151982,False,False
General Pinto,1993,0.6700908816407833,False,False
General Pinto,1994,0.5424036751430754,False,False
General Pinto,1995,-1.1626190982742663,False,False
General Pinto,1996,3.841383359651561,False,False
General Pinto,1997,2.3610361676027285,False,False
General Pinto,1998,1.4893369558177252,False,False
General Pinto,1999,0.7210719298934897,False,False
General Pinto,2000,-0.450726716631024,False,False
General Pinto,2001,-0.34964677791273596,False,False
General Pinto,2002,1.2559410144182743,False,False
General Pinto,2003,0.9794977457727333,False,False
General Pinto,2004,2.0659846763533434,False,False
General Pinto,2005,0.37015362862064444,False,False
General Pinto,2006,1.0916270874321186,False,False
General Pinto,2007,-1.525841085267968,True,False
General Pinto,2008,-5.7626164413165055,True,False
General Pinto,2009,1.1114208580701397,False,False
General Pinto,2010,-0.15897533977451553,False,False
General Pinto,2011,-2.169998220738409,True,False
General Pinto,2012,0.45974155337444444,False,False
General Pinto,2013,0.709384223597574,False,False
General Pinto,2014,1.144681580714845,False,False
General Pinto,2015,0.9869320915144679,False,False
General Pinto,2016,0.519924813488039,False,False
General Pinto,2017,-0.90293223677296,False,False
General Pinto,2018,0.8820371882106108,False,False
General Pinto,2019,-0.07774010108085894,False,False
General Pinto,2020,-1.4891270404220684,False,False
General Pinto,2021,-2.1560244127174433,True,False
General Pinto,2022,-3.2193094315586044,True,False
General Pinto,2023,0.0565501830450508,False,False
General Pinto,2024,-0.07420770612016984,False,False
General Pueyrredon,1981,,False,False
General Pueyrredon,1982,,False,False
General Pueyrredon,1983,,False,False
General Pueyrredon,1984,0.9606603412044213,False,False
General Pueyrredon,1985,4.974286699506678,False,False
General Pueyrredon,1986,-1.0822012355852473,False,False
General Pueyrredon,1987,1.6451923363647556,False,False
General Pueyrredon,1988,0.32692534426053754,False,False
General Pueyrredon,1989,1.6486473365854517,False,False
General Pueyrredon,1990,-1.3964485280766703,False,False
General Pueyrredon,1991,-0.5239819959753333,False,False
General Pueyrredon,1992,-1.6377476775939612,True,False
General Pueyrredon,1993,-0.6400286898456521,False,False
General Pueyrredon,1994,-0.373959846278972,False,False
General Pueyrredon,1995,-0.053213718384527826,False,False
General Pueyrredon,1996,3.6154572975669135,False,False
General Pueyrredon,1997,2.2208865841757484,False,False
General Pueyrredon,1998,-0.7488967243189854,False,False
General Pueyrredon,1999,1.1255766023435525,False,False
General Pueyrredon,2000,0.2893961933274526,False,False
General Pueyrredon,2001,0.5981614295917334,False,False
General Pueyrredon,2002,-0.015073509919856433,False,False
General Pueyrredon,2003,1.419765791402209,False,False
General Pueyrredon,2004,-0.030749317073737462,False,False
General Pueyrredon,2005,1.0990332899897142,False,False
General Pueyrredon,2006,0.5094272272408615,False,False
General Pueyrredon,2007,0.8201837170430557,False,False
General Pueyrredon,2008,-7.180987763781022,True,False
General Pueyrredon,2009,2.877882991280974,False,False
General Pueyrredon,2010,1.2374465975016535,False,False
General Pueyrredon,2011,0.21479305925365658,False,False
General Pueyrredon,2012,0.8052202282112038,False,False
General Pueyrredon,2013,-1.166170334199044,False,False
General Pueyrredon,2014,-0.9502243520385292,False,False
General Pueyrredon,2015,-0.46989179506873,False,False
General Pueyrredon,2016,-0.1289203383244154,False,False
General Pueyrredon,2017,1.5967446558341618,False,False
General Pueyrredon,2018,3.0224095271146636,False,False
General Pueyrredon,2019,1.188177051572009,False,False
General Pueyrredon,2020,1.122167215373564,False,False
General Pueyrredon,2021,-0.7090714520123621,False,False
General Pueyrredon,2022,-2.2019275302527195,True,False
General Pueyrredon,2023,-0.5031421663456621,False,False
General Pueyrredon,2024,-0.5272497301964959,False,False
General Roca,1981,,False,False
General Roca,1982,,False,False
General Roca,1983,,False,False
General Roca,1984,2.836832573067901,False,False
General Roca,1985,0.5666666666666667,False,False
General Roca,1986,-0.9575076817961775,False,False
General Roca,1987,0.019537403578260778,False,False
General Roca,1988,-2.3370617836595624,True,False
General Roca,1989,-1.3623548617822285,False,False
General Roca,1990,-0.045207064601963325,False,False
General Roca,1991,-0.253030372303446,False,False
General Roca,1992,2.1074306754056167,False,False
General Roca,1993,0.20175106810175247,False,False
General Roca,1994,1.742166300493251,False,False
General Roca,1995,-1.0281621276616528,False,False
General Roca,1996,-0.5755143032528295,False,False
General Roca,1997,4.034137400449087,False,False
General Roca,1998,0.7710119805069042,False,False
General Roca,1999,2.3365853236130967,False,False
General Roca,2000,0.9894661185813205,False,False
General Roca,2001,1.18086559111229,False,False
General Roca,2002,1.1686446399960109,False,False
General Roca,2003,0.21613485320563736,False,False
General Roca,2004,2.813515017611999,False,False
General Roca,2005,-0.6377228313029065,False,False
General Roca,2006,1.6938085093812845,False,False
General Roca,2007,-0.1625276515460488,False,False
General Roca,2008,-1.1675647935638556,False,False
General Roca,2009,0.4307198522722126,False,False
General Roca,2010,-2.4776446566038177,True,False
General Roca,2011,-1.6271529487752971,True,False
General Roca,2012,0.09135392974428853,False,False
General Roca,2013,0.36045757661600347,False,False
General Roca,2014,0.967547826902307,False,False
General Roca,2015,1.8504965370845907,False,False
General Roca,2016,1.264327483383894,False,False
General Roca,2017,-1.0954451150103308,False,False
General Roca,2018,0.8962732759175434,False,False
General Roca,2019,-0.697277051246694,False,False
General Roca,2020,0.9853414803089002,False,False
General Roca,2021,0.85836166104062,False,False
General Roca,2022,-1.7614096918559565,True,False
General Roca,2023,1.488755669216056,False,False
General Roca,2024,1.0718844015157438,False,False
General Rodriguez,1981,,False,False
General Rodriguez,1982,,False,False
General Rodriguez,1983,,False,False
General Rodriguez,1984,74.72920658163076,False,False
General Rodriguez,1985,-0.5153287729112749,False,False
General Rodriguez,1986,-0.4600299620969059,False,False
General Rodriguez,1987,-0.23518638335941514,False,False
General Rodriguez,1988,-0.8029342346274133,False,False
General Rodriguez,1995,1.7613783297708856,False,False
General Rodriguez,1996,6.575083081939765,False,False
General Rodriguez,1997,2.9865456597591704,False,False
General Rodriguez,1998,0.982329268543473,False,False
General Rodriguez,1999,-0.5246768353045159,False,False
General Rodriguez,2000,0.6314447705268388,False,False
General Rodriguez,2001,-1.9435234427105168,True,False
General Rodriguez,2002,0.40081883401970775,False,False
General Rodriguez,2003,0.7689374396979541,False,False
General Rodriguez,2004,1.3085426605386237,False,False
General Rodriguez,2005,-1.0409982220500882,False,False
General Rodriguez,2006,1.5199059814659333,False,False
General Rodriguez,2007,0.7446498937106171,False,False
General Rodriguez,2008,-2.227001099753901,True,False
General Rodriguez,2009,1.6884268833189477,False,False
General Rodriguez,2010,0.03797342044404314,False,False
General Rodriguez,2011,-0.5994928961853802,False,False
General Rodriguez,2012,0.8670591066122671,False,False
General Rodriguez,2013,0.2866476674514449,False,False
General Rodriguez,2014,0.5467996248266033,False,False
General Rodriguez,2015,-0.0757786160287053,False,False
General Rodriguez,2016,0.7349043394794008,False,False
General Rodriguez,2017,-4.490132550669378,True,False
General Rodriguez,2018,0.5144957554275267,False,False
General Rodriguez,2019,0.0,False,False
General Rodriguez,2020,0.07327433054473119,False,False
General Rodriguez,2021,-0.5859489119453088,False,False
General Rodriguez,2022,-1.8801893680598267,True,False
General Rodriguez,2023,0.3125982516720723,False,False
General Rodriguez,2024,0.18796969523030238,False,False
General San Martin,1981,,False,False
General San Martin,1982,,False,False
General San Martin,1983,,False,False
General San Martin,1984,3.4048222080263777,False,False
General San Martin,1985,0.6935420188489804,False,False
General San Martin,1986,-0.11318039960638508,False,False
General San Martin,1987,0.4986717470377027,False,False
General San Martin,1988,-2.0148383700922268,True,True
General San Martin,1989,-1.1916795507967923,False,False
General San Martin,1990,2.6349727574239092,False,False
General San Martin,1991,1.1135977919576376,False,False
General San Martin,1992,1.3430919128359062,False,False
General San Martin,1993,0.5291695193239272,False,False
General San Martin,1994,-1.1034153056739533,False,False
General San Martin,1995,-2.1693128746799,True,False
General San Martin,1996,-1.1914328427607317,False,False
General San Martin,1997,1.9393332625876765,False,False
General San Martin,1998,0.19996279099864467,False,False
General San Martin,1999,2.072239909823001,False,False
General San Martin,2000,0.9161869428440399,False,False
General San Martin,2001,1.1748435212215576,False,False
General San Martin,2002,1.4129133312195772,False,False
General San Martin,2003,-0.6105646797438333,False,False
General San Martin,2004,2.9103805749782294,False,False
General San Martin,2005,-0.765952320074806,False,False
General San Martin,2006,1.9579051945995263,False,False
General San Martin,2007,-0.5558333569973305,False,False
General San Martin,2008,0.7028463876110713,False,False
General San Martin,2009,1.0739609855587358,False,False
General San Martin,2010,-0.7787485876492852,False,False
General San Martin,2011,-1.601341713053949,True,False
General San Martin,2012,0.06233201181685901,False,False
General San Martin,2013,0.8900901566020729,False,False
General San Martin,2014,0.33956300668904654,False,False
General San Martin,2015,0.8029838114449209,False,False
General San Martin,2016,1.0287003272994997,False,False
General San Martin,2017,-2.3172964880866305,True,True
General San Martin,2018,1.5,False,False
General San Martin,2019,0.6141091473370588,False,False
General San Martin,2020,0.43505216499414695,False,False
General San Martin,2021,-1.231174022502185,False,False
General San Martin,2022,-3.782377952918429,True,True
General San Martin,2023,-0.40437580015561314,False,False
General San Martin,2024,0.590824278412221,False,False
General Taboada,1981,,False,False
General Taboada,1982,,False,False
General Taboada,1983,,False,False
General Taboada,1984,14.058479054767385,False,False
General Taboada,1985,-0.9576269688818152,False,False
General Taboada,1986,2.8973788378014826,False,False
General Taboada,1987,2.3743366176469123,False,False
General Taboada,1988,-1.9401013010839345,True,False
General Taboada,1989,-0.1706916216905276,False,False
General Taboada,1991,0.7890849682866568,False,False
General Taboada,1992,2.3912856476487496,False,False
General Taboada,1993,0.19382369878948225,False,False
General Taboada,1994,0.1301944880584395,False,False
General Taboada,1995,0.36528283589395505,False,False
General Taboada,1996,-0.842263323200536,False,False
General Taboada,1997,0.12103449006015068,False,False
General Taboada,1998,-0.05340859121528607,False,False
General Taboada,2002,4.541818161824501,False,False
General Taboada,2003,4.49081114993199,False,False
General Taboada,2004,0.504184067963121,False,False
General Taboada,2005,2.858241303537608,False,False
General Taboada,2006,0.7290215901207876,False,False
General Taboada,2007,-1.6112049976428333,True,False
General Taboada,2008,-2.6075548385312795,True,False
General Taboada,2009,0.18346665928604725,False,False
General Taboada,2010,0.7401081946329224,False,False
General Taboada,2011,0.24118879467660345,False,False
General Taboada,2012,0.013540436266492754,False,False
General Taboada,2013,2.3738464614277803,False,False
General Taboada,2014,0.8211444818312637,False,False
General Taboada,2015,0.9448590264817043,False,False
General Taboada,2016,0.5187881972398196,False,False
General Taboada,2017,-0.6137949055234261,False,False
General Taboada,2018,-0.2703919053472964,False,False
General Taboada,2019,2.0941908602407784,False,False
General Taboada,2020,1.1770625736151563,False,False
General Taboada,2021,0.8083124847033212,False,False
General Taboada,2022,-0.008104741698526593,False,False
General Taboada,2023,-7.7697114969743595,True,False
General Taboada,2024,-0.06416930949042633,False,False
General Viamonte,1981,,False,False
General Viamonte,1982,,False,False
General Viamonte,1983,,False,False
General Viamonte,1984,-0.23123331650893372,False,False
General Viamonte,1985,2.3866255142150123,False,False
General Viamonte,1986,1.3612878513854385,False,False
General Viamonte,1987,1.3166399729657776,False,False
General Viamonte,1988,-1.0032406865331316,False,False
General Viamonte,1989,-1.2922992797991792,False,False
General Viamonte,1990,-0.3659527414051621,False,False
General Viamonte,1991,6.067175639400933,False,False
General Viamonte,1992,0.5562425599215494,False,False
General Viamonte,1993,0.28515811954205683,False,False
General Viamonte,1994,1.0415404141757691,False,False
General Viamonte,1995,0.2171209039649203,False,False
General Viamonte,1996,1.8330328153979085,False,False
General Viamonte,1997,2.6686169043907113,False,False
General Viamonte,1998,1.3828147155478294,False,False
General Viamonte,1999,0.16096916737418526,False,False
General Viamonte,2000,-0.6552397158636106,False,False
General Viamonte,2001,-0.9770690176336545,False,False
General Viamonte,2002,0.730199249548373,False,False
General Viamonte,2003,0.688110291484686,False,False
General Viamonte,2004,1.481682349814552,False,False
General Viamonte,2005,0.6625229756774872,False,False
General Viamonte,2006,2.716648703859252,False,False
General Viamonte,2007,-0.0811440825933578,False,False
General Viamonte,2008,-3.4421589373211243,True,False
General Viamonte,2009,2.3402048697782694,False,False
General Viamonte,2010,-0.41949760742788583,False,False
General Viamonte,2011,-1.0592550313237834,False,False
General Viamonte,2012,0.6204815516686771,False,False
General Viamonte,2013,1.0105589461180715,False,False
General Viamonte,2014,1.1635432181444738,False,False
General Viamonte,2015,0.8418558479082354,False,False
General Viamonte,2016,1.2096251703615506,False,False
General Viamonte,2017,-3.302837850103702,True,False
General Viamonte,2018,0.5541017541874507,False,False
General Viamonte,2019,-0.08671099695241197,False,False
General Viamonte,2020,-0.4289820032418973,False,False
General Viamonte,2021,-1.1876558069531225,False,False
General Viamonte,2022,-2.8382292367553363,True,False
General Viamonte,2023,-0.2432071601241926,False,False
General Viamonte,2024,0.03622617780011091,False,False
General Villegas,1981,,False,False
General Villegas,1982,,False,False
General Villegas,1983,,False,False
General Villegas,1984,2.289636633593995,False,False
General Villegas,1985,8.757898287644485,False,False
General Villegas,1986,-3.1140750024894652,True,False
General Villegas,1987,0.9227528822393224,False,False
General Villegas,1988,-1.161310085515035,False,False
General Villegas,1989,-1.5319246953855559,True,False
General Villegas,1990,0.2438858082344799,False,False
General Villegas,1991,5.152999254228371,False,False
General Villegas,1992,0.9203622963516406,False,False
General Villegas,1993,0.43061256373992274,False,False
General Villegas,1994,0.8044454281108884,False,False
General Villegas,1995,-1.619292301948425,True,False
General Villegas,1996,-1.6361964941584157,True,False
General Villegas,1997,3.6961645282351077,False,False
General Villegas,1998,0.8662798296001609,False,False
General Villegas,1999,0.8150105248729143,False,False
General Villegas,2000,0.39594672870378816,False,False
General Villegas,2001,0.3259917034069503,False,False
General Villegas,2002,1.689554699521512,False,False
General Villegas,2003,2.523686671004902,False,False
General Villegas,2004,1.9351356086382128,False,False
General Villegas,2005,-1.0023666597504133,False,False
General Villegas,2006,1.7719298586038483,False,False
General Villegas,2007,0.12711524394500712,False,False
General Villegas,2008,-1.934349837132005,True,False
General Villegas,2009,0.6767128978315649,False,False
General Villegas,2010,-0.9013507884250832,False,False
General Villegas,2011,-3.2722958968593194,True,False
General Villegas,2012,0.54283454882696,False,False
General Villegas,2013,-0.2839099170847125,False,False
General Villegas,2014,1.007877847405577,False,False
General Villegas,2015,1.1974224925730823,False,False
General Villegas,2016,0.5156822430610432,False,False
General Villegas,2017,-1.1564525506079633,False,False
General Villegas,2018,1.5075567228888178,False,False
General Villegas,2019,-0.9800674215461161,False,False
General Villegas,2020,-0.2879539310562516,False,False
General Villegas,2021,-0.6634480581849856,False,False
General Villegas,2022,-1.9381677409826652,True,False
General Villegas,2023,0.34394561950498614,False,False
General Villegas,2024,0.21398591453127505,False,False
Gobernador Dupuy,1981,,False,False
Gobernador Dupuy,1982,,False,False
Gobernador Dupuy,1983,,False,False
Gobernador Dupuy,1984,2.9679807609170425,False,False
Gobernador Dupuy,1985,-2.184748143384372,True,False
Gobernador Dupuy,1986,0.2909855219566943,False,False
Gobernador Dupuy,1987,2.6919907728115966,False,False
Gobernador Dupuy,1988,-1.210309784976796,False,False
Gobernador Dupuy,1989,-0.2901511746540383,False,False
Gobernador Dupuy,1991,-0.4073321615649528,False,False
Gobernador Dupuy,1993,-0.5267804055262122,False,False
Gobernador Dupuy,1994,-0.7339282881811274,False,False
Gobernador Dupuy,1995,-0.4032061446006576,False,False
Gobernador Dupuy,1996,-2.098387819725595,True,False
Gobernador Dupuy,1997,4.178459481972547,False,False
Gobernador Dupuy,1998,2.890557624831313,False,False
Gobernador Dupuy,2007,1.4659144950816207,False,False
Gobernador Dupuy,2008,1.914557675864177,False,False
Gobernador Dupuy,2009,1.378417306284982,False,False
Gobernador Dupuy,2010,1.0464517017440222,False,False
Gobernador Dupuy,2011,-0.26959701761463095,False,False
Gobernador Dupuy,2012,-0.7750728980354333,False,False
Gobernador Dupuy,2013,1.951418463678795,False,False
Gobernador Dupuy,2014,3.588118055749604,False,False
Gobernador Dupuy,2015,0.9325149377343206,False,False
Gobernador Dupuy,2016,1.4711671873035639,False,False
Gobernador Dupuy,2017,-0.6122149932363996,False,False
Gobernador Dupuy,2018,1.6439898730535731,False,False
Gobernador Dupuy,2019,-1.0493443645942062,False,False
Gobernador Dupuy,2020,1.6411063871916527,False,False
Gobernador Dupuy,2021,-0.20420294243433834,False,False
Gobernador Dupuy,2022,-1.9437883766017452,True,False
Gobernador Dupuy,2023,-0.40368671387966554,False,False
Gobernador Dupuy,2024,0.32541438064617556,False,False
Goya,1981,,False,False
Goya,1982,,False,False
Goya,1983,,False,False
Goya,1984,-0.783281624563597,False,False
Goya,1985,2.458577788510878,False,False
Goya,1986,-1.284191474886529,False,False
Goya,1991,7.320294971791604,False,False
Goya,1992,0.16707056257548344,False,False
Goya,1993,0.23175350547597776,False,False
Goya,1994,0.6675241619495204,False,False
Goya,1995,0.0975464984952592,False,False
Goya,1996,-0.22501603622011326,False,False
Goya,1997,-0.3614306141495926,False,False
Goya,1998,0.7309260742707767,False,False
Goya,1999,1.298719682333484,False,False
Goya,2000,-3.062516093117821,True,False
Goya,2001,-2.3006793041229767,True,False
Goya,2002,-1.2730949995755716,False,False
Goya,2003,-1.185410909846361,False,False
Goya,2005,-0.5980489501952099,False,False
Goya,2007,-1.223508893348939,False,False
Goya,2008,-9.104358691058758,True,False
Goya,2009,-0.9274586178162784,False,False
Goya,2010,0.5508310461818199,False,False
Goya,2013,7.745389320801164,False,False
Goya,2018,5.2534218361070355,False,False
Goya,2019,1.6452096342989657,False,False
Goya,2020,0.7418904925580231,False,False
Goya,2021,0.02075917846036265,False,False
Goya,2022,-0.4437637090932479,False,False
Goya,2023,-1.5758335037455877,True,False
Goya,2024,1.6625590407869928,False,False
Graneros,1981,,False,False
Graneros,1982,,False,False
Graneros,1983,,False,False
Graneros,1984,-1.258147009950377,False,False
Graneros,1985,1.5844836389669263,False,False
Graneros,1986,0.42117110415132947,False,False
Graneros,1987,-0.06347015392094886,False,False
Graneros,1988,-3.9705626918795223,True,False
Graneros,1989,0.8439072443314917,False,False
Graneros,1991,2.0179119337630858,False,False
Graneros,1992,1.2485474668663126,False,False
Graneros,1993,0.7704018062250042,False,False
Graneros,1994,0.6810066672737723,False,False
Graneros,1995,-4.6844038153854415,True,False
Graneros,1996,1.3477770577901427,False,False
Graneros,1997,1.370608105053817,False,False
Graneros,1998,0.8032713826996882,False,False
Graneros,2004,0.663558376202792,False,False
Graneros,2005,0.07487937899219192,False,False
Graneros,2006,4.260448896779152,False,False
Graneros,2007,-0.8973598267580474,False,False
Graneros,2008,0.6228503684705231,False,False
Graneros,2009,-0.1607513283902775,False,False
Graneros,2010,1.754199093946902,False,False
Graneros,2011,-2.875736656390176,True,False
Graneros,2012,-1.1238245543998147,False,False
Graneros,2013,0.40219136279696377,False,False
Graneros,2014,0.4378325529295042,False,False
Graneros,2015,1.0917159309978803,False,False
Graneros,2016,0.4448000679094209,False,False
Graneros,2017,0.8482070813889077,False,False
Graneros,2018,2.429352668091842,False,False
Graneros,2019,-2.214074899269328,True,False
Graneros,2020,-1.424863305689662,False,False
Graneros,2021,-0.6240697230680671,False,False
Graneros,2022,-1.4715037670551032,False,False
Graneros,2023,-2.9793904874600923,True,False
Graneros,2024,0.13353497869040537,False,False
Gualeguay,1981,,False,False
Gualeguay,1982,,False,False
Gualeguay,1983,,False,False
Gualeguay,1984,0.295,False,False
Gualeguay,1985,8.950388896003915,False,False
Gualeguay,1986,0.7183714893167265,False,False
Gualeguay,1987,3.277411603898097,False,False
Gualeguay,1988,-0.9130939886519881,False,False
Gualeguay,1989,0.7009626485068896,False,False
Gualeguay,1990,0.9066950376508603,False,False
Gualeguay,1991,2.2125365982983634,False,False
Gualeguay,1992,0.7653083817635815,False,False
Gualeguay,1993,-0.2949900368059677,False,False
Gualeguay,1994,0.762740584719855,False,False
Gualeguay,1995,-2.517857323702028,True,False
Gualeguay,1996,0.33430593020737204,False,False
Gualeguay,1997,2.839113615868342,False,False
Gualeguay,1998,1.0096130721772085,False,False
Gualeguay,1999,-0.9124963672135094,False,False
Gualeguay,2000,0.39769794047599594,False,False
Gualeguay,2001,-0.37917220982313626,False,False
Gualeguay,2002,0.6619931815549163,False,False
Gualeguay,2003,1.4965841602284586,False,False
Gualeguay,2004,0.7068391123148647,False,False
Gualeguay,2005,-1.7511168194749476,True,False
Gualeguay,2006,1.3632174348738466,False,False
Gualeguay,2007,-1.4045270541124482,False,False
Gualeguay,2008,-2.22131191585256,True,False
Gualeguay,2009,1.6512729439108897,False,False
Gualeguay,2010,0.02774710308076747,False,False
Gualeguay,2011,-0.31560307011673133,False,False
Gualeguay,2012,0.783289266022599,False,False
Gualeguay,2013,-0.3108082372111224,False,False
Gualeguay,2014,0.40452445930048825,False,False
Gualeguay,2015,0.6442237092458285,False,False
Gualeguay,2016,0.44567306871917745,False,False
Gualeguay,2017,-1.5803937925765754,True,False
Gualeguay,2018,1.785873121583481,False,False
Gualeguay,2019,0.8498365855987989,False,False
Gualeguay,2020,-3.4044798991455116,True,False
Gualeguay,2021,-1.2969387511295714,False,False
Gualeguay,2022,-2.538727687130371,True,False
Gualeguay,2023,0.33333333333333337,False,False
Gualeguay,2024,0.9665586645841411,False,False
Gualeguaychu,1981,,False,False
Gualeguaychu,1982,,False,False
Gualeguaychu,1983,,False,False
Gualeguaychu,1984,0.08006407690254394,False,False
Gualeguaychu,1985,6.243701862648496,False,False
Gualeguaychu,1986,0.9045340337332909,False,False
Gualeguaychu,1987,3.874582062190508,False,False
Gualeguaychu,1988,-0.9830876831213373,False,False
Gualeguaychu,1989,0.0876018727533865,False,False
Gualeguaychu,1990,-0.07367994517879843,False,False
Gualeguaychu,1991,0.9492208535536294,False,False
Gualeguaychu,1992,0.7423441841241879,False,False
Gualeguaychu,1993,-0.4352666384235348,False,False
Gualeguaychu,1994,1.1499593775510242,False,False
Gualeguaychu,1995,-1.7620475826909048,True,False
Gualeguaychu,1996,1.425236768673835,False,False
Gualeguaychu,1997,3.3978978559167947,False,False
Gualeguaychu,1998,1.278920724545934,False,False
Gualeguaychu,1999,-1.059535574898756,False,False
Gualeguaychu,2000,0.9945049679717528,False,False
Gualeguaychu,2001,0.013192935754908274,False,False
Gualeguaychu,2002,0.5283106342805856,False,False
Gualeguaychu,2003,1.6709717237967001,False,False
Gualeguaychu,2004,-0.2879561418604534,False,False
Gualeguaychu,2005,-1.6294428216972363,True,False
Gualeguaychu,2006,2.208391737721813,False,False
Gualeguaychu,2007,-1.1480346483480588,False,False
Gualeguaychu,2008,-1.6319383899150062,True,False
Gualeguaychu,2009,1.6448075280886896,False,False
Gualeguaychu,2010,-0.2527872531375686,False,False
Gualeguaychu,2011,-0.012785150084417626,False,False
Gualeguaychu,2012,0.7331065512959873,False,False
Gualeguaychu,2013,-0.1181696763791145,False,False
Gualeguaychu,2014,0.05921100902820235,False,False
Gualeguaychu,2015,1.5650650404428326,False,False
Gualeguaychu,2016,0.7841254701136312,False,False
Gualeguaychu,2017,-1.9163583198697827,True,False
Gualeguaychu,2018,2.3059172856201995,False,False
Gualeguaychu,2019,0.6585855599381424,False,False
Gualeguaychu,2020,-3.2190361443994124,True,False
Gualeguaychu,2021,-1.5897861418633576,True,False
Gualeguaychu,2022,-1.7415686740517247,True,False
Gualeguaychu,2023,0.5647018192596432,False,False
Gualeguaychu,2024,1.152843179096327,False,False
Guamini,1981,,False,False
Guamini,1982,,False,False
Guamini,1983,,False,False
Guamini,1984,0.0772891084931668,False,False
Guamini,1985,-0.18348909255269494,False,False
Guamini,1986,-0.7536458677398645,False,False
Guamini,1987,1.2675004445952593,False,False
Guamini,1988,-0.21534633918766002,False,False
Guamini,1989,-0.18025027881512032,False,False
Guamini,1990,1.9772037891739889,False,False
Guamini,1991,1.6675639687470127,False,False
Guamini,1992,1.1711688616658134,False,False
Guamini,1993,1.9589198768960874,False,False
Guamini,1994,0.23859259784061562,False,False
Guamini,1995,-3.196843460258504,True,False
Guamini,1996,1.2045498691829009,False,False
Guamini,1997,1.551772130989838,False,False
Guamini,1998,-1.567789463774016,True,False
Guamini,1999,2.169261607699549,False,False
Guamini,2000,-0.330320515215342,False,False
Guamini,2001,0.1744831874885787,False,False
Guamini,2002,0.23756484744227488,False,False
Guamini,2003,0.29267325439823316,False,False
Guamini,2004,2.5110750230078467,False,False
Guamini,2005,0.7003009752518539,False,False
Guamini,2006,-0.6307059974731644,False,False
Guamini,2007,-0.02141764684390598,False,False
Guamini,2008,-3.0322801577600194,True,False
Guamini,2009,0.3654827566959244,False,False
Guamini,2010,1.351112599223825,False,False
Guamini,2011,0.17109583845364634,False,False
Guamini,2012,1.0562788506143792,False,False
Guamini,2013,-0.668394000959624,False,False
Guamini,2014,-0.9900889731502089,False,False
Guamini,2015,2.368596133655176,False,False
Guamini,2016,0.6958890006392212,False,False
Guamini,2017,-1.0253788905369952,False,False
Guamini,2018,0.896258159530272,False,False
Guamini,2019,-0.09563501936810613,False,False
Guamini,2020,-1.126325181392782,False,False
Guamini,2021,0.8009101500898294,False,False
Guamini,2022,-0.502897070986637,False,False
Guamini,2023,0.0,False,False
Guamini,2024,0.14990633779917245,False,False
Guarani,1981,,False,False
Guarani,1982,,False,False
Guarani,1983,,False,False
Guarani,1984,1.52,False,False
Guarani,1985,2.5460188028635873,False,False
Guarani,1986,10.385285353521928,False,False
Guarani,1987,1.6823350207428127,False,False
Guarani,1988,2.0062225448951687,False,False
Guarani,1989,1.7974492053818696,False,False
Guarani,1991,2.9013407026094806,False,False
Guarani,1992,-3.5717678014669114,True,False
Guarani,1993,-0.23608339407239765,False,False
Guarani,1994,-0.20396817603599793,False,False
Guarani,1995,-0.20466659682412983,False,False
Guarani,1996,1.1000376625502732,False,False
Guarani,1997,-0.3725778564731562,False,False
Guarani,1998,1.1686462717390755,False,False
Guarani,1999,1.022790593845352,False,False
Guarani,2000,0.6949290799777001,False,False
Guarani,2001,-0.6657651486256314,False,False
Guarani,2002,0.4535376073971702,False,False
Guarani,2003,-1.4110529245709842,False,False
Guarani,2004,-3.2777255200292177,True,False
Guarani,2005,-0.06453885731622155,False,False
Guarani,2006,-2.97054630738596,True,False
Guarani,2007,-1.4292144847747879,False,False
Guarani,2008,-1.4100973259051806,False,False
Guarani,2009,1.686990510274993,False,False
Guarani,2010,1.4242296383064361,False,False
Guarani,2011,-0.40278678683903607,False,False
Guarani,2012,1.02954338534023,False,False
Guarani,2013,1.3474370053531628,False,False
Guarani,2014,1.0108025516835712,False,False
Guarani,2015,0.7474912043181984,False,False
Guarani,2016,0.7046651074736496,False,False
Guarani,2017,1.2839774650830498,False,False
Guarani,2018,15.492692774715895,False,False
Guarani,2019,1.6615463268651307,False,False
Guarani,2020,0.28410823428622656,False,False
Guarani,2021,-0.6889291739509508,False,False
Guarani,2022,-0.2654265195180464,False,False
Guarani,2023,-1.7635620737317232,True,False
Guarani,2024,1.456844937608834,False,False
Guasayan,1981,,False,False
Guasayan,1982,,False,False
Guasayan,1983,,False,False
Guasayan,1984,13.1058511106045,False,False
Guasayan,1985,-1.0425986676971395,False,False
Guasayan,1986,2.8187167776325928,False,False
Guasayan,1987,1.5661604780544236,False,False
Guasayan,1988,-1.13060862815277,False,False
Guasayan,1989,0.1379855299497175,False,False
Guasayan,1991,1.279145168518468,False,False
Guasayan,1992,2.17345220785016,False,False
Guasayan,1993,0.6293931854349396,False,False
Guasayan,1994,0.7717139435617142,False,False
Guasayan,1995,-2.0014541104314416,True,False
Guasayan,1996,1.5998311389031283,False,False
Guasayan,1997,1.2397122399855978,False,False
Guasayan,1998,1.072181353286322,False,False
Guasayan,2004,-1.1576853973647625,False,False
Guasayan,2005,0.5923138482755632,False,False
Guasayan,2006,0.6629385128271461,False,False
Guasayan,2007,-0.3445458317599754,False,False
Guasayan,2008,-1.9495632227373751,True,False
Guasayan,2009,0.7635434491799495,False,False
Guasayan,2010,1.7600603893446318,False,False
Guasayan,2011,-3.2326627179615937,True,False
Guasayan,2012,-0.868578222501066,False,False
Guasayan,2013,2.157242415838731,False,False
Guasayan,2014,0.7065965934809493,False,False
Guasayan,2015,0.8390366870267619,False,False
Guasayan,2016,1.2589452097329177,False,False
Guasayan,2017,0.1523326004989225,False,False
Guasayan,2018,-0.06178675742766599,False,False
Guasayan,2019,0.6065889628697713,False,False
Guasayan,2020,0.9346110654382107,False,False
Guasayan,2021,0.6247761043669889,False,False
Guasayan,2022,-2.1524554796165956,True,False
Guasayan,2023,-2.749957918121249,True,False
Guasayan,2024,-0.599230834623648,False,False
Guatrache,1981,,False,False
Guatrache,1982,,False,False
Guatrache,1983,,False,False
Guatrache,1984,2.2426002191663166,False,False
Guatrache,1985,6.50668831230576,False,False
Guatrache,1986,0.025153733124376756,False,False
Guatrache,1987,-2.755549718986825,True,False
Guatrache,1988,-1.1826979156978588,False,False
Guatrache,1989,-0.29392479153408324,False,False
Guatrache,1990,1.6898626022340457,False,False
Guatrache,1991,2.4398981234522568,False,False
Guatrache,1992,1.1038505783896124,False,False
Guatrache,1993,0.8855289915205621,False,False
Guatrache,1994,0.23788977986750975,False,False
Guatrache,1995,-4.16858316779928,True,False
Guatrache,1996,-2.2186582871907894,True,False
Guatrache,1997,2.0965495280717534,False,False
Guatrache,1998,0.46039027092263357,False,False
Guatrache,1999,1.911237868157505,False,False
Guatrache,2000,0.9290866006939333,False,False
Guatrache,2001,0.7666177626766644,False,False
Guatrache,2002,0.8757950184848452,False,False
Guatrache,2003,0.39425591388306275,False,False
Guatrache,2004,-1.2030029242004125,False,False
Guatrache,2005,-8.455103950645972,True,False
Guatrache,2006,-1.4807029421891207,False,False
Guatrache,2007,-1.1952286093343936,False,False
Guatrache,2008,-3.836133934950523,True,False
Guatrache,2009,0.11583259807015184,False,False
Guatrache,2010,0.2183623575740517,False,False
Guatrache,2011,1.1823502942994661,False,False
Guatrache,2012,0.29917012289154016,False,False
Guatrache,2013,-1.362886115394794,False,False
Guatrache,2014,0.27043359325018956,False,False
Guatrache,2015,3.747436935038341,False,False
Guatrache,2016,-0.13808022255168254,False,False
Guatrache,2017,-0.1780520823560094,False,False
Guatrache,2018,-0.2769699058871257,False,False
Guatrache,2019,-0.3217486677621807,False,False
Guatrache,2020,0.15035280330977643,False,False
Guatrache,2021,3.8590552849509288,False,False
Guatrache,2022,1.5460413650478515,False,False
Guatrache,2023,0.9901475429766743,False,False
Guatrache,2024,0.685172297925355,False,False
Hipolito Yrigoyen,1981,,False,False
Hipolito Yrigoyen,1982,,False,False
Hipolito Yrigoyen,1983,,False,False
Hipolito Yrigoyen,1984,0.42593988833834884,False,False
Hipolito Yrigoyen,1985,1.6357699250933762,False,False
Hipolito Yrigoyen,1986,-0.3891502752533621,False,False
Hipolito Yrigoyen,1987,0.4843804321845988,False,False
Hipolito Yrigoyen,1988,-1.0040014330865854,False,False
Hipolito Yrigoyen,1989,-0.46742238856360024,False,False
Hipolito Yrigoyen,1990,1.8086884449241831,False,False
Hipolito Yrigoyen,1991,2.979928698187403,False,False
Hipolito Yrigoyen,1992,-0.43098750429677235,False,False
Hipolito Yrigoyen,1993,0.5472570257118876,False,False
Hipolito Yrigoyen,1994,0.825870922280872,False,False
Hipolito Yrigoyen,1995,-1.483239697419132,False,False
Hipolito Yrigoyen,1996,1.229837387624884,False,False
Hipolito Yrigoyen,1997,2.3478713763747785,False,False
Hipolito Yrigoyen,1998,-0.36045415797296604,False,False
Hipolito Yrigoyen,1999,1.3362991132401036,False,False
Hipolito Yrigoyen,2000,-0.6353882132294989,False,False
Hipolito Yrigoyen,2001,-0.019868647345908073,False,False
Hipolito Yrigoyen,2002,-0.5319471871889092,False,False
Hipolito Yrigoyen,2003,0.9575771699060426,False,False
Hipolito Yrigoyen,2004,2.5283034270548446,False,False
Hipolito Yrigoyen,2005,0.26024630912875885,False,False
Hipolito Yrigoyen,2006,2.0307568922015693,False,False
Hipolito Yrigoyen,2007,0.016410318763745674,False,False
Hipolito Yrigoyen,2008,-2.719399247029875,True,False
Hipolito Yrigoyen,2009,0.7539003503832151,False,False
Hipolito Yrigoyen,2010,-0.5436781372955878,False,False
Hipolito Yrigoyen,2011,0.7790330257105248,False,False
Hipolito Yrigoyen,2012,0.8984987103584319,False,False
Hipolito Yrigoyen,2013,-1.0740919202403592,False,False
Hipolito Yrigoyen,2014,0.7141771863976987,False,False
Hipolito Yrigoyen,2015,0.4644648834614404,False,False
Hipolito Yrigoyen,2016,0.5127052979521448,False,False
Hipolito Yrigoyen,2017,-2.2339302267914882,True,False
Hipolito Yrigoyen,2018,1.3357772925840539,False,False
Hipolito Yrigoyen,2019,0.06868028197434449,False,False
Hipolito Yrigoyen,2020,0.05584718777222605,False,False
Hipolito Yrigoyen,2021,0.7856989465728391,False,False
Hipolito Yrigoyen,2022,-0.6552289590855384,False,False
Hipolito Yrigoyen,2023,-0.6377863773393951,False,False
Hipolito Yrigoyen,2024,-0.35951954342323345,False,False
Hucal,1981,,False,False
Hucal,1982,,False,False
Hucal,1983,,False,False
Hucal,1984,3.0513970306397686,False,False
Hucal,1985,3.478812111845729,False,False
Hucal,1986,-5.483456763335404,True,False
Hucal,1987,-1.6632902383701063,True,False
Hucal,1988,-1.0545770173329174,False,False
Hucal,1989,-0.7249770448679276,False,False
Hucal,1990,2.187493448566018,False,False
Hucal,1991,2.3359126308708418,False,False
Hucal,1992,0.9998605164584108,False,False
Hucal,1993,0.5696653361666147,False,False
Hucal,1994,-1.7532946152161537,True,False
Hucal,1995,-1.7532946152161537,True,False
Hucal,1996,-1.084649016148424,False,False
Hucal,1997,1.3164021540963866,False,False
Hucal,1998,1.2206762839587015,False,False
Hucal,1999,1.0954451150103321,False,False
Hucal,2000,0.4868644955601476,False,False
Hucal,2001,0.36685070430944583,False,False
Hucal,2002,-1.5652475842498528,True,False
Hucal,2003,1.295,False,False
Hucal,2004,-2.3709643896973467,True,False
Hucal,2005,-0.968701133256815,False,False
Hucal,2006,1.2015356217010342,False,False
Hucal,2007,0.9525006765215897,False,False
Hucal,2008,-7.451839580329577,True,False
Hucal,2009,-0.43542723739302197,False,False
Hucal,2010,-1.59111456835146,True,False
Hucal,2011,1.186139610603952,False,False
Hucal,2012,0.899527252332359,False,False
Hucal,2013,0.5827923043280072,False,False
Hucal,2014,0.6921011208751904,False,False
Hucal,2015,0.6962008020496295,False,False
Hucal,2016,-1.2839774650830604,False,False
Hucal,2017,-2.6902384982692693,True,False
Hucal,2018,0.44266400012204354,False,False
Hucal,2019,0.6897247020435425,False,False
Hucal,2020,1.420253717674449,False,False
Hucal,2021,1.2077562166531595,False,False
Hucal,2022,0.8111071056538127,False,False
Hucal,2023,0.7071067811865475,False,False
Hucal,2024,0.4472135954999579,False,False
Iguazu,1981,,False,False
Iguazu,1982,,False,False
Iguazu,1983,,False,False
Iguazu,1984,2.886751345948131,False,False
Iguazu,1985,-0.7833494518006403,False,False
Iguazu,1986,8.429976275174207,False,False
Iguazu,1987,1.3850595687371992,False,False
Iguazu,1988,2.220387052439276,False,False
Iguazu,1989,1.6964559100300511,False,False
Iguazu,1993,1.2555401251195633,False,False
Iguazu,1994,-0.6208306059356563,False,False
Iguazu,1995,-1.881980222204251,True,False
Iguazu,1996,2.215646837627989,False,False
Iguazu,1997,-3.916393511655607,True,False
Iguazu,1998,-1.551054702763353,True,False
Iguazu,1999,1.3321730604495057,False,False
Iguazu,2000,1.0,False,False
Iguazu,2001,-1.0954451150103321,False,False
Iguazu,2002,-0.7302967433402214,False,False
Iguazu,2003,0.30429030972509225,False,False
Iguazu,2004,-0.22626477509757392,False,False
Iguazu,2005,-0.935212871798656,False,False
Iguazu,2006,-0.09832432921719876,False,False
Iguazu,2007,-0.23904572186687872,False,False
Iguazu,2008,-0.9422947856627714,False,False
Iguazu,2009,3.0163571168564003,False,False
Iguazu,2010,0.9865471373892066,False,False
Iguazu,2011,-0.5231834235346556,False,False
Iguazu,2012,1.8806323062191677,False,False
Iguazu,2013,1.7050638796079223,False,False
Iguazu,2014,1.0424283243252035,False,False
Iguazu,2015,0.891462944448089,False,False
Iguazu,2016,0.8087852838263615,False,False
Iguazu,2017,1.8544017822870122,False,False
Iguazu,2018,10.499999999999986,False,False
Iguazu,2019,1.751741100151478,False,False
Iguazu,2020,0.2716072381275556,False,False
Iguazu,2021,-0.4827418021852805,False,False
Iguazu,2022,-0.1032405456780587,False,False
Iguazu,2023,-1.7733139038441401,True,False
Iguazu,2024,1.6578420672900631,False,False
Independencia,1981,,False,False
Independencia,1982,,False,False
Independencia,1983,,False,False
Independencia,1984,18.084465334788657,False,False
Independencia,1985,-1.1658367890392136,False,False
Independencia,1986,0.3021068819063357,False,False
Independencia,1987,1.3500768159106005,False,False
Independencia,1988,-1.1177410600336497,False,False
Independencia,1989,-0.04627562737505747,False,False
Independencia,1990,-0.19024048961676737,False,False
Independencia,1991,2.601181764595803,False,False
Independencia,1992,1.3612466624369843,False,False
Independencia,1993,0.03381786707296195,False,False
Independencia,1994,-0.7432364419080805,False,False
Independencia,1995,0.2394078923453913,False,False
Independencia,1996,-0.8292947282965999,False,False
Independencia,1997,3.091356029666991,False,False
Independencia,1998,-0.31805549344447864,False,False
Independencia,1999,1.6961480475218658,False,False
Independencia,2000,-1.236342006793701,False,False
Independencia,2001,0.576631176186939,False,False
Independencia,2002,-0.19549574595076064,False,False
Independencia,2003,-0.9037673561621284,False,False
Independencia,2004,-0.389289946838274,False,False
Independencia,2005,0.12491141581703728,False,False
Independencia,2006,1.1853371902632488,False,False
Independencia,2007,1.071830466323429,False,False
Independencia,2008,-2.3827617597135995,True,False
Independencia,2009,1.7483145522430752,False,False
Independencia,2010,2.5644013369337237,False,False
Independencia,2011,-0.3870572538683563,False,False
Independencia,2012,-0.628130885082712,False,False
Independencia,2013,1.2756812001147708,False,False
Independencia,2014,2.9725470403149155,False,False
Independencia,2015,0.8766457435164654,False,False
Independencia,2016,1.4784959970264175,False,False
Independencia,2017,-0.461779033076869,False,False
Independencia,2018,-0.7533507240540994,False,False
Independencia,2019,0.2825545384696129,False,False
Independencia,2020,-1.3335125327607043,False,False
Independencia,2021,-0.717172641974825,False,False
Independencia,2022,-2.498780190217697,True,False
Independencia,2023,-1.8947938944484237,True,False
Independencia,2024,-1.781997604913521,True,False
Iriondo,1981,,False,False
Iriondo,1982,,False,False
Iriondo,1983,,False,False
Iriondo,1984,0.7337993857053429,False,False
Iriondo,1985,2.04939015319192,False,False
Iriondo,1986,0.18667411100545397,False,False
Iriondo,1987,0.9891639025275747,False,False
Iriondo,1988,-2.6047994501337026,True,True
Iriondo,1989,-0.8473830411845531,False,False
Iriondo,1990,1.6910772470455204,False,False
Iriondo,1991,1.6960733725003285,False,False
Iriondo,1992,0.9024181366367717,False,False
Iriondo,1993,0.6313550010995681,False,False
Iriondo,1994,1.3068126260285495,False,False
Iriondo,1995,1.248934315832121,False,False
Iriondo,1996,-1.1548786913295275,False,False
Iriondo,1997,2.333741121615213,False,False
Iriondo,1998,0.6195539207473394,False,False
Iriondo,1999,-2.5485945451800753,True,False
Iriondo,2000,1.579112147552976,False,False
Iriondo,2001,0.5567937534774897,False,False
Iriondo,2002,1.2855917572447704,False,False
Iriondo,2003,1.1179360378703818,False,False
Iriondo,2004,0.9733976558448836,False,False
Iriondo,2005,-1.0493443645942049,False,False
Iriondo,2006,2.4290298927224594,False,False
Iriondo,2007,0.04609592169969004,False,False
Iriondo,2008,-2.477880285724576,True,False
Iriondo,2009,2.007311092188563,False,False
Iriondo,2010,-0.3101195615890927,False,False
Iriondo,2011,-0.9452584965104087,False,False
Iriondo,2012,0.221339791539925,False,False
Iriondo,2013,-0.5691594639598071,False,False
Iriondo,2014,0.002735571155582934,False,False
Iriondo,2015,-0.0251328880313718,False,False
Iriondo,2016,1.1427131971241118,False,False
Iriondo,2017,-0.6434730048628452,False,False
Iriondo,2018,1.3598002073001674,False,False
Iriondo,2019,0.6607018587137333,False,False
Iriondo,2020,1.1533403252367307,False,False
Iriondo,2021,-5.509542929421556,True,False
Iriondo,2022,-5.489603842190669,True,True
Iriondo,2023,0.49142152034035746,False,False
Iriondo,2024,0.34805307008747305,False,False
Ischilin,1981,,False,False
Ischilin,1982,,False,False
Ischilin,1983,,False,False
Ischilin,1984,-0.3871008845265319,False,False
Ischilin,1985,-1.7299338165872087,True,False
Ischilin,1986,1.0215078369104982,False,False
Ischilin,1987,0.7655590023509525,False,False
Ischilin,1988,0.05254846546645947,False,False
Ischilin,1989,0.5046323997660805,False,False
Ischilin,1990,-0.6218644531257096,False,False
Ischilin,1991,3.1445200719636324,False,False
Ischilin,1992,2.7396452638317155,False,False
Ischilin,1993,1.388715901815659,False,False
Ischilin,1994,-0.42170192353755154,False,False
Ischilin,1995,-0.28128433856309726,False,False
Ischilin,1996,1.009049958219026,False,False
Ischilin,1997,2.208924585875886,False,False
Ischilin,1998,-0.7500915695015927,False,False
Ischilin,1999,1.6378447959679123,False,False
Ischilin,2000,1.1562943287008007,False,False
Ischilin,2001,3.0052870643605787,False,False
Ischilin,2002,1.723461596365836,False,False
Ischilin,2003,-0.1845369185104043,False,False
Ischilin,2004,-1.0680134919518096,False,False
Ischilin,2005,-0.146627651604316,False,False
Ischilin,2006,1.2933918406776805,False,False
Ischilin,2007,-0.07796811755854505,False,False
Ischilin,2008,-1.5259948098588214,True,False
Ischilin,2009,1.078585920105339,False,False
Ischilin,2010,-1.516272960148085,True,False
Ischilin,2011,-0.3008343355674755,False,False
Ischilin,2012,-4.375274998967675,True,False
Ischilin,2013,0.7250087073754499,False,False
Ischilin,2014,0.9246975201871442,False,False
Ischilin,2015,1.0351311412286026,False,False
Ischilin,2016,0.5991194777628835,False,False
Ischilin,2017,0.18185077310880468,False,False
Ischilin,2018,-4.049827394886683,True,False
Ischilin,2019,1.2065772281273226,False,False
Ischilin,2020,1.0316024885867192,False,False
Ischilin,2021,0.15712810480683778,False,False
Ischilin,2022,-1.6683109519119022,True,False
Ischilin,2023,0.08365619976685161,False,False
Ischilin,2024,0.02528305599597101,False,False
Itati,1981,,False,False
Itati,1982,,False,False
Itati,1983,,False,False
Itati,1984,-0.7083483117951513,False,False
Itati,1985,1.537235769333245,False,False
Itati,1986,0.09582075989028747,False,False
Itati,1987,0.23977763238707353,False,False
Itati,1988,8.170995455323615,False,False
Itati,1989,1.3607916030787912,False,False
Itati,1991,0.7133935801432862,False,False
Itati,1992,-2.294906012282665,True,False
Itati,1993,-0.28767060806931594,False,False
Itati,1994,-0.7670744441783546,False,False
Itati,1995,0.423468855841276,False,False
Itati,1996,0.6238502938920436,False,False
Itati,1997,0.5378528742004771,False,False
Itati,1998,0.8366600265340752,False,False
Itati,1999,3.655781904508709,False,False
Itati,2000,-1.611289534605516,True,False
Itati,2001,-2.1210172168601757,True,False
Itati,2002,-0.6748846333350899,False,False
Itati,2003,-0.5847387608675426,False,False
Itati,2005,-0.12787957779937037,False,False
Itati,2007,0.16233271509115613,False,False
Itati,2008,-0.8257936461685121,False,False
Itati,2009,0.20206844910936936,False,False
Itati,2010,-0.6091197961133389,False,False
Itati,2013,9.645641761234138,False,False
Itati,2019,5.1959380834362925,False,False
Ituzaingo,1981,,False,False
Ituzaingo,1982,,False,False
Ituzaingo,1983,,False,False
Ituzaingo,1984,0.6803398095715986,False,False
Ituzaingo,1985,-2.9312480034299564,True,False
Ituzaingo,1986,2.6612296000987126,False,False
Ituzaingo,1987,0.6249703144579817,False,False
Ituzaingo,1988,0.27611184234059993,False,False
Ituzaingo,1989,-0.1771558922165397,False,False
Ituzaingo,1992,0.11048731336186822,False,False
Ituzaingo,1993,0.5210915774737895,False,False
Ituzaingo,1994,1.6803991979145207,False,False
Ituzaingo,1995,-6.392137240487303,True,False
Ituzaingo,1996,1.1235841319808724,False,False
Ituzaingo,1997,0.5678749949817815,False,False
Ituzaingo,1998,-0.5900244375715125,False,False
Ituzaingo,1999,-0.6697592741608822,False,False
Ituzaingo,2000,1.7831981119436533,False,False
Ituzaingo,2001,1.2576987421027561,False,False
Ituzaingo,2002,0.6787630313470179,False,False
Ituzaingo,2003,0.6610698874067852,False,False
Ituzaingo,2005,-0.23862024407586935,False,False
Ituzaingo,2007,-3.9312622233986567,True,False
Ituzaingo,2008,-3.302811456203382,True,False
Ituzaingo,2009,-1.4597975458811647,False,False
Ituzaingo,2010,-0.7416506740258442,False,False
Ituzaingo,2013,0.5910754866759675,False,False
Ituzaingo,2018,5.89213486394659,False,False
Ituzaingo,2019,1.7153451338124008,False,False
Ituzaingo,2020,0.7211442797677885,False,False
Ituzaingo,2021,-0.05503228758799004,False,False
Ituzaingo,2022,-0.44376370909324797,False,False
Ituzaingo,2023,-1.5758335037455882,True,False
Ituzaingo,2024,1.6625590407869932,False,False
Jimenez,1981,,False,False
Jimenez,1982,,False,False
Jimenez,1983,,False,False
Jimenez,1984,94.6052895422429,False,False
Jimenez,1985,-0.7930864135401123,False,False
Jimenez,1986,1.1993784689564635,False,False
Jimenez,1987,1.3680901710430147,False,False
Jimenez,1988,-1.9303706851791644,True,False
Jimenez,1989,-0.26939892615929206,False,False
Jimenez,1993,2.1938028803138847,False,False
Jimenez,1994,0.8233076171354825,False,False
Jimenez,1995,-0.9186779157718903,False,False
Jimenez,1996,1.8915708763215662,False,False
Jimenez,1997,1.217279393720395,False,False
Jimenez,1998,1.0255725023700244,False,False
Jimenez,2004,0.48766713343595414,False,False
Jimenez,2005,2.333886572325102,False,False
Jimenez,2006,0.42699324622672,False,False
Jimenez,2007,0.4843288842151647,False,False
Jimenez,2008,-3.2938650287761586,True,False
Jimenez,2009,0.09541266375600388,False,False
Jimenez,2010,0.8396524824754965,False,False
Jimenez,2011,0.4541056233537285,False,False
Jimenez,2012,-0.695806748969504,False,False
Jimenez,2013,2.6533674365196904,False,False
Jimenez,2014,1.0156512760506167,False,False
Jimenez,2015,0.8605671585296193,False,False
Jimenez,2016,1.2868569703511048,False,False
Jimenez,2017,0.08188456017066092,False,False
Jimenez,2018,-0.06150208053525907,False,False
Jimenez,2019,0.06463393607003998,False,False
Jimenez,2020,-0.10639903531978645,False,False
Jimenez,2021,-0.18257418583505566,False,False
Jimenez,2022,-6.26099033699947,True,False
Jimenez,2023,-4.024922359499621,True,False
Jimenez,2024,-0.6708203932499368,False,False
Juan F. Ibarra,1981,,False,False
Juan F. Ibarra,1982,,False,False
Juan F. Ibarra,1983,,False,False
Juan F. Ibarra,1984,34.334194769291436,False,False
Juan F. Ibarra,1985,-1.3513026499364733,False,False
Juan F. Ibarra,1986,3.510382249166216,False,False
Juan F. Ibarra,1987,2.090585175735372,False,False
Juan F. Ibarra,1988,-0.8787425087279168,False,False
Juan F. Ibarra,1989,-0.0002537286233036377,False,False
Juan F. Ibarra,1995,-0.2539823519268837,False,False
Juan F. Ibarra,1996,-0.9759626667001791,False,False
Juan F. Ibarra,1997,5.513208315780305,False,False
Juan F. Ibarra,1998,0.25507649214328665,False,False
Juan F. Ibarra,2002,0.05696892377009488,False,False
Juan F. Ibarra,2003,0.6066690639754547,False,False
Juan F. Ibarra,2004,0.36752330276668926,False,False
Juan F. Ibarra,2005,1.2052027404151409,False,False
Juan F. Ibarra,2006,0.16873064791477962,False,False
Juan F. Ibarra,2007,-0.051298917604257706,False,False
Juan F. Ibarra,2008,-4.733010552374555,True,False
Juan F. Ibarra,2009,0.7223744925740238,False,False
Juan F. Ibarra,2010,1.4718143966725707,False,False
Juan F. Ibarra,2011,0.02708388502813364,False,False
Juan F. Ibarra,2012,-0.051430365705256206,False,False
Juan F. Ibarra,2013,2.631324079479867,False,False
Juan F. Ibarra,2014,0.7855170592662339,False,False
Juan F. Ibarra,2015,0.7099489185627994,False,False
Juan F. Ibarra,2016,0.5006362549368363,False,False
Juan F. Ibarra,2017,-0.5523208902067303,False,False
Juan F. Ibarra,2018,0.14025737466365537,False,False
Juan F. Ibarra,2019,1.8166810487819003,False,False
Juan F. Ibarra,2020,1.0510014102300043,False,False
Juan F. Ibarra,2021,0.6689871641910906,False,False
Juan F. Ibarra,2022,-0.5995899507759174,False,False
Juan F. Ibarra,2023,-9.34633267760092,True,False
Juan F. Ibarra,2024,-0.6900731007723021,False,False
Juan Martin De Pueyrredon,1981,,False,False
Juan Martin De Pueyrredon,1982,,False,False
Juan Martin De Pueyrredon,1983,,False,False
Juan Martin De Pueyrredon,1984,3.4352341016782733,False,False
Juan Martin De Pueyrredon,1985,-0.34532182552199675,False,False
Juan Martin De Pueyrredon,1986,-0.779924974996949,False,False
Juan Martin De Pueyrredon,1987,0.307138596348356,False,False
Juan Martin De Pueyrredon,1988,-4.93520295839534,True,False
Juan Martin De Pueyrredon,1989,-0.4416528355629778,False,False
Juan Martin De Pueyrredon,1991,-0.8638456942798481,False,False
Juan Martin De Pueyrredon,1993,-0.5486502887552056,False,False
Juan Martin De Pueyrredon,1994,-0.9650462639306208,False,False
Juan Martin De Pueyrredon,1995,-0.41491603306795927,False,False
Juan Martin De Pueyrredon,1996,-1.9105911623416685,True,False
Juan Martin De Pueyrredon,1997,4.253176392733512,False,False
Juan Martin De Pueyrredon,1998,2.7158016766231663,False,False
Juan Martin De Pueyrredon,2007,2.992372173090675,False,False
Juan Martin De Pueyrredon,2008,2.275553124076238,False,False
Juan Martin De Pueyrredon,2009,1.7756992129969076,False,False
Juan Martin De Pueyrredon,2010,0.8511265917225734,False,False
Juan Martin De Pueyrredon,2011,-0.4654678490021368,False,False
Juan Martin De Pueyrredon,2012,0.8440581143538045,False,False
Juan Martin De Pueyrredon,2013,1.6302855725150827,False,False
Juan Martin De Pueyrredon,2014,2.4299597514785187,False,False
Juan Martin De Pueyrredon,2015,1.6291034043515271,False,False
Juan Martin De Pueyrredon,2016,1.0995189301664328,False,False
Juan Martin De Pueyrredon,2017,-1.9256268032017534,True,False
Juan Martin De Pueyrredon,2018,-0.8346248495316817,False,False
Juan Martin De Pueyrredon,2019,-1.717308336009309,True,False
Juan Martin De Pueyrredon,2020,0.24913643956121992,False,False
Juan Martin De Pueyrredon,2021,-0.9063553531563401,False,False
Juan Martin De Pueyrredon,2022,-1.9433046907315152,True,False
Juan Martin De Pueyrredon,2023,-0.7559289460184545,False,False
Juan Martin De Pueyrredon,2024,0.1956463952178074,False,False
Juarez Celman,1981,,False,False
Juarez Celman,1982,,False,False
Juarez Celman,1983,,False,False
Juarez Celman,1984,10.969655114602892,False,False
Juarez Celman,1985,0.7902392351563468,False,False
Juarez Celman,1986,0.2484465007135627,False,False
Juarez Celman,1987,-1.220152176275639,False,False
Juarez Celman,1988,-2.0240610435187256,True,True
Juarez Celman,1989,-2.0609309013815733,True,True
Juarez Celman,1990,1.060817139632245,False,False
Juarez Celman,1991,0.8556407797439325,False,False
Juarez Celman,1992,1.2120072478954436,False,False
Juarez Celman,1993,1.587319282043363,False,False
Juarez Celman,1994,1.016298436434133,False,False
Juarez Celman,1995,-2.1327319308497934,True,False
Juarez Celman,1996,-2.860352253698113,True,False
Juarez Celman,1997,0.8804031020864092,False,False
Juarez Celman,1998,0.8693082090844745,False,False
Juarez Celman,1999,1.4798261698355792,False,False
Juarez Celman,2000,0.7504406815880809,False,False
Juarez Celman,2001,1.3660019718417404,False,False
Juarez Celman,2002,2.6643250386072395,False,False
Juarez Celman,2003,-0.19358332585955482,False,False
Juarez Celman,2004,2.781602673430518,False,False
Juarez Celman,2005,-1.5397624321105297,True,True
Juarez Celman,2006,1.6784543621381165,False,False
Juarez Celman,2007,-0.4164748821161106,False,False
Juarez Celman,2008,-0.8846517369293826,False,False
Juarez Celman,2009,-0.22448541330652544,False,False
Juarez Celman,2010,-1.206927373212873,False,False
Juarez Celman,2011,-1.4244674701166025,False,False
Juarez Celman,2012,1.4338933919549037,False,False
Juarez Celman,2013,0.781346951249939,False,False
Juarez Celman,2014,0.9715882936201737,False,False
Juarez Celman,2015,1.3441056109512526,False,False
Juarez Celman,2016,0.3172948582014552,False,False
Juarez Celman,2017,-3.5149794044778773,True,False
Juarez Celman,2018,1.0898302901597527,False,False
Juarez Celman,2019,0.4094611989919777,False,False
Juarez Celman,2020,2.2360679774997876,False,False
Juarez Celman,2021,-0.2059991650346622,False,False
Juarez Celman,2022,-1.8155950931219966,True,False
Juarez Celman,2023,0.16673100431301846,False,False
Juarez Celman,2024,0.10920364746273886,False,False
Junin,1981,,False,False
Junin,1981,,False,False
Junin,1981,,False,False
Junin,1981,-1.1547005383792515,False,False
Junin,1982,0.5452752542346465,False,False
Junin,1982,0.48484925513334076,False,False
Junin,1982,-1.0790626981877416,False,False
Junin,1982,-0.7280817114789204,False,False
Junin,1983,1.7601553364138545,False,False
Junin,1983,1.0940785237189,False,False
Junin,1983,-0.8107553347408977,False,False
Junin,1983,-0.5585832998011752,False,False
Junin,1984,0.9355603348665694,False,False
Junin,1984,0.6173750486229888,False,False
Junin,1984,-0.5422726706223191,False,False
Junin,1984,-0.29651628456060264,False,False
Junin,1985,0.5195448043349676,False,False
Junin,1985,0.23896829405656106,False,False
Junin,1985,-2.4872232567752253,True,False
Junin,1985,-1.4303800701999687,False,False
Junin,1986,1.7079641047020528,False,False
Junin,1986,1.0853941632135695,False,False
Junin,1986,-1.063142155740965,False,False
Junin,1986,-0.7251664814275159,False,False
Junin,1987,1.4516019945421792,False,False
Junin,1987,0.944749688789883,False,False
Junin,1987,-0.4024199196265394,False,False
Junin,1987,-0.2266623892677997,False,False
Junin,1988,0.3813021668048604,False,False
Junin,1988,0.0816372543717224,False,False
Junin,1988,-2.9778468228189023,True,True
Junin,1988,-1.5678767419609572,True,True
Junin,1989,1.397455641784872,False,False
Junin,1989,0.9713400144012936,False,False
Junin,1989,-0.7865559798333723,False,False
Junin,1989,-0.5278889553552459,False,False
Junin,1990,1.3035659754371525,False,False
Junin,1990,0.8751888403820729,False,False
Junin,1991,0.8512480435804768,False,False
Junin,1991,0.7637284024240746,False,False
Junin,1992,-0.14252981560122588,False,False
Junin,1992,-1.7768474672072052,True,False
Junin,1993,-1.4687844591864516,False,False
Junin,1993,-0.9492889050691341,False,False
Junin,1993,-6.414393536761241,True,False
Junin,1993,-1.7839059509931987,True,False
Junin,1994,1.3651223840872577,False,False
Junin,1994,1.1061254411180865,False,False
Junin,1994,-1.2155581334295273,False,False
Junin,1994,-0.8181203840261283,False,False
Junin,1995,1.3538522431845355,False,False
Junin,1995,0.8879321733938622,False,False
Junin,1995,-1.0518677488053236,False,False
Junin,1995,-0.7052038774667554,False,False
Junin,1996,1.2841622768208465,False,False
Junin,1996,0.8504389684917233,False,False
Junin,1996,-1.1989887102338166,False,False
Junin,1996,-0.7972336055934179,False,False
Junin,1997,1.6580636379532454,False,False
Junin,1997,1.0438736261372321,False,False
Junin,1997,-0.7834132571549777,False,False
Junin,1997,-0.533443640982381,False,False
Junin,1998,0.8386646856539778,False,False
Junin,1998,0.5411091126018908,False,False
Junin,1998,-0.8717131191363025,False,False
Junin,1998,-0.56766402394011,False,False
Junin,1999,0.9030449184630026,False,False
Junin,1999,0.5922388441008719,False,False
Junin,2000,0.8264382070664403,False,False
Junin,2000,0.8423601652943408,False,False
Junin,2001,0.4448504813728803,False,False
Junin,2001,0.0,False,False
Junin,2002,8.12755454347405,False,False
Junin,2002,1.7629651094141099,False,False
Junin,2003,1.0886621079036358,False,False
Junin,2003,0.7302967433402222,False,False
Junin,2004,0.6069327367499439,False,False
Junin,2004,1.7888543819998317,False,False
Junin,2005,-29.94216647694908,True,False
Junin,2005,-1.7847618248608985,True,False
Junin,2006,2.4075728827241645,False,False
Junin,2006,1.3908765197378892,False,False
Junin,2007,0.0499804801866463,False,False
Junin,2007,0.0499804801866463,False,False
Junin,2007,-5.091204476112079,True,False
Junin,2007,-1.742834410750405,True,False
Junin,2008,-0.31679363780736486,False,False
Junin,2008,-0.06887197575880026,False,False
Junin,2008,-0.18142304455751335,False,False
Junin,2008,0.2741632776219098,False,False
Junin,2009,4.958158706040987,False,False
Junin,2009,1.7552396198705922,False,False
Junin,2009,-0.44474862924626457,False,False
Junin,2009,-0.4636004455717535,False,False
Junin,2010,0.770938871308886,False,False
Junin,2010,0.48392415763512553,False,False
Junin,2010,0.2812220998760973,False,False
Junin,2010,0.4829144454746534,False,False
Junin,2011,-1.0668596679509101,False,False
Junin,2011,-1.6969423238764165,True,False
Junin,2011,-1.143190089380813,False,False
Junin,2011,-0.787428330335665,False,False
Junin,2012,3.2768016222901934,False,False
Junin,2012,1.7879678888674404,False,False
Junin,2012,-0.5911041687319586,False,False
Junin,2012,-0.6228655574269841,False,False
Junin,2013,0.985737843349435,False,False
Junin,2013,0.6541947435778612,False,False
Junin,2013,-1.385524134064811,False,False
Junin,2013,-0.9126014954057141,False,False
Junin,2014,1.194685545918002,False,False
Junin,2014,0.7960297521679912,False,False
Junin,2014,0.12704863736368618,False,False
Junin,2014,0.2501493307401495,False,False
Junin,2015,0.5672109770449314,False,False
Junin,2015,0.3032392174315599,False,False
Junin,2015,2.8519673173531688,False,False
Junin,2015,1.5714476052669393,False,False
Junin,2016,0.21978032945096007,False,False
Junin,2016,-0.11405318970243931,False,False
Junin,2016,-1.9999999999999774,True,False
Junin,2016,-1.5074693257628524,True,False
Junin,2017,-1.3823474070368402,False,False
Junin,2017,-1.0409600778117623,False,False
Junin,2017,-6.682547866871646,True,True
Junin,2017,-1.7799550456994895,True,True
Junin,2018,1.5014110770955942,False,False
Junin,2018,1.1714284159479473,False,False
Junin,2018,-0.638508938918262,False,False
Junin,2018,-0.44511962002798117,False,False
Junin,2019,0.9436679571724876,False,False
Junin,2019,0.6276570474416557,False,False
Junin,2019,1.2493900951088484,False,False
Junin,2019,1.0609086399008352,False,False
Junin,2020,-0.7891315483762578,False,False
Junin,2020,-1.5696745927090063,True,True
Junin,2020,-1.8913351461295331,True,True
Junin,2020,-1.1429261538860302,False,False
Junin,2021,-0.11011697645228918,False,False
Junin,2021,0.6246950475544261,False,False
Junin,2021,0.5143923436484412,False,False
Junin,2021,0.6146889990862621,False,False
Junin,2022,-6.014034408404325,True,True
Junin,2022,-1.7876537278730242,True,True
Junin,2022,0.40916367962834843,False,False
Junin,2022,0.5111012519999526,False,False
Junin,2023,2.305415912310759,False,False
Junin,2023,1.4342743312012733,False,False
Junin,2023,-0.0956182887467515,False,False
Junin,2023,-0.5756584695384479,False,False
Junin,2024,0.3002287933219855,False,False
Junin,2024,0.07266724195127591,False,False
Junin,2024,0.29984705581468335,False,False
Junin,2024,0.7302967433402213,False,False
La Caldera,1981,,False,False
La Caldera,1982,,False,False
La Caldera,1983,,False,False
La Caldera,1984,-0.13245323570650408,False,False
La Caldera,1985,-0.1212678125181665,False,False
La Caldera,1986,-0.1118033988749895,False,False
La Caldera,1987,6.037383539249434,False,False
La Caldera,1988,1.7888543819998317,False,False
La Caldera,1989,2.9211869733608857,False,False
La Caldera,2000,1.4342743312012725,False,False
La Caldera,2001,2.1514114968019085,False,False
La Caldera,2003,2.6295029405356662,False,False
La Caldera,2004,1.4032928308912467,False,False
La Caldera,2005,-1.0,False,False
La Caldera,2006,0.0,False,False
La Caldera,2007,-0.23904572186687872,False,False
La Caldera,2008,1.4342743312012725,False,False
La Caldera,2009,0.7623423897977281,False,False
La Caldera,2010,2.2446748144044215,False,False
La Caldera,2011,2.0120261000388027,False,False
La Caldera,2012,-3.5310071548182287,True,False
La Caldera,2013,1.080796375534785,False,False
La Caldera,2014,0.9692993142439502,False,False
La Caldera,2015,0.5337449961641163,False,False
La Caldera,2016,0.8894991799933214,False,False
La Caldera,2017,0.5785541095567549,False,False
La Caldera,2018,5.215361924162119,False,False
La Caldera,2019,1.5090790528096485,False,False
La Caldera,2020,1.120572588826475,False,False
La Caldera,2021,0.26865628372441813,False,False
La Caldera,2022,-1.5380837708349402,True,False
La Caldera,2023,-3.230762200879309,True,False
La Caldera,2024,-0.18305470053345746,False,False
La Candelaria,1981,,False,False
La Candelaria,1982,,False,False
La Candelaria,1983,,False,False
La Candelaria,1984,2.309401076758503,False,False
La Candelaria,1985,-0.48989794855663565,False,False
La Candelaria,1986,0.10968169942141637,False,False
La Candelaria,1987,2.577519936403285,False,False
La Candelaria,1988,-2.086314779606834,True,False
La Candelaria,1989,0.6446583712203042,False,False
La Candelaria,1991,0.0,False,False
La Candelaria,1992,0.5682473298951443,False,False
La Candelaria,1993,1.0550087574332592,False,False
La Candelaria,1994,1.3368939098099581,False,False
La Candelaria,1995,-0.2996888139295488,False,False
La Candelaria,1996,1.4296888426341376,False,False
La Candelaria,1997,-0.07696598217314139,False,False
La Candelaria,1998,2.0148308309979455,False,False
La Candelaria,1999,1.4755170004006157,False,False
La Candelaria,2000,-0.1747670359700018,False,False
La Candelaria,2001,0.44245502859712965,False,False
La Candelaria,2002,-0.6903708387390407,False,False
La Candelaria,2003,-3.2064704968964635,True,False
La Candelaria,2004,1.163548947765479,False,False
La Candelaria,2005,2.4857636611353415,False,False
La Candelaria,2006,1.3226945099958505,False,False
La Candelaria,2007,0.7669649888473704,False,False
La Candelaria,2008,1.1285876455597383,False,False
La Candelaria,2009,0.20826304035018692,False,False
La Candelaria,2010,5.545389781258562,False,False
La Candelaria,2011,0.8104509862706758,False,False
La Candelaria,2012,-8.044267728055681,True,False
La Candelaria,2013,0.8763307337040124,False,False
La Candelaria,2014,0.842019851871507,False,False
La Candelaria,2015,0.5242438817587952,False,False
La Candelaria,2016,0.9439339422567337,False,False
La Candelaria,2017,0.4149066693174945,False,False
La Candelaria,2018,2.921522350312526,False,False
La Candelaria,2019,1.2351244400387014,False,False
La Candelaria,2020,1.192569587999889,False,False
La Candelaria,2021,-0.49566649996526685,False,False
La Candelaria,2022,-1.766904417197547,True,False
La Candelaria,2023,-3.0085278242724476,True,False
La Candelaria,2024,-0.15466177866794018,False,False
La Capital,1981,,False,False
La Capital,1982,,False,False
La Capital,1983,,False,False
La Capital,1984,-0.2719851720961658,False,False
La Capital,1985,-1.2923364814196636,False,False
La Capital,1986,2.0557991099475497,False,False
La Capital,1987,1.7876467371108968,False,False
La Capital,1988,-1.286203323209609,False,False
La Capital,1989,1.1013783811584472,False,False
La Capital,1990,1.4262868918096252,False,False
La Capital,1991,0.845566534306991,False,False
La Capital,1992,1.6294418186041064,False,False
La Capital,1993,1.0707236258995003,False,False
La Capital,1994,1.9738526009596271,False,False
La Capital,1995,-0.007439623683593142,False,False
La Capital,1996,-0.8752054654311068,False,False
La Capital,1997,0.38388594797495706,False,False
La Capital,1998,-3.1880250390539637,True,False
La Capital,1999,-0.3734532264536862,False,False
La Capital,2000,-0.08286707904650414,False,False
La Capital,2001,1.12936783118398,False,False
La Capital,2002,1.7804598993472218,False,False
La Capital,2003,1.795776683160141,False,False
La Capital,2004,2.8002498847262935,False,False
La Capital,2005,1.1995202878081341,False,False
La Capital,2006,2.9848100289785457,False,False
La Capital,2007,0.0,False,False
La Capital,2008,-3.984465960734018,True,False
La Capital,2009,1.788854381999832,False,False
La Capital,2010,-0.5950045902470651,False,False
La Capital,2011,0.6172295694333991,False,False
La Capital,2012,0.8129172800331466,False,False
La Capital,2013,-0.1599191807673224,False,False
La Capital,2014,0.01765247700643608,False,False
La Capital,2015,0.23226002289614253,False,False
La Capital,2016,-0.029748205865436476,False,False
La Capital,2017,-3.037187811762975,True,False
La Capital,2018,1.5023297968997518,False,False
La Capital,2019,0.7696785454273356,False,False
La Capital,2020,-0.7656532731021473,False,False
La Capital,2021,-1.8080730195405752,True,False
La Capital,2022,-3.0175602470299734,True,False
La Capital,2023,0.3598042916696081,False,False
La Capital,2024,1.4473323114902796,False,False
La Cocha,1995,,False,False
La Cocha,1996,,False,False
La Cocha,1997,,False,False
La Cocha,1998,0.729262325564048,False,False
La Cocha,2004,0.9076876478113414,False,False
La Cocha,2005,0.52196445982636,False,False
La Cocha,2006,3.422257015612279,False,False
La Cocha,2007,-1.3357313857886592,False,False
La Cocha,2008,0.23486513626689606,False,False
La Cocha,2009,-0.48053484507941285,False,False
La Cocha,2010,1.9394298502510152,False,False
La Cocha,2011,-2.7285590692244956,True,False
La Cocha,2012,-1.1042837376500516,False,False
La Cocha,2013,1.0877848311819531,False,False
La Cocha,2014,0.4338806697423615,False,False
La Cocha,2015,1.0267893739092242,False,False
La Cocha,2016,0.3408524592346455,False,False
La Cocha,2017,0.372575857293773,False,False
La Cocha,2018,2.0334919188591747,False,False
La Cocha,2019,-2.3068777834188663,True,False
La Cocha,2020,-1.4226567034279158,False,False
La Cocha,2021,-0.7239227659930271,False,False
La Cocha,2022,-0.9445415612298965,False,False
La Cocha,2023,-3.3324736058897404,True,False
La Cocha,2024,-0.07412493166611013,False,False
La Paz,1981,,False,False
La Paz,1982,,False,False
La Paz,1983,,False,False
La Paz,1984,-2.552442771653089,True,False
La Paz,1985,-0.31865819852856286,False,False
La Paz,1986,1.8771362704969952,False,False
La Paz,1987,6.046648200137655,False,False
La Paz,1988,-0.497045552798205,False,False
La Paz,1989,0.3625643578827797,False,False
La Paz,1990,0.8889013312554587,False,False
La Paz,1991,0.5824708327601573,False,False
La Paz,1992,1.5171411619068,False,False
La Paz,1993,0.4775115091590048,False,False
La Paz,1994,3.29455570559936,False,False
La Paz,1995,-0.2856430016739839,False,False
La Paz,1996,0.30491759378563454,False,False
La Paz,1997,3.4509654370964173,False,False
La Paz,1998,0.47768675224301294,False,False
La Paz,1999,-1.9501947006852711,True,False
La Paz,2000,1.0972510836170997,False,False
La Paz,2001,0.6099990205336357,False,False
La Paz,2002,0.39297461963818736,False,False
La Paz,2003,1.6851204459161742,False,False
La Paz,2004,0.6986091975081739,False,False
La Paz,2005,2.160960640474443,False,False
La Paz,2006,1.2311304890461705,False,False
La Paz,2007,-1.306476457478264,False,False
La Paz,2008,-5.191665198553865,True,False
La Paz,2009,0.7839860625938853,False,False
La Paz,2010,-0.6092401563517092,False,False
La Paz,2011,0.23219617927414718,False,False
La Paz,2012,1.0978479571523385,False,False
La Paz,2013,-0.25880173317292693,False,False
La Paz,2014,0.9345227830919297,False,False
La Paz,2015,0.8447979181958393,False,False
La Paz,2016,0.9445415612298962,False,False
La Paz,2017,-2.2537538259485523,True,False
La Paz,2018,0.6502132133210019,False,False
La Paz,2019,-0.5360857805878901,False,False
La Paz,2020,-0.8701775650457754,False,False
La Paz,2021,-1.9489958322018477,True,False
La Paz,2022,-1.6736936218335305,True,False
La Paz,2023,0.18393496627433795,False,False
La Paz,2024,0.6107457577608193,False,False
La Plata,1981,,False,False
La Plata,1982,,False,False
La Plata,1983,,False,False
La Plata,1984,1.0914294419869626,False,False
La Plata,1985,0.736451659684032,False,False
La Plata,1986,0.5311172172049348,False,False
La Plata,1987,0.1362758810025867,False,False
La Plata,1988,-6.055803196675371,True,False
La Plata,2003,8.919011398759967,False,False
La Plata,2004,2.3471268240595524,False,False
La Plata,2005,0.8993888803145085,False,False
La Plata,2006,1.4058879286355142,False,False
La Plata,2007,0.30236987975798013,False,False
La Plata,2008,-2.6088602356933266,True,False
La Plata,2009,0.526671509412798,False,False
La Plata,2010,-0.6710818953244576,False,False
La Plata,2011,-1.264748346045675,False,False
La Plata,2012,-0.913577189977291,False,False
La Plata,2014,2.0252824175852306,False,False
La Plata,2015,0.7409748649394221,False,False
La Plata,2016,1.6583669199880062,False,False
La Plata,2017,-0.35791699479543954,False,False
La Plata,2018,0.9152002219502232,False,False
La Plata,2019,0.11286652959662007,False,False
La Plata,2020,-0.0686892827321283,False,False
La Plata,2021,-1.1585688927269846,False,False
La Plata,2022,-2.4866956538524287,True,False
La Plata,2023,0.3897465445488852,False,False
La Plata,2024,-0.1920061442949277,False,False
La Vina,1981,,False,False
La Vina,1982,,False,False
La Vina,1983,,False,False
La Vina,1984,0.024890480837985316,False,False
La Vina,1985,0.022860711149871277,False,False
La Vina,1986,0.021116349007946424,False,False
La Vina,1987,2.6832815729997477,False,False
La Vina,1988,2.23606797749979,False,False
La Vina,1989,2.571583846243569,False,False
La Vina,1998,2.765962662537123,False,False
La Vina,1999,1.2701999138832636,False,False
La Vina,2001,-0.07952427724875441,False,False
La Vina,2002,-0.3415650255319866,False,False
La Vina,2003,-0.7253185207353656,False,False
La Vina,2004,-0.7253185207353656,False,False
La Vina,2005,4.024922359499621,False,False
La Vina,2006,1.7888543819998317,False,False
La Vina,2007,1.4605934866804429,False,False
La Vina,2008,1.118804780974337,False,False
La Vina,2009,1.1547005383792515,False,False
La Vina,2010,3.7712361663282534,False,False
La Vina,2011,1.5756771943166707,False,False
La Vina,2012,-6.827934508705573,True,False
La Vina,2013,0.9950295015477775,False,False
La Vina,2014,1.0378519895133178,False,False
La Vina,2015,0.6346630624175341,False,False
La Vina,2016,1.043929740489951,False,False
La Vina,2017,0.4367527587307455,False,False
La Vina,2018,2.6726124191242437,False,False
La Vina,2019,1.2350695629788735,False,False
La Vina,2020,0.8292085416561721,False,False
La Vina,2021,-0.44218079768090895,False,False
La Vina,2022,-1.5864279213771264,True,False
La Vina,2023,-2.306440593711677,True,False
La Vina,2024,-0.7430322736657179,False,False
Laishi,1981,,False,False
Laishi,1982,,False,False
Laishi,1983,,False,False
Laishi,1984,-1.2480754415067656,False,False
Laishi,1985,0.5735045209136072,False,False
Laishi,1986,-0.3884492980336779,False,False
Laishi,1987,-2.484556616930637,True,False
Laishi,1988,-1.5049063029177447,True,False
Laishi,1989,2.8784985807900205,False,False
Laishi,1990,1.8770017894349902,False,False
Laishi,1991,0.9524315233364107,False,False
Laishi,1992,0.3346788997551131,False,False
Laishi,1993,0.1994600485217748,False,False
Laishi,1994,0.27553669084694465,False,False
Laishi,1995,-2.079676621164404,True,False
Laishi,1996,4.032886420771513,False,False
Laishi,1997,-0.752747136250163,False,False
Laishi,1998,-0.9015517834780958,False,False
Laishi,2001,1.2813374416091052,False,False
Laishi,2002,0.08332222112978668,False,False
Laishi,2003,0.8597312803190468,False,False
Laishi,2004,-0.238059919367976,False,False
Laishi,2021,4.525864446490602,False,False
Laishi,2022,0.1427118931378932,False,False
Laishi,2023,-1.386588003078184,False,False
Laishi,2024,0.2975015601960238,False,False
Laprida,1981,,False,False
Laprida,1982,,False,False
Laprida,1983,,False,False
Laprida,1984,1.1547005383792517,False,False
Laprida,1985,1.195692407491715,False,False
Laprida,1986,0.04866986972050485,False,False
Laprida,1987,1.1939500109273091,False,False
Laprida,1988,-4.142306910875808,True,False
Laprida,1989,1.560802846265405,False,False
Laprida,1990,0.043885842159551575,False,False
Laprida,1991,-0.41590019592802907,False,False
Laprida,1992,-0.41590019592802907,False,False
Laprida,1993,0.8807710121010884,False,False
Laprida,1994,0.6135719910778963,False,False
Laprida,1995,0.111,False,False
Laprida,1996,1.4759825608312982,False,False
Laprida,1997,2.5097334675530454,False,False
Laprida,1998,-2.18423835454644,True,False
Laprida,1999,0.05183771244701186,False,False
Laprida,2000,0.05183771244701186,False,False
Laprida,2001,0.27937211830783126,False,False
Laprida,2002,-0.06984302957695782,False,False
Laprida,2003,1.538967528127731,False,False
Laprida,2004,-0.644846755539249,False,False
Laprida,2005,-8.23127917364806,True,False
Laprida,2006,0.22558778976232488,False,False
Laprida,2007,1.2851509262439982,False,False
Laprida,2008,-1.6636007837121163,True,False
Laprida,2009,-1.0434983894999017,False,False
Laprida,2010,1.4849242404917498,False,False
Laprida,2011,-1.0518593510707959,False,False
Laprida,2012,1.0652763742717952,False,False
Laprida,2013,0.9156589059751948,False,False
Laprida,2014,0.2961496344999689,False,False
Laprida,2015,0.5296602369739262,False,False
Laprida,2016,0.8943558963370949,False,False
Laprida,2017,-0.8800791802355554,False,False
Laprida,2018,1.1527048253749528,False,False
Laprida,2019,0.15574795582149467,False,False
Laprida,2020,0.12777531299998798,False,False
Laprida,2021,-3.9492919892678033,True,False
Laprida,2022,-1.1672048762172176,False,False
Laprida,2023,0.9698047880961498,False,False
Laprida,2024,-0.41563062346977847,False,False
Las Colonias,1981,,False,False
Las Colonias,1982,,False,False
Las Colonias,1983,,False,False
Las Colonias,1984,-0.05074318407857743,False,False
Las Colonias,1985,-0.3296550655844191,False,False
Las Colonias,1986,3.1905351195435117,False,False
Las Colonias,1987,0.9399933204133795,False,False
Las Colonias,1988,-1.90206089434239,True,False
Las Colonias,1989,-0.2235527347056564,False,False
Las Colonias,1990,1.645655102073337,False,False
Las Colonias,1991,1.3439226969385072,False,False
Las Colonias,1992,1.4423983332027266,False,False
Las Colonias,1993,1.280250423218623,False,False
Las Colonias,1994,0.6827789806386796,False,False
Las Colonias,1995,-0.7525840466268123,False,False
Las Colonias,1996,-5.977659555423335,True,False
Las Colonias,1997,1.1856619816924043,False,False
Las Colonias,1998,-0.2781829463318519,False,False
Las Colonias,1999,0.33109138563131785,False,False
Las Colonias,2000,0.9250315225822694,False,False
Las Colonias,2001,0.8623509326831975,False,False
Las Colonias,2002,3.77998658527851,False,False
Las Colonias,2003,1.2728071887496288,False,False
Las Colonias,2004,2.0394321238085245,False,False
Las Colonias,2005,-0.8469010445797932,False,False
Las Colonias,2006,1.389991176841822,False,False
Las Colonias,2007,-1.0532405926872022,False,False
Las Colonias,2008,-2.978642095640245,True,False
Las Colonias,2009,1.268460493356108,False,False
Las Colonias,2010,-0.3485513508002752,False,False
Las Colonias,2011,0.5546115256601808,False,False
Las Colonias,2012,0.5934340681358747,False,False
Las Colonias,2013,-0.02683788109049019,False,False
Las Colonias,2014,0.41366984798645423,False,False
Las Colonias,2015,0.7905231624709774,False,False
Las Colonias,2016,-0.19611613513818407,False,False
Las Colonias,2017,-4.498028241853994,True,False
Las Colonias,2018,0.8552525671650358,False,False
Las Colonias,2019,0.7246214318609374,False,False
Las Colonias,2020,-0.1438304099588092,False,False
Las Colonias,2021,-1.0748611354408064,False,False
Las Colonias,2022,-2.828983400042063,True,False
Las Colonias,2023,-0.07667144694910719,False,False
Las Colonias,2024,1.721705872618791,False,False
Las Flores,1981,,False,False
Las Flores,1982,,False,False
Las Flores,1983,,False,False
Las Flores,1984,-2.9156188594076102,True,False
Las Flores,1985,-1.291435109265916,False,False
Las Flores,1986,-1.3244562440716834,False,False
Las Flores,1987,-3.233681933061116,True,False
Las Flores,1988,-0.8127938627910216,False,False
Las Flores,1989,3.8158225765006972,False,False
Las Flores,1990,2.6082147618876066,False,False
Las Flores,1991,1.5269418406364612,False,False
Las Flores,1992,0.41908197171869804,False,False
Las Flores,1993,0.13944277224821483,False,False
Las Flores,1994,0.5985429724507175,False,False
Las Flores,1995,-2.155182377343383,True,False
Las Flores,1996,0.4762095665056434,False,False
Las Flores,1997,7.195989816934516,False,False
Las Flores,1998,-0.03883543694709557,False,False
Las Flores,1999,0.03410813371998094,False,False
Las Flores,2000,0.20017720270092992,False,False
Las Flores,2001,0.3162824871922328,False,False
Las Flores,2002,1.7885188950383344,False,False
Las Flores,2003,2.4769591497173247,False,False
Las Flores,2004,2.283127716124013,False,False
Las Flores,2005,0.5631738896934935,False,False
Las Flores,2006,2.075011370464346,False,False
Las Flores,2007,-0.36356625973370155,False,False
Las Flores,2008,-3.616632079571193,True,False
Las Flores,2009,0.6582448744747353,False,False
Las Flores,2010,-0.6785475393149014,False,False
Las Flores,2011,-1.1773009755578385,False,False
Las Flores,2012,0.7426699833522501,False,False
Las Flores,2013,0.23296626155643416,False,False
Las Flores,2014,-0.17947507336044063,False,False
Las Flores,2015,1.8447855733119884,False,False
Las Flores,2016,1.4526120417610515,False,False
Las Flores,2017,-2.7287340113709955,True,False
Las Flores,2018,0.38210511597520874,False,False
Las Flores,2019,-0.24876568957223824,False,False
Las Flores,2020,-0.27655098431821634,False,False
Las Flores,2021,-0.3351048693239138,False,False
Las Flores,2022,-2.392636316846766,True,False
Las Flores,2023,0.38719269279161067,False,False
Las Flores,2024,0.5507710130554629,False,False
Lavalle,1981,,False,False
Lavalle,1982,,False,False
Lavalle,1983,,False,False
Lavalle,1984,-1.4718430922869836,False,False
Lavalle,1985,4.1876678950130755,False,False
Lavalle,1986,-0.5672497903323442,False,False
Lavalle,1987,-1.7147201762889026,True,False
Lavalle,1988,10.834437055723104,False,False
Lavalle,1989,1.1413687903557215,False,False
Lavalle,1991,0.8379712451166452,False,False
Lavalle,1992,-0.5427889190185328,False,False
Lavalle,1993,-0.659010664832011,False,False
Lavalle,1994,-0.5017608867048623,False,False
Lavalle,1995,-0.2174720535282393,False,False
Lavalle,1996,0.0260891212645153,False,False
Lavalle,1997,-0.32449207225973703,False,False
Lavalle,1998,1.1651799234954288,False,False
Lavalle,1999,-0.6284440214096558,False,False
Lavalle,2000,-0.27100456268293005,False,False
Lavalle,2001,-2.2524929105710805,True,False
Lavalle,2002,-2.3162660275016247,True,False
Lavalle,2003,-1.9054545454545442,True,False
Lavalle,2005,-0.9620807529695727,False,False
Lavalle,2007,-1.3573856944966205,False,False
Lavalle,2008,-3.9477296256735284,True,False
Lavalle,2009,-0.774593767290896,False,False
Lavalle,2010,-0.1785332884457549,False,False
Lavalle,2013,8.034834348025697,False,False
Lavalle,2018,5.277137955955113,False,False
Lavalle,2019,1.6463901578778468,False,False
Lavalle,2020,0.7431236972581542,False,False
Lavalle,2021,0.032787816008668785,False,False
Lavalle,2022,-0.44376370909324786,False,False
Lavalle,2023,-1.5758335037455868,True,False
Lavalle,2024,1.6625590407869921,False,False
Leales,1981,,False,False
Leales,1982,,False,False
Leales,1983,,False,False
Leales,1984,-0.7554974444868091,False,False
Leales,1985,3.3658250207041314,False,False
Leales,1986,0.7215559549782913,False,False
Leales,1987,0.4398498988196839,False,False
Leales,1988,-5.502785967658916,True,False
Leales,1989,0.9335423328552729,False,False
Leales,1991,2.053870490434091,False,False
Leales,1992,1.1730862606330776,False,False
Leales,1993,0.5547170366527627,False,False
Leales,1994,0.6954161307532121,False,False
Leales,1995,-4.77375492934589,True,False
Leales,1996,0.8937119469199795,False,False
Leales,1997,2.446316522932644,False,False
Leales,1998,0.6071594223279896,False,False
Leales,2004,1.3893846324437158,False,False
Leales,2005,-0.07597437766681539,False,False
Leales,2006,2.0628804251829935,False,False
Leales,2007,-0.4261558411105758,False,False
Leales,2008,0.9066111149432101,False,False
Leales,2009,-0.351517090517311,False,False
Leales,2010,1.1667422914645336,False,False
Leales,2011,-3.166781634616689,True,False
Leales,2012,-1.498849822069673,False,False
Leales,2013,0.8099756962719021,False,False
Leales,2014,0.49198900646666427,False,False
Leales,2015,1.101887149651786,False,False
Leales,2016,0.3870742978103163,False,False
Leales,2017,0.5707975648661533,False,False
Leales,2018,2.2967623670924273,False,False
Leales,2019,-2.313762924616916,True,False
Leales,2020,-1.439173583937409,False,False
Leales,2021,-0.448274098756926,False,False
Leales,2022,-0.9356701223934831,False,False
Leales,2023,-2.9005065084206985,True,False
Leales,2024,0.18547083709941242,False,False
Leandro N. Alem,1981,,False,False
Leandro N. Alem,1981,,False,False
Leandro N. Alem,1981,,False,False
Leandro N. Alem,1981,-1.1547005383792517,False,False
Leandro N. Alem,1982,1.2169900685818447,False,False
Leandro N. Alem,1982,0.95184662031793,False,False
Leandro N. Alem,1982,-1.1475304439277525,False,False
Leandro N. Alem,1982,-0.7688026261712707,False,False
Leandro N. Alem,1983,0.8021094462445467,False,False
Leandro N. Alem,1983,0.5220365253443369,False,False
Leandro N. Alem,1983,-1.2120888944598067,False,False
Leandro N. Alem,1983,-0.8170990699684411,False,False
Leandro N. Alem,1984,0.5147915616702295,False,False
Leandro N. Alem,1984,0.2991743917680501,False,False
Leandro N. Alem,1984,-0.9571347096919516,False,False
Leandro N. Alem,1984,-0.6525141927579962,False,False
Leandro N. Alem,1985,1.8550748762694556,False,False
Leandro N. Alem,1985,1.141370881591439,False,False
Leandro N. Alem,1985,-1.1545756729838565,False,False
Leandro N. Alem,1985,-0.7853852663966159,False,False
Leandro N. Alem,1986,0.41353808419013693,False,False
Leandro N. Alem,1986,0.2099671017562123,False,False
Leandro N. Alem,1986,-0.39787855481222284,False,False
Leandro N. Alem,1986,-0.09658208544385526,False,False
Leandro N. Alem,1987,3.94598182662473,False,False
Leandro N. Alem,1987,1.656963379463482,False,False
Leandro N. Alem,1987,-1.018713305785323,False,False
Leandro N. Alem,1987,-0.7956730448869004,False,False
Leandro N. Alem,1988,-0.24606802875140424,False,False
Leandro N. Alem,1988,-0.34848702508479756,False,False
Leandro N. Alem,1988,-0.4425694504482807,False,False
Leandro N. Alem,1988,-0.05161870796303928,False,False
Leandro N. Alem,1989,3.3688933486488635,False,False
Leandro N. Alem,1989,1.6213705575630044,False,False
Leandro N. Alem,1989,-0.44267930625297636,False,False
Leandro N. Alem,1989,-0.3969812157833977,False,False
Leandro N. Alem,1990,2.6791043274313546,False,False
Leandro N. Alem,1990,1.434274331201273,False,False
Leandro N. Alem,1991,3.1818181818181825,False,False
Leandro N. Alem,1991,1.4635834457700867,False,False
Leandro N. Alem,1991,-1.0944714723728313,False,False
Leandro N. Alem,1991,-1.2915436912404392,False,False
Leandro N. Alem,1992,0.3386481059780782,False,False
Leandro N. Alem,1992,0.2378687293792586,False,False
Leandro N. Alem,1992,-2.7278971985384923,True,False
Leandro N. Alem,1992,-1.4819878702313969,False,False
Leandro N. Alem,1993,0.7710352863806148,False,False
Leandro N. Alem,1993,0.5930263827561707,False,False
Leandro N. Alem,1993,-0.4872893698870259,False,False
Leandro N. Alem,1993,-0.24502850609750254,False,False
Leandro N. Alem,1994,1.5337538212224253,False,False
Leandro N. Alem,1994,1.071308676020086,False,False
Leandro N. Alem,1994,-1.0852565792116853,False,False
Leandro N. Alem,1994,-0.7377885870439127,False,False
Leandro N. Alem,1995,1.595625909911291,False,False
Leandro N. Alem,1995,1.0176871431867927,False,False
Leandro N. Alem,1995,-1.1832862030610436,False,False
Leandro N. Alem,1995,-0.7937143018247435,False,False
Leandro N. Alem,1996,1.0940039928031233,False,False
Leandro N. Alem,1996,0.7298842861405614,False,False
Leandro N. Alem,1996,-0.6004684835935247,False,False
Leandro N. Alem,1996,-0.3587365752867708,False,False
Leandro N. Alem,1997,1.6865331772162806,False,False
Leandro N. Alem,1997,1.1179432729746526,False,False
Leandro N. Alem,1997,-1.7867735684169137,True,False
Leandro N. Alem,1997,-1.0959518667213015,False,False
Leandro N. Alem,1998,0.9982988039356308,False,False
Leandro N. Alem,1998,0.6849557519802127,False,False
Leandro N. Alem,1998,-0.7528245019120703,False,False
Leandro N. Alem,1998,-0.4781483458339034,False,False
Leandro N. Alem,1999,0.8723868450848772,False,False
Leandro N. Alem,1999,0.5688545557679726,False,False
Leandro N. Alem,1999,-0.935024851216607,False,False
Leandro N. Alem,1999,-0.6168387129163537,False,False
Leandro N. Alem,2000,0.8506561745492807,False,False
Leandro N. Alem,2000,0.5520620489704531,False,False
Leandro N. Alem,2000,-1.0885650804503875,False,False
Leandro N. Alem,2000,-0.7302967433402214,False,False
Leandro N. Alem,2001,1.0124568487216707,False,False
Leandro N. Alem,2001,0.6737215368532152,False,False
Leandro N. Alem,2001,-1.4368949698403837,False,False
Leandro N. Alem,2001,-0.9399571105455475,False,False
Leandro N. Alem,2002,2.04359344420609,False,False
Leandro N. Alem,2002,1.1925695879998879,False,False
Leandro N. Alem,2002,-0.8967574438182704,False,False
Leandro N. Alem,2002,-0.6290767211016226,False,False
Leandro N. Alem,2003,1.0162870459719116,False,False
Leandro N. Alem,2003,0.6762329417995356,False,False
Leandro N. Alem,2003,-1.3671827045765392,False,False
Leandro N. Alem,2003,-0.9006593569236643,False,False
Leandro N. Alem,2004,1.1647088591732622,False,False
Leandro N. Alem,2004,0.7773908871309371,False,False
Leandro N. Alem,2004,-1.235379266197882,False,False
Leandro N. Alem,2004,-0.8192091810507153,False,False
Leandro N. Alem,2005,0.852243115988589,False,False
Leandro N. Alem,2005,0.5628281952719907,False,False
Leandro N. Alem,2005,-0.8556167417390365,False,False
Leandro N. Alem,2005,-0.5549784286303828,False,False
Leandro N. Alem,2006,1.412198865690661,False,False
Leandro N. Alem,2006,0.9370189619999119,False,False
Leandro N. Alem,2006,-1.4645507210710274,False,False
Leandro N. Alem,2006,-0.9467210707074223,False,False
Leandro N. Alem,2007,0.9178845664323407,False,False
Leandro N. Alem,2007,0.6186553360597576,False,False
Leandro N. Alem,2007,-1.0928010643535797,False,False
Leandro N. Alem,2007,-0.7302967433402215,False,False
Leandro N. Alem,2008,0.5939160262104212,False,False
Leandro N. Alem,2008,0.3533782461676642,False,False
Leandro N. Alem,2008,-1.1678399055065167,False,False
Leandro N. Alem,2008,-0.8090362162683663,False,False
Leandro N. Alem,2009,2.393361549873281,False,False
Leandro N. Alem,2009,1.3075479743695193,False,False
Leandro N. Alem,2009,-0.7213301764282749,False,False
Leandro N. Alem,2009,-0.5260452363196892,False,False
Leandro N. Alem,2010,0.6589472398845676,False,False
Leandro N. Alem,2010,0.3894710520095363,False,False
Leandro N. Alem,2010,-1.0542555848689814,False,False
Leandro N. Alem,2010,-0.7191263464788825,False,False
Leandro N. Alem,2011,0.1380861347808254,False,False
Leandro N. Alem,2011,-0.04155178895869839,False,False
Leandro N. Alem,2011,-1.3974822511629856,False,False
Leandro N. Alem,2011,-1.1239091761149083,False,False
Leandro N. Alem,2012,2.7090213685257534,False,False
Leandro N. Alem,2012,1.3719723605359184,False,False
Leandro N. Alem,2012,-0.64723250282354,False,False
Leandro N. Alem,2012,-0.48505193241567085,False,False
Leandro N. Alem,2013,1.3533576353964734,False,False
Leandro N. Alem,2013,0.9111734343945967,False,False
Leandro N. Alem,2013,-0.9685481729680988,False,False
Leandro N. Alem,2013,-0.6508456550747567,False,False
Leandro N. Alem,2014,1.16641745453491,False,False
Leandro N. Alem,2014,0.7786372087828355,False,False
Leandro N. Alem,2014,-1.0956916618991728,False,False
Leandro N. Alem,2014,-0.7307708696204767,False,False
Leandro N. Alem,2015,1.2139689445522528,False,False
Leandro N. Alem,2015,0.8067251147513738,False,False
Leandro N. Alem,2015,-1.070894071578382,False,False
Leandro N. Alem,2015,-0.7149177932368608,False,False
Leandro N. Alem,2016,0.9607330100082166,False,False
Leandro N. Alem,2016,0.6368345291652571,False,False
Leandro N. Alem,2016,-1.0936021710487047,False,False
Leandro N. Alem,2016,-0.7302967433402215,False,False
Leandro N. Alem,2017,0.6572670690061994,False,False
Leandro N. Alem,2017,0.40518797125055983,False,False
Leandro N. Alem,2017,-1.014730424307968,False,False
Leandro N. Alem,2017,-0.6868434773822844,False,False
Leandro N. Alem,2018,1.7507726216313706,False,False
Leandro N. Alem,2018,1.093553479831013,False,False
Leandro N. Alem,2018,-0.626501603305037,False,False
Leandro N. Alem,2018,-0.4248219981609381,False,False
Leandro N. Alem,2019,0.8915616293347715,False,False
Leandro N. Alem,2019,0.5863938840160784,False,False
Leandro N. Alem,2019,-1.1248906550131954,False,False
Leandro N. Alem,2019,-0.7537010324920009,False,False
Leandro N. Alem,2020,0.797878582091729,False,False
Leandro N. Alem,2020,0.5177948995720251,False,False
Leandro N. Alem,2020,-1.2787168499435975,False,False
Leandro N. Alem,2020,-0.8607012288079499,False,False
Leandro N. Alem,2021,0.7844413414949141,False,False
Leandro N. Alem,2021,0.5158848341044329,False,False
Leandro N. Alem,2021,-1.2920902986901144,False,False
Leandro N. Alem,2021,-0.8693613148254469,False,False
Leandro N. Alem,2022,0.06550640033667045,False,False
Leandro N. Alem,2022,-0.06970132343812824,False,False
Leandro N. Alem,2022,-0.6623380758338409,False,False
Leandro N. Alem,2022,-0.40853848878891325,False,False
Leandro N. Alem,2023,3.7017183199885486,False,False
Leandro N. Alem,2023,1.5831086704110442,False,False
Leandro N. Alem,2023,-1.344778975621475,False,False
Leandro N. Alem,2023,-0.9492889050691347,False,False
Leandro N. Alem,2024,1.0214419366606184,False,False
Leandro N. Alem,2024,0.6885523076761676,False,False
Leandro N. Alem,2024,-0.41343457765332403,False,False
Leandro N. Alem,2024,-0.19432570044715494,False,False
Ledesma,1981,,False,False
Ledesma,1982,,False,False
Ledesma,1983,,False,False
Ledesma,1984,0.4,False,False
Ledesma,1985,-0.11895773785772162,False,False
Ledesma,1986,-1.0227818471047074,False,False
Ledesma,1987,1.3090036928201496,False,False
Ledesma,1988,-0.20749221275163132,False,False
Ledesma,1989,0.8699253060197888,False,False
Ledesma,1994,1.157254921306084,False,False
Ledesma,1995,1.9180912596123516,False,False
Ledesma,2000,0.09862667076424694,False,False
Ledesma,2001,1.8228691666426953,False,False
Ledesma,2002,1.2405788218249667,False,False
Ledesma,2003,1.0431010025364462,False,False
Ledesma,2004,2.7144643728889104,False,False
Ledesma,2005,4.205952905185395,False,False
Ledesma,2006,0.13962300969949448,False,False
Ledesma,2007,0.8132850096288832,False,False
Ledesma,2008,0.5225437283634243,False,False
Ledesma,2009,0.2390457218668788,False,False
Ledesma,2010,1.4142135623730956,False,False
Ledesma,2011,1.4142135623730956,False,False
Ledesma,2012,-10.954451150103331,True,False
Ledesma,2013,1.3412919005788793,False,False
Ledesma,2014,0.8980577689310946,False,False
Ledesma,2015,-0.23943384636644494,False,False
Ledesma,2016,-0.9007273268071023,False,False
Ledesma,2017,-0.09681057850813087,False,False
Ledesma,2018,0.2791620482590964,False,False
Ledesma,2019,1.4342743312012725,False,False
Ledesma,2020,1.8384352578043957,False,False
Ledesma,2021,-0.6289514545830789,False,False
Ledesma,2022,-0.9629006945686318,False,False
Ledesma,2023,-0.7004657895838815,False,False
Ledesma,2024,-0.8011382531693113,False,False
Libertad,1981,,False,False
Libertad,1982,,False,False
Libertad,1983,,False,False
Libertad,1984,5.924519531213233,False,False
Libertad,1985,-0.2053149870759975,False,False
Libertad,1986,0.9418017283600061,False,False
Libertad,1987,1.4196021614194059,False,False
Libertad,1988,-0.34419316423115304,False,False
Libertad,1989,0.04420583231829923,False,False
Libertad,1993,0.26225659591125533,False,False
Libertad,1994,-0.07048186011706177,False,False
Libertad,1995,0.7396544630675521,False,False
Libertad,1996,0.8523006058428719,False,False
Libertad,1997,12.559689023657944,False,False
Libertad,1998,-0.03138490851426493,False,False
Libertad,1999,2.245620012140977,False,False
Libertad,2000,-0.8920388469594177,False,False
Libertad,2001,0.6657006330786521,False,False
Libertad,2002,-0.08137884587711594,False,False
Libertad,2003,2.074337978435647,False,False
Libertad,2004,-0.555359573450142,False,False
Libertad,2005,0.10425559736338594,False,False
Libertad,2006,-0.2215788777408709,False,False
Libertad,2007,-0.1802336116860667,False,False
Libertad,2008,-2.7957165573337623,True,False
Libertad,2009,-0.567727764703132,False,False
Libertad,2010,0.09326589124442035,False,False
Libertad,2011,0.04151409657856507,False,False
Libertad,2012,-0.45565154056798784,False,False
Libertador General San Martin,1981,,False,False
Libertador General San Martin,1981,,False,False
Libertador General San Martin,1981,,False,False
Libertador General San Martin,1981,-inf,True,False
Libertador General San Martin,1981,-1.5,False,False
Libertador General San Martin,1981,-1.0954451150103321,False,False
Libertador General San Martin,1981,2.328502116359027,False,False
Libertador General San Martin,1981,1.4797374587221566,False,False
Libertador General San Martin,1981,1.0954451150103326,False,False
Libertador General San Martin,1982,-0.08295130046848878,False,False
Libertador General San Martin,1982,-0.35393118518584565,False,False
Libertador General San Martin,1982,-1.0954451150103326,False,False
Libertador General San Martin,1982,-4.38178046004133,True,False
Libertador General San Martin,1982,-1.6431676725154984,True,False
Libertador General San Martin,1982,-1.0954451150103324,False,False
Libertador General San Martin,1982,2.008316044185609,False,False
Libertador General San Martin,1982,1.414213562373095,False,False
Libertador General San Martin,1982,1.0954451150103321,False,False
Libertador General San Martin,1983,0.6481383597144466,False,False
Libertador General San Martin,1983,0.37052804741274586,False,False
Libertador General San Martin,1983,-1.0954451150102935,False,False
Libertador General San Martin,1983,-36.09559274027735,True,False
Libertador General San Martin,1983,-1.786680131816225,True,False
Libertador General San Martin,1983,-1.095445115010332,False,False
Libertador General San Martin,1983,1.9262798421373526,False,False
Libertador General San Martin,1983,1.3944909787225581,False,False
Libertador General San Martin,1983,1.095445115010332,False,False
Libertador General San Martin,1984,1.4428398864809766,False,False
Libertador General San Martin,1984,0.986700435102206,False,False
Libertador General San Martin,1984,1.0954451150103317,False,False
Libertador General San Martin,1984,-6.080888371314372,True,False
Libertador General San Martin,1984,-1.723414164870517,True,False
Libertador General San Martin,1984,-1.0954451150103324,False,False
Libertador General San Martin,1984,1.5765973015070487,False,False
Libertador General San Martin,1984,1.2934818287297134,False,False
Libertador General San Martin,1984,1.0954451150103324,False,False
Libertador General San Martin,1985,-0.4629559712246047,False,False
Libertador General San Martin,1985,-0.6882180372630952,False,False
Libertador General San Martin,1985,-1.0954451150103324,False,False
Libertador General San Martin,1985,-1.935485904480915,True,False
Libertador General San Martin,1985,-1.2251743985642427,False,False
Libertador General San Martin,1985,-1.0954451150103324,False,False
Libertador General San Martin,1985,1.5760625909668522,False,False
Libertador General San Martin,1985,1.2933034430024,False,False
Libertador General San Martin,1985,1.095445115010332,False,False
Libertador General San Martin,1986,2.029612377788912,False,False
Libertador General San Martin,1986,1.2605901514331723,False,False
Libertador General San Martin,1986,1.0954451150103326,False,False
Libertador General San Martin,1986,-1.209764126398765,False,False
Libertador General San Martin,1986,-1.1499866126072762,False,False
Libertador General San Martin,1986,-1.095445115010332,False,False
Libertador General San Martin,1986,-0.6891621780740911,False,False
Libertador General San Martin,1986,-0.4091166133793318,False,False
Libertador General San Martin,1986,1.0954451150106415,False,False
Libertador General San Martin,1987,117.57777567780954,False,False
Libertador General San Martin,1987,1.7886512884918868,False,False
Libertador General San Martin,1987,1.095445115010332,False,False
Libertador General San Martin,1987,-1.8042367258844052,True,False
Libertador General San Martin,1987,-1.3625507008996698,False,False
Libertador General San Martin,1987,-1.0954451150103321,False,False
Libertador General San Martin,1987,-0.11697393724497054,False,False
Libertador General San Martin,1987,0.15813727537763483,False,False
Libertador General San Martin,1987,1.0954451150103326,False,False
Libertador General San Martin,1988,-0.17316314532809363,False,False
Libertador General San Martin,1988,-0.43855237232419303,False,False
Libertador General San Martin,1988,-1.0954451150103344,False,False
Libertador General San Martin,1988,2.6359148079936165,False,False
Libertador General San Martin,1988,1.528829937322521,False,False
Libertador General San Martin,1988,1.0954451150103333,False,False
Libertador General San Martin,1988,-4.040356417604024,True,False
Libertador General San Martin,1988,-1.6552839497155525,True,False
Libertador General San Martin,1988,-1.0954451150103324,False,False
Libertador General San Martin,1989,0.9454382163782868,False,False
Libertador General San Martin,1989,1.0156761880884884,False,False
Libertador General San Martin,1989,1.0954451150103326,False,False
Libertador General San Martin,1989,1.6463933648447395,False,False
Libertador General San Martin,1989,1.097055825480407,False,False
Libertador General San Martin,1989,1.0954451150103326,False,False
Libertador General San Martin,1989,-2.4111792711455915,True,False
Libertador General San Martin,1989,-1.4941090834931048,False,False
Libertador General San Martin,1989,-1.0954451150103328,False,False
Libertador General San Martin,1990,-0.3392442579909215,False,False
Libertador General San Martin,1990,-0.06611771470956128,False,False
Libertador General San Martin,1990,1.0954451150103142,False,False
Libertador General San Martin,1991,16.89450810071111,False,False
Libertador General San Martin,1991,1.7788213208035857,False,False
Libertador General San Martin,1991,1.0954451150103326,False,False
Libertador General San Martin,1992,0.4492113061553163,False,False
Libertador General San Martin,1992,0.17657519508263114,False,False
Libertador General San Martin,1992,-1.0954451150103746,False,False
Libertador General San Martin,1993,-8.024732672731734,True,False
Libertador General San Martin,1993,-1.7440684258094046,True,False
Libertador General San Martin,1993,-1.0954451150103328,False,False
Libertador General San Martin,1993,1.095445115010332,False,False
Libertador General San Martin,1993,1.095445115010332,False,False
Libertador General San Martin,1993,1.095445115010332,False,False
Libertador General San Martin,1993,-2.667077872608003,True,False
Libertador General San Martin,1993,-1.5331926980009358,True,False
Libertador General San Martin,1993,-1.0954451150103317,False,False
Libertador General San Martin,1994,-0.12898389998655077,False,False
Libertador General San Martin,1994,0.1461157183931762,False,False
Libertador General San Martin,1994,1.0954451150103213,False,False
Libertador General San Martin,1994,4.110009725401323,False,False
Libertador General San Martin,1994,1.6246520853822064,False,False
Libertador General San Martin,1994,1.0954451150103317,False,False
Libertador General San Martin,1994,-2.6633244634701376,True,False
Libertador General San Martin,1994,-1.5326726192992675,True,False
Libertador General San Martin,1994,-1.0954451150103321,False,False
Libertador General San Martin,1995,0.6873619375753495,False,False
Libertador General San Martin,1995,0.8545314089511852,False,False
Libertador General San Martin,1995,1.095445115010331,False,False
Libertador General San Martin,1995,-0.3129843185743804,False,False
Libertador General San Martin,1995,-0.5636018619766341,False,False
Libertador General San Martin,1995,-1.0954451150103313,False,False
Libertador General San Martin,1995,-1.8713854048093141,True,False
Libertador General San Martin,1995,-1.199388223258731,False,False
Libertador General San Martin,1995,-1.0954451150103204,False,False
Libertador General San Martin,1996,2.5560386016907444,False,False
Libertador General San Martin,1996,1.5171672311204212,False,False
Libertador General San Martin,1996,1.0954451150103288,False,False
Libertador General San Martin,1996,2.556038601690769,False,False
Libertador General San Martin,1996,1.4142135623730943,False,False
Libertador General San Martin,1996,1.0954451150103328,False,False
Libertador General San Martin,1996,-3.5297675928110746,True,False
Libertador General San Martin,1996,-1.6222142113076254,True,False
Libertador General San Martin,1996,-1.0954451150103321,False,False
Libertador General San Martin,1997,1.0954451150103317,False,False
Libertador General San Martin,1997,1.0954451150103317,False,False
Libertador General San Martin,1997,1.0954451150103317,False,False
Libertador General San Martin,1997,-0.9215649380245651,False,False
Libertador General San Martin,1997,-1.0020725410834093,False,False
Libertador General San Martin,1997,-1.095445115010332,False,False
Libertador General San Martin,1997,0.23062002421270142,False,False
Libertador General San Martin,1997,0.49090081132279323,False,False
Libertador General San Martin,1997,1.0954451150103297,False,False
Libertador General San Martin,1998,1.716197346849517,False,False
Libertador General San Martin,1998,1.1308817102698887,False,False
Libertador General San Martin,1998,1.0954451150103321,False,False
Libertador General San Martin,1998,0.25695626154563384,False,False
Libertador General San Martin,1998,-0.017105892498099864,False,False
Libertador General San Martin,1998,-1.0954451150103834,False,False
Libertador General San Martin,1998,0.8607068760795828,False,False
Libertador General San Martin,1998,0.9662194463482253,False,False
Libertador General San Martin,1998,1.0954451150103877,False,False
Libertador General San Martin,1999,13.869652084585175,False,False
Libertador General San Martin,1999,1.7739222560791963,False,False
Libertador General San Martin,1999,1.0954451150103357,False,False
Libertador General San Martin,1999,-0.7253061050030475,False,False
Libertador General San Martin,1999,-0.8802152800559384,False,False
Libertador General San Martin,1999,-1.0954451150103384,False,False
Libertador General San Martin,2000,-2.816858867169439,True,False
Libertador General San Martin,2000,-1.4688249754516856,False,False
Libertador General San Martin,2000,-1.0954451150103326,False,False
Libertador General San Martin,2000,1.0954451150103317,False,False
Libertador General San Martin,2000,1.0954451150103317,False,False
Libertador General San Martin,2000,1.0954451150103317,False,False
Libertador General San Martin,2001,1.4149499402216796,False,False
Libertador General San Martin,2001,0.9701425001453337,False,False
Libertador General San Martin,2001,1.0954451150103537,False,False
Libertador General San Martin,2001,-5.96409007061194,True,False
Libertador General San Martin,2001,-1.7210794686605686,True,False
Libertador General San Martin,2001,-1.095445115010333,False,False
Libertador General San Martin,2002,0.5975155172783632,False,False
Libertador General San Martin,2002,0.7909057560124448,False,False
Libertador General San Martin,2002,1.0954451150103317,False,False
Libertador General San Martin,2002,0.2738612787525832,False,False
Libertador General San Martin,2002,0.0,False,False
Libertador General San Martin,2002,-1.0954451150103628,False,False
Libertador General San Martin,2003,4.290493367123906,False,False
Libertador General San Martin,2003,1.6681153124566086,False,False
Libertador General San Martin,2003,1.0954451150103375,False,False
Libertador General San Martin,2003,-3.7776258814598958,True,False
Libertador General San Martin,2003,-1.6395784336823205,True,False
Libertador General San Martin,2003,-1.095445115010333,False,False
Libertador General San Martin,2004,0.4904496538485143,False,False
Libertador General San Martin,2004,0.7099154391640412,False,False
Libertador General San Martin,2004,1.0954451150103321,False,False
Libertador General San Martin,2004,-2.4868695268810197,True,False
Libertador General San Martin,2004,-1.5064780549332157,True,False
Libertador General San Martin,2004,-1.0954451150103321,False,False
Libertador General San Martin,2005,1.4377717134510601,False,False
Libertador General San Martin,2005,1.2443420336765096,False,False
Libertador General San Martin,2005,1.0954451150103317,False,False
Libertador General San Martin,2005,-0.711078407989163,False,False
Libertador General San Martin,2005,-0.8706669164316848,False,False
Libertador General San Martin,2005,-1.0954451150103324,False,False
Libertador General San Martin,2006,1.217161238900369,False,False
Libertador General San Martin,2006,1.1533403252367334,False,False
Libertador General San Martin,2006,1.0954451150103321,False,False
Libertador General San Martin,2006,-2.1224249103325192,True,False
Libertador General San Martin,2006,-1.4395300260971433,False,False
Libertador General San Martin,2006,-1.0954451150103321,False,False
Libertador General San Martin,2007,1.3875638123464205,False,False
Libertador General San Martin,2007,1.2250962807654937,False,False
Libertador General San Martin,2007,1.095445115010332,False,False
Libertador General San Martin,2007,-1.1584017308155234,False,False
Libertador General San Martin,2007,-1.1261203371676323,False,False
Libertador General San Martin,2007,-1.0954451150103321,False,False
Libertador General San Martin,2007,0.06085806194501844,False,False
Libertador General San Martin,2007,0.3327989614488282,False,False
Libertador General San Martin,2007,1.0954451150103293,False,False
Libertador General San Martin,2008,0.5898550619286392,False,False
Libertador General San Martin,2008,0.3147738375522003,False,False
Libertador General San Martin,2008,-1.095445115010145,False,False
Libertador General San Martin,2008,-29.942166476943736,True,False
Libertador General San Martin,2008,-1.7856873313329542,True,False
Libertador General San Martin,2008,-1.0954451150103304,False,False
Libertador General San Martin,2008,3.9481667686830635,False,False
Libertador General San Martin,2008,1.6500560285795847,False,False
Libertador General San Martin,2008,1.0954451150103321,False,False
Libertador General San Martin,2009,0.2849938510595987,False,False
Libertador General San Martin,2009,0.011265147726483325,False,False
Libertador General San Martin,2009,-1.0954451150103373,False,False
Libertador General San Martin,2009,-3.105586901054304,True,False
Libertador General San Martin,2009,-1.5174417829316869,True,False
Libertador General San Martin,2009,-1.0954451150103326,False,False
Libertador General San Martin,2009,2.9197836360370197,False,False
Libertador General San Martin,2009,1.5650863719832284,False,False
Libertador General San Martin,2009,1.0954451150103324,False,False
Libertador General San Martin,2010,-0.030604515580193777,False,False
Libertador General San Martin,2010,-0.30362726060825457,False,False
Libertador General San Martin,2010,-1.0954451150103375,False,False
Libertador General San Martin,2010,-3.3442740165506217,True,False
Libertador General San Martin,2010,-1.5502715189296625,True,False
Libertador General San Martin,2010,-1.0954451150103328,False,False
Libertador General San Martin,2010,3.5329046063133918,False,False
Libertador General San Martin,2010,1.6224516245551484,False,False
Libertador General San Martin,2010,1.0954451150103326,False,False
Libertador General San Martin,2011,-0.3216207512061242,False,False
Libertador General San Martin,2011,-0.5710564749240447,False,False
Libertador General San Martin,2011,-1.0954451150103341,False,False
Libertador General San Martin,2011,-3.2223294522957233,True,False
Libertador General San Martin,2011,-1.5342315332931906,True,False
Libertador General San Martin,2011,-1.0954451150103333,False,False
Libertador General San Martin,2011,1.3568144757847285,False,False
Libertador General San Martin,2011,1.2128988339097608,False,False
Libertador General San Martin,2011,1.095445115010333,False,False
Libertador General San Martin,2012,-0.2246032341396264,False,False
Libertador General San Martin,2012,-0.4854796268965323,False,False
Libertador General San Martin,2012,-1.0954451150103355,False,False
Libertador General San Martin,2012,-0.6274380470951216,False,False
Libertador General San Martin,2012,-0.35084551266022485,False,False
Libertador General San Martin,2012,1.0954451150113687,False,False
Libertador General San Martin,2012,63.68035456777904,False,False
Libertador General San Martin,2012,1.7881595585680659,False,False
Libertador General San Martin,2012,1.0954451150103333,False,False
Libertador General San Martin,2013,0.11748731596032275,False,False
Libertador General San Martin,2013,-0.15762383078158138,False,False
Libertador General San Martin,2013,-1.0954451150103413,False,False
Libertador General San Martin,2013,-3.3579846204802424,True,False
Libertador General San Martin,2013,-1.5519862987765836,True,False
Libertador General San Martin,2013,-1.0954451150103368,False,False
Libertador General San Martin,2013,2.3525694339871777,False,False
Libertador General San Martin,2013,1.4840176843411823,False,False
Libertador General San Martin,2013,1.0954451150103337,False,False
Libertador General San Martin,2014,-0.07843927984024611,False,False
Libertador General San Martin,2014,-0.34962761985755775,False,False
Libertador General San Martin,2014,-1.095445115010338,False,False
Libertador General San Martin,2014,-3.1681811478434425,True,False
Libertador General San Martin,2014,-1.5266278522616175,True,False
Libertador General San Martin,2014,-1.095445115010335,False,False
Libertador General San Martin,2014,3.034366963327522,False,False
Libertador General San Martin,2014,1.5777313865001388,False,False
Libertador General San Martin,2014,1.095445115010333,False,False
Libertador General San Martin,2015,-0.10135001873868259,False,False
Libertador General San Martin,2015,-0.3714130842332587,False,False
Libertador General San Martin,2015,-1.0954451150103357,False,False
Libertador General San Martin,2015,-2.7994708494708576,True,False
Libertador General San Martin,2015,-1.4655301579304303,False,False
Libertador General San Martin,2015,-1.0954451150103348,False,False
Libertador General San Martin,2015,2.062014334137101,False,False
Libertador General San Martin,2015,1.4264211928300996,False,False
Libertador General San Martin,2015,1.0954451150103333,False,False
Libertador General San Martin,2016,0.23875085839968802,False,False
Libertador General San Martin,2016,-0.03552224166626945,False,False
Libertador General San Martin,2016,-1.095445115010348,False,False
Libertador General San Martin,2016,-5.6858817874346625,True,False
Libertador General San Martin,2016,-1.7004412735107863,True,False
Libertador General San Martin,2016,-1.0954451150103344,False,False
Libertador General San Martin,2016,2.3446369128291367,False,False
Libertador General San Martin,2016,1.48261588459034,False,False
Libertador General San Martin,2016,1.095445115010333,False,False
Libertador General San Martin,2017,-0.5819552173492394,False,False
Libertador General San Martin,2017,-0.7794837629539577,False,False
Libertador General San Martin,2017,-1.0954451150103337,False,False
Libertador General San Martin,2017,-1.1271971473294737,False,False
Libertador General San Martin,2017,-0.777651873675642,False,False
Libertador General San Martin,2017,-1.0954451150103628,False,False
Libertador General San Martin,2017,0.36514837167012093,False,False
Libertador General San Martin,2017,0.6081211398683212,False,False
Libertador General San Martin,2017,1.0954451150104174,False,False
Libertador General San Martin,2018,2.5560386016909735,False,False
Libertador General San Martin,2018,1.4142135623731609,False,False
Libertador General San Martin,2018,1.0954451150104174,False,False
Libertador General San Martin,2018,8.03326417674306,False,False
Libertador General San Martin,2018,1.7441631985447725,False,False
Libertador General San Martin,2018,1.0954451150103375,False,False
Libertador General San Martin,2018,0.5781515884776781,False,False
Libertador General San Martin,2018,0.3034572967243549,False,False
Libertador General San Martin,2018,-1.0954451150110975,False,False
Libertador General San Martin,2019,-11.684747893451705,True,False
Libertador General San Martin,2019,-1.7677669529664153,True,False
Libertador General San Martin,2019,-1.0954451150103535,False,False
Libertador General San Martin,2019,1.0954451150103535,False,False
Libertador General San Martin,2019,1.0954451150103535,False,False
Libertador General San Martin,2019,1.0954451150103535,False,False
Libertador General San Martin,2019,-4.138348212261335,True,False
Libertador General San Martin,2019,-1.660535169510225,True,False
Libertador General San Martin,2019,-1.0954451150103353,False,False
Libertador General San Martin,2020,-1.6431676725155027,True,False
Libertador General San Martin,2020,-1.0954451150103353,False,False
Libertador General San Martin,2020,-1.0954451150103441,False,False
Libertador General San Martin,2020,-6.435740050685772,True,False
Libertador General San Martin,2020,-1.7194923647389204,True,False
Libertador General San Martin,2020,-1.0954451150103335,False,False
Libertador General San Martin,2020,4.966017854713511,False,False
Libertador General San Martin,2020,1.6949935513652745,False,False
Libertador General San Martin,2020,1.0954451150103324,False,False
Libertador General San Martin,2021,-0.4400506017562874,False,False
Libertador General San Martin,2021,-0.6698647040533701,False,False
Libertador General San Martin,2021,-1.0954451150103326,False,False
Libertador General San Martin,2021,-0.47359743805613375,False,False
Libertador General San Martin,2021,-0.20084085553351896,False,False
Libertador General San Martin,2021,1.0954451150103475,False,False
Libertador General San Martin,2021,5.916650215781347,False,False
Libertador General San Martin,2021,1.7070467015535058,False,False
Libertador General San Martin,2021,1.0954451150103341,False,False
Libertador General San Martin,2022,-2.5609755100708966,True,False
Libertador General San Martin,2022,-1.5179087551792323,True,False
Libertador General San Martin,2022,-1.0954451150103328,False,False
Libertador General San Martin,2022,0.32863353450309984,False,False
Libertador General San Martin,2022,0.5770853688457025,False,False
Libertador General San Martin,2022,1.0954451150103341,False,False
Libertador General San Martin,2022,-0.658246394140948,False,False
Libertador General San Martin,2022,-0.8343467375686986,False,False
Libertador General San Martin,2022,-1.0954451150103355,False,False
Libertador General San Martin,2023,-0.1554409944892917,False,False
Libertador General San Martin,2023,0.1195649301122306,False,False
Libertador General San Martin,2023,1.095445115010364,False,False
Libertador General San Martin,2023,1.6869854771159605,False,False
Libertador General San Martin,2023,1.1169633598824202,False,False
Libertador General San Martin,2023,1.0954451150104474,False,False
Libertador General San Martin,2023,10.054123485604807,False,False
Libertador General San Martin,2023,1.760330487272392,False,False
Libertador General San Martin,2023,1.0954451150103368,False,False
Libertador General San Martin,2024,0.3209375822750759,False,False
Libertador General San Martin,2024,0.04762098688145294,False,False
Libertador General San Martin,2024,-1.0954451150104174,False,False
Libertador General San Martin,2024,4.138348212261577,False,False
Libertador General San Martin,2024,1.6605351695102464,False,False
Libertador General San Martin,2024,1.0954451150103441,False,False
Libertador General San Martin,2024,0.04564354645876434,False,False
Libertador General San Martin,2024,-0.22903933372555121,False,False
Libertador General San Martin,2024,-1.0954451150104174,False,False
Lincoln,1981,,False,False
Lincoln,1982,,False,False
Lincoln,1983,,False,False
Lincoln,1984,-1.1094003924504583,False,False
Lincoln,1985,2.2478059477960652,False,False
Lincoln,1986,-1.2875115916583852,False,False
Lincoln,1987,0.7228728154743577,False,False
Lincoln,1988,-1.0060552500041509,False,False
Lincoln,1989,-0.5828261847696807,False,False
Lincoln,1990,0.8106614058332622,False,False
Lincoln,1991,5.655036280079068,False,False
Lincoln,1992,0.7986598971717791,False,False
Lincoln,1993,0.5881690143014682,False,False
Lincoln,1994,0.7627596900731867,False,False
Lincoln,1995,0.37198487985930634,False,False
Lincoln,1996,3.7428718837895265,False,False
Lincoln,1997,2.875944890498773,False,False
Lincoln,1998,1.3487492810019954,False,False
Lincoln,1999,0.13694569506244617,False,False
Lincoln,2000,-0.4801325099088427,False,False
Lincoln,2001,-1.9145184867671527,True,False
Lincoln,2002,1.075641513525804,False,False
Lincoln,2003,1.6471775401487796,False,False
Lincoln,2004,1.2660742009237493,False,False
Lincoln,2005,0.08528028654224419,False,False
Lincoln,2006,1.335970525352659,False,False
Lincoln,2007,-0.774196877385566,False,False
Lincoln,2008,-4.565603666778939,True,False
Lincoln,2009,1.7206180040292136,False,False
Lincoln,2010,-0.35151515151515156,False,False
Lincoln,2011,-2.4845492429854334,True,False
Lincoln,2012,0.30910548286413825,False,False
Lincoln,2013,0.4594810422733764,False,False
Lincoln,2014,0.9909802468972037,False,False
Lincoln,2015,1.0826402863117746,False,False
Lincoln,2016,0.7035970267123984,False,False
Lincoln,2017,-1.6744212838902581,True,False
Lincoln,2018,0.9116927912312562,False,False
Lincoln,2019,-0.708370720183158,False,False
Lincoln,2020,-0.7644365872197313,False,False
Lincoln,2021,-1.1483559819094489,False,False
Lincoln,2022,-3.067859955389482,True,False
Lincoln,2023,-0.1678347640960086,False,False
Lincoln,2024,0.05569782353640034,False,False
Loberia,1981,,False,False
Loberia,1982,,False,False
Loberia,1983,,False,False
Loberia,1984,2.9502481168977015,False,False
Loberia,1985,5.496905310568113,False,False
Loberia,1986,-0.8574966518198843,False,False
Loberia,1987,0.8885531006503764,False,False
Loberia,1988,0.620287832193299,False,False
Loberia,1989,1.0959894934720942,False,False
Loberia,1990,-0.8998037748533354,False,False
Loberia,1991,-0.3370067178897702,False,False
Loberia,1992,-1.9893601846344104,True,False
Loberia,1993,-0.9980902581295386,False,False
Loberia,1994,-0.4879762311744127,False,False
Loberia,1995,-1.4257909707263112,False,False
Loberia,1996,3.6813889664763546,False,False
Loberia,1997,2.4755315736272974,False,False
Loberia,1998,-0.8513373284268514,False,False
Loberia,1999,0.8948478409835858,False,False
Loberia,2000,0.22957916965660927,False,False
Loberia,2001,0.3276370716708784,False,False
Loberia,2002,0.11720863771398772,False,False
Loberia,2003,1.434544426417105,False,False
Loberia,2004,-0.11834008774550955,False,False
Loberia,2005,1.6597905987277994,False,False
Loberia,2006,-0.5610294986546217,False,False
Loberia,2007,-1.0285540808668063,False,False
Loberia,2008,-1.9121755412478356,True,False
Loberia,2009,5.6315681501954735,False,False
Loberia,2010,1.628050525923328,False,False
Loberia,2011,1.0360037725617108,False,False
Loberia,2012,0.3862009690501203,False,False
Loberia,2013,-1.8501056347809388,True,False
Loberia,2014,-0.5597726371987884,False,False
Loberia,2015,-0.41851520331293807,False,False
Loberia,2016,-0.1951155029321555,False,False
Loberia,2017,-0.3305827460324971,False,False
Loberia,2018,4.2059529051853985,False,False
Loberia,2019,2.013848512441458,False,False
Loberia,2020,0.3644988335839283,False,False
Loberia,2021,-0.16078800566214976,False,False
Loberia,2022,-1.0330934951145563,False,False
Loberia,2023,-0.9789904749491108,False,False
Loberia,2024,-0.649240493089356,False,False
Lobos,1981,,False,False
Lobos,1982,,False,False
Lobos,1983,,False,False
Lobos,1984,1.0596258856520342,False,False
Lobos,1985,-1.224744871391589,False,False
Lobos,1986,1.4342743312012722,False,False
Lobos,1987,-3.419448523538292,True,False
Lobos,1988,-1.1285170678732257,False,False
Lobos,1989,0.8962875071023702,False,False
Lobos,1990,2.623238387839114,False,False
Lobos,1991,1.5869316567975955,False,False
Lobos,1992,0.4967459983401374,False,False
Lobos,1993,0.05336143771401946,False,False
Lobos,1994,0.7733619531992528,False,False
Lobos,1995,-1.2670122156133303,False,False
Lobos,1996,2.143312704406229,False,False
Lobos,1997,5.7296934197102445,False,False
Lobos,1998,-0.043606427497678034,False,False
Lobos,1999,-0.46136940303847446,False,False
Lobos,2000,0.6038536368545685,False,False
Lobos,2001,-0.41058203309718383,False,False
Lobos,2002,1.3859637434043404,False,False
Lobos,2003,1.9819901366244612,False,False
Lobos,2004,2.218916666719163,False,False
Lobos,2005,0.2811874456926941,False,False
Lobos,2006,1.8173359932902782,False,False
Lobos,2007,-1.1004475184834914,False,False
Lobos,2008,-3.015684560719706,True,False
Lobos,2009,0.4937124337756901,False,False
Lobos,2010,-0.4725244722814285,False,False
Lobos,2011,-1.130000563205173,False,False
Lobos,2012,1.0374298589980104,False,False
Lobos,2013,0.37257275688195773,False,False
Lobos,2014,0.6762205427937581,False,False
Lobos,2015,1.1218329515765515,False,False
Lobos,2016,1.1896060082538447,False,False
Lobos,2017,-4.550650229188957,True,False
Lobos,2018,1.1263251813927817,False,False
Lobos,2019,0.11706620685752385,False,False
Lobos,2020,-0.3580364079355169,False,False
Lobos,2021,-0.522173190658346,False,False
Lobos,2022,-2.002520026199841,True,False
Lobos,2023,-0.1931170389749869,False,False
Lobos,2024,0.27737836174929703,False,False
Loreto,1981,,False,False
Loreto,1982,,False,False
Loreto,1985,,False,False
Loreto,1986,3.7955434363392064,False,False
Loreto,1987,2.723423177880322,False,False
Loreto,1988,-3.8299599634802113,True,False
Loreto,1989,-0.423012495474916,False,False
Loreto,1992,1.3807135130705628,False,False
Loreto,1995,-0.9552155078460896,False,False
Loreto,1996,3.8800699394121896,False,False
Loreto,1997,1.6911626539157383,False,False
Loreto,1998,0.9112405593809186,False,False
Loreto,2005,2.0301897131437685,False,False
Loreto,2006,0.30060364549047286,False,False
Loreto,2007,-1.4090978869886912,False,False
Loreto,2008,-2.0950579032792995,True,False
Loreto,2009,0.4257364037780174,False,False
Loreto,2010,-0.24568943327825982,False,False
Loreto,2011,0.5072556790901689,False,False
Loreto,2012,-2.506821295079585,True,False
Loreto,2013,1.3634881020035652,False,False
Loreto,2014,0.5561655191077578,False,False
Loreto,2015,1.0987660255543508,False,False
Loreto,2016,1.5178989866749597,False,False
Loreto,2017,0.5034733603559242,False,False
Loreto,2018,0.18912012943540488,False,False
Loreto,2019,0.7997292849044978,False,False
Loreto,2020,1.4927458528351139,False,False
Loreto,2021,0.9876445119520341,False,False
Loreto,2022,-3.010916265181707,True,False
Loreto,2023,-2.749957918121251,True,False
Loreto,2024,-0.673577092021123,False,False
Lujan,1981,,False,False
Lujan,1982,,False,False
Lujan,1983,,False,False
Lujan,1984,0.7549965058633565,False,False
Lujan,1985,-0.5554285859377265,False,False
Lujan,1986,-0.3287979746107146,False,False
Lujan,1987,0.1717355162964367,False,False
Lujan,1988,-0.935954167724912,False,False
Lujan,1989,2.6636172533890345,False,False
Lujan,1990,4.649265206279123,False,False
Lujan,1991,1.7970425765486484,False,False
Lujan,1992,0.7896462718987806,False,False
Lujan,1993,-0.3620604987363498,False,False
Lujan,1994,1.2629731906341348,False,False
Lujan,1995,-1.6709103473623754,True,False
Lujan,1996,2.102514489619058,False,False
Lujan,1997,3.0734279329861076,False,False
Lujan,1998,0.838520404070287,False,False
Lujan,1999,-1.4280734917623563,False,False
Lujan,2000,0.5608729419943964,False,False
Lujan,2001,-0.02740708648681418,False,False
Lujan,2002,0.2802576079410546,False,False
Lujan,2003,0.663164582368137,False,False
Lujan,2004,1.619898759491199,False,False
Lujan,2005,-2.7187919164405203,True,False
Lujan,2006,1.774695607406759,False,False
Lujan,2007,0.41781404239639314,False,False
Lujan,2008,-1.8691847736118417,True,False
Lujan,2009,1.4837690792802878,False,False
Lujan,2010,-0.06850168759240549,False,False
Lujan,2011,-0.9653968255349817,False,False
Lujan,2012,1.1582969680775304,False,False
Lujan,2013,-0.2175188713142449,False,False
Lujan,2014,0.3844163580769533,False,False
Lujan,2015,0.10735551031591285,False,False
Lujan,2016,0.8895805623679469,False,False
Lujan,2017,-1.8971519011531175,True,False
Lujan,2018,0.6858698293900342,False,False
Lujan,2019,-0.08135359516154397,False,False
Lujan,2020,0.04256764651717698,False,False
Lujan,2021,-0.8552359741197593,False,False
Lujan,2022,-2.711251154917256,True,False
Lujan,2023,0.3050190348643452,False,False
Lujan,2024,-0.1889822365046138,False,False
Magdalena,1981,,False,False
Magdalena,1982,,False,False
Magdalena,1983,,False,False
Magdalena,1984,1.456985592771548,False,False
Magdalena,1985,0.27235238970096115,False,False
Magdalena,1986,0.6643638388299199,False,False
Magdalena,1987,-0.426401432711221,False,False
Magdalena,1988,-5.7885829274264,True,False
Magdalena,1989,-3.5961032747804396,True,False
Magdalena,2003,5.529335048184847,False,False
Magdalena,2004,2.3396678281825047,False,False
Magdalena,2005,0.8655311178323258,False,False
Magdalena,2006,1.3712809512059596,False,False
Magdalena,2007,0.5450199712534455,False,False
Magdalena,2008,-2.4327241914379196,True,False
Magdalena,2009,0.8609040985499928,False,False
Magdalena,2010,-0.23620130457669306,False,False
Magdalena,2011,-1.0315008989300716,False,False
Magdalena,2012,-0.6917054414931035,False,False
Magdalena,2013,1.2186291515836427,False,False
Magdalena,2014,2.424167601758708,False,False
Magdalena,2015,0.7277519432753242,False,False
Magdalena,2016,0.978268544825189,False,False
Magdalena,2017,-0.29284240908356074,False,False
Magdalena,2018,1.4848517397353915,False,False
Magdalena,2019,0.2351416098308978,False,False
Magdalena,2020,-0.09695090410505995,False,False
Magdalena,2021,-1.7315515855358639,True,False
Magdalena,2022,-2.8652203520905974,True,False
Magdalena,2023,0.3386670053338414,False,False
Magdalena,2024,-0.332917605888668,False,False
Maipu,1981,,False,False
Maipu,1981,,False,False
Maipu,1981,,False,False
Maipu,1981,-1.1547005383792517,False,False
Maipu,1982,1.3187712726588483,False,False
Maipu,1982,1.0069122269619517,False,False
Maipu,1982,-0.860422267743176,False,False
Maipu,1982,-0.5840057319226746,False,False
Maipu,1983,0.017970835210170934,False,False
Maipu,1983,-0.18364001033485197,False,False
Maipu,1983,-0.7519115803969123,False,False
Maipu,1983,-0.5756584695384482,False,False
Maipu,1984,5.0406834247217605,False,False
Maipu,1984,1.6590579907137324,False,False
Maipu,1984,-0.5924950670122011,False,False
Maipu,1984,-0.5198818224506886,False,False
Maipu,1985,2.4929070981004764,False,False
Maipu,1985,1.36808567911066,False,False
Maipu,1985,-1.4323082865338377,False,False
Maipu,1985,-0.9564019734270429,False,False
Maipu,1986,0.3659539949868907,False,False
Maipu,1986,0.19883520369472213,False,False
Maipu,1986,-0.5509673558589054,False,False
Maipu,1986,-0.26344261702853927,False,False
Maipu,1987,2.384930437578421,False,False
Maipu,1987,1.397852607173516,False,False
Maipu,1987,-0.471305048559971,False,False
Maipu,1987,-0.36114266486158103,False,False
Maipu,1988,2.0880600562352103,False,False
Maipu,1988,1.2818023729558252,False,False
Maipu,1988,-2.0232382112195793,True,False
Maipu,1988,-1.1891697340055556,False,False
Maipu,1989,0.6840238590185224,False,False
Maipu,1989,0.48097914673823394,False,False
Maipu,1989,-0.9574706192843687,False,False
Maipu,1989,-0.6366621454634835,False,False
Maipu,1990,0.24108804838880496,False,False
Maipu,1990,0.031636633361154486,False,False
Maipu,1990,-0.771354100012103,False,False
Maipu,1990,-0.5200882808564172,False,False
Maipu,1991,1.0516670610504626,False,False
Maipu,1991,0.70565094475495,False,False
Maipu,1991,0.5739224896961456,False,False
Maipu,1991,0.6298928261388358,False,False
Maipu,1992,-0.39048161449585933,False,False
Maipu,1992,-1.7369872635419374,True,False
Maipu,1992,1.4650093720385273,False,False
Maipu,1992,1.2124426223504905,False,False
Maipu,1993,-0.06076453874343588,False,False
Maipu,1993,0.0,False,False
Maipu,1993,-3.0279124769804837,True,False
Maipu,1993,-1.663989866390152,True,False
Maipu,1994,0.7429020000259215,False,False
Maipu,1994,0.9180861756332322,False,False
Maipu,1994,-1.0885233401038255,False,False
Maipu,1994,-0.7302967433402227,False,False
Maipu,1995,0.13793502059421123,False,False
Maipu,1995,-0.0391104534816075,False,False
Maipu,1995,0.6788802030053707,False,False
Maipu,1995,1.132122008570461,False,False
Maipu,1996,7.637317931779894,False,False
Maipu,1996,1.7779595515044098,False,False
Maipu,1996,-1.1801638547713103,False,False
Maipu,1996,-1.0337270389606956,False,False
Maipu,1997,1.6615442233765112,False,False
Maipu,1997,1.0414348939690334,False,False
Maipu,1997,-0.026557470173119588,False,False
Maipu,1997,0.06415623032254335,False,False
Maipu,1998,-0.729324760980164,False,False
Maipu,1998,-1.1869801852873405,False,False
Maipu,1998,-1.6132262069604535,True,False
Maipu,1998,-1.431344511105458,False,False
Maipu,1999,3.6917843882108414,False,False
Maipu,1999,1.6994285942368075,False,False
Maipu,1999,0.2103234540197728,False,False
Maipu,1999,0.0940910112600234,False,False
Maipu,2000,0.5821684807681495,False,False
Maipu,2000,0.3012358585138436,False,False
Maipu,2000,-4.585504983378802,True,False
Maipu,2000,-1.6625659560711166,True,False
Maipu,2001,1.601865657251795,False,False
Maipu,2001,1.0851573353388089,False,False
Maipu,2001,-0.4404967363715897,False,False
Maipu,2001,-0.2803628528768461,False,False
Maipu,2002,0.6887075321558298,False,False
Maipu,2002,0.408002495229502,False,False
Maipu,2002,-1.3752114542743172,False,False
Maipu,2002,-0.9370189619999125,False,False
Maipu,2003,1.992996857539956,False,False
Maipu,2003,1.174825195808183,False,False
Maipu,2003,-1.0932857045808275,False,False
Maipu,2003,-0.7518373489564513,False,False
Maipu,2004,0.7731884933763368,False,False
Maipu,2004,0.49870958724778247,False,False
Maipu,2004,-1.4065637301498617,False,False
Maipu,2004,-0.9409549413774742,False,False
Maipu,2005,1.428527713149671,False,False
Maipu,2005,0.9281415202332617,False,False
Maipu,2005,-0.6248936970193327,False,False
Maipu,2005,-0.40160125955692916,False,False
Maipu,2006,1.3934033994891308,False,False
Maipu,2006,0.9492889050691349,False,False
Maipu,2006,-1.1499778169998922,False,False
Maipu,2006,-0.7701904557710082,False,False
Maipu,2007,0.7975342801978383,False,False
Maipu,2007,0.5186568770941654,False,False
Maipu,2007,-1.0202399959190405,False,False
Maipu,2007,-0.6825871204076523,False,False
Maipu,2008,-0.41781799073078263,False,False
Maipu,2008,-0.5204657460899407,False,False
Maipu,2008,-2.0613540035299267,True,False
Maipu,2008,-1.7299942944702689,True,False
Maipu,2009,4.932103913493664,False,False
Maipu,2009,1.643875415871104,False,False
Maipu,2009,-0.34815921366373287,False,False
Maipu,2009,-0.33305590229622695,False,False
Maipu,2010,0.9635455246516303,False,False
Maipu,2010,0.6535593387393909,False,False
Maipu,2010,-0.5749893005928173,False,False
Maipu,2010,-0.3288652014529344,False,False
Maipu,2011,0.8115502345193962,False,False
Maipu,2011,0.5221488338618876,False,False
Maipu,2011,-2.611399677987441,True,False
Maipu,2011,-1.396193184265483,False,False
Maipu,2012,1.9976028986238352,False,False
Maipu,2012,1.1883168362754755,False,False
Maipu,2012,-1.2451678394302603,False,False
Maipu,2012,-0.8412762103664895,False,False
Maipu,2013,0.47594468407304014,False,False
Maipu,2013,0.27067558949898224,False,False
Maipu,2013,-0.40377730035063086,False,False
Maipu,2013,-0.11442423843710477,False,False
Maipu,2014,1.238297822389934,False,False
Maipu,2014,0.928141520233262,False,False
Maipu,2014,-0.10414894950322215,False,False
Maipu,2014,0.02424019843107655,False,False
Maipu,2015,1.891221715378602,False,False
Maipu,2015,1.3617643344194024,False,False
Maipu,2015,-1.0195991097317292,False,False
Maipu,2015,-0.7302967433402219,False,False
Maipu,2016,0.8436186517895666,False,False
Maipu,2016,0.5511307985627445,False,False
Maipu,2016,-0.6751399510385774,False,False
Maipu,2016,-0.40518797125056016,False,False
Maipu,2017,1.1564525506079648,False,False
Maipu,2017,0.7926644990248076,False,False
Maipu,2017,-2.207872006068453,True,False
Maipu,2017,-1.2545850867268433,False,False
Maipu,2018,0.7950463919999257,False,False
Maipu,2018,0.568854555767973,False,False
Maipu,2018,-1.0898302901597545,False,False
Maipu,2018,-0.730296743340222,False,False
Maipu,2019,1.2258552477496583,False,False
Maipu,2019,0.8141149621036554,False,False
Maipu,2019,-0.9075503315671627,False,False
Maipu,2019,-0.6025948617237679,False,False
Maipu,2020,1.221964869015017,False,False
Maipu,2020,0.8170990699684416,False,False
Maipu,2020,-1.8661194110545831,True,False
Maipu,2020,-1.1320561749964493,False,False
Maipu,2021,0.8249613970655013,False,False
Maipu,2021,0.5730065762347633,False,False
Maipu,2021,-1.138357825490422,False,False
Maipu,2021,-0.7636359265838079,False,False
Maipu,2022,0.5973921019063397,False,False
Maipu,2022,0.36004547574342355,False,False
Maipu,2022,-0.9468989900200504,False,False
Maipu,2022,-0.6368345291652575,False,False
Maipu,2023,1.3066415550192327,False,False
Maipu,2023,0.8675359923329685,False,False
Maipu,2023,-2.77644170108571,True,False
Maipu,2023,-1.395027440366766,False,False
Maipu,2024,0.897825591446855,False,False
Maipu,2024,0.6594664704089968,False,False
Maipu,2024,-1.130158223720072,False,False
Maipu,2024,-0.7543960440066205,False,False
Mar Chiquita,1981,,False,False
Mar Chiquita,1982,,False,False
Mar Chiquita,1983,,False,False
Mar Chiquita,1984,6.9451841205458,False,False
Mar Chiquita,1985,3.245242177628971,False,False
Mar Chiquita,1986,-0.6544270774742958,False,False
Mar Chiquita,1987,1.5336825476290354,False,False
Mar Chiquita,1988,2.8172275714822086,False,False
Mar Chiquita,1989,1.4707612344467405,False,False
Mar Chiquita,1990,-0.9266050361744236,False,False
Mar Chiquita,1991,-0.7347109342491089,False,False
Mar Chiquita,1992,-1.8082527733969742,True,False
Mar Chiquita,1993,-1.1445782344738056,False,False
Mar Chiquita,1994,-0.5856244378542487,False,False
Mar Chiquita,1995,-0.3319487963079472,False,False
Mar Chiquita,1996,4.175685199434355,False,False
Mar Chiquita,1997,3.2950769706299976,False,False
Mar Chiquita,1998,-0.5239932021926799,False,False
Mar Chiquita,1999,1.4014388963086493,False,False
Mar Chiquita,2000,0.30845395014041393,False,False
Mar Chiquita,2001,0.9254633296555814,False,False
Mar Chiquita,2002,0.1891253896720115,False,False
Mar Chiquita,2003,1.165434649915182,False,False
Mar Chiquita,2004,0.21199178279782518,False,False
Mar Chiquita,2005,1.5046246047357836,False,False
Mar Chiquita,2006,2.991249373678828,False,False
Mar Chiquita,2007,-0.07519115803969123,False,False
Mar Chiquita,2008,-5.59776467218419,True,False
Mar Chiquita,2009,2.083952289006911,False,False
Mar Chiquita,2010,1.039499681487984,False,False
Mar Chiquita,2011,0.5553135797107173,False,False
Mar Chiquita,2012,1.0557727884796702,False,False
Mar Chiquita,2013,-0.15780282361310732,False,False
Mar Chiquita,2014,-1.4280202394891062,False,False
Mar Chiquita,2015,2.919162916300744,False,False
Mar Chiquita,2016,0.12399018667617921,False,False
Mar Chiquita,2017,0.3970575816264384,False,False
Mar Chiquita,2018,0.6929163014616232,False,False
Mar Chiquita,2019,0.62725004818718,False,False
Mar Chiquita,2020,0.712696645099798,False,False
Mar Chiquita,2021,0.18499891602515198,False,False
Mar Chiquita,2022,-3.2979494520436874,True,False
Mar Chiquita,2023,-1.6664102366833544,True,False
Mar Chiquita,2024,-1.4142135623730945,False,False
Maraco,1981,,False,False
Maraco,1982,,False,False
Maraco,1983,,False,False
Maraco,1984,0.055,False,False
Maraco,1985,6.1156638187700665,False,False
Maraco,1986,1.449399076152592,False,False
Maraco,1987,-0.3347338459633542,False,False
Maraco,1988,-0.7005866626162777,False,False
Maraco,1989,-0.7588891891799476,False,False
Maraco,1990,-0.6058516470399518,False,False
Maraco,1991,4.606300278398531,False,False
Maraco,1992,0.8287966969490553,False,False
Maraco,1993,-0.6121552461481669,False,False
Maraco,1994,0.4949420613123046,False,False
Maraco,1995,-0.8300446949629576,False,False
Maraco,1996,-1.0422527092483669,False,False
Maraco,1997,1.1296829259919403,False,False
Maraco,1998,0.9328823781714867,False,False
Maraco,1999,6.833897337932994,False,False
Maraco,2000,1.3653769258303605,False,False
Maraco,2001,1.224246454288848,False,False
Maraco,2002,0.6978310930646469,False,False
Maraco,2003,-0.017427580929925315,False,False
Maraco,2004,7.320638809374482,False,False
Maraco,2005,-0.07373976607709373,False,False
Maraco,2006,-0.2206304683872846,False,False
Maraco,2007,-0.2206304683872846,False,False
Maraco,2008,-2.2313498381128998,True,False
Maraco,2009,-0.005656401755450982,False,False
Maraco,2010,-0.4816108186095304,False,False
Maraco,2011,-1.2925086846715463,False,False
Maraco,2012,-0.10191660648306974,False,False
Maraco,2013,2.6812023563779537,False,False
Maraco,2014,3.8647878076350413,False,False
Maraco,2015,1.621865357026722,False,False
Maraco,2016,0.9418917380205172,False,False
Maraco,2017,-0.2934695928267111,False,False
Maraco,2018,0.4811561638587753,False,False
Maraco,2019,0.44533551637996516,False,False
Maraco,2020,-0.8393819091267227,False,False
Maraco,2021,-0.5127558280511916,False,False
Maraco,2022,-0.9956714748992459,False,False
Maraco,2023,0.20651312843177763,False,False
Maraco,2024,-2.4712005263608288,True,False
Marcos Juarez,1981,,False,False
Marcos Juarez,1982,,False,False
Marcos Juarez,1983,,False,False
Marcos Juarez,1984,1.7537009349846266,False,False
Marcos Juarez,1985,0.6910861724372841,False,False
Marcos Juarez,1986,0.8076517967334076,False,False
Marcos Juarez,1987,0.6337927474357108,False,False
Marcos Juarez,1988,-2.9507209631362348,True,True
Marcos Juarez,1989,-1.3957946775549082,False,False
Marcos Juarez,1990,1.6062951520289237,False,False
Marcos Juarez,1991,0.856272692977733,False,False
Marcos Juarez,1992,0.8127396273409072,False,False
Marcos Juarez,1993,0.8199982545468137,False,False
Marcos Juarez,1994,0.40002363860041373,False,False
Marcos Juarez,1995,5.249346716135626,False,False
Marcos Juarez,1996,1.3329760189797577,False,False
Marcos Juarez,1997,4.44201138306252,False,False
Marcos Juarez,1998,1.1745012098284617,False,False
Marcos Juarez,1999,0.7817562677371086,False,False
Marcos Juarez,2000,2.043599906545967,False,False
Marcos Juarez,2001,1.4060874570940884,False,False
Marcos Juarez,2002,2.368165683481507,False,False
Marcos Juarez,2003,0.4020776399250384,False,False
Marcos Juarez,2004,0.9990329741536056,False,False
Marcos Juarez,2005,-1.1051800903848297,False,False
Marcos Juarez,2006,4.250799681589426,False,False
Marcos Juarez,2007,-0.5438108366397791,False,False
Marcos Juarez,2008,-0.942954167272384,False,False
Marcos Juarez,2009,1.747968926828174,False,False
Marcos Juarez,2010,-0.33299616942003996,False,False
Marcos Juarez,2011,-2.1987218974723954,True,False
Marcos Juarez,2012,0.3477756245747552,False,False
Marcos Juarez,2013,0.21317434800970134,False,False
Marcos Juarez,2014,0.024734946913342284,False,False
Marcos Juarez,2015,-0.07844706721964562,False,False
Marcos Juarez,2016,0.7680245771797111,False,False
Marcos Juarez,2017,-1.6696193775766364,True,True
Marcos Juarez,2018,2.8074576010722248,False,False
Marcos Juarez,2019,0.4407412773535271,False,False
Marcos Juarez,2020,0.5000000000000003,False,False
Marcos Juarez,2021,0.6374552583116773,False,False
Marcos Juarez,2022,-6.392417669630461,True,True
Marcos Juarez,2023,0.598482340209756,False,False
Marcos Juarez,2024,0.4281898531689648,False,False
Marcos Paz,1981,,False,False
Marcos Paz,1982,,False,False
Marcos Paz,1983,,False,False
Marcos Paz,1984,5.0,False,False
Marcos Paz,1985,-2.376465939466792,True,False
Marcos Paz,1986,-0.2773500981126146,False,False
Marcos Paz,1987,-0.4954336943068623,False,False
Marcos Paz,1988,-1.1560119533826787,False,False
Marcos Paz,1995,2.830110211550746,False,False
Marcos Paz,1997,8.782136063516672,False,False
Marcos Paz,1998,1.2294806895008104,False,False
Marcos Paz,1999,-0.3629220509025427,False,False
Marcos Paz,2000,0.7355176222978417,False,False
Marcos Paz,2001,-0.3013568056640883,False,False
Marcos Paz,2002,0.3560932765077475,False,False
Marcos Paz,2003,0.6416889479197478,False,False
Marcos Paz,2004,1.0434983894999017,False,False
Marcos Paz,2005,-2.3737697042248334,True,False
Marcos Paz,2006,1.9373155368606587,False,False
Marcos Paz,2007,0.7844645405527361,False,False
Marcos Paz,2008,-1.9986296675335342,True,False
Marcos Paz,2009,1.80974804045337,False,False
Marcos Paz,2010,0.3727007239011115,False,False
Marcos Paz,2011,-0.6016941943487418,False,False
Marcos Paz,2012,1.0123876658156983,False,False
Marcos Paz,2013,-0.10523263864901634,False,False
Marcos Paz,2014,0.33012746875315757,False,False
Marcos Paz,2015,-0.3520758131276865,False,False
Marcos Paz,2016,0.860510328941112,False,False
Marcos Paz,2017,-3.0122791210901596,True,False
Marcos Paz,2018,0.5807584837052109,False,False
Marcos Paz,2019,0.01582623235508992,False,False
Marcos Paz,2020,0.0676848988041455,False,False
Marcos Paz,2021,-0.5592015639179657,False,False
Marcos Paz,2022,-1.9851666679418607,True,False
Marcos Paz,2023,0.32501195746389633,False,False
Marcos Paz,2024,-0.26856119413534074,False,False
Mayor Luis J. Fontana,1981,,False,False
Mayor Luis J. Fontana,1982,,False,False
Mayor Luis J. Fontana,1983,,False,False
Mayor Luis J. Fontana,1984,8.141062425956097,False,False
Mayor Luis J. Fontana,1985,-0.6606551560455052,False,False
Mayor Luis J. Fontana,1986,0.29678115018923523,False,False
Mayor Luis J. Fontana,1987,1.4566552789934142,False,False
Mayor Luis J. Fontana,1988,-0.9731262726859818,False,False
Mayor Luis J. Fontana,1989,-0.3669855727489982,False,False
Mayor Luis J. Fontana,1990,-0.13944149319621268,False,False
Mayor Luis J. Fontana,1991,1.8606494314643969,False,False
Mayor Luis J. Fontana,1992,1.8617899241714897,False,False
Mayor Luis J. Fontana,1993,-0.08272275822060061,False,False
Mayor Luis J. Fontana,1994,-0.6291753048893586,False,False
Mayor Luis J. Fontana,1995,0.5017357098289272,False,False
Mayor Luis J. Fontana,1996,-0.3881315748364199,False,False
Mayor Luis J. Fontana,1997,1.5015781930038388,False,False
Mayor Luis J. Fontana,1998,0.31430388858734737,False,False
Mayor Luis J. Fontana,1999,2.5593772030988347,False,False
Mayor Luis J. Fontana,2000,-1.406188284566191,False,False
Mayor Luis J. Fontana,2001,0.9283338373278505,False,False
Mayor Luis J. Fontana,2002,-0.5484785586344902,False,False
Mayor Luis J. Fontana,2003,0.773197847929818,False,False
Mayor Luis J. Fontana,2004,-0.2931580538930054,False,False
Mayor Luis J. Fontana,2005,-0.4339664137338595,False,False
Mayor Luis J. Fontana,2006,0.7856989465728396,False,False
Mayor Luis J. Fontana,2007,1.206045378311055,False,False
Mayor Luis J. Fontana,2008,-4.486874060518245,True,False
Mayor Luis J. Fontana,2009,0.44527470758778936,False,False
Mayor Luis J. Fontana,2010,0.8207483036730702,False,False
Mayor Luis J. Fontana,2011,-0.3877916534843245,False,False
Mayor Luis J. Fontana,2012,-0.9311833776045207,False,False
Mayor Luis J. Fontana,2013,6.67335594354016,False,False
Mayor Luis J. Fontana,2014,0.7403791300378204,False,False
Mayor Luis J. Fontana,2015,0.9051857057954622,False,False
Mayor Luis J. Fontana,2016,1.136667888562393,False,False
Mayor Luis J. Fontana,2017,0.12735309175990248,False,False
Mayor Luis J. Fontana,2018,-1.4568664636980728,False,False
Mayor Luis J. Fontana,2019,0.7095866377553472,False,False
Mayor Luis J. Fontana,2020,-1.6295237352003413,True,False
Mayor Luis J. Fontana,2021,-1.4786950917461636,False,False
Mayor Luis J. Fontana,2022,-2.200241416985145,True,False
Mayor Luis J. Fontana,2023,-3.0481775088903675,True,False
Mayor Luis J. Fontana,2024,-1.2678573431379685,False,False
Mburucuya,1981,,False,False
Mburucuya,1982,,False,False
Mburucuya,1983,,False,False
Mburucuya,1984,1.7751053705032174,False,False
Mburucuya,1985,3.0402313777963696,False,False
Mburucuya,1986,0.2270498745255936,False,False
Mburucuya,1987,-1.229639581389822,False,False
Mburucuya,1988,13.311216430487802,False,False
Mburucuya,1989,1.3669728998037285,False,False
Mburucuya,1991,0.8164483410273757,False,False
Mburucuya,1992,-0.9744860384201149,False,False
Mburucuya,1995,-0.19317421942383847,False,False
Mburucuya,1996,-0.7058895435637645,False,False
Mburucuya,1997,-0.6711024856969292,False,False
Mburucuya,1998,0.10603379773923864,False,False
Mburucuya,1999,0.8364526601693124,False,False
Mburucuya,2000,-2.7444040692494878,True,False
Mburucuya,2001,-5.251021207093035,True,False
Mburucuya,2002,-0.35680323529575086,False,False
Mburucuya,2003,-0.6802596528227127,False,False
Mburucuya,2005,-0.5193734002793061,False,False
Mburucuya,2007,-0.2310006113898673,False,False
Mburucuya,2008,-1.6996196960631784,True,False
Mburucuya,2009,-1.1180247406049246,False,False
Mburucuya,2010,1.2103200172451556,False,False
Mburucuya,2013,8.739416175226483,False,False
Mercedes,1981,,False,False
Mercedes,1981,,False,False
Mercedes,1981,,False,False
Mercedes,1981,-1.1547005383792517,False,False
Mercedes,1982,0.5773502691896258,False,False
Mercedes,1982,0.5111012519999519,False,False
Mercedes,1982,-0.9208102379170604,False,False
Mercedes,1982,-0.606862757935446,False,False
Mercedes,1983,1.481383696318343,False,False
Mercedes,1983,0.9699024509266233,False,False
Mercedes,1983,-1.0961446277946996,False,False
Mercedes,1983,-0.737776050026505,False,False
Mercedes,1984,0.5680221663495717,False,False
Mercedes,1984,0.3328241741884874,False,False
Mercedes,1984,-1.235727360159186,False,False
Mercedes,1984,-0.8610112801143595,False,False
Mercedes,1985,1.263351437508118,False,False
Mercedes,1985,0.8358875584287142,False,False
Mercedes,1985,-0.7808688094430302,False,False
Mercedes,1985,-0.5111012519999519,False,False
Mercedes,1986,0.5763539780776887,False,False
Mercedes,1986,0.3149996923832631,False,False
Mercedes,1987,1.692409881715853,False,False
Mercedes,1987,1.349868183371262,False,False
Mercedes,1988,-0.6323841313298864,False,False
Mercedes,1988,-1.1563813268544805,False,False
Mercedes,1989,1.184852619247173,False,False
Mercedes,1989,0.8043382880065965,False,False
Mercedes,1990,1.6459096002357205,False,False
Mercedes,1990,1.174227223831199,False,False
Mercedes,1991,1.9836983891626214,False,False
Mercedes,1991,1.5614401167176524,False,False
Mercedes,1992,0.10263159689321343,False,False
Mercedes,1992,-0.2521245503219151,False,False
Mercedes,1992,-6.440695066961006,True,False
Mercedes,1992,-1.7373277571521841,True,False
Mercedes,1993,0.11216645314165646,False,False
Mercedes,1993,0.34043705147944947,False,False
Mercedes,1993,-1.3995132840343634,False,False
Mercedes,1993,-0.9660548211746212,False,False
Mercedes,1994,1.5651723142302254,False,False
Mercedes,1994,0.9965457582448797,False,False
Mercedes,1995,0.5783967463799972,False,False
Mercedes,1995,0.5474893930247396,False,False
Mercedes,1995,-1.199420715833425,False,False
Mercedes,1995,-1.7443947443863133,True,False
Mercedes,1996,1.7455637507886421,False,False
Mercedes,1996,1.3016462154666353,False,False
Mercedes,1996,-1.0787838072231846,False,False
Mercedes,1996,-0.7575338565227908,False,False
Mercedes,1997,1.5857093002128009,False,False
Mercedes,1997,1.0116611502624895,False,False
Mercedes,1997,-1.1820744916637698,False,False
Mercedes,1997,-0.7926644990248065,False,False
Mercedes,1998,0.9833379522825871,False,False
Mercedes,1998,0.6550949159092115,False,False
Mercedes,1998,-0.9992707027360578,False,False
Mercedes,1998,-0.6638449666492106,False,False
Mercedes,1999,-0.19315074333444776,False,False
Mercedes,1999,-0.34401815359995475,False,False
Mercedes,1999,-0.6259627393234609,False,False
Mercedes,1999,-0.46360044557175345,False,False
Mercedes,2000,4.401410432248218,False,False
Mercedes,2000,1.6329931618554523,False,False
Mercedes,2000,-1.3919521793385063,False,False
Mercedes,2000,-0.984536600652653,False,False
Mercedes,2001,0.8231503172160131,False,False
Mercedes,2001,0.5555289743199416,False,False
Mercedes,2001,-0.9754728051304972,False,False
Mercedes,2001,-0.6477123951529044,False,False
Mercedes,2002,2.578663514995298,False,False
Mercedes,2002,1.370729398009982,False,False
Mercedes,2002,-1.087828612010601,False,False
Mercedes,2002,-0.7724696686810559,False,False
Mercedes,2003,0.8681302277624264,False,False
Mercedes,2003,0.5716659863843094,False,False
Mercedes,2003,-1.196376605274228,False,False
Mercedes,2003,-0.802580302224022,False,False
Mercedes,2004,1.3400232706242328,False,False
Mercedes,2004,0.8803699547059881,False,False
Mercedes,2005,-0.14504475074140982,False,False
Mercedes,2005,0.0,False,False
Mercedes,2005,0.1908381679570582,False,False
Mercedes,2005,-0.2227852282617478,False,False
Mercedes,2006,1.6061897594802808,False,False
Mercedes,2006,1.6061897594802808,False,False
Mercedes,2007,-0.8543182440262942,False,False
Mercedes,2007,-1.0421685624067567,False,False
Mercedes,2007,-0.6906182854800866,False,False
Mercedes,2007,-0.6143034507318724,False,False
Mercedes,2008,-2.787375825433015,True,False
Mercedes,2008,-1.7797287912273363,True,False
Mercedes,2008,-1.0152163085304733,False,False
Mercedes,2008,-0.6787720909457945,False,False
Mercedes,2009,3.7604782804071855,False,False
Mercedes,2009,1.7882893584282655,False,False
Mercedes,2009,-0.7092774744799447,False,False
Mercedes,2009,-0.7254622179569042,False,False
Mercedes,2010,0.8002114682718436,False,False
Mercedes,2010,0.5177753045950295,False,False
Mercedes,2010,-1.18114468404559,False,False
Mercedes,2010,-0.79681131241414,False,False
Mercedes,2011,-0.14871776282496577,False,False
Mercedes,2011,-0.26802371982685996,False,False
Mercedes,2012,2.083153277554048,False,False
Mercedes,2012,1.6813495589700282,False,False
Mercedes,2013,-0.46145259911290715,False,False
Mercedes,2013,-0.6960284098745831,False,False
Mercedes,2013,-1.2293774805486144,False,False
Mercedes,2013,-1.028482563799782,False,False
Mercedes,2014,1.453186485345861,False,False
Mercedes,2014,1.7040257344605172,False,False
Mercedes,2015,1.2198750911856666,False,False
Mercedes,2015,0.8181414770520525,False,False
Mercedes,2016,0.6337311964112817,False,False
Mercedes,2016,1.2915436912404519,False,False
Mercedes,2017,-11.320440846203109,True,False
Mercedes,2017,-1.7811404418703471,True,False
Mercedes,2018,1.9022081804739543,False,False
Mercedes,2018,1.2545850867268427,False,False
Mercedes,2018,-0.39752319599996266,False,False
Mercedes,2018,-0.27663176645463305,False,False
Mercedes,2019,0.6847083572968975,False,False
Mercedes,2019,0.40409257563704126,False,False
Mercedes,2019,-1.0712481105457126,False,False
Mercedes,2019,-0.7302967433402217,False,False
Mercedes,2020,-2.3333871555504646,True,False
Mercedes,2020,-1.3891590682080786,False,False
Mercedes,2020,-0.30681982373123134,False,False
Mercedes,2020,0.0887793523236951,False,False
Mercedes,2021,-0.9911170088188728,False,False
Mercedes,2021,-0.7302967433402227,False,False
Mercedes,2021,-0.7302967433402227,False,False
Mercedes,2021,-0.7302967433402227,False,False
Mercedes,2022,-8.27345151674924,True,False
Mercedes,2022,-1.788854381999832,True,False
Mercedes,2022,0.7302967433402215,False,False
Mercedes,2022,0.7302967433402215,False,False
Mercedes,2023,2.5560386016907755,False,False
Mercedes,2023,1.4342743312012725,False,False
Mercedes,2023,-0.4097926660575064,False,False
Mercedes,2023,-0.8916793283125259,False,False
Mercedes,2024,-0.33183182419798407,False,False
Mercedes,2024,-0.3903600291794133,False,False
Mercedes,2024,0.7911548052852398,False,False
Mercedes,2024,1.5614401167176533,False,False
Metan,1981,,False,False
Metan,1982,,False,False
Metan,1983,,False,False
Metan,1984,1.1980260790615225,False,False
Metan,1985,-0.757699801073126,False,False
Metan,1986,-0.03454845813940613,False,False
Metan,1988,-1.693602094291144,True,False
Metan,1989,1.0246452647823014,False,False
Metan,1991,0.3893826013189511,False,False
Metan,1992,1.6404112045360895,False,False
Metan,1993,1.5856021920803849,False,False
Metan,1994,1.0208991555426499,False,False
Metan,1995,0.9319784061879695,False,False
Metan,1996,0.9148093050234598,False,False
Metan,1997,-2.348633383657156,True,False
Metan,1998,1.3337623810931596,False,False
Metan,1999,1.4049393558149232,False,False
Metan,2001,1.7098750909048552,False,False
Metan,2002,-1.915413057820091,True,False
Metan,2003,-2.304792821474255,True,False
Metan,2004,0.9546687410108762,False,False
Metan,2005,2.275558379577336,False,False
Metan,2006,1.1285761872936695,False,False
Metan,2007,0.5847248685948421,False,False
Metan,2008,-0.1597605386535342,False,False
Metan,2009,1.1840283260644895,False,False
Metan,2010,2.201941176285194,False,False
Metan,2011,0.4447811872013887,False,False
Metan,2012,-5.03114744108707,True,False
Metan,2013,0.8742840993052329,False,False
Metan,2014,0.8743019462287711,False,False
Metan,2015,0.5798303784337382,False,False
Metan,2016,1.1211135316045473,False,False
Metan,2017,0.40931560807732076,False,False
Metan,2018,2.104939246336875,False,False
Metan,2019,0.8882798522371278,False,False
Metan,2020,1.3324197783556917,False,False
Metan,2021,-0.7893522173763281,False,False
Metan,2022,-1.6193868571479326,True,False
Metan,2023,-4.172404010145788,True,False
Metan,2024,0.32521370270103894,False,False
Mitre,1981,,False,False
Mitre,1982,,False,False
Mitre,1983,,False,False
Mitre,1984,29.192272985900427,False,False
Mitre,1985,-0.8830446850594776,False,False
Mitre,1986,1.953520767108546,False,False
Mitre,1987,1.7654814520699316,False,False
Mitre,1988,-1.3644703767731252,False,False
Mitre,1989,0.019849218379215636,False,False
Mitre,2010,5.7695286571641935,False,False
Mitre,2011,0.6737636224110662,False,False
Mitre,2012,-0.7224477337299747,False,False
Mitre,2013,1.815662720160017,False,False
Mitre,2014,1.1419398912529255,False,False
Mitre,2015,0.6896953089248543,False,False
Mitre,2016,1.0970076226141263,False,False
Mitre,2017,-0.9403246919632545,False,False
Mitre,2018,0.023257386301548277,False,False
Mitre,2019,0.10029542161850229,False,False
Mitre,2020,0.44127441318086547,False,False
Mitre,2021,0.41267289728500106,False,False
Mitre,2022,-0.748875070616398,False,False
Mitre,2023,-2.924852386451727,True,False
Mitre,2024,-0.45053831982869813,False,False
Monte,1981,,False,False
Monte,1982,,False,False
Monte,1983,,False,False
Monte,1984,-1.050702400857729,False,False
Monte,1985,0.21358941442919022,False,False
Monte,1986,1.398308043535252,False,False
Monte,1987,1.7446344359096657,False,False
Monte,1988,0.13759117684487285,False,False
Monte,1989,0.7455318070087739,False,False
Monte,1990,3.4069060324431852,False,False
Monte,1991,1.5888552204730344,False,False
Monte,1992,0.1823813128649737,False,False
Monte,1993,-0.26333537945294916,False,False
Monte,1994,0.8191676686097806,False,False
Monte,1995,-1.4630419524436908,False,False
Monte,1996,0.9368972885111165,False,False
Monte,1997,7.031375862711331,False,False
Monte,1998,-0.40278403472626245,False,False
Monte,1999,-0.11336864306867192,False,False
Monte,2000,-0.5545938892579569,False,False
Monte,2001,0.18747920636624704,False,False
Monte,2002,2.672487744653343,False,False
Monte,2003,1.6675505323932234,False,False
Monte,2004,1.6481075955175701,False,False
Monte,2005,0.29516882212471435,False,False
Monte,2006,1.6590447090328333,False,False
Monte,2007,-0.4525325162674242,False,False
Monte,2008,-3.8298983760889853,True,False
Monte,2009,0.3799374139750557,False,False
Monte,2010,-0.5832905954479878,False,False
Monte,2011,-1.2726622686938813,False,False
Monte,2012,0.5080259286146726,False,False
Monte,2013,0.47122043458063423,False,False
Monte,2014,1.21966580599562,False,False
Monte,2015,1.389725176602929,False,False
Monte,2016,0.9171356800276981,False,False
Monte,2017,-3.712878948399751,True,False
Monte,2018,0.17898490189307292,False,False
Monte,2019,-0.2657163663003931,False,False
Monte,2020,-0.16445947258602966,False,False
Monte,2021,-0.4344542229926871,False,False
Monte,2022,-2.1836401247631896,True,False
Monte,2023,-0.056346018935876,False,False
Monte,2024,0.38420560501274265,False,False
Monte Caseros,1981,,False,False
Monte Caseros,1982,,False,False
Monte Caseros,1983,,False,False
Monte Caseros,1984,-1.7518164979459412,True,False
Monte Caseros,1986,2.8636387614222025,False,False
Monte Caseros,1987,0.17666072064815497,False,False
Monte Caseros,1988,9.881882981799468,False,False
Monte Caseros,1989,0.9034881903496147,False,False
Monte Caseros,1992,-0.19529207360564968,False,False
Monte Caseros,1993,-0.6243252581329876,False,False
Monte Caseros,1995,-0.18570566461618507,False,False
Monte Caseros,1996,-0.40087696508670057,False,False
Monte Caseros,1997,-0.34234861230515723,False,False
Monte Caseros,1998,1.4740592521106577,False,False
Monte Caseros,1999,0.439671510095091,False,False
Monte Caseros,2000,25.111594072514492,False,False
Monte Caseros,2001,1.431008146988082,False,False
Monte Caseros,2002,0.8244680844757881,False,False
Monte Caseros,2003,0.04881647975325073,False,False
Monte Caseros,2005,-0.831353930156513,False,False
Monte Caseros,2007,-2.114217821333295,True,False
Monte Caseros,2008,-2.612956458944831,True,False
Monte Caseros,2009,-1.3762970958331557,False,False
Monte Caseros,2010,-1.0555629288871395,False,False
Monte Caseros,2013,2.068172109648459,False,False
Montecarlo,1981,,False,False
Montecarlo,1982,,False,False
Montecarlo,1983,,False,False
Montecarlo,1984,-0.43643578047198517,False,False
Montecarlo,1985,-2.192108573953397,True,False
Montecarlo,1986,2.5676230399958913,False,False
Montecarlo,1987,1.8481637621032163,False,False
Montecarlo,1988,2.461064539597638,False,False
Montecarlo,1989,1.9431609518938673,False,False
Montecarlo,1993,2.01575115488361,False,False
Montecarlo,1994,1.2851000047561738,False,False
Montecarlo,1995,-1.8100682178803618,True,False
Montecarlo,1996,1.010441474304284,False,False
Montecarlo,1997,-2.36110624680359,True,False
Montecarlo,1998,0.6071202225808006,False,False
Montecarlo,1999,0.577870966157433,False,False
Montecarlo,2000,0.6134081522305581,False,False
Montecarlo,2001,-0.7097141444344022,False,False
Montecarlo,2002,0.3702346216911228,False,False
Montecarlo,2003,-2.032312357505647,True,False
Montecarlo,2004,-2.985115832597423,True,False
Montecarlo,2005,-3.1042583090327107,True,False
Montecarlo,2006,-0.9155440407114136,False,False
Montecarlo,2007,-0.7168195730960147,False,False
Montecarlo,2008,-1.0040543602026866,False,False
Montecarlo,2009,3.273257951427029,False,False
Montecarlo,2010,1.6374026262349406,False,False
Montecarlo,2011,-0.3509468362190961,False,False
Montecarlo,2012,1.4463282826110078,False,False
Montecarlo,2013,1.6844603935741973,False,False
Montecarlo,2014,0.9965837752655293,False,False
Montecarlo,2015,0.9677968312341709,False,False
Montecarlo,2016,0.7868652549310952,False,False
Montecarlo,2017,1.1519545148004446,False,False
Montecarlo,2018,13.685109372325362,False,False
Montecarlo,2019,1.6594251422221264,False,False
Montecarlo,2020,-3.529474844300143,True,False
Montecarlo,2021,0.1480691809209852,False,False
Montecarlo,2022,0.3499368309099284,False,False
Montecarlo,2023,-0.15692049380967876,False,False
Montecarlo,2024,1.0139557075469925,False,False
Moreno,1981,,False,False
Moreno,1982,,False,False
Moreno,1983,,False,False
Moreno,1984,inf,False,False
Moreno,1985,-1.0766526019690577,False,False
Moreno,1986,2.9291148864332466,False,False
Moreno,1987,3.136976697762902,False,False
Moreno,1988,-1.2335375690354176,False,False
Moreno,1989,-0.06845980113927702,False,False
Moreno,1991,1.115535223440337,False,False
Moreno,1992,0.5532737998324987,False,False
Moreno,1993,-0.27938176854838076,False,False
Moreno,1994,-0.330028903540673,False,False
Moreno,1995,0.19551558093828494,False,False
Moreno,1996,-0.42000654423390094,False,False
Moreno,1997,3.578394016230711,False,False
Moreno,1998,0.09343221344909983,False,False
Moreno,2002,0.4543108649584811,False,False
Moreno,2003,-0.9003410165098472,False,False
Moreno,2004,-0.9521108602481255,False,False
Moreno,2005,6.067722647074221,False,False
Moreno,2006,0.6362549510216634,False,False
Moreno,2007,0.14642369517723614,False,False
Moreno,2008,-1.4706424237221036,False,False
Moreno,2009,0.5331414613963664,False,False
Moreno,2010,0.7876524709083346,False,False
Moreno,2011,0.260275248941039,False,False
Moreno,2012,0.013217585019787037,False,False
Moreno,2013,2.101628665129456,False,False
Moreno,2014,0.3557950414191738,False,False
Moreno,2015,1.3384606387444995,False,False
Moreno,2016,0.616093875899544,False,False
Moreno,2017,-0.5736277915056599,False,False
Moreno,2018,-0.08961089734771656,False,False
Moreno,2019,1.3373310645325922,False,False
Moreno,2020,0.8705348860830908,False,False
Moreno,2021,1.0415411721845633,False,False
Moreno,2022,-0.4032413297745778,False,False
Moreno,2023,-9.114676938645527,True,False
Moreno,2024,-1.6637507882776212,True,False
Navarro,1981,,False,False
Navarro,1982,,False,False
Navarro,1983,,False,False
Navarro,1984,-4.041451884327381,True,False
Navarro,1985,1.2583057392117916,False,False
Navarro,1986,-2.8727393858384316,True,False
Navarro,1987,-0.09824191839958694,False,False
Navarro,1988,-1.18850076144086,False,False
Navarro,1989,1.5186398618410988,False,False
Navarro,1990,2.369316829613377,False,False
Navarro,1991,1.6497330496885216,False,False
Navarro,1992,0.34194495206904163,False,False
Navarro,1993,0.053611321129413345,False,False
Navarro,1994,1.0507549529560027,False,False
Navarro,1995,-0.9488388314127154,False,False
Navarro,1996,1.8917825971279059,False,False
Navarro,1997,5.148238774390843,False,False
Navarro,1998,-0.2038322562753441,False,False
Navarro,1999,-0.443832877503699,False,False
Navarro,2000,0.5514588161752878,False,False
Navarro,2001,-0.43984482267304137,False,False
Navarro,2002,1.1257568559167055,False,False
Navarro,2003,2.3422524282921673,False,False
Navarro,2004,2.3800895579369654,False,False
Navarro,2005,0.49330208125619,False,False
Navarro,2006,1.6849321500656969,False,False
Navarro,2007,-0.25589574831612605,False,False
Navarro,2008,-4.086563348340509,True,False
Navarro,2009,0.6939779183594883,False,False
Navarro,2010,-0.6851646569654467,False,False
Navarro,2011,-1.3152348022856382,False,False
Navarro,2012,1.0190821092544944,False,False
Navarro,2013,0.2908955490143393,False,False
Navarro,2014,1.0915880630349906,False,False
Navarro,2015,0.6299449720946247,False,False
Navarro,2016,0.6123814796762072,False,False
Navarro,2017,-4.64538517234399,True,False
Navarro,2018,0.5319487121089874,False,False
Navarro,2019,-0.07322520259382125,False,False
Navarro,2020,-0.08014117280572415,False,False
Navarro,2021,-0.44168290980419717,False,False
Navarro,2022,-2.17075475550474,True,False
Navarro,2023,-0.2016680352080203,False,False
Navarro,2024,0.2879438741213176,False,False
Necochea,1981,,False,False
Necochea,1982,,False,False
Necochea,1983,,False,False
Necochea,1984,-0.1966797620316302,False,False
Necochea,1985,3.9865458573874104,False,False
Necochea,1986,-0.9551617647766668,False,False
Necochea,1987,-0.20411408714024426,False,False
Necochea,1988,0.8192623622913054,False,False
Necochea,1989,0.8058438027350099,False,False
Necochea,1990,0.267074773586465,False,False
Necochea,1991,3.213445835269659,False,False
Necochea,1992,-1.5167797797218519,True,False
Necochea,1993,1.5251996242866432,False,False
Necochea,1994,2.0834636992638607,False,False
Necochea,1995,-0.8812984519394511,False,False
Necochea,1996,2.315402871745699,False,False
Necochea,1997,1.9435234427105168,False,False
Necochea,1998,-0.8227157267258308,False,False
Necochea,1999,0.5563959267068598,False,False
Necochea,2000,-0.07898840491438312,False,False
Necochea,2001,0.9983954997247406,False,False
Necochea,2002,0.14739107251674843,False,False
Necochea,2003,2.6267124800785386,False,False
Necochea,2004,0.8865782722900764,False,False
Necochea,2005,-0.6306773920134633,False,False
Necochea,2006,-1.6306337925326901,True,False
Necochea,2007,0.3075134233923297,False,False
Necochea,2008,-2.368995213248689,True,False
Necochea,2009,1.4672841980149718,False,False
Necochea,2010,1.7792730257045992,False,False
Necochea,2011,1.2131924091227428,False,False
Necochea,2012,0.3144903359084495,False,False
Necochea,2013,0.4606948268432879,False,False
Necochea,2014,0.08865517751317195,False,False
Necochea,2015,-0.6870687590122654,False,False
Necochea,2016,-3.7291777803281705,True,False
Necochea,2017,-3.214732169866821,True,False
Necochea,2018,-0.8927411816006928,False,False
Necochea,2019,-1.294978886815477,False,False
Necochea,2020,1.2415318255628214,False,False
Necochea,2021,-4.3372965834277295,True,False
Necochea,2022,-0.8008093072378122,False,False
Necochea,2023,0.2632657906278432,False,False
Necochea,2024,0.09456040174072021,False,False
Nogoya,1981,,False,False
Nogoya,1982,,False,False
Nogoya,1983,,False,False
Nogoya,1984,-1.0934230985290296,False,False
Nogoya,1985,3.5269780130127013,False,False
Nogoya,1986,0.07644479019591555,False,False
Nogoya,1987,4.4362783243417825,False,False
Nogoya,1988,-0.7811772677030889,False,False
Nogoya,1989,-0.10189268709170725,False,False
Nogoya,1990,0.8720977525334215,False,False
Nogoya,1991,1.6874223799773829,False,False
Nogoya,1992,0.5565296552561292,False,False
Nogoya,1993,0.24368783036828817,False,False
Nogoya,1994,1.040820926672307,False,False
Nogoya,1995,-0.4410157050739812,False,False
Nogoya,1996,-2.270539805117844,True,False
Nogoya,1997,4.008008770852705,False,False
Nogoya,1998,1.0630727051860929,False,False
Nogoya,1999,-1.279854118559356,False,False
Nogoya,2000,0.5480228475735192,False,False
Nogoya,2001,0.5875501965104051,False,False
Nogoya,2002,0.9276027600134761,False,False
Nogoya,2003,1.7147444571774666,False,False
Nogoya,2004,1.2136488018245777,False,False
Nogoya,2005,-1.3668528654436685,False,False
Nogoya,2006,1.5512630699850576,False,False
Nogoya,2007,-0.8831061285289364,False,False
Nogoya,2008,-3.3770070082999126,True,False
Nogoya,2009,1.0286513353872877,False,False
Nogoya,2010,0.06363709207042295,False,False
Nogoya,2011,-0.01886149883828361,False,False
Nogoya,2012,0.40010595387791276,False,False
Nogoya,2013,0.16444407093672203,False,False
Nogoya,2014,0.7050699765969328,False,False
Nogoya,2015,0.4733130164700073,False,False
Nogoya,2016,1.0160010160015256,False,False
Nogoya,2017,-6.444005218187885,True,False
Nogoya,2018,1.163379854313283,False,False
Nogoya,2019,0.6154574548966637,False,False
Nogoya,2020,-0.9929369333777898,False,False
Nogoya,2021,-1.9753405892022153,True,False
Nogoya,2022,-1.9221135026263636,True,False
Nogoya,2023,0.09282589685957411,False,False
Nogoya,2024,1.2323902970139007,False,False
O'Higgins,1981,,False,False
O'Higgins,1982,,False,False
O'Higgins,1983,,False,False
O'Higgins,1984,7.020021492444734,False,False
O'Higgins,1985,-1.34411290957189,False,False
O'Higgins,1986,-0.8317394651803935,False,False
O'Higgins,1987,3.6054494402922392,False,False
O'Higgins,1988,-1.1559739128935589,False,False
O'Higgins,1989,0.03903994258683994,False,False
O'Higgins,1991,2.298988204170581,False,False
O'Higgins,1992,1.564903548583666,False,False
O'Higgins,1993,-0.5604714075777099,False,False
O'Higgins,1994,-0.4057649804918765,False,False
O'Higgins,1995,0.4411418466436552,False,False
O'Higgins,1996,-0.5119727459204855,False,False
O'Higgins,1997,2.1401767496711352,False,False
O'Higgins,1998,0.2566833160680804,False,False
O'Higgins,1999,1.8376456204438143,False,False
O'Higgins,2000,-1.128388834148579,False,False
O'Higgins,2001,0.7408537979154052,False,False
O'Higgins,2002,-0.20117190069773294,False,False
O'Higgins,2003,0.4412673926238491,False,False
O'Higgins,2004,-0.8165126959746659,False,False
O'Higgins,2005,-0.07267971247962576,False,False
O'Higgins,2006,0.5271040028652945,False,False
O'Higgins,2007,3.020731210816603,False,False
O'Higgins,2008,-3.281946471091166,True,False
O'Higgins,2009,0.6317396794759963,False,False
O'Higgins,2010,1.9786710515987196,False,False
O'Higgins,2011,-0.4332240604626726,False,False
O'Higgins,2012,-0.0310789668061025,False,False
O'Higgins,2013,4.420335214232002,False,False
O'Higgins,2014,0.7431181527643547,False,False
O'Higgins,2015,0.3755870851083796,False,False
O'Higgins,2016,1.3321804142123987,False,False
O'Higgins,2017,-0.10184680395023911,False,False
O'Higgins,2018,-0.8728715609439693,False,False
O'Higgins,2019,1.3732186977450944,False,False
O'Higgins,2020,-0.9117425745798329,False,False
O'Higgins,2021,-0.868257654276542,False,False
O'Higgins,2022,-2.502247513964629,True,False
O'Higgins,2023,-2.611945035217305,True,False
O'Higgins,2024,-1.6752425644259505,True,False
Obera,1981,,False,False
Obera,1982,,False,False
Obera,1983,,False,False
Obera,1984,-1.0910894511799623,False,False
Obera,1985,-1.9466666666666663,True,False
Obera,1986,2.9935665134829543,False,False
Obera,1987,1.5551245096905448,False,False
Obera,1988,2.3291441358323994,False,False
Obera,1989,1.7341178123665189,False,False
Obera,1991,1.9819813743110937,False,False
Obera,1992,-4.532269173236924,True,False
Obera,1993,-0.3202412515414706,False,False
Obera,1994,-0.2260656977091286,False,False
Obera,1995,-0.3744683191568876,False,False
Obera,1996,1.416514430623757,False,False
Obera,1997,-0.5521687621690223,False,False
Obera,1998,0.7951083369001773,False,False
Obera,1999,1.173842113942437,False,False
Obera,2000,0.8012300040210012,False,False
Obera,2001,-0.4204850054832981,False,False
Obera,2002,0.5619820435672358,False,False
Obera,2003,-2.598076211353316,True,False
Obera,2004,-2.5342103744997617,True,False
Obera,2005,-0.6804138174397717,False,False
Obera,2006,-2.0724314384411144,True,False
Obera,2007,-1.2005980021663674,False,False
Obera,2008,-1.7442261635886824,True,False
Obera,2009,1.9963060228856293,False,False
Obera,2010,1.4885644731566523,False,False
Obera,2011,-0.49452262882447495,False,False
Obera,2012,1.448692002017357,False,False
Obera,2013,1.3636937906339661,False,False
Obera,2014,1.144561627033896,False,False
Obera,2015,0.9218086248532735,False,False
Obera,2016,0.7819368253299988,False,False
Obera,2017,1.3299844397422553,False,False
Obera,2018,11.358834069686713,False,False
Obera,2019,1.6446845150094986,False,False
Obera,2020,0.48501230709291465,False,False
Obera,2021,-0.37068123792912927,False,False
Obera,2022,0.11834008774550947,False,False
Obera,2023,-2.162908363484798,True,False
Obera,2024,2.2641442126069924,False,False
Olavarria,1981,,False,False
Olavarria,1982,,False,False
Olavarria,1983,,False,False
Olavarria,1984,-0.09693192572941599,False,False
Olavarria,1985,1.3071587928302835,False,False
Olavarria,1986,-0.3352725798368388,False,False
Olavarria,1987,0.7302967433402214,False,False
Olavarria,1988,-1.0817343730007583,False,False
Olavarria,1989,1.1178135660559776,False,False
Olavarria,1990,1.5766749700091425,False,False
Olavarria,1991,2.3515826940843882,False,False
Olavarria,1992,-0.4674820846123574,False,False
Olavarria,1993,0.468988405707731,False,False
Olavarria,1994,0.1643989873053573,False,False
Olavarria,1995,0.0,False,False
Olavarria,1996,0.7113494218736668,False,False
Olavarria,1997,3.8272144704429714,False,False
Olavarria,1998,-2.1946212096997346,True,False
Olavarria,1999,0.6379910838584114,False,False
Olavarria,2000,0.0631248770257671,False,False
Olavarria,2001,0.3879560433068053,False,False
Olavarria,2002,1.1006590669591512,False,False
Olavarria,2003,1.1006590669591512,False,False
Olavarria,2004,1.0434983894999021,False,False
Olavarria,2005,0.0,False,False
Olavarria,2006,0.44721359549995815,False,False
Olavarria,2007,-8.671793355471541,True,False
Olavarria,2008,-3.5243357144766487,True,False
Olavarria,2009,0.8085104096385366,False,False
Olavarria,2010,0.2877637049815526,False,False
Olavarria,2011,1.5364235195191702,False,False
Olavarria,2012,1.1715715094905843,False,False
Olavarria,2013,-0.8223370645763316,False,False
Olavarria,2014,0.12380739323412651,False,False
Olavarria,2015,0.5945579378505766,False,False
Olavarria,2016,0.7018695499449659,False,False
Olavarria,2017,-1.690867552140145,True,False
Olavarria,2018,0.893555004355617,False,False
Olavarria,2019,0.4257149797315433,False,False
Olavarria,2020,-0.16116459280507603,False,False
Olavarria,2021,0.5894515103975215,False,False
Olavarria,2022,-0.0337099931231621,False,False
Olavarria,2023,-2.293365171429048,True,False
Olavarria,2024,-2.26254671709974,True,False
Oran,1981,,False,False
Oran,1982,,False,False
Oran,1983,,False,False
Oran,1984,0.41478067789217055,False,False
Oran,1985,-1.4770978917519926,False,False
Oran,1986,-1.0849016057932965,False,False
Oran,1987,2.9211869733608857,False,False
Oran,1988,-0.9561828874675149,False,False
Oran,1989,1.5652475842498528,False,False
Oran,1991,0.7302967433402214,False,False
Oran,1992,1.6226015595011372,False,False
Oran,1993,1.0817343730007583,False,False
Oran,1994,1.0638770311222052,False,False
Oran,1995,-1.3708766964377916,False,False
Oran,1996,0.3063839257090316,False,False
Oran,1997,-0.5656077311465514,False,False
Oran,1998,0.24428258301208278,False,False
Oran,1999,-2.6167267574884674,True,False
Oran,2001,-0.012084732336163405,False,False
Oran,2002,-0.1342676350525633,False,False
Oran,2003,3.4094782017045433,False,False
Oran,2004,1.526012080976795,False,False
Oran,2005,1.0434983894999017,False,False
Oran,2006,0.7302967433402214,False,False
Oran,2007,0.8944271909999159,False,False
Oran,2008,-1.5652475842498528,True,False
Oran,2009,7.120393247567159,False,False
Oran,2010,2.738647365751822,False,False
Oran,2011,1.134779937436156,False,False
Oran,2012,-5.492487125336983,True,False
Oran,2013,1.1433182921983989,False,False
Oran,2014,0.8560481039742767,False,False
Oran,2015,0.3931039438587363,False,False
Oran,2016,0.9779953941097144,False,False
Oran,2017,0.4383745350740826,False,False
Oran,2018,2.287012385059603,False,False
Oran,2019,1.0867955456275653,False,False
Oran,2020,0.7405686506635357,False,False
Oran,2021,-0.6055300708194998,False,False
Oran,2022,-2.0699050804936783,True,False
Oran,2023,-5.130789412946129,True,False
Oran,2024,0.09205746178983236,False,False
Palpala,1998,,False,False
Palpala,1999,,False,False
Palpala,2000,,False,False
Palpala,2001,-0.2773500981126146,False,False
Palpala,2002,-0.2511655074836764,False,False
Palpala,2003,0.0,False,False
Palpala,2004,5.301247570756493,False,False
Palpala,2005,3.587319101824426,False,False
Palpala,2006,1.5712841442215062,False,False
Palpala,2007,1.0051285425603058,False,False
Palpala,2008,-0.5000778928866265,False,False
Palpala,2009,1.8257418583505536,False,False
Palpala,2010,2.4922143828572376,False,False
Palpala,2011,1.8066981259563266,False,False
Palpala,2012,-5.595718624846539,True,False
Palpala,2013,1.0710397761754904,False,False
Palpala,2014,0.8641926139412727,False,False
Palpala,2015,-0.2906926562935527,False,False
Palpala,2016,-0.9258666530311025,False,False
Palpala,2017,-0.08888384388297875,False,False
Palpala,2018,0.2963977267402025,False,False
Palpala,2019,1.3730311818713719,False,False
Palpala,2020,1.8304110495986534,False,False
Palpala,2021,-0.6288050145111769,False,False
Palpala,2022,-0.963664743420691,False,False
Palpala,2023,-0.7128287363812041,False,False
Palpala,2024,-0.7979566057359603,False,False
Parana,1981,,False,False
Parana,1982,,False,False
Parana,1983,,False,False
Parana,1984,0.7103488464899156,False,False
Parana,1985,4.958699104139037,False,False
Parana,1986,1.4688987168479162,False,False
Parana,1987,3.5335908715511013,False,False
Parana,1988,-0.9659932177051298,False,False
Parana,1989,0.14969264831890566,False,False
Parana,1990,1.5182287667027687,False,False
Parana,1991,1.3650158803266068,False,False
Parana,1992,0.980174613180859,False,False
Parana,1993,0.005603112865501617,False,False
Parana,1994,2.179545430059844,False,False
Parana,1995,-0.3385666953520566,False,False
Parana,1996,0.5529188344006819,False,False
Parana,1997,2.8597222626069114,False,False
Parana,1998,0.7063705733291954,False,False
Parana,1999,-2.003644802734666,True,False
Parana,2000,1.17027210232545,False,False
Parana,2001,0.6320268745223575,False,False
Parana,2002,0.4890343268954646,False,False
Parana,2003,1.7041666156393724,False,False
Parana,2004,0.8512250604346743,False,False
Parana,2005,-2.769462910390763,True,False
Parana,2006,1.5322617553657474,False,False
Parana,2007,-0.8026663322224312,False,False
Parana,2008,-2.6721752274311377,True,False
Parana,2009,1.1997510540515401,False,False
Parana,2010,-0.3209716069314731,False,False
Parana,2011,0.07094104516423341,False,False
Parana,2012,1.143520836733281,False,False
Parana,2013,-0.1693865451961886,False,False
Parana,2014,0.7598789876980412,False,False
Parana,2015,0.7961410624689323,False,False
Parana,2016,0.7107423155935333,False,False
Parana,2017,-2.3190620475717774,True,False
Parana,2018,0.8583616610406211,False,False
Parana,2019,-0.11688492499543454,False,False
Parana,2020,-1.1643660820815558,False,False
Parana,2021,-1.7312154184057558,True,False
Parana,2022,-2.1014698632837536,True,False
Parana,2023,0.08478501284163323,False,False
Parana,2024,0.528971619284935,False,False
Paso De Los Libres,1981,,False,False
Paso De Los Libres,1982,,False,False
Paso De Los Libres,1983,,False,False
Paso De Los Libres,1984,-2.071465620648795,True,False
Paso De Los Libres,1992,7.840052404390397,False,False
Paso De Los Libres,1993,2.36091238536059,False,False
Paso De Los Libres,1997,1.2887118875640624,False,False
Paso De Los Libres,2000,0.5142956348249517,False,False
Paso De Los Libres,2001,0.4570565112731423,False,False
Paso De Los Libres,2002,-3.3487594508093617,True,False
Paso De Los Libres,2003,-0.8250991168139427,False,False
Paso De Los Libres,2005,3.7293146808588102,False,False
Paso De Los Libres,2007,-0.6998491784885967,False,False
Paso De Los Libres,2008,-3.0202961477656616,True,False
Paso De Los Libres,2009,-0.869712786967854,False,False
Paso De Los Libres,2010,5.352485545567776,False,False
Paso De Los Libres,2013,0.555778767201922,False,False
Paso De Los Libres,2018,2.5957416129343374,False,False
Paso De Los Libres,2019,1.34723999461104,False,False
Paso De Los Libres,2020,0.5491214278264853,False,False
Paso De Los Libres,2021,-0.47032349344007407,False,False
Paso De Los Libres,2022,-0.44376370909324786,False,False
Paso De Los Libres,2023,-1.5758335037455873,True,False
Paso De Los Libres,2024,1.6625590407869923,False,False
Patagones,1981,,False,False
Patagones,1982,,False,False
Patagones,1983,,False,False
Patagones,1984,10.076291762451358,False,False
Patagones,1985,0.15159851954541545,False,False
Patagones,1986,-1.7729008584427715,True,False
Patagones,1987,1.7885067048695034,False,False
Patagones,1988,0.5048893886760623,False,False
Patagones,1989,0.9264487087968486,False,False
Patagones,1990,2.0318886358684694,False,False
Patagones,1996,1.9170289512680814,False,False
Patagones,1997,1.199417593710616,False,False
Patagones,1998,1.4830264496899837,False,False
Patagones,1999,0.49142479039611536,False,False
Patagones,2000,-1.700629072032596,True,False
Patagones,2001,0.2555962315276721,False,False
Patagones,2002,1.687934510173543,False,False
Patagones,2003,1.1084862159060376,False,False
Patagones,2004,0.9448212808370555,False,False
Patagones,2005,2.6649575374488745,False,False
Patagones,2006,1.7701583021535414,False,False
Patagones,2007,-2.8433037567198256,True,False
Patagones,2008,-0.1701161911658335,False,False
Patagones,2009,-0.18678297165038849,False,False
Patagones,2010,-0.7235156488066764,False,False
Patagones,2011,-2.8409070740126334,True,False
Patagones,2012,1.8136501297932328,False,False
Patagones,2013,1.3780052225933137,False,False
Patagones,2014,0.9847019559166245,False,False
Patagones,2015,0.9412928016523454,False,False
Patagones,2016,-2.5754996370737078,True,False
Patagones,2017,0.41509961733021666,False,False
Patagones,2018,0.4168006160153946,False,False
Patagones,2019,0.5635613963025053,False,False
Patagones,2020,0.9579226052326553,False,False
Patagones,2021,0.40877055672837054,False,False
Patagones,2022,-0.09514375336725503,False,False
Patagones,2023,-0.2637521893583148,False,False
Patagones,2024,-0.7453559924999299,False,False
Patino,1981,,False,False
Patino,1982,,False,False
Patino,1983,,False,False
Patino,1984,-0.970725343394151,False,False
Patino,1985,-0.03649861916169541,False,False
Patino,1986,-0.8663468232652661,False,False
Patino,1987,-4.919646123754676,True,False
Patino,1988,-0.36968485181378885,False,False
Patino,1989,4.516690982952561,False,False
Patino,1990,1.9614876273726043,False,False
Patino,1991,1.0278662780227261,False,False
Patino,1992,0.31502418526574816,False,False
Patino,1993,-0.006937778237901072,False,False
Patino,1994,0.4358024229864306,False,False
Patino,1995,-2.1028644213650134,True,False
Patino,1996,2.5787639397340847,False,False
Patino,1997,-0.8454187732993064,False,False
Patino,1998,-0.8049488784124804,False,False
Patino,2001,1.75557163817351,False,False
Patino,2002,-1.2853747489028347,False,False
Patino,2003,-0.04617162475842801,False,False
Patino,2004,0.33130252383346576,False,False
Patino,2021,-1.3898323111353836,False,False
Patino,2022,1.7712124508356655,False,False
Patino,2023,-0.4279606980920945,False,False
Patino,2024,1.7021475058437603,False,False
Pehuajo,1981,,False,False
Pehuajo,1982,,False,False
Pehuajo,1983,,False,False
Pehuajo,1984,0.14955997833604603,False,False
Pehuajo,1985,1.067606316810188,False,False
Pehuajo,1986,-1.2015348503824455,False,False
Pehuajo,1987,0.6516643338470544,False,False
Pehuajo,1988,0.07109964136986766,False,False
Pehuajo,1989,-0.8441970218772692,False,False
Pehuajo,1990,3.284631638891481,False,False
Pehuajo,1991,1.0263843074782721,False,False
Pehuajo,1992,1.1931364153405315,False,False
Pehuajo,1993,0.0161203511574023,False,False
Pehuajo,1994,1.4681537530592272,False,False
Pehuajo,1995,-4.26756278646559,True,False
Pehuajo,1996,0.1341611115556323,False,False
Pehuajo,1997,2.805932892179882,False,False
Pehuajo,1998,1.0337907710307994,False,False
Pehuajo,1999,0.9272674659921428,False,False
Pehuajo,2000,-0.0609098810714187,False,False
Pehuajo,2001,0.6203670154457015,False,False
Pehuajo,2002,0.489221293608612,False,False
Pehuajo,2003,1.2570787221094206,False,False
Pehuajo,2004,1.8354442336146324,False,False
Pehuajo,2005,0.8610139915910469,False,False
Pehuajo,2006,2.2619349703044005,False,False
Pehuajo,2007,-0.2912331607607588,False,False
Pehuajo,2008,-9.167630803291287,True,False
Pehuajo,2009,0.4765573934334426,False,False
Pehuajo,2010,-0.43237655175055056,False,False
Pehuajo,2011,0.7311320465964624,False,False
Pehuajo,2012,0.5796665005278283,False,False
Pehuajo,2013,-0.4718471710112968,False,False
Pehuajo,2014,-0.4201407979135148,False,False
Pehuajo,2015,0.9308851602849328,False,False
Pehuajo,2016,0.2153530796753511,False,False
Pehuajo,2017,-0.8441516050145973,False,False
Pehuajo,2018,2.0577074486293374,False,False
Pehuajo,2019,0.8730422136751046,False,False
Pehuajo,2020,-1.450942238850641,False,False
Pehuajo,2021,0.8718505203918295,False,False
Pehuajo,2022,-1.4142135623730963,False,False
Pehuajo,2023,-0.04347004424644178,False,False
Pehuajo,2024,0.5875731207359225,False,False
Pellegrini,1981,,False,False
Pellegrini,1981,,False,False
Pellegrini,1981,,False,False
Pellegrini,1981,-1.1547005383792515,False,False
Pellegrini,1982,4.828233133517164,False,False
Pellegrini,1982,1.660292472131221,False,False
Pellegrini,1982,-0.9078496858322118,False,False
Pellegrini,1982,-0.7302967433402214,False,False
Pellegrini,1983,2.277519200900651,False,False
Pellegrini,1983,1.2812264706406737,False,False
Pellegrini,1983,-1.0508702381958857,False,False
Pellegrini,1983,-0.7381052174830129,False,False
Pellegrini,1984,0.4475332191803809,False,False
Pellegrini,1984,0.23145129250082747,False,False
Pellegrini,1984,-0.6399387119828729,False,False
Pellegrini,1984,-0.3588883420380127,False,False
Pellegrini,1985,0.5280458674561924,False,False
Pellegrini,1985,0.25410322059246626,False,False
Pellegrini,1985,-2.2140532009236376,True,False
Pellegrini,1985,-1.3525964721213264,False,False
Pellegrini,1986,-0.410923171694349,False,False
Pellegrini,1986,-0.34138447810707234,False,False
Pellegrini,1986,0.889881802571312,False,False
Pellegrini,1986,1.5408880184669602,False,False
Pellegrini,1987,3.3437444606337614,False,False
Pellegrini,1987,1.5987353618258282,False,False
Pellegrini,1987,0.10452745894250766,False,False
Pellegrini,1987,-0.22719771111251325,False,False
Pellegrini,1988,-0.15618768714953596,False,False
Pellegrini,1988,-0.4898599935740343,False,False
Pellegrini,1988,-6.562923973715434,True,False
Pellegrini,1988,-1.783217051540971,True,False
Pellegrini,1989,0.7720452356420633,False,False
Pellegrini,1989,0.7302967433402215,False,False
Pellegrini,1989,-0.4001935714279232,False,False
Pellegrini,1989,-0.1896374130014732,False,False
Pellegrini,1990,2.4399984088020905,False,False
Pellegrini,1990,1.4342743312012725,False,False
Pellegrini,1991,1.1,False,False
Pellegrini,1991,0.7896267896853094,False,False
Pellegrini,1991,-0.4792243634354195,False,False
Pellegrini,1991,-1.7735778052548237,True,False
Pellegrini,1992,-1.9666481245548166,True,False
Pellegrini,1992,-1.167673789224824,False,False
Pellegrini,1992,0.9051725565694874,False,False
Pellegrini,1992,1.494340959853817,False,False
Pellegrini,1993,4.0769230626551325,False,False
Pellegrini,1993,1.5671162444364917,False,False
Pellegrini,1993,-0.8093351169444991,False,False
Pellegrini,1993,-1.0511796788840482,False,False
Pellegrini,1994,0.3188191314689926,False,False
Pellegrini,1994,0.1771916092357282,False,False
Pellegrini,1994,-1.6369675371914076,True,False
Pellegrini,1994,-1.1509077908137941,False,False
Pellegrini,1995,-1.840791306287061,True,False
Pellegrini,1995,-1.174468614402627,False,False
Pellegrini,1995,-1.3172977901564946,False,False
Pellegrini,1995,-1.2836347565276913,False,False
Pellegrini,1996,6.062849115452478,False,False
Pellegrini,1996,1.7644566658127347,False,False
Pellegrini,1996,0.19772037891739888,False,False
Pellegrini,1996,0.05064635592318431,False,False
Pellegrini,1997,1.5361481159043273,False,False
Pellegrini,1997,1.2144706802618301,False,False
Pellegrini,1997,-0.9085820957184242,False,False
Pellegrini,1997,-0.6396368619131028,False,False
Pellegrini,1998,-1.1274745244521442,False,False
Pellegrini,1998,-0.9965457582448797,False,False
Pellegrini,1998,-0.20736441353327723,False,False
Pellegrini,1998,0.6932362640386268,False,False
Pellegrini,1999,9.769523190462627,False,False
Pellegrini,1999,1.753175191040647,False,False
Pellegrini,2000,-0.07716474931043288,False,False
Pellegrini,2000,-0.2926451263495924,False,False
Pellegrini,2001,-0.5437667408911457,False,False
Pellegrini,2001,-0.7896267896853097,False,False
Pellegrini,2002,-0.2831780329391117,False,False
Pellegrini,2002,1.4342743312013677,False,False
Pellegrini,2003,3.00000000000014,False,False
Pellegrini,2003,1.4342743312012962,False,False
Pellegrini,2004,12.908468980811666,False,False
Pellegrini,2004,1.778798909528033,False,False
Pellegrini,2004,-1.4626828069642515,False,False
Pellegrini,2004,-1.1583158907100053,False,False
Pellegrini,2005,-0.7071394714517548,False,False
Pellegrini,2005,-0.5979828082413912,False,False
Pellegrini,2005,1.1299880371797668,False,False
Pellegrini,2005,1.7629651094141081,False,False
Pellegrini,2006,0.22903933372554738,False,False
Pellegrini,2006,0.0,False,False
Pellegrini,2006,-0.3718489006818117,False,False
Pellegrini,2006,-0.8579753335637366,False,False
Pellegrini,2007,-1.496078663078994,False,False
Pellegrini,2007,-1.7360741598135025,True,False
Pellegrini,2007,2.6574553553197005,False,False
Pellegrini,2007,1.5074693257628684,False,False
Pellegrini,2008,-4.638721158913078,True,False
Pellegrini,2008,-1.6132233653638977,True,False
Pellegrini,2008,-1.7107547409914263,True,False
Pellegrini,2008,-1.0690449676496978,False,False
Pellegrini,2009,1.7756234543958331,False,False
Pellegrini,2009,1.709095903973185,False,False
Pellegrini,2009,0.6292848160799673,False,False
Pellegrini,2009,0.42202688461184973,False,False
Pellegrini,2010,0.053364244164378,False,False
Pellegrini,2010,-0.9283199970253876,False,False
Pellegrini,2010,1.9941915352460502,False,False
Pellegrini,2010,1.7647728896543466,False,False
Pellegrini,2011,0.0,False,False
Pellegrini,2011,-0.11558805670020929,False,False
Pellegrini,2011,-1.6854022143105902,True,False
Pellegrini,2011,-1.438275042957987,False,False
Pellegrini,2012,2.0448876690502353,False,False
Pellegrini,2012,1.561440116717655,False,False
Pellegrini,2012,-2.2842146756168433,True,False
Pellegrini,2012,-1.2915436912404397,False,False
Pellegrini,2013,0.2390457218668788,False,False
Pellegrini,2013,0.1593638145779192,False,False
Pellegrini,2013,2.9520998656924333,False,False
Pellegrini,2013,1.617452656998707,False,False
Pellegrini,2014,-0.6916779969034215,False,False
Pellegrini,2014,-0.9281415202332616,False,False
Pellegrini,2014,0.6248936970193327,False,False
Pellegrini,2014,0.40160125955692916,False,False
Pellegrini,2015,0.412860266515298,False,False
Pellegrini,2015,0.6290767211016227,False,False
Pellegrini,2015,0.8163560358572425,False,False
Pellegrini,2015,1.5614401167176704,False,False
Pellegrini,2016,-0.5577733510227212,False,False
Pellegrini,2016,-0.46360044557175667,False,False
Pellegrini,2016,6.062320029323066,False,False
Pellegrini,2016,1.7040257344605185,False,False
Pellegrini,2017,-2.342160175076481,True,False
Pellegrini,2017,-1.333333333333334,False,False
Pellegrini,2017,-0.04276994613841509,False,False
Pellegrini,2017,-0.057113724917082595,False,False
Pellegrini,2018,1.0511774428385494,False,False
Pellegrini,2018,1.3423343201654747,False,False
Pellegrini,2018,0.06331594337896912,False,False
Pellegrini,2018,-0.4636004455717543,False,False
Pellegrini,2019,0.24913643956122042,False,False
Pellegrini,2019,0.0,False,False
Pellegrini,2019,-1.4641550464346382,False,False
Pellegrini,2019,-1.140318598630108,False,False
Pellegrini,2020,-4.461277028703707,True,False
Pellegrini,2020,-1.6097788135930955,True,False
Pellegrini,2020,1.0853890486924003,False,False
Pellegrini,2020,1.1627656100685224,False,False
Pellegrini,2021,1.5702644348575834,False,False
Pellegrini,2021,1.069044967649698,False,False
Pellegrini,2021,0.12171612389003698,False,False
Pellegrini,2021,-0.730296743340226,False,False
Pellegrini,2022,-4.746928831711469,True,False
Pellegrini,2022,-1.6527600930136697,True,False
Pellegrini,2022,-2.2953940080098794,True,False
Pellegrini,2022,-1.3642339107384973,False,False
Pellegrini,2023,0.41140405234987387,False,False
Pellegrini,2023,0.9706494108305262,False,False
Pellegrini,2023,-2.8329645379698136,True,False
Pellegrini,2023,-1.4013312408163423,False,False
Pellegrini,2024,1.1997279836755266,False,False
Pellegrini,2024,0.8406627034183973,False,False
Pellegrini,2024,0.13050900912863908,False,False
Pellegrini,2024,0.24125383933999492,False,False
Pergamino,1981,,False,False
Pergamino,1982,,False,False
Pergamino,1983,,False,False
Pergamino,1984,0.8896927324661662,False,False
Pergamino,1985,0.6660942901681345,False,False
Pergamino,1986,-1.0647094291542731,False,False
Pergamino,1987,0.898035423130768,False,False
Pergamino,1988,-1.7662200932170895,True,True
Pergamino,1989,0.8434328998973375,False,False
Pergamino,1990,2.7954467820136712,False,False
Pergamino,1991,1.1333949442111568,False,False
Pergamino,1992,0.7644359769953248,False,False
Pergamino,1993,0.35904467459237505,False,False
Pergamino,1994,-1.8449184615026315,True,False
Pergamino,1995,-0.38422281221287835,False,False
Pergamino,1996,3.374029642764896,False,False
Pergamino,1997,3.465164180222817,False,False
Pergamino,1998,1.058101820165317,False,False
Pergamino,1999,-0.9235935685990037,False,False
Pergamino,2000,0.1862725173190647,False,False
Pergamino,2001,-0.3613074887966321,False,False
Pergamino,2002,0.851967833413186,False,False
Pergamino,2003,1.4205966821784268,False,False
Pergamino,2004,1.3284317647698132,False,False
Pergamino,2005,-0.6390421546141367,False,False
Pergamino,2006,1.6825777726943403,False,False
Pergamino,2007,0.852774551444266,False,False
Pergamino,2008,-2.5539105744099198,True,False
Pergamino,2009,1.9540871415918737,False,False
Pergamino,2010,-0.931234344386744,False,False
Pergamino,2011,-1.3286046758433898,False,False
Pergamino,2012,0.9148079081272391,False,False
Pergamino,2013,0.30845424050594095,False,False
Pergamino,2014,0.8645323768510952,False,False
Pergamino,2015,-0.13983016936774098,False,False
Pergamino,2016,0.9378071759165681,False,False
Pergamino,2017,-1.804262542369959,True,True
Pergamino,2018,2.220904298284974,False,False
Pergamino,2019,-0.3911847104719283,False,False
Pergamino,2020,-0.7475319302283773,False,False
Pergamino,2021,-1.3275136002331527,False,False
Pergamino,2022,-2.4665167210817858,True,True
Pergamino,2023,0.37689103960383846,False,False
Pergamino,2024,0.30312369264747785,False,False
Pila,1981,,False,False
Pila,1982,,False,False
Pila,1983,,False,False
Pila,1984,2.4537386440559095,False,False
Pila,1985,-0.8080084763427466,False,False
Pila,1986,0.2504897164340598,False,False
Pila,1987,-1.9223100327649978,True,False
Pila,1990,-1.4658977482989248,False,False
Pila,1992,-1.5670394396515963,True,False
Pila,1993,-0.4328497510146995,False,False
Pila,1994,0.32437268968667,False,False
Pila,1995,-1.982911975078125,True,False
Pila,1996,5.211209830672354,False,False
Pila,1997,2.681033787437163,False,False
Pila,1998,-0.5219678602605505,False,False
Pila,1999,1.4181786148748514,False,False
Pila,2000,0.589824488930763,False,False
Pila,2001,1.0891851544703803,False,False
Pila,2002,0.4778326614271259,False,False
Pila,2003,1.6028771917244635,False,False
Pila,2004,0.6343350474165466,False,False
Pila,2005,1.3430462597445978,False,False
Pila,2006,1.3195573247165864,False,False
Pila,2007,0.33351316318994684,False,False
Pila,2008,-10.594785414156421,True,False
Pila,2009,2.420802504459542,False,False
Pila,2010,0.9674599904552584,False,False
Pila,2011,0.3590548930914625,False,False
Pila,2012,0.7497644309307363,False,False
Pila,2013,0.011141610087489411,False,False
Pila,2014,0.5917693240134365,False,False
Pila,2015,5.502790980875253,False,False
Pila,2016,0.5184078956434399,False,False
Pila,2017,0.1864509278546344,False,False
Pila,2018,0.29481852059986297,False,False
Pila,2019,-0.03025445104080259,False,False
Pila,2020,0.8271027384366039,False,False
Pila,2021,-1.4694160994998635,False,False
Pila,2022,-8.552359741197588,True,False
Pila,2023,-0.4008918628686366,False,False
Pila,2024,-0.5840752617934734,False,False
Pilagas,1981,,False,False
Pilagas,1982,,False,False
Pilagas,1983,,False,False
Pilagas,1984,0.24551430807011754,False,False
Pilagas,1985,0.2230128875437697,False,False
Pilagas,1986,-1.330275726251292,False,False
Pilagas,1987,-5.238744978190425,True,False
Pilagas,1988,-0.7991953312173216,False,False
Pilagas,1989,2.467473528021211,False,False
Pilagas,1990,1.1440993718018762,False,False
Pilagas,1991,1.084841510798935,False,False
Pilagas,1992,0.5072510712090643,False,False
Pilagas,1993,0.30734563946538507,False,False
Pilagas,1994,1.7510121107112027,False,False
Pilagas,1995,1.4471541471465796,False,False
Pilagas,1996,5.424197663236036,False,False
Pilagas,1997,-1.5389198689641215,True,False
Pilagas,1998,-1.122702968263872,False,False
Pilagas,2001,1.2728484912636027,False,False
Pilagas,2002,0.5344205718748904,False,False
Pilagas,2003,0.2285655778542049,False,False
Pilagas,2004,0.01131092098748447,False,False
Pilagas,2021,-0.26329966999911736,False,False
Pilagas,2022,2.3520032064405685,False,False
Pilagas,2023,-2.700899812745118,True,False
Pilagas,2024,1.6313396982442085,False,False
Pilar,1981,,False,False
Pilar,1982,,False,False
Pilar,1983,,False,False
Pilar,1984,1.5241469925774276,False,False
Pilar,1985,-0.5511070751355519,False,False
Pilar,1986,-1.3640199627262046,False,False
Pilar,1987,1.8184801975846847,False,False
Pilar,1988,0.1421338109037403,False,False
Pilar,1991,-0.9827105785204017,False,False
Pilar,1994,3.867197182779017,False,False
Pilar,1995,0.18857857160117855,False,False
Pilar,1996,2.0258349109969878,False,False
Pilar,1997,2.303361552887678,False,False
Pilar,1998,0.8905168925488303,False,False
Pilar,1999,-1.1626198994987964,False,False
Pilar,2000,0.5783633923622155,False,False
Pilar,2001,-1.3694745430088313,False,False
Pilar,2002,0.44997704257325766,False,False
Pilar,2003,0.6764814252025462,False,False
Pilar,2004,0.7278297953719507,False,False
Pilar,2005,-1.0773782073408085,False,False
Pilar,2006,2.1475019687726387,False,False
Pilar,2007,1.414213562373096,False,False
Pilar,2008,-2.629502940535667,True,False
Pilar,2009,1.6873229754642152,False,False
Pilar,2010,-0.10143010324169743,False,False
Pilar,2011,-0.5766674050078172,False,False
Pilar,2012,0.8064334963151192,False,False
Pilar,2013,0.3103714565969903,False,False
Pilar,2014,0.5606060979692357,False,False
Pilar,2015,0.1502299391212647,False,False
Pilar,2016,1.2511155682406923,False,False
Pilar,2017,-4.2701713425039465,True,False
Pilar,2018,0.33472355724660285,False,False
Pilar,2019,-0.12592519819476844,False,False
Pilar,2020,0.09213841613780109,False,False
Pilar,2021,-0.6415415518117008,False,False
Pilar,2022,-2.077736463020763,True,False
Pilar,2023,0.2850207424242791,False,False
Pilar,2024,-0.11156155693296348,False,False
Pilcomayo,1981,,False,False
Pilcomayo,1982,,False,False
Pilcomayo,1983,,False,False
Pilcomayo,1984,-0.6480756771653544,False,False
Pilcomayo,1985,0.3487482711417426,False,False
Pilcomayo,1986,-1.3634666900386974,False,False
Pilcomayo,1987,-6.116065956878068,True,False
Pilcomayo,1988,-0.8975840133081763,False,False
Pilcomayo,1989,2.225711053623692,False,False
Pilcomayo,1990,1.47993085022898,False,False
Pilcomayo,1991,1.0370922591198348,False,False
Pilcomayo,1992,0.43073772794097015,False,False
Pilcomayo,1993,0.11359002128754545,False,False
Pilcomayo,1994,0.8063796933295001,False,False
Pilcomayo,1995,0.6770082895480651,False,False
Pilcomayo,1996,5.655756350009631,False,False
Pilcomayo,1997,-1.131680040165332,False,False
Pilcomayo,1998,-0.9996027363255995,False,False
Pilcomayo,2001,1.0207124537830614,False,False
Pilcomayo,2002,0.22321816641672076,False,False
Pilcomayo,2003,-0.3671350268226762,False,False
Pilcomayo,2004,0.045062762744999166,False,False
Pilcomayo,2021,-8.25346191802518,True,False
Pilcomayo,2022,0.8281418600759926,False,False
Pilcomayo,2023,-0.07242612160302415,False,False
Pilcomayo,2024,0.9941467115149073,False,False
Pirane,1981,,False,False
Pirane,1982,,False,False
Pirane,1983,,False,False
Pirane,1984,-0.625,False,False
Pirane,1985,-0.10723408138853809,False,False
Pirane,1986,-1.0879777811030484,False,False
Pirane,1987,-5.377743485886994,True,False
Pirane,1988,-1.0198642602621504,False,False
Pirane,1989,2.474660689918025,False,False
Pirane,1990,1.590699416544118,False,False
Pirane,1991,1.0103730360846563,False,False
Pirane,1992,0.36416502173940896,False,False
Pirane,1993,0.36949817582040223,False,False
Pirane,1994,0.42720189354903754,False,False
Pirane,1995,-0.30310028984249127,False,False
Pirane,1996,7.018043557450627,False,False
Pirane,1997,-1.3584191206038587,False,False
Pirane,1998,-1.0611778629623057,False,False
Pirane,2001,1.0536570330498227,False,False
Pirane,2002,0.4467593175786009,False,False
Pirane,2003,1.6415550165073347,False,False
Pirane,2004,-0.5404284955065398,False,False
Pirane,2021,2.0228080920639973,False,False
Pirane,2022,0.08964214570007953,False,False
Pirane,2023,-1.83505335466837,True,False
Pirane,2024,0.3341795950135123,False,False
Pocho,1981,,False,False
Pocho,1982,,False,False
Pocho,1983,,False,False
Pocho,1984,0.8922685978385124,False,False
Pocho,1985,0.47723547571823455,False,False
Pocho,1986,-1.5774648460368053,True,False
Pocho,1987,-0.5868491064616839,False,False
Pocho,1988,-3.204996188824766,True,False
Pocho,1989,0.9676883447689703,False,False
Pocho,1993,-1.230607442215634,False,False
Pocho,1994,-0.8167123920296689,False,False
Pocho,1995,-0.7374416083367227,False,False
Pocho,1996,2.3734177138808454,False,False
Pocho,1997,2.1621992854333074,False,False
Pocho,1998,0.5031692413122666,False,False
Pocho,1999,0.5528547247363239,False,False
Pocho,2000,1.0872428324275414,False,False
Pocho,2001,3.8607587627937363,False,False
Pocho,2002,0.5003906023285265,False,False
Pocho,2003,-0.772728861826496,False,False
Pocho,2004,-0.5652032483438056,False,False
Pocho,2005,-0.12882030778920708,False,False
Pocho,2006,-0.49543369430686235,False,False
Pocho,2007,4.0037860869810515,False,False
Pocho,2008,2.638895245352121,False,False
Pocho,2009,1.9381598478555697,False,False
Pocho,2010,0.2551514092888974,False,False
Pocho,2011,-2.1163999031646945,True,False
Pocho,2012,0.24603541658059944,False,False
Pocho,2013,-0.2995760544769366,False,False
Pocho,2014,-0.6592355206917638,False,False
Pocho,2015,-0.18521117249858413,False,False
Pocho,2016,-0.2137411499637289,False,False
Pocho,2017,-0.1875228923753981,False,False
Pocho,2018,2.7408281099557628,False,False
Pocho,2019,0.8725581369455381,False,False
Pocho,2020,3.938478733074252,False,False
Pocho,2021,-0.1737488971052277,False,False
Pocho,2022,-1.767575832694123,True,False
Pocho,2023,0.4711041674500641,False,False
Pocho,2024,0.1649572197684645,False,False
Presidencia De La Plaza,1981,,False,False
Presidencia De La Plaza,1982,,False,False
Presidencia De La Plaza,1983,,False,False
Presidencia De La Plaza,1984,3.788028712703483,False,False
Presidencia De La Plaza,1985,-0.15734476037701176,False,False
Presidencia De La Plaza,1986,1.1979427197219967,False,False
Presidencia De La Plaza,1987,2.7247529331501616,False,False
Presidencia De La Plaza,1988,-1.2543481988663627,False,False
Presidencia De La Plaza,1989,-0.5329633597494212,False,False
Presidencia De La Plaza,1993,1.585522209994693,False,False
Presidencia De La Plaza,1994,1.0062305898749055,False,False
Presidencia De La Plaza,1995,1.436369692919216,False,False
Presidencia De La Plaza,1996,0.6683659703926912,False,False
Presidencia De La Plaza,1997,2.5765675127406404,False,False
Presidencia De La Plaza,1998,-0.4503431899829784,False,False
Presidencia De La Plaza,1999,1.6960946789966789,False,False
Presidencia De La Plaza,2000,-1.111588707068271,False,False
Presidencia De La Plaza,2001,1.0919686063538445,False,False
Presidencia De La Plaza,2002,0.1533929977694741,False,False
Presidencia De La Plaza,2003,2.5523060346323287,False,False
Presidencia De La Plaza,2004,-0.7723532854550419,False,False
Presidencia De La Plaza,2005,-0.4114038533975345,False,False
Presidencia De La Plaza,2006,0.21723542358848105,False,False
Presidencia De La Plaza,2007,-0.14005968099783672,False,False
Presidencia De La Plaza,2008,-2.5262595225887776,True,False
Presidencia De La Plaza,2009,0.6238502938920437,False,False
Presidencia De La Plaza,2010,0.8033543124054942,False,False
Presidencia De La Plaza,2011,-0.03154401489382559,False,False
Presidencia De La Plaza,2012,-2.0172780211277623,True,False
Presidencia De La Plaza,2013,1.5876020728545925,False,False
Presidencia De La Plaza,2014,1.073125256439237,False,False
Presidencia De La Plaza,2015,2.265861451306227,False,False
Presidencia De La Plaza,2016,0.8270315528680557,False,False
Presidencia De La Plaza,2017,-0.19947348669066625,False,False
Presidencia De La Plaza,2018,-0.5028468251953965,False,False
Presidencia De La Plaza,2019,-2.3694383631963833,True,False
Presidencia De La Plaza,2020,-1.1526350109703318,False,False
Presidencia De La Plaza,2021,-0.44350667428757196,False,False
Presidencia De La Plaza,2022,-1.3383644605088811,False,False
Presidencia De La Plaza,2023,-0.3080656950834243,False,False
Presidencia De La Plaza,2024,-10.703382018811988,True,False
Presidente Roque Saenz Pena,1981,,False,False
Presidente Roque Saenz Pena,1982,,False,False
Presidente Roque Saenz Pena,1983,,False,False
Presidente Roque Saenz Pena,1984,6.7647545973157674,False,False
Presidente Roque Saenz Pena,1985,0.8936848249644174,False,False
Presidente Roque Saenz Pena,1986,-1.6175111784625666,True,False
Presidente Roque Saenz Pena,1987,-0.37293444914511875,False,False
Presidente Roque Saenz Pena,1988,-1.9025617785438789,True,False
Presidente Roque Saenz Pena,1989,-1.8601483241917154,True,False
Presidente Roque Saenz Pena,1990,0.1935504262526858,False,False
Presidente Roque Saenz Pena,1991,-0.23372948986403597,False,False
Presidente Roque Saenz Pena,1992,1.0577589633844722,False,False
Presidente Roque Saenz Pena,1993,2.223116843055021,False,False
Presidente Roque Saenz Pena,1994,1.6414469552528719,False,False
Presidente Roque Saenz Pena,1995,0.43700249765429267,False,False
Presidente Roque Saenz Pena,1996,-1.0334884255180872,False,False
Presidente Roque Saenz Pena,1997,3.9108170038496595,False,False
Presidente Roque Saenz Pena,1998,0.5465430229157525,False,False
Presidente Roque Saenz Pena,1999,2.9806946188534846,False,False
Presidente Roque Saenz Pena,2000,1.0733268378228593,False,False
Presidente Roque Saenz Pena,2001,1.4208935566803302,False,False
Presidente Roque Saenz Pena,2002,1.520162736160964,False,False
Presidente Roque Saenz Pena,2003,0.34840860043564614,False,False
Presidente Roque Saenz Pena,2004,1.7847392295926743,False,False
Presidente Roque Saenz Pena,2005,-0.49610130503191446,False,False
Presidente Roque Saenz Pena,2006,1.2898435446351468,False,False
Presidente Roque Saenz Pena,2007,-0.5568900989230106,False,False
Presidente Roque Saenz Pena,2008,-1.5524700529498527,True,False
Presidente Roque Saenz Pena,2009,0.6191187891195368,False,False
Presidente Roque Saenz Pena,2010,-0.6639522974740267,False,False
Presidente Roque Saenz Pena,2011,-2.7828063551519824,True,False
Presidente Roque Saenz Pena,2012,-0.26596045429650095,False,False
Presidente Roque Saenz Pena,2013,0.23391029862878127,False,False
Presidente Roque Saenz Pena,2014,0.6193091585240271,False,False
Presidente Roque Saenz Pena,2015,1.8222780059287924,False,False
Presidente Roque Saenz Pena,2016,1.0746567908151472,False,False
Presidente Roque Saenz Pena,2017,-1.247219128924645,False,False
Presidente Roque Saenz Pena,2018,1.0690449676496958,False,False
Presidente Roque Saenz Pena,2019,0.0,False,False
Presidente Roque Saenz Pena,2020,3.015690540977947,False,False
Presidente Roque Saenz Pena,2021,1.4966629547095758,False,False
Presidente Roque Saenz Pena,2022,-0.6929570144214087,False,False
Presidente Roque Saenz Pena,2023,0.8475257411643877,False,False
Presidente Roque Saenz Pena,2024,0.6907303625402168,False,False
Puan,1981,,False,False
Puan,1982,,False,False
Puan,1983,,False,False
Puan,1984,2.6,False,False
Puan,1985,1.5308011602955145,False,False
Puan,1986,0.5192666781224813,False,False
Puan,1987,1.5391233882601953,False,False
Puan,1988,0.5633905456098737,False,False
Puan,1989,-0.654331280994082,False,False
Puan,1990,2.0213846498041703,False,False
Puan,1991,-1.1975766848884262,False,False
Puan,1992,-1.2169505607708149,False,False
Puan,1993,-2.0262654780233773,True,False
Puan,1994,0.6241351785801614,False,False
Puan,1995,-1.2347260985352413,False,False
Puan,1996,1.4150022811741014,False,False
Puan,1997,4.034083740231663,False,False
Puan,1998,0.20726161380512895,False,False
Puan,1999,-0.14171403829033388,False,False
Puan,2000,-0.14171403829033388,False,False
Puan,2001,0.2578802548817951,False,False
Puan,2002,-0.6637408989741096,False,False
Puan,2003,4.047495131296208,False,False
Puan,2004,2.683281572999749,False,False
Puan,2005,-0.15339299776947413,False,False
Puan,2006,0.7156793437545361,False,False
Puan,2007,-0.55306017874904,False,False
Puan,2008,-4.495259169547511,True,False
Puan,2009,-3.7031890512365386,True,False
Puan,2010,-0.013018350077942425,False,False
Puan,2011,0.28878475212503874,False,False
Puan,2012,0.9676198058342231,False,False
Puan,2013,0.5954583420518296,False,False
Puan,2014,1.0143329784031059,False,False
Puan,2015,2.7760471480578937,False,False
Puan,2016,3.013601946227694,False,False
Puan,2017,0.9679925330334342,False,False
Puan,2018,0.6488189919195007,False,False
Puan,2019,-2.7386569939937018,True,False
Puan,2020,0.41590019592802924,False,False
Puan,2021,-0.6155870112510927,False,False
Puan,2022,0.6558803458962562,False,False
Puan,2023,-0.5880306549414711,False,False
Puan,2024,0.9527861346806623,False,False
Quemu Quemu,1981,,False,False
Quemu Quemu,1982,,False,False
Quemu Quemu,1983,,False,False
Quemu Quemu,1984,-0.953794808261027,False,False
Quemu Quemu,1985,6.07589082057495,False,False
Quemu Quemu,1986,1.288154454601349,False,False
Quemu Quemu,1987,-0.7733082686483981,False,False
Quemu Quemu,1988,-0.6297931716600769,False,False
Quemu Quemu,1989,-0.4924390586273415,False,False
Quemu Quemu,1990,-0.4289908221582756,False,False
Quemu Quemu,1991,4.776246700758885,False,False
Quemu Quemu,1992,0.3959864703676402,False,False
Quemu Quemu,1993,-0.049312450911434276,False,False
Quemu Quemu,1994,0.4575095485841955,False,False
Quemu Quemu,1995,-1.2197891340279443,False,False
Quemu Quemu,1996,-0.9375501794903166,False,False
Quemu Quemu,1997,1.325976044539756,False,False
Quemu Quemu,1998,1.0242937101342307,False,False
Quemu Quemu,1999,5.137175654862464,False,False
Quemu Quemu,2000,1.8181100489613033,False,False
Quemu Quemu,2001,0.9981644782996466,False,False
Quemu Quemu,2002,0.6690266129289993,False,False
Quemu Quemu,2003,0.20270217300949595,False,False
Quemu Quemu,2004,18.151524476624967,False,False
Quemu Quemu,2005,-0.5898082080321139,False,False
Quemu Quemu,2006,0.06545543478642463,False,False
Quemu Quemu,2007,-0.8981748165504925,False,False
Quemu Quemu,2008,-2.406881649711775,True,False
Quemu Quemu,2009,-0.8124683367588876,False,False
Quemu Quemu,2010,-0.44650408030560457,False,False
Quemu Quemu,2011,-0.02478827518697602,False,False
Quemu Quemu,2012,-0.14830464460699766,False,False
Quemu Quemu,2013,5.798768619405933,False,False
Quemu Quemu,2014,3.3229211440402753,False,False
Quemu Quemu,2015,1.6229784423455975,False,False
Quemu Quemu,2016,0.6678580053517356,False,False
Quemu Quemu,2017,-0.018454551078608883,False,False
Quemu Quemu,2018,0.7785152818483104,False,False
Quemu Quemu,2019,1.0303806143975718,False,False
Quemu Quemu,2020,-1.0445969504673882,False,False
Quemu Quemu,2021,0.007015136015954769,False,False
Quemu Quemu,2022,-0.7586661678970479,False,False
Quemu Quemu,2023,-1.8459602391333014,True,False
Quemu Quemu,2024,-2.11731015998792,True,False
Quitilipi,1981,,False,False
Quitilipi,1982,,False,False
Quitilipi,1983,,False,False
Quitilipi,1984,2.745092572366493,False,False
Quitilipi,1985,-1.0502343907905491,False,False
Quitilipi,1986,1.1264376226647745,False,False
Quitilipi,1987,2.1521320988603607,False,False
Quitilipi,1988,-1.2797240263065215,False,False
Quitilipi,1989,0.1954931728976238,False,False
Quitilipi,1993,0.5622271369565411,False,False
Quitilipi,1994,-0.464163283262485,False,False
Quitilipi,1995,1.0554904445368152,False,False
Quitilipi,1996,0.3735956322776324,False,False
Quitilipi,1997,3.7947331922020533,False,False
Quitilipi,1998,0.11009637651263604,False,False
Quitilipi,1999,2.5987160230837785,False,False
Quitilipi,2000,-1.20538201302705,False,False
Quitilipi,2001,0.6399223460806774,False,False
Quitilipi,2002,0.050564989684743156,False,False
Quitilipi,2003,0.680427950517685,False,False
Quitilipi,2004,-0.7814406282153333,False,False
Quitilipi,2005,-0.3841749099639162,False,False
Quitilipi,2006,0.4195906791483444,False,False
Quitilipi,2007,0.8689254551115878,False,False
Quitilipi,2008,-3.610108091841933,True,False
Quitilipi,2009,0.5674336865160156,False,False
Quitilipi,2010,2.5679477695779416,False,False
Quitilipi,2011,-0.2099276288768237,False,False
Quitilipi,2012,-1.660436824247452,True,False
Quitilipi,2013,1.3040332203706961,False,False
Quitilipi,2014,2.5976685211687065,False,False
Quitilipi,2015,1.1482752890810548,False,False
Quitilipi,2016,1.2243868509613391,False,False
Quitilipi,2017,0.24796219349540033,False,False
Quitilipi,2018,-0.5413162253377909,False,False
Quitilipi,2019,0.24393468845452299,False,False
Quitilipi,2020,-4.583376424595887,True,False
Quitilipi,2021,-1.9843134832984437,True,False
Quitilipi,2022,-1.8203396286507543,True,False
Quitilipi,2023,-1.6053949699123677,True,False
Quitilipi,2024,-0.8348096887883164,False,False
Ramallo,1981,,False,False
Ramallo,1982,,False,False
Ramallo,1983,,False,False
Ramallo,1984,1.909929737536159,False,False
Ramallo,1985,1.039397786716023,False,False
Ramallo,1986,-0.07601452818710641,False,False
Ramallo,1987,0.8402561079959276,False,False
Ramallo,1988,-0.9404961057663743,False,False
Ramallo,1989,0.22475645467377742,False,False
Ramallo,1990,1.3176513682325564,False,False
Ramallo,1991,3.227197127335001,False,False
Ramallo,1992,1.368819000710355,False,False
Ramallo,1993,1.2628083578446283,False,False
Ramallo,1994,-0.572835907019015,False,False
Ramallo,1995,-1.9280691155899947,True,False
Ramallo,1996,0.7363113204451044,False,False
Ramallo,1997,2.818283781373034,False,False
Ramallo,1998,0.8196657082660128,False,False
Ramallo,1999,-0.8759204038344127,False,False
Ramallo,2000,0.11419575160846517,False,False
Ramallo,2001,-0.17770193391517056,False,False
Ramallo,2002,0.7056095943207186,False,False
Ramallo,2003,1.5620621290782672,False,False
Ramallo,2004,1.8261072686796238,False,False
Ramallo,2005,-0.607088822691707,False,False
Ramallo,2006,1.6569012004421255,False,False
Ramallo,2007,-0.3042736739892845,False,False
Ramallo,2008,-3.9570745849368723,True,False
Ramallo,2009,1.8482112599503469,False,False
Ramallo,2010,-0.49445862738475554,False,False
Ramallo,2011,-0.6385552096650821,False,False
Ramallo,2012,0.8975526623667205,False,False
Ramallo,2013,0.4078123151867742,False,False
Ramallo,2014,0.8734638886553827,False,False
Ramallo,2015,0.010508326769550151,False,False
Ramallo,2016,1.0136060675992287,False,False
Ramallo,2017,-1.9728381574473415,True,True
Ramallo,2018,1.803339269334864,False,False
Ramallo,2019,-0.1865249566255371,False,False
Ramallo,2020,-0.49566649996526607,False,False
Ramallo,2021,-1.7843854887765034,True,False
Ramallo,2022,-2.2291072385570736,True,True
Ramallo,2023,0.5418787316770071,False,False
Ramallo,2024,0.28584631775567093,False,False
Rancul,1981,,False,False
Rancul,1982,,False,False
Rancul,1983,,False,False
Rancul,1984,-0.06750785181854584,False,False
Rancul,1985,6.235127391366252,False,False
Rancul,1986,1.4961635768108053,False,False
Rancul,1987,-1.7446844627597498,True,False
Rancul,1988,-1.0357478491505825,False,False
Rancul,1989,-0.6790515171508537,False,False
Rancul,1990,-0.2106137874546158,False,False
Rancul,1991,2.666795157813305,False,False
Rancul,1992,1.41750923377125,False,False
Rancul,1993,-0.05159603038016999,False,False
Rancul,1994,0.11463443460553328,False,False
Rancul,1995,-0.4623869198737367,False,False
Rancul,1996,-1.1612389639583751,False,False
Rancul,1997,0.8828690426310595,False,False
Rancul,1998,0.7697826987541369,False,False
Rancul,1999,10.473936204027204,False,False
Rancul,2000,-0.16704355252050468,False,False
Rancul,2001,0.9299996803534252,False,False
Rancul,2002,0.61143699399178,False,False
Rancul,2003,-0.4878867643398743,False,False
Rancul,2004,1.8452004341789976,False,False
Rancul,2005,-1.0316947248909722,False,False
Rancul,2006,-0.7297624402735506,False,False
Rancul,2007,-0.958052749115567,False,False
Rancul,2008,-1.471023804066755,False,False
Rancul,2009,-0.6849968504313853,False,False
Rancul,2010,-0.4019840164494232,False,False
Rancul,2011,2.80720620205556,False,False
Rancul,2012,0.14052184948576607,False,False
Rancul,2013,1.288576175349867,False,False
Rancul,2014,3.2987066073413955,False,False
Rancul,2015,2.872841185723754,False,False
Rancul,2016,1.6802129561128392,False,False
Rancul,2017,0.5252257314388901,False,False
Rancul,2018,1.4291792020209915,False,False
Rancul,2019,0.7354780964128214,False,False
Rancul,2020,-1.7231065140690416,True,False
Rancul,2021,0.02103393658053188,False,False
Rancul,2022,-1.4968420274092404,False,False
Rancul,2023,-0.7711382274894952,False,False
Rancul,2024,-1.5275768149444182,True,False
Rauch,1981,,False,False
Rauch,1982,,False,False
Rauch,1983,,False,False
Rauch,1984,2.046969136217764,False,False
Rauch,1985,1.1725825254657865,False,False
Rauch,1986,0.926560111724922,False,False
Rauch,1987,4.4487440426551395,False,False
Rauch,1988,-4.360061418143272,True,False
Rauch,1989,1.935168572632768,False,False
Rauch,1990,0.4243976845398417,False,False
Rauch,1991,0.5957921417816671,False,False
Rauch,1992,-1.0857240008919142,False,False
Rauch,1993,-0.11890937848228719,False,False
Rauch,1994,-0.5165257100715579,False,False
Rauch,1995,-0.23482155682288033,False,False
Rauch,1996,2.7766405147701336,False,False
Rauch,1997,3.1785653936008664,False,False
Rauch,1998,-0.7946598389828822,False,False
Rauch,1999,1.079602615342859,False,False
Rauch,2000,0.26431765752824954,False,False
Rauch,2001,1.0710369977841756,False,False
Rauch,2002,0.3050667347191236,False,False
Rauch,2003,1.5347900527955287,False,False
Rauch,2004,0.45120657403120756,False,False
Rauch,2005,1.6965272209474482,False,False
Rauch,2006,1.9138495358430014,False,False
Rauch,2007,0.07187398371882445,False,False
Rauch,2008,-5.7289757689393,True,False
Rauch,2009,2.2558568407182054,False,False
Rauch,2010,1.0137391350932503,False,False
Rauch,2011,0.8527129044108345,False,False
Rauch,2012,0.9485217408648753,False,False
Rauch,2013,-0.9835768563292078,False,False
Rauch,2014,-0.5410287934622658,False,False
Rauch,2015,0.6271874523764968,False,False
Rauch,2016,0.22289685737703702,False,False
Rauch,2017,-0.07024574113805,False,False
Rauch,2018,0.4814181314674244,False,False
Rauch,2019,0.625101147884651,False,False
Rauch,2020,2.057983021710123,False,False
Rauch,2021,-0.3838859479749593,False,False
Rauch,2022,-5.187294978799699,True,False
Rauch,2023,-0.4422277808997947,False,False
Rauch,2024,-1.0425720702853745,False,False
Realico,1981,,False,False
Realico,1982,,False,False
Realico,1983,,False,False
Realico,1984,0.19713754318314228,False,False
Realico,1985,3.975525976948659,False,False
Realico,1986,1.8354752919442285,False,False
Realico,1987,-0.5874023584606466,False,False
Realico,1988,-1.3144791695463607,False,False
Realico,1989,-1.3261717277998764,False,False
Realico,1990,-0.7348931688732677,False,False
Realico,1991,2.7750973081984256,False,False
Realico,1992,1.1431838355378705,False,False
Realico,1993,-0.08112529984661536,False,False
Realico,1994,-0.10084138947205129,False,False
Realico,1995,-0.5981196854996087,False,False
Realico,1996,-0.9412215956741986,False,False
Realico,1997,0.9485618602078826,False,False
Realico,1998,0.6870440030388207,False,False
Realico,1999,9.116798859899152,False,False
Realico,2000,0.24752346685273754,False,False
Realico,2001,1.667231751300222,False,False
Realico,2002,1.0899678894352804,False,False
Realico,2003,-0.2104105138888631,False,False
Realico,2004,3.3374070866975156,False,False
Realico,2005,-0.5153192622595931,False,False
Realico,2006,-0.8707401767467651,False,False
Realico,2007,-0.6543257671036973,False,False
Realico,2008,-1.2335044319527,False,False
Realico,2009,-0.951406283607793,False,False
Realico,2010,-0.5524041920819833,False,False
Realico,2011,0.46862100510558696,False,False
Realico,2012,-0.9125941367303657,False,False
Realico,2013,0.9623622388883374,False,False
Realico,2014,11.994780517033682,False,False
Realico,2015,2.8640554705470542,False,False
Realico,2016,0.8208512602438095,False,False
Realico,2017,0.42567877970272733,False,False
Realico,2018,1.1700772851847185,False,False
Realico,2019,1.0913742631462704,False,False
Realico,2020,-0.31129125563524557,False,False
Realico,2021,0.40895951008861886,False,False
Realico,2022,-1.0471175196834301,False,False
Realico,2023,-0.6814062349549502,False,False
Realico,2024,-3.580921295279675,True,False
Rio Cuarto,1981,,False,False
Rio Cuarto,1982,,False,False
Rio Cuarto,1983,,False,False
Rio Cuarto,1984,1.172175850997868,False,False
Rio Cuarto,1985,0.46765715507349315,False,False
Rio Cuarto,1986,-0.9617781710976715,False,False
Rio Cuarto,1987,0.33232065548299794,False,False
Rio Cuarto,1988,-2.074609970197795,True,False
Rio Cuarto,1989,-1.3804664198040804,False,False
Rio Cuarto,1990,1.4324745319293726,False,False
Rio Cuarto,1991,0.991261833394704,False,False
Rio Cuarto,1992,1.0381041052098456,False,False
Rio Cuarto,1993,1.6661219765341935,False,False
Rio Cuarto,1994,1.1966422450849266,False,False
Rio Cuarto,1995,-2.0523512732931106,True,False
Rio Cuarto,1996,-2.780992062019472,True,False
Rio Cuarto,1997,0.8426548012644085,False,False
Rio Cuarto,1998,0.8381887324068905,False,False
Rio Cuarto,1999,1.4434988463718785,False,False
Rio Cuarto,2000,0.7508483243783503,False,False
Rio Cuarto,2001,1.366391760661987,False,False
Rio Cuarto,2002,2.6632562060086675,False,False
Rio Cuarto,2003,-0.19331384382535274,False,False
Rio Cuarto,2004,3.0391584765259396,False,False
Rio Cuarto,2005,-1.4853424511719286,False,False
Rio Cuarto,2006,1.5001919423179468,False,False
Rio Cuarto,2007,-0.12970381488916286,False,False
Rio Cuarto,2008,-0.3975705008110584,False,False
Rio Cuarto,2009,-1.3583051255190706,False,False
Rio Cuarto,2010,-1.0646537211903944,False,False
Rio Cuarto,2011,-1.1407258450541333,False,False
Rio Cuarto,2012,1.3121763407144735,False,False
Rio Cuarto,2013,0.4144092767335805,False,False
Rio Cuarto,2014,1.4946459565897325,False,False
Rio Cuarto,2015,1.130599590538178,False,False
Rio Cuarto,2016,0.4069044175329445,False,False
Rio Cuarto,2017,-3.837612894400992,True,False
Rio Cuarto,2018,0.9938837346736192,False,False
Rio Cuarto,2019,-0.16884251567725095,False,False
Rio Cuarto,2020,0.4736388070912799,False,False
Rio Cuarto,2021,-0.5788507179364248,False,False
Rio Cuarto,2022,-2.1605093679593477,True,False
Rio Cuarto,2023,0.5081077109177646,False,False
Rio Cuarto,2024,0.8181447971625364,False,False
Rio Hondo,1981,,False,False
Rio Hondo,1982,,False,False
Rio Hondo,1983,,False,False
Rio Hondo,1984,inf,False,False
Rio Hondo,1985,-0.4752475247524752,False,False
Rio Hondo,1986,2.5992585961529198,False,False
Rio Hondo,1987,1.8336529808620279,False,False
Rio Hondo,1988,-1.649696496358755,True,False
Rio Hondo,1989,-0.10878973230038162,False,False
Rio Hondo,1995,-0.3015296949242486,False,False
Rio Hondo,1996,3.7879681862945462,False,False
Rio Hondo,1997,1.315849519642352,False,False
Rio Hondo,1998,1.1278374023060347,False,False
Rio Hondo,2004,-0.2538521511040626,False,False
Rio Hondo,2005,1.0733223865905241,False,False
Rio Hondo,2006,-1.402634980979969,False,False
Rio Hondo,2007,-0.6718114675195241,False,False
Rio Hondo,2008,-2.2559302514783672,True,False
Rio Hondo,2009,1.506081018595006,False,False
Rio Hondo,2010,2.3369354299953957,False,False
Rio Hondo,2011,-0.05829401324406501,False,False
Rio Hondo,2012,-1.275909749953554,False,False
Rio Hondo,2013,1.2604838860590077,False,False
Rio Hondo,2014,0.8510219608493701,False,False
Rio Hondo,2015,1.0335502822966072,False,False
Rio Hondo,2016,1.242505809571463,False,False
Rio Hondo,2017,0.39925964318178025,False,False
Rio Hondo,2018,-0.25522529088907914,False,False
Rio Hondo,2019,0.6434730048628481,False,False
Rio Hondo,2020,0.3642011628847901,False,False
Rio Hondo,2021,1.3968783180839388,False,False
Rio Hondo,2022,-4.23569554515775,True,False
Rio Hondo,2023,-2.6724632992497623,True,False
Rio Hondo,2024,-0.39562828403747236,False,False
Rio Primero,1981,,False,False
Rio Primero,1982,,False,False
Rio Primero,1983,,False,False
Rio Primero,1984,1.8145294174531097,False,False
Rio Primero,1985,-1.3176878878789975,False,False
Rio Primero,1986,-0.6192903997729469,False,False
Rio Primero,1987,0.7167872572286952,False,False
Rio Primero,1988,-2.4243528662893987,True,False
Rio Primero,1989,0.7956604655816152,False,False
Rio Primero,1990,-0.9101249635546933,False,False
Rio Primero,1991,1.7599852441172497,False,False
Rio Primero,1992,1.10458166542298,False,False
Rio Primero,1993,0.9891997056134949,False,False
Rio Primero,1994,-0.9030616159415419,False,False
Rio Primero,1995,0.5403758258679822,False,False
Rio Primero,1996,0.44266400012204354,False,False
Rio Primero,1997,3.0584058190250283,False,False
Rio Primero,1998,0.4219265078446459,False,False
Rio Primero,1999,2.1866542830640565,False,False
Rio Primero,2000,1.5267504551380955,False,False
Rio Primero,2001,2.2773690886689657,False,False
Rio Primero,2002,2.2222619390037934,False,False
Rio Primero,2003,-0.624789121050561,False,False
Rio Primero,2004,0.9789904749491104,False,False
Rio Primero,2005,-1.0301450083218124,False,False
Rio Primero,2006,1.3450603254694355,False,False
Rio Primero,2007,-1.176542034099542,False,False
Rio Primero,2008,-1.4961880497461026,False,False
Rio Primero,2009,0.9701425001453319,False,False
Rio Primero,2010,-1.3546651346377334,False,False
Rio Primero,2011,0.13546058625291965,False,False
Rio Primero,2012,-0.1336158416505684,False,False
Rio Primero,2013,0.8299599394833382,False,False
Rio Primero,2014,1.4903221873980754,False,False
Rio Primero,2015,0.9461612384971857,False,False
Rio Primero,2016,1.0341332813642505,False,False
Rio Primero,2017,-2.356270675082316,True,False
Rio Primero,2018,-0.8391463916782737,False,False
Rio Primero,2019,1.0368220676663862,False,False
Rio Primero,2020,0.9611285131412174,False,False
Rio Primero,2021,0.20349681809704973,False,False
Rio Primero,2022,-0.7194518927862312,False,False
Rio Primero,2023,-0.586252639923973,False,False
Rio Primero,2024,0.5687262064760722,False,False
Rio Seco,1981,,False,False
Rio Seco,1982,,False,False
Rio Seco,1983,,False,False
Rio Seco,1984,0.7593263966019992,False,False
Rio Seco,1985,-0.7378647873726218,False,False
Rio Seco,1986,0.04549568877688645,False,False
Rio Seco,1987,0.5370723966647879,False,False
Rio Seco,1988,-2.0069427841421947,True,False
Rio Seco,1989,1.0765230239759165,False,False
Rio Seco,1990,1.3590749987727448,False,False
Rio Seco,1991,1.5703713611619161,False,False
Rio Seco,1992,1.0032256872222367,False,False
Rio Seco,1993,0.5274589161104113,False,False
Rio Seco,1994,-4.524026351933609,True,False
Rio Seco,1995,-0.03138568125236935,False,False
Rio Seco,1996,0.6754990316388381,False,False
Rio Seco,1997,1.9478915148430114,False,False
Rio Seco,1998,-2.03084193598962,True,False
Rio Seco,1999,1.3509005769760118,False,False
Rio Seco,2000,0.8915167560976267,False,False
Rio Seco,2001,2.227001099753901,False,False
Rio Seco,2002,1.567483432239342,False,False
Rio Seco,2003,-0.36445913319618556,False,False
Rio Seco,2004,-0.7382716607354268,False,False
Rio Seco,2005,-0.0394089201239032,False,False
Rio Seco,2006,1.0897847621356538,False,False
Rio Seco,2007,-0.32478490123081544,False,False
Rio Seco,2008,-1.5351468168611109,True,False
Rio Seco,2009,0.9114996670334161,False,False
Rio Seco,2010,-0.6589968157122676,False,False
Rio Seco,2011,0.2973780824315328,False,False
Rio Seco,2012,-1.0160240335759343,False,False
Rio Seco,2013,1.2549529652403701,False,False
Rio Seco,2014,0.6958619452719239,False,False
Rio Seco,2015,2.138815348431392,False,False
Rio Seco,2016,-0.43701422443753785,False,False
Rio Seco,2017,0.20015323715694608,False,False
Rio Seco,2018,0.9857364255104073,False,False
Rio Seco,2019,1.0550087574332592,False,False
Rio Seco,2020,1.1315578997220073,False,False
Rio Seco,2021,-0.4308345487970996,False,False
Rio Seco,2022,-4.756720112984324,True,False
Rio Seco,2023,-2.1015987302013572,True,False
Rio Seco,2024,0.14905687230721829,False,False
Rio Segundo,1981,,False,False
Rio Segundo,1982,,False,False
Rio Segundo,1983,,False,False
Rio Segundo,1984,1.9629909152447274,False,False
Rio Segundo,1985,0.537232170395608,False,False
Rio Segundo,1986,-1.2426269805947645,False,False
Rio Segundo,1987,1.0570898772230768,False,False
Rio Segundo,1988,-5.9434783007777625,True,False
Rio Segundo,1989,-0.4818238164522483,False,False
Rio Segundo,1990,1.7309154120584875,False,False
Rio Segundo,1991,0.6681155091779538,False,False
Rio Segundo,1992,1.3111872264788846,False,False
Rio Segundo,1993,0.6708383049768636,False,False
Rio Segundo,1994,-1.7568573681416246,True,False
Rio Segundo,1995,-2.7346269362079827,True,False
Rio Segundo,1996,0.2500433058807463,False,False
Rio Segundo,1997,0.6415433279857319,False,False
Rio Segundo,1998,0.4394132276396177,False,False
Rio Segundo,1999,2.8059643101730334,False,False
Rio Segundo,2000,1.081507214571107,False,False
Rio Segundo,2001,1.890302219956682,False,False
Rio Segundo,2002,1.4432495918716863,False,False
Rio Segundo,2003,-0.6723209999866075,False,False
Rio Segundo,2004,2.344423596241105,False,False
Rio Segundo,2005,-0.08950191349369817,False,False
Rio Segundo,2006,1.9753085481355532,False,False
Rio Segundo,2007,-1.7861612444701807,True,False
Rio Segundo,2008,-0.341141081533753,False,False
Rio Segundo,2009,0.08940082228181336,False,False
Rio Segundo,2010,-1.187373446281573,False,False
Rio Segundo,2011,-0.7712291071395974,False,False
Rio Segundo,2012,0.5648723631650258,False,False
Rio Segundo,2013,2.791493338213797,False,False
Rio Segundo,2014,0.9737930467427922,False,False
Rio Segundo,2015,1.1775429407587081,False,False
Rio Segundo,2016,0.9246805369787495,False,False
Rio Segundo,2017,-0.7481347550913063,False,False
Rio Segundo,2018,1.618843695925827,False,False
Rio Segundo,2019,0.5185629788417315,False,False
Rio Segundo,2020,0.319857872522414,False,False
Rio Segundo,2021,-0.39562828403747224,False,False
Rio Segundo,2022,-3.56065455633725,True,False
Rio Segundo,2023,-1.0811249552346707,False,False
Rio Segundo,2024,0.456203110190734,False,False
Rivadavia,1981,,False,False
Rivadavia,1981,,False,False
Rivadavia,1981,,False,False
Rivadavia,1981,-1.1547005383792517,False,False
Rivadavia,1982,1.0785591611352068,False,False
Rivadavia,1982,0.8704278294982676,False,False
Rivadavia,1982,-0.9912671952104781,False,False
Rivadavia,1982,-0.6639424135307506,False,False
Rivadavia,1983,3.0784201041012085,False,False
Rivadavia,1983,1.4686886556103014,False,False
Rivadavia,1983,-1.5932368141180115,True,False
Rivadavia,1983,-1.0426316112128184,False,False
Rivadavia,1984,0.5132810318292745,False,False
Rivadavia,1984,0.3306790473196568,False,False
Rivadavia,1984,-0.5555671119529991,False,False
Rivadavia,1984,-0.27857382786808327,False,False
Rivadavia,1985,2.6269736736774925,False,False
Rivadavia,1985,1.4507872412835456,False,False
Rivadavia,1985,-1.1100339789247318,False,False
Rivadavia,1985,-0.798244662829773,False,False
Rivadavia,1986,0.25500778806983504,False,False
Rivadavia,1986,0.07693892995129914,False,False
Rivadavia,1986,-0.45456940204491225,False,False
Rivadavia,1986,-0.13951861530624846,False,False
Rivadavia,1987,2.1214000307493226,False,False
Rivadavia,1987,1.3637720986828505,False,False
Rivadavia,1987,-0.9082417569957187,False,False
Rivadavia,1987,-0.6609049998097866,False,False
Rivadavia,1988,0.7437181846685301,False,False
Rivadavia,1988,0.4693038589562178,False,False
Rivadavia,1988,-3.111848588965493,True,False
Rivadavia,1988,-1.4998531969421516,False,False
Rivadavia,1989,0.2046211075341757,False,False
Rivadavia,1989,0.17881665323910312,False,False
Rivadavia,1989,-0.49392819607936755,False,False
Rivadavia,1989,-0.1987615979999814,False,False
Rivadavia,1990,2.4521435786024655,False,False
Rivadavia,1990,1.4342743312012727,False,False
Rivadavia,1991,3.5020000000000007,False,False
Rivadavia,1991,1.5077188582152654,False,False
Rivadavia,1991,-0.2637094331809842,False,False
Rivadavia,1991,-0.6832085598564165,False,False
Rivadavia,1992,0.26955515593151186,False,False
Rivadavia,1992,0.06675861490637282,False,False
Rivadavia,1992,-0.5576531580387896,False,False
Rivadavia,1992,-0.2645435777444184,False,False
Rivadavia,1993,-0.32606700220764084,False,False
Rivadavia,1993,-0.6269630364296698,False,False
Rivadavia,1993,-1.9510015214644936,True,False
Rivadavia,1993,-1.7714258585918514,True,False
Rivadavia,1994,3.641023956975225,False,False
Rivadavia,1994,1.5614401167176553,False,False
Rivadavia,1994,-0.29216699339285207,False,False
Rivadavia,1994,-0.26375218935831507,False,False
Rivadavia,1995,-3.8758511609996407,True,False
Rivadavia,1995,-1.6613115287626106,True,False
Rivadavia,1995,0.5483656990730669,False,False
Rivadavia,1995,0.7830735590748498,False,False
Rivadavia,1996,0.9857627667031137,False,False
Rivadavia,1996,0.8718742904876208,False,False
Rivadavia,1996,-0.47004389975078437,False,False
Rivadavia,1996,-1.7052234158776516,True,False
Rivadavia,1997,5.10818598916551,False,False
Rivadavia,1997,1.6498796642514226,False,False
Rivadavia,1997,-0.6024883666584104,False,False
Rivadavia,1997,-0.5235295110211682,False,False
Rivadavia,1998,1.1382457839187947,False,False
Rivadavia,1998,0.7669772835505296,False,False
Rivadavia,1998,-1.3001948963156145,False,False
Rivadavia,1998,-0.8580845188046007,False,False
Rivadavia,1999,1.0408436814433868,False,False
Rivadavia,1999,0.6966534183233534,False,False
Rivadavia,2000,0.2062455364362524,False,False
Rivadavia,2000,0.34485155566680364,False,False
Rivadavia,2001,1.0023998254748911,False,False
Rivadavia,2001,1.082643340761543,False,False
Rivadavia,2002,0.3765546345000992,False,False
Rivadavia,2002,0.3765546345000992,False,False
Rivadavia,2002,-4.4055236870099,True,False
Rivadavia,2002,-1.7700161219612491,True,False
Rivadavia,2003,0.9928401188341671,False,False
Rivadavia,2003,0.9492889050691349,False,False
Rivadavia,2003,-1.0860901604998983,False,False
Rivadavia,2003,-0.7302967433402217,False,False
Rivadavia,2004,1.5214515486254618,False,False
Rivadavia,2004,0.9811143953716456,False,False
Rivadavia,2004,-1.343640658692199,False,False
Rivadavia,2004,-0.8835936823277571,False,False
Rivadavia,2005,1.0457242522302714,False,False
Rivadavia,2005,0.7009727269413177,False,False
Rivadavia,2005,-0.8744470793354058,False,False
Rivadavia,2005,-0.5730065762347631,False,False
Rivadavia,2006,1.1865933265705246,False,False
Rivadavia,2006,0.7960297521679915,False,False
Rivadavia,2006,-1.3388971783711547,False,False
Rivadavia,2006,-0.8798457350181631,False,False
Rivadavia,2007,0.6510921880597471,False,False
Rivadavia,2007,0.41616605900025294,False,False
Rivadavia,2007,-1.3192210108998832,False,False
Rivadavia,2007,-0.9006593569236646,False,False
Rivadavia,2008,-0.7673081969231578,False,False
Rivadavia,2008,-0.7027671024545408,False,False
Rivadavia,2008,-2.019105420378356,True,False
Rivadavia,2008,-1.7876986907032133,True,False
Rivadavia,2009,3.6454075843905223,False,False
Rivadavia,2009,1.573919453540957,False,False
Rivadavia,2009,-0.056822745319240454,False,False
Rivadavia,2009,-0.08107602010646665,False,False
Rivadavia,2010,0.2583257089279879,False,False
Rivadavia,2010,-0.10172983707772808,False,False
Rivadavia,2010,1.1747797125405637,False,False
Rivadavia,2010,1.4231301650094244,False,False
Rivadavia,2011,1.4917207062487163,False,False
Rivadavia,2011,1.1647835380571578,False,False
Rivadavia,2011,-2.129615916538001,True,False
Rivadavia,2011,-1.6942151075580612,True,False
Rivadavia,2012,0.7458841219830239,False,False
Rivadavia,2012,0.6402846342146501,False,False
Rivadavia,2012,-2.3241921518838558,True,False
Rivadavia,2012,-1.3049017393199298,False,False
Rivadavia,2013,0.8517344421439812,False,False
Rivadavia,2013,0.6146889990862596,False,False
Rivadavia,2013,0.5815485859014493,False,False
Rivadavia,2013,0.6679276657013801,False,False
Rivadavia,2014,0.13451651201708464,False,False
Rivadavia,2014,-1.654973751106175,True,False
Rivadavia,2014,-1.925295536359744,True,False
Rivadavia,2014,-1.238671028557906,False,False
Rivadavia,2015,5.447169542226409,False,False
Rivadavia,2015,1.763417595149421,False,False
Rivadavia,2015,-0.8157908037591569,False,False
Rivadavia,2015,-0.7302967433402222,False,False
Rivadavia,2016,1.399735424735426,False,False
Rivadavia,2016,0.91615733490219,False,False
Rivadavia,2016,-1.0886621079036356,False,False
Rivadavia,2016,-0.730296743340222,False,False
Rivadavia,2017,-0.730296743340222,False,False
Rivadavia,2017,-0.730296743340222,False,False
Rivadavia,2017,-1.5120078704998594,True,False
Rivadavia,2017,-1.7888543819998317,True,False
Rivadavia,2018,4.739625864278037,False,False
Rivadavia,2018,1.6524010201598682,False,False
Rivadavia,2018,-0.542147362962667,False,False
Rivadavia,2018,-0.4812079789912437,False,False
Rivadavia,2019,1.0842750021767296,False,False
Rivadavia,2019,0.7321707392708366,False,False
Rivadavia,2019,-0.5614925344607415,False,False
Rivadavia,2019,-0.32671816705616913,False,False
Rivadavia,2020,-0.794743447123217,False,False
Rivadavia,2020,-0.9450420033610425,False,False
Rivadavia,2020,-0.30831704516524944,False,False
Rivadavia,2020,0.5111012519999485,False,False
Rivadavia,2021,7.390892189466778,False,False
Rivadavia,2021,1.7360741598134826,False,False
Rivadavia,2021,-0.5813183589761796,False,False
Rivadavia,2021,-0.7302967433402211,False,False
Rivadavia,2022,-0.578151588477675,False,False
Rivadavia,2022,-0.624695047554424,False,False
Rivadavia,2022,-3.0577463488789225,True,False
Rivadavia,2022,-1.782751142161289,True,False
Rivadavia,2023,1.8648289971501666,False,False
Rivadavia,2023,1.2453813945418715,False,False
Rivadavia,2023,-3.6424545085909874,True,False
Rivadavia,2023,-1.5213337378559013,True,False
Rivadavia,2024,1.0426207614320846,False,False
Rivadavia,2024,0.7728077836426083,False,False
Rivadavia,2024,-0.7118913492037575,False,False
Rivadavia,2024,-0.45269345123274946,False,False
Robles,1981,,False,False
Robles,1982,,False,False
Robles,1985,,False,False
Robles,1986,2.9663858658363575,False,False
Robles,1987,6.817168714150757,False,False
Robles,1988,-2.831600045838773,True,False
Robles,1989,-0.400503517518178,False,False
Robles,1991,2.245074469483035,False,False
Robles,1992,1.3487184068219034,False,False
Robles,1993,1.3292504886011387,False,False
Robles,1994,0.47239241625414563,False,False
Robles,1995,-1.7162823570857053,True,False
Robles,1996,0.9990237938348457,False,False
Robles,1997,0.4950476771813363,False,False
Robles,1998,0.3496175199468961,False,False
Robles,2005,4.06307096599474,False,False
Robles,2006,0.31389406401518555,False,False
Robles,2007,0.13698454492760498,False,False
Robles,2008,-1.0876602252183936,False,False
Robles,2009,0.08327878928414519,False,False
Robles,2010,1.4195083488902662,False,False
Robles,2011,0.09011180788164205,False,False
Robles,2012,-1.5286296465079454,True,False
Robles,2013,0.7282310336857085,False,False
Robles,2014,1.094910387888479,False,False
Robles,2015,0.6459776544462126,False,False
Robles,2016,1.1738239201089091,False,False
Robles,2017,0.5240042793462196,False,False
Robles,2018,-0.8426548012644078,False,False
Robles,2019,-2.2138802638771584,True,False
Robles,2020,0.44794250297504845,False,False
Robles,2021,1.252910928523643,False,False
Robles,2022,-3.171209581799955,True,False
Robles,2023,-2.5056806811170342,True,False
Robles,2024,-0.4270520450198997,False,False
Rojas,1981,,False,False
Rojas,1982,,False,False
Rojas,1983,,False,False
Rojas,1984,1.8060205525501742,False,False
Rojas,1985,0.27090922905936393,False,False
Rojas,1986,-7.30268463399897,True,False
Rojas,1987,0.5191487481580247,False,False
Rojas,1988,-0.6234723292251451,False,False
Rojas,1989,0.9068971353578185,False,False
Rojas,1990,2.1643770649051532,False,False
Rojas,1991,1.2002670404294569,False,False
Rojas,1992,0.7188512946995369,False,False
Rojas,1993,1.5295390204042671,False,False
Rojas,1994,1.7664849104165068,False,False
Rojas,1995,1.3059824521315493,False,False
Rojas,1996,2.2151681940707726,False,False
Rojas,1997,4.397589997575859,False,False
Rojas,1998,1.1285176798811376,False,False
Rojas,1999,-0.8867931498499145,False,False
Rojas,2000,0.3657395476782138,False,False
Rojas,2001,0.9067734913385116,False,False
Rojas,2002,1.2718572734356646,False,False
Rojas,2003,0.6985306855379506,False,False
Rojas,2004,1.1559742175129608,False,False
Rojas,2005,-3.2147321698668145,True,False
Rojas,2006,1.8366045000524835,False,False
Rojas,2007,0.3583267478886096,False,False
Rojas,2008,-2.0664352343791155,True,False
Rojas,2009,1.6434086196183204,False,False
Rojas,2010,0.6126626693723759,False,False
Rojas,2011,-1.3065316246503345,False,False
Rojas,2012,0.710308850830277,False,False
Rojas,2013,0.5888810982050792,False,False
Rojas,2014,0.7824655381238275,False,False
Rojas,2015,0.5218661440244239,False,False
Rojas,2016,0.27451070171511593,False,False
Rojas,2017,-3.7791490064715374,True,True
Rojas,2018,0.7179581586177385,False,False
Rojas,2019,-0.2734343708098654,False,False
Rojas,2020,-2.2975060460015375,True,True
Rojas,2021,-1.1573827732089894,False,False
Rojas,2022,-4.871190553584046,True,True
Rojas,2023,1.1713746416253041,False,False
Rojas,2024,-0.04425905397725761,False,False
Roque Perez,1981,,False,False
Roque Perez,1982,,False,False
Roque Perez,1983,,False,False
Roque Perez,1984,1.8475208614068033,False,False
Roque Perez,1985,0.8429272304235246,False,False
Roque Perez,1986,-0.18146405577916253,False,False
Roque Perez,1987,3.8912497611029697,False,False
Roque Perez,1988,-1.1005562142910938,False,False
Roque Perez,1989,1.5629389800242341,False,False
Roque Perez,1990,2.0601432780177316,False,False
Roque Perez,1991,1.198016708534573,False,False
Roque Perez,1992,-0.2025491594206434,False,False
Roque Perez,1993,-0.04872812567496482,False,False
Roque Perez,1994,0.4024672722981967,False,False
Roque Perez,1995,-0.6945654528765579,False,False
Roque Perez,1996,1.9427345035502004,False,False
Roque Perez,1997,6.196380345735877,False,False
Roque Perez,1998,0.1259164256509146,False,False
Roque Perez,1999,-0.48374291776680844,False,False
Roque Perez,2000,0.36646291004846804,False,False
Roque Perez,2001,-0.5942252191345302,False,False
Roque Perez,2002,1.1549417159061597,False,False
Roque Perez,2003,2.6026418561150364,False,False
Roque Perez,2004,2.2872294278252494,False,False
Roque Perez,2005,0.3508534312042441,False,False
Roque Perez,2006,1.8980228005843391,False,False
Roque Perez,2007,-0.26533794650851,False,False
Roque Perez,2008,-3.550128500673035,True,False
Roque Perez,2009,0.4301242574157346,False,False
Roque Perez,2010,-0.4073748950055105,False,False
Roque Perez,2011,-1.4806869751856364,False,False
Roque Perez,2012,1.0836219101895062,False,False
Roque Perez,2013,0.3217096908605245,False,False
Roque Perez,2014,0.1319980829463148,False,False
Roque Perez,2015,1.1753489434882791,False,False
Roque Perez,2016,0.8960191718342512,False,False
Roque Perez,2017,-4.001116469497161,True,False
Roque Perez,2018,0.3519436935131966,False,False
Roque Perez,2019,-0.06350406463828015,False,False
Roque Perez,2020,-0.12728916546811686,False,False
Roque Perez,2021,-0.3887986652921791,False,False
Roque Perez,2022,-2.3825821765219612,True,False
Roque Perez,2023,-0.050896327393143884,False,False
Roque Perez,2024,0.3444355896285876,False,False
Rosario,1981,,False,False
Rosario,1982,,False,False
Rosario,1983,,False,False
Rosario,1984,0.24282730959758622,False,False
Rosario,1985,2.274331049309732,False,False
Rosario,1986,0.29652619371678535,False,False
Rosario,1987,1.1466511466765639,False,False
Rosario,1988,-2.1140095210544416,True,True
Rosario,1989,-0.8604070536963366,False,False
Rosario,1990,0.8288899781034907,False,False
Rosario,1991,2.245358337492697,False,False
Rosario,1992,1.0348641161779382,False,False
Rosario,1993,0.5567481360691123,False,False
Rosario,1994,0.8523404860960868,False,False
Rosario,1995,-0.47763242324546595,False,False
Rosario,1996,-4.721169880997396,True,False
Rosario,1997,2.439867874846625,False,False
Rosario,1998,0.8755809604659822,False,False
Rosario,1999,-0.93998883076294,False,False
Rosario,2000,0.41621219968045126,False,False
Rosario,2001,1.2392539556639093,False,False
Rosario,2002,0.15976053865353423,False,False
Rosario,2003,1.7419407635297117,False,False
Rosario,2004,1.7787989095280323,False,False
Rosario,2005,-1.9059323195939706,True,True
Rosario,2006,1.3210590348779616,False,False
Rosario,2007,0.5261793137376933,False,False
Rosario,2008,-2.088954001720108,True,False
Rosario,2009,1.2070751177421033,False,False
Rosario,2010,0.4120499682927932,False,False
Rosario,2011,0.3350525742374973,False,False
Rosario,2012,0.35077815939027135,False,False
Rosario,2013,0.41391511380434537,False,False
Rosario,2014,0.3000149800464664,False,False
Rosario,2015,-1.3969130569417296,False,False
Rosario,2016,-3.3611032303952504,True,False
Rosario,2017,-3.1980107453341677,True,True
Rosario,2018,1.6347454352396324,False,False
Rosario,2019,-1.5965643050453,True,False
Rosario,2020,0.11796266967479706,False,False
Rosario,2021,-3.247773209741995,True,True
Rosario,2022,-2.260451512363612,True,True
Rosario,2023,0.8200691156971172,False,False
Rosario,2024,0.911952940342014,False,False
Rosario De La Frontera,1981,,False,False
Rosario De La Frontera,1982,,False,False
Rosario De La Frontera,1983,,False,False
Rosario De La Frontera,1984,2.204288806589813,False,False
Rosario De La Frontera,1985,-0.7037729625772319,False,False
Rosario De La Frontera,1986,0.022966980391824637,False,False
Rosario De La Frontera,1987,2.7272376076262685,False,False
Rosario De La Frontera,1988,-1.7267154319828204,True,False
Rosario De La Frontera,1989,0.47053872260052265,False,False
Rosario De La Frontera,1991,0.30014733024748486,False,False
Rosario De La Frontera,1992,0.35073436685041404,False,False
Rosario De La Frontera,1993,0.9115923224837237,False,False
Rosario De La Frontera,1994,1.1287473103480636,False,False
Rosario De La Frontera,1995,0.1346697314778917,False,False
Rosario De La Frontera,1996,1.4343559008961289,False,False
Rosario De La Frontera,1997,-0.41545662310581477,False,False
Rosario De La Frontera,1998,1.7797583499196261,False,False
Rosario De La Frontera,1999,1.6066302837474102,False,False
Rosario De La Frontera,2000,-0.7746170837916759,False,False
Rosario De La Frontera,2001,1.921727383697476,False,False
Rosario De La Frontera,2002,-1.873815069501909,True,False
Rosario De La Frontera,2003,-1.3872534149160534,False,False
Rosario De La Frontera,2004,1.2596795040129019,False,False
Rosario De La Frontera,2005,3.031872039188909,False,False
Rosario De La Frontera,2006,1.4342743312012727,False,False
Rosario De La Frontera,2007,0.5000000000000001,False,False
Rosario De La Frontera,2008,0.24024095047621316,False,False
Rosario De La Frontera,2009,0.9558408081929023,False,False
Rosario De La Frontera,2010,2.883171121809002,False,False
Rosario De La Frontera,2011,0.40387095597299993,False,False
Rosario De La Frontera,2012,-6.861159752232857,True,False
Rosario De La Frontera,2013,0.7998283171079894,False,False
Rosario De La Frontera,2014,0.864443457179573,False,False
Rosario De La Frontera,2015,0.5720786888771172,False,False
Rosario De La Frontera,2016,0.8835412617927488,False,False
Rosario De La Frontera,2017,0.4150345535424751,False,False
Rosario De La Frontera,2018,3.573259271055202,False,False
Rosario De La Frontera,2019,1.3822965679089636,False,False
Rosario De La Frontera,2020,1.2675004445952613,False,False
Rosario De La Frontera,2021,-0.715718495238791,False,False
Rosario De La Frontera,2022,-1.62260155950114,True,False
Rosario De La Frontera,2023,-2.9237876465219603,True,False
Rosario De La Frontera,2024,0.3283906822141305,False,False
Rosario De Lerma,1981,,False,False
Rosario De Lerma,1982,,False,False
Rosario De Lerma,1983,,False,False
Rosario De Lerma,1984,0.9271726499455312,False,False
Rosario De Lerma,1985,-0.08887354759818336,False,False
Rosario De Lerma,1986,0.8747897905883546,False,False
Rosario De Lerma,1987,2.9210916491319456,False,False
Rosario De Lerma,1988,-0.23404843695175032,False,False
Rosario De Lerma,1989,1.690691998506717,False,False
Rosario De Lerma,1995,1.6859617994301084,False,False
Rosario De Lerma,1997,0.8444047711114193,False,False
Rosario De Lerma,1998,1.9797469538981378,False,False
Rosario De Lerma,1999,1.1993656333625649,False,False
Rosario De Lerma,2000,-1.1482320975495037,False,False
Rosario De Lerma,2001,3.2309902424562345,False,False
Rosario De Lerma,2002,1.4663642789208997,False,False
Rosario De Lerma,2003,0.9561828874675147,False,False
Rosario De Lerma,2004,0.6708203932499367,False,False
Rosario De Lerma,2005,0.4472135954999578,False,False
Rosario De Lerma,2006,,False,False
Rosario De Lerma,2007,inf,False,False
Rosario De Lerma,2008,0.4472135954999579,False,False
Rosario De Lerma,2009,3.0124740662784135,False,False
Rosario De Lerma,2010,3.071503432088809,False,False
Rosario De Lerma,2011,0.8582786196319904,False,False
Rosario De Lerma,2012,-5.25437226783435,True,False
Rosario De Lerma,2013,1.2261265698851154,False,False
Rosario De Lerma,2014,0.9940524439998645,False,False
Rosario De Lerma,2015,0.6040474184535497,False,False
Rosario De Lerma,2016,0.9933470390530066,False,False
Rosario De Lerma,2017,0.4252197174615509,False,False
Rosario De Lerma,2018,3.4223084492709335,False,False
Rosario De Lerma,2019,1.3139218988594874,False,False
Rosario De Lerma,2020,0.8639710441645868,False,False
Rosario De Lerma,2021,0.335995374610423,False,False
Rosario De Lerma,2022,-1.761885281724542,True,False
Rosario De Lerma,2023,-4.208268622080753,True,False
Rosario De Lerma,2024,-0.02436583470892084,False,False
Saavedra,1981,,False,False
Saavedra,1982,,False,False
Saavedra,1983,,False,False
Saavedra,1984,1.2911340579998485,False,False
Saavedra,1985,0.7928032342013673,False,False
Saavedra,1986,0.12529829888375266,False,False
Saavedra,1987,0.849936021492712,False,False
Saavedra,1988,0.7291960373164386,False,False
Saavedra,1989,0.0,False,False
Saavedra,1990,5.4955647337966544,False,False
Saavedra,1991,0.9696776076572048,False,False
Saavedra,1992,-0.8838367277898032,False,False
Saavedra,1993,-0.05276759373677576,False,False
Saavedra,1994,-0.15652497763452042,False,False
Saavedra,1995,-1.2222346229938783,False,False
Saavedra,1996,1.9123657749350285,False,False
Saavedra,1997,6.004662111908485,False,False
Saavedra,1998,-0.3905532238982138,False,False
Saavedra,1999,-0.4790375490477377,False,False
Saavedra,2000,-0.10420378609958614,False,False
Saavedra,2001,-0.2855041817985458,False,False
Saavedra,2002,-0.6677477373452746,False,False
Saavedra,2003,4.937708703304546,False,False
Saavedra,2004,2.4494897427831774,False,False
Saavedra,2005,0.7302967433402213,False,False
Saavedra,2006,0.0,False,False
Saavedra,2007,0.10624254305194608,False,False
Saavedra,2008,-8.605645987207625,True,False
Saavedra,2009,-1.4301488660404647,False,False
Saavedra,2010,0.24713924574723403,False,False
Saavedra,2011,-0.1836074083576901,False,False
Saavedra,2012,0.5464913915184872,False,False
Saavedra,2013,0.30069706192790824,False,False
Saavedra,2014,1.9978570790258139,False,False
Saavedra,2015,2.367713408267359,False,False
Saavedra,2016,1.5707174426584598,False,False
Saavedra,2017,0.4456730687191767,False,False
Saavedra,2018,-0.15277020592535867,False,False
Saavedra,2019,-6.128130408279908,True,False
Saavedra,2020,0.3007528242702513,False,False
Saavedra,2021,0.06245258222912475,False,False
Saavedra,2022,0.6184343968871576,False,False
Saavedra,2023,-0.6897922119125989,False,False
Saavedra,2024,0.786771485767373,False,False
Saladas,1981,,False,False
Saladas,1982,,False,False
Saladas,1983,,False,False
Saladas,1984,0.11143153718969809,False,False
Saladas,1996,1.4867823456372027,False,False
Saladas,1997,1.4064316423726682,False,False
Saladas,1998,1.0184644463692833,False,False
Saladas,1999,-0.302294715571242,False,False
Saladas,2000,-1.4129479081757785,False,False
Saladas,2001,-1.863792805487769,True,False
Saladas,2002,-0.7663191425429431,False,False
Saladas,2003,-3.017419879641177,True,False
Saladas,2005,-2.0321464975215022,True,False
Saladas,2007,-1.2278812270298407,False,False
Saladas,2008,-1.7161101911107535,True,False
Saladas,2009,0.0037905763582315823,False,False
Saladas,2010,3.8158648168247242,False,False
Saladas,2013,6.305428769747727,False,False
Saladas,2018,5.0014883773894185,False,False
Saladas,2019,1.6380040803866251,False,False
Saladas,2020,0.7377801446310216,False,False
Saladas,2021,-0.001550474839272189,False,False
Saladas,2022,-0.44376370909324786,False,False
Saladas,2023,-1.5758335037455868,True,False
Saladas,2024,1.6625590407869921,False,False
Saladillo,1981,,False,False
Saladillo,1982,,False,False
Saladillo,1983,,False,False
Saladillo,1984,4.041451884327381,False,False
Saladillo,1985,-2.0530251534508177,True,False
Saladillo,1986,0.5876856722255589,False,False
Saladillo,1987,0.41256849850351734,False,False
Saladillo,1988,-0.6443941353340303,False,False
Saladillo,1989,2.03832758446039,False,False
Saladillo,1990,2.4900425132223685,False,False
Saladillo,1991,1.3040246552245547,False,False
Saladillo,1992,0.2901800703874105,False,False
Saladillo,1993,0.09236940080263055,False,False
Saladillo,1994,1.2320529600269532,False,False
Saladillo,1995,-1.0799258018071387,False,False
Saladillo,1996,2.2488931993350016,False,False
Saladillo,1997,6.851544224602255,False,False
Saladillo,1998,0.19740963697186092,False,False
Saladillo,1999,-0.5602302197612578,False,False
Saladillo,2000,0.7072653227765164,False,False
Saladillo,2001,-0.4337032511585518,False,False
Saladillo,2002,1.0505759844493994,False,False
Saladillo,2003,2.2002733008492457,False,False
Saladillo,2004,2.178383559063072,False,False
Saladillo,2005,0.2731151821315656,False,False
Saladillo,2006,1.9735317388538387,False,False
Saladillo,2007,-0.46994958047940344,False,False
Saladillo,2008,-3.506157279265036,True,False
Saladillo,2009,0.6157216786267329,False,False
Saladillo,2010,-0.33216564241705326,False,False
Saladillo,2011,-1.170177545563047,False,False
Saladillo,2012,1.270120783850448,False,False
Saladillo,2013,0.0703315282892095,False,False
Saladillo,2014,-0.4411504866856864,False,False
Saladillo,2015,0.8857730618219489,False,False
Saladillo,2016,1.1220814343987369,False,False
Saladillo,2017,-2.735878275822913,True,False
Saladillo,2018,0.8493149045260495,False,False
Saladillo,2019,0.17726786300309055,False,False
Saladillo,2020,-0.09976415061503179,False,False
Saladillo,2021,-0.46341733381019395,False,False
Saladillo,2022,-2.183710450215004,True,False
Saladillo,2023,-0.03662585970485889,False,False
Saladillo,2024,0.44410335685565316,False,False
Salliquelo,1981,,False,False
Salliquelo,1982,,False,False
Salliquelo,1983,,False,False
Salliquelo,1984,0.4031526078859797,False,False
Salliquelo,1985,-0.6979013312213102,False,False
Salliquelo,1986,-0.8617720199728812,False,False
Salliquelo,1987,0.2326426907609221,False,False
Salliquelo,1988,0.24614427089907265,False,False
Salliquelo,1989,0.1415658849988267,False,False
Salliquelo,1990,2.6919463855110033,False,False
Salliquelo,1991,1.397391392095537,False,False
Salliquelo,1992,2.548074356613101,False,False
Salliquelo,1993,2.0923316009620176,False,False
Salliquelo,1994,0.38238858150031707,False,False
Salliquelo,1995,-4.2845525188801785,True,False
Salliquelo,1996,0.7693082551059343,False,False
Salliquelo,1997,1.4143274279197857,False,False
Salliquelo,1998,-0.3592109693884602,False,False
Salliquelo,1999,1.6290972950591325,False,False
Salliquelo,2000,-0.4726369530139129,False,False
Salliquelo,2001,-0.8187855101822271,False,False
Salliquelo,2002,-0.22846678220820174,False,False
Salliquelo,2003,0.0737397660770937,False,False
Salliquelo,2004,1.8948245600639517,False,False
Salliquelo,2005,-0.6280693163112252,False,False
Salliquelo,2006,-0.9646353360798237,False,False
Salliquelo,2007,-0.3354216069702779,False,False
Salliquelo,2008,-1.7828822781847569,True,False
Salliquelo,2009,-0.23093130445866958,False,False
Salliquelo,2010,1.159170881730727,False,False
Salliquelo,2011,0.013602836302066438,False,False
Salliquelo,2012,3.3949677812510086,False,False
Salliquelo,2013,-0.5251439069083813,False,False
Salliquelo,2014,0.0074885086073356415,False,False
Salliquelo,2015,2.395798984957024,False,False
Salliquelo,2016,1.3686621590577341,False,False
Salliquelo,2017,-0.12006004503753284,False,False
Salliquelo,2018,1.3849141606773365,False,False
Salliquelo,2019,0.42694084017889206,False,False
Salliquelo,2020,-1.3135627288565213,False,False
Salliquelo,2021,1.1708484427753094,False,False
Salliquelo,2022,-0.533481366934524,False,False
Salliquelo,2023,-0.570087712549569,False,False
Salliquelo,2024,-0.051298917604257706,False,False
Salto,1981,,False,False
Salto,1982,,False,False
Salto,1983,,False,False
Salto,1984,-0.580926386647381,False,False
Salto,1985,-0.9049500935841854,False,False
Salto,1986,-1.834635996323111,True,False
Salto,1987,2.3482386693904407,False,False
Salto,1988,-3.347230680657291,True,True
Salto,1989,0.9391075443573104,False,False
Salto,1990,2.7587005353770713,False,False
Salto,1991,0.03864566987366515,False,False
Salto,1992,0.015880370506743943,False,False
Salto,1993,0.7162376618777468,False,False
Salto,1994,-0.153881507466265,False,False
Salto,1995,0.22900889826241844,False,False
Salto,1996,5.384555898554589,False,False
Salto,1997,3.636849168157269,False,False
Salto,1998,1.2216718631714827,False,False
Salto,1999,-1.3591326683721878,False,False
Salto,2000,0.12852778000874093,False,False
Salto,2001,0.3278409456786316,False,False
Salto,2002,0.37695372021646706,False,False
Salto,2003,1.2689257126759488,False,False
Salto,2004,1.2546072224662148,False,False
Salto,2005,-0.7580700394400048,False,False
Salto,2006,2.183454613323326,False,False
Salto,2007,0.6354380478103608,False,False
Salto,2008,-2.8657514421737296,True,False
Salto,2009,2.017773125096514,False,False
Salto,2010,-0.888109675893047,False,False
Salto,2011,-1.237165990949506,False,False
Salto,2012,0.904728528706303,False,False
Salto,2013,0.3560493338124692,False,False
Salto,2014,0.760022259810504,False,False
Salto,2015,-0.33592338145887446,False,False
Salto,2016,0.907240400490494,False,False
Salto,2017,-1.6418593136230222,True,True
Salto,2018,2.047867914139727,False,False
Salto,2019,-0.27064754680115183,False,False
Salto,2020,-0.762770071396474,False,False
Salto,2021,-1.3327356748437709,False,False
Salto,2022,-2.2559097654140396,True,True
Salto,2023,0.3353774465202549,False,False
Salto,2024,0.35761197304928993,False,False
San Alberto,1981,,False,False
San Alberto,1982,,False,False
San Alberto,1983,,False,False
San Alberto,1984,1.501110699893027,False,False
San Alberto,1985,0.7027819284987273,False,False
San Alberto,1986,-0.21811042699802735,False,False
San Alberto,1987,-1.1798934722202976,False,False
San Alberto,1988,-1.3802562310401572,False,False
San Alberto,1989,-0.4564291715442223,False,False
San Alberto,1996,1.788666957108231,False,False
San Alberto,1998,0.6044146849637506,False,False
San Alberto,1999,1.4404164941040105,False,False
San Alberto,2000,3.1568937940052706,False,False
San Alberto,2001,4.375089386060431,False,False
San Alberto,2002,0.6304048580275662,False,False
San Alberto,2003,-0.7736734029024026,False,False
San Alberto,2004,-0.5661482807433831,False,False
San Alberto,2005,-0.12863304548084076,False,False
San Alberto,2006,-0.49543369430686224,False,False
San Alberto,2007,4.00378608698105,False,False
San Alberto,2008,2.128141326896871,False,False
San Alberto,2009,1.5947630641475337,False,False
San Alberto,2010,2.2244941799823392,False,False
San Alberto,2011,-1.7950580182364069,True,False
San Alberto,2012,0.11203777087438235,False,False
San Alberto,2013,-0.4095763765097154,False,False
San Alberto,2014,-0.777638084291229,False,False
San Alberto,2015,-0.16621967620950887,False,False
San Alberto,2016,0.030606668389141993,False,False
San Alberto,2017,0.18912012943540463,False,False
San Alberto,2018,7.91655923443761,False,False
San Alberto,2019,-0.16483451703581645,False,False
San Alberto,2020,0.37641859956586277,False,False
San Alberto,2021,1.6470642102906954,False,False
San Alberto,2022,-1.7803272781686248,True,False
San Alberto,2023,0.13803255992209637,False,False
San Alberto,2024,0.11223725149024268,False,False
San Andres De Giles,1981,,False,False
San Andres De Giles,1982,,False,False
San Andres De Giles,1983,,False,False
San Andres De Giles,1984,1.6012815380508711,False,False
San Andres De Giles,1985,-1.0264053015925312,False,False
San Andres De Giles,1986,-1.5763535954633188,True,False
San Andres De Giles,1987,-0.6639742819400961,False,False
San Andres De Giles,1988,-0.5967990350984463,False,False
San Andres De Giles,1989,1.1010532763178156,False,False
San Andres De Giles,1990,3.7999447863397786,False,False
San Andres De Giles,1991,1.8033506393980179,False,False
San Andres De Giles,1992,0.8898994640636391,False,False
San Andres De Giles,1993,-0.497943407448795,False,False
San Andres De Giles,1994,1.4006698048261697,False,False
San Andres De Giles,1995,-0.20475189528218438,False,False
San Andres De Giles,1996,3.510334243660053,False,False
San Andres De Giles,1997,2.09390639594259,False,False
San Andres De Giles,1998,0.859778517719779,False,False
San Andres De Giles,1999,-1.711208315093619,True,False
San Andres De Giles,2000,0.3090253903982344,False,False
San Andres De Giles,2001,-1.7179894811930692,True,False
San Andres De Giles,2002,0.3550674998160412,False,False
San Andres De Giles,2003,0.5728822304644355,False,False
San Andres De Giles,2004,1.4332177704783609,False,False
San Andres De Giles,2005,-0.6998118643597669,False,False
San Andres De Giles,2006,2.2608636457731732,False,False
San Andres De Giles,2007,0.39093501848676254,False,False
San Andres De Giles,2008,-2.670750334314837,True,False
San Andres De Giles,2009,1.3607611660966858,False,False
San Andres De Giles,2010,-0.41162947715988024,False,False
San Andres De Giles,2011,-0.5252789501737584,False,False
San Andres De Giles,2012,1.1486445764591249,False,False
San Andres De Giles,2013,0.9065207348436313,False,False
San Andres De Giles,2014,0.7986295052375103,False,False
San Andres De Giles,2015,0.5598137292168912,False,False
San Andres De Giles,2016,0.49543369430686246,False,False
San Andres De Giles,2017,-15.633685464794763,True,False
San Andres De Giles,2018,0.01553705637178615,False,False
San Andres De Giles,2019,0.41408309141378913,False,False
San Andres De Giles,2020,-1.507874069850105,True,False
San Andres De Giles,2021,-1.983633241951351,True,False
San Andres De Giles,2022,-1.5788889330004061,True,False
San Andres De Giles,2023,0.9138115486202574,False,False
San Andres De Giles,2024,0.4061384660534477,False,False
San Antonio,1981,,False,False
San Antonio,1982,,False,False
San Antonio,1983,,False,False
San Antonio,1984,0.5174548896682013,False,False
San Antonio,1985,-0.06472977780031544,False,False
San Antonio,1986,-1.2400496821844333,False,False
San Antonio,1987,1.4572172256544476,False,False
San Antonio,1988,-0.022479094723266608,False,False
San Antonio,1989,-0.26863545663679034,False,False
San Antonio,1995,2.3432965182994416,False,False
San Antonio,1996,1.566572679205317,False,False
San Antonio,1998,0.9949682944031801,False,False
San Antonio,1999,1.0196427610647798,False,False
San Antonio,2000,-0.5391371549563829,False,False
San Antonio,2001,0.9250678852174954,False,False
San Antonio,2002,0.6678298637743082,False,False
San Antonio,2003,0.5773502691896258,False,False
San Antonio,2004,0.44721359549995804,False,False
San Antonio,2005,4.946182366229536,False,False
San Antonio,2006,0.6641521984860214,False,False
San Antonio,2007,1.5543971940561814,False,False
San Antonio,2008,0.9946063638053412,False,False
San Antonio,2009,1.32923800016151,False,False
San Antonio,2010,1.7269790728091932,False,False
San Antonio,2011,2.2362728230064026,False,False
San Antonio,2012,-8.892274340051086,True,False
San Antonio,2013,1.0289454313930302,False,False
San Antonio,2014,1.0137685121143152,False,False
San Antonio,2015,-0.2638205362799959,False,False
San Antonio,2016,-0.8960819656879896,False,False
San Antonio,2017,-0.0936370528788428,False,False
San Antonio,2018,0.2585907462209536,False,False
San Antonio,2019,1.2614982146016869,False,False
San Antonio,2020,1.8143626331871703,False,False
San Antonio,2021,-0.6285015403181926,False,False
San Antonio,2022,-0.9669415466229577,False,False
San Antonio,2023,-0.701064674327095,False,False
San Antonio,2024,-0.8015894157514974,False,False
San Antonio De Areco,1981,,False,False
San Antonio De Areco,1982,,False,False
San Antonio De Areco,1983,,False,False
San Antonio De Areco,1984,0.09701509629302822,False,False
San Antonio De Areco,1985,2.053656290829528,False,False
San Antonio De Areco,1986,-0.4278357592732435,False,False
San Antonio De Areco,1987,0.7464572086442545,False,False
San Antonio De Areco,1988,-2.9050819649710493,True,False
San Antonio De Areco,1989,1.5173654780956125,False,False
San Antonio De Areco,1990,1.7411817601145076,False,False
San Antonio De Areco,1991,0.8310027737730091,False,False
San Antonio De Areco,1992,0.6530220748796334,False,False
San Antonio De Areco,1993,1.1439300085663955,False,False
San Antonio De Areco,1994,-0.3000986679849082,False,False
San Antonio De Areco,1995,-3.0015457826226672,True,False
San Antonio De Areco,1996,4.397074799525555,False,False
San Antonio De Areco,1997,1.0335899729547195,False,False
San Antonio De Areco,1998,0.7972395834068722,False,False
San Antonio De Areco,1999,-1.7351482527622293,True,False
San Antonio De Areco,2000,0.5947831999536358,False,False
San Antonio De Areco,2001,0.12457932620062626,False,False
San Antonio De Areco,2002,1.2603147708562117,False,False
San Antonio De Areco,2003,1.0275372168175485,False,False
San Antonio De Areco,2004,1.1087015435778023,False,False
San Antonio De Areco,2005,-0.9773825623691949,False,False
San Antonio De Areco,2006,2.120414460216197,False,False
San Antonio De Areco,2007,-0.10856288741723188,False,False
San Antonio De Areco,2008,-3.541510187002655,True,False
San Antonio De Areco,2009,1.5174604342944773,False,False
San Antonio De Areco,2010,-0.6328466034444299,False,False
San Antonio De Areco,2011,-0.9346786413290724,False,False
San Antonio De Areco,2012,1.095378866268233,False,False
San Antonio De Areco,2013,0.43182260404993816,False,False
San Antonio De Areco,2014,0.9329656658070223,False,False
San Antonio De Areco,2015,0.0448296012330396,False,False
San Antonio De Areco,2016,1.0381318217169115,False,False
San Antonio De Areco,2017,-2.3334951058783147,True,False
San Antonio De Areco,2018,1.8334545867746888,False,False
San Antonio De Areco,2019,-0.24534684965829567,False,False
San Antonio De Areco,2020,-0.4628872795254618,False,False
San Antonio De Areco,2021,-1.530524875283604,True,False
San Antonio De Areco,2022,-2.237670916715535,True,False
San Antonio De Areco,2023,0.529591129835282,False,False
San Antonio De Areco,2024,0.3507764954464342,False,False
San Cayetano,1981,,False,False
San Cayetano,1982,,False,False
San Cayetano,1983,,False,False
San Cayetano,1984,-0.1979305961186781,False,False
San Cayetano,1985,0.5114841284006866,False,False
San Cayetano,1986,-2.27278199651534,True,False
San Cayetano,1987,0.5250100537554894,False,False
San Cayetano,1988,0.8469432541814368,False,False
San Cayetano,1989,0.5922567548967609,False,False
San Cayetano,1990,-0.6201924390423945,False,False
San Cayetano,1991,0.22737025570382136,False,False
San Cayetano,1992,-5.647603211536539,True,False
San Cayetano,1993,1.23819166343581,False,False
San Cayetano,1994,2.886466315809878,False,False
San Cayetano,1995,-0.21124206116171287,False,False
San Cayetano,1996,1.9118604445409275,False,False
San Cayetano,1997,1.880280293323985,False,False
San Cayetano,1998,-1.6740381943317746,True,False
San Cayetano,1999,0.576990350291387,False,False
San Cayetano,2000,-0.3973196133763009,False,False
San Cayetano,2001,1.0989550410662763,False,False
San Cayetano,2002,0.2829901415763554,False,False
San Cayetano,2003,2.0147509086215067,False,False
San Cayetano,2004,1.125434279112875,False,False
San Cayetano,2005,0.1393633771219148,False,False
San Cayetano,2006,-2.414084234359473,True,False
San Cayetano,2007,0.08545309378438277,False,False
San Cayetano,2008,-1.9520465070842608,True,False
San Cayetano,2009,1.8229526082351828,False,False
San Cayetano,2010,0.9683680562819625,False,False
San Cayetano,2011,1.0938649010583161,False,False
San Cayetano,2012,0.786673699446438,False,False
San Cayetano,2013,0.5515679335314903,False,False
San Cayetano,2014,0.5192438017677659,False,False
San Cayetano,2015,-0.08805889035827609,False,False
San Cayetano,2016,-9.391485505499169,True,False
San Cayetano,2017,-6.361065782927957,True,False
San Cayetano,2018,-0.5585314221967391,False,False
San Cayetano,2019,-1.0710481198439745,False,False
San Cayetano,2020,-0.020030067669194167,False,False
San Cayetano,2021,-3.1865772160543577,True,False
San Cayetano,2022,-1.0757589629622375,False,False
San Cayetano,2023,0.6113561225502435,False,False
San Cayetano,2024,0.45738935374634826,False,False
San Cosme,1981,,False,False
San Cosme,1982,,False,False
San Cosme,1983,,False,False
San Cosme,1984,-1.5753148104068033,True,False
San Cosme,1985,4.337357394733557,False,False
San Cosme,1986,2.780953734724849,False,False
San Cosme,1987,0.36173929317063874,False,False
San Cosme,1988,6.1684735265899,False,False
San Cosme,1989,1.3924746785614783,False,False
San Cosme,1991,1.0569895343613909,False,False
San Cosme,1992,-1.3730503582635134,False,False
San Cosme,1993,-0.8024399423892274,False,False
San Cosme,1994,-1.4956116914237387,False,False
San Cosme,1995,0.15767063070649204,False,False
San Cosme,1996,0.38844261270501107,False,False
San Cosme,1997,0.642444999142398,False,False
San Cosme,1998,1.0459285202298434,False,False
San Cosme,1999,2.6797004506510835,False,False
San Cosme,2000,-2.1214301440686762,True,False
San Cosme,2001,-2.212882994086736,True,False
San Cosme,2002,-0.8227525988174352,False,False
San Cosme,2003,-0.6549402440606222,False,False
San Cosme,2005,-0.41258092774868244,False,False
San Cosme,2007,-0.06342619073382932,False,False
San Cosme,2008,-2.0731652738707176,True,False
San Cosme,2009,-0.05836201032159386,False,False
San Cosme,2010,0.8640698297342037,False,False
San Cosme,2013,11.841051124326398,False,False
San Cristobal,1981,,False,False
San Cristobal,1982,,False,False
San Cristobal,1983,,False,False
San Cristobal,1984,0.2797977169175444,False,False
San Cristobal,1985,-1.0843395108762834,False,False
San Cristobal,1986,0.13679124160978437,False,False
San Cristobal,1987,3.4707891206232695,False,False
San Cristobal,1988,-2.686466080187874,True,False
San Cristobal,1989,0.22810789529527029,False,False
San Cristobal,1990,3.01900367411925,False,False
San Cristobal,1991,1.4296648613598888,False,False
San Cristobal,1992,1.7643756396734507,False,False
San Cristobal,1993,1.1920489482715029,False,False
San Cristobal,1994,-0.06552482077633918,False,False
San Cristobal,1995,1.62377124538518,False,False
San Cristobal,1996,-0.8734617177735459,False,False
San Cristobal,1997,-0.3653015609599695,False,False
San Cristobal,1998,-2.270554789099468,True,False
San Cristobal,1999,0.6431171188444771,False,False
San Cristobal,2000,-0.5091026536707385,False,False
San Cristobal,2001,1.7444263384496657,False,False
San Cristobal,2002,2.304870069115169,False,False
San Cristobal,2003,2.373563316387707,False,False
San Cristobal,2004,0.08309026037996745,False,False
San Cristobal,2005,0.06534877683210268,False,False
San Cristobal,2006,0.0,False,False
San Cristobal,2007,-3.715742398637683,True,False
San Cristobal,2008,-2.4302981723132673,True,False
San Cristobal,2009,2.8582531916225506,False,False
San Cristobal,2010,0.27738394757811385,False,False
San Cristobal,2011,0.7642670667691496,False,False
San Cristobal,2012,0.8086622485967584,False,False
San Cristobal,2013,0.5219810392087431,False,False
San Cristobal,2014,-0.13882301749989928,False,False
San Cristobal,2015,0.040421105275764105,False,False
San Cristobal,2016,3.0252902261403927,False,False
San Cristobal,2017,-10.03036207049897,True,False
San Cristobal,2018,0.6285872661926202,False,False
San Cristobal,2019,0.9322944450820386,False,False
San Cristobal,2020,-0.8461376739735584,False,False
San Cristobal,2021,-1.0410738924519891,False,False
San Cristobal,2022,-1.1653108720304903,False,False
San Cristobal,2023,0.1389583392493326,False,False
San Cristobal,2024,1.1817578957375026,False,False
San Fernando,1981,,False,False
San Fernando,1982,,False,False
San Fernando,1983,,False,False
San Fernando,1984,3.8471615720524017,False,False
San Fernando,1985,-0.08202024282277207,False,False
San Fernando,1986,1.8529424687780063,False,False
San Fernando,1987,1.6269072298913043,False,False
San Fernando,1988,-0.16415355393087375,False,False
San Fernando,1989,0.08614495318048611,False,False
San Fernando,1993,-0.16277634296469973,False,False
San Fernando,1994,-0.6115868261449924,False,False
San Fernando,1995,1.0966107138509107,False,False
San Fernando,1996,1.103657449633955,False,False
San Fernando,1997,7.410186690275117,False,False
San Fernando,1998,0.04362790684727694,False,False
San Fernando,1999,1.6984634303700004,False,False
San Fernando,2000,-1.199513411756134,False,False
San Fernando,2001,0.6311605346688911,False,False
San Fernando,2002,0.07315191866973862,False,False
San Fernando,2003,1.7251373409523294,False,False
San Fernando,2004,-0.6515565343924187,False,False
San Fernando,2005,-0.7316949769453682,False,False
San Fernando,2006,-0.08878305423560384,False,False
San Fernando,2007,0.38394926423158954,False,False
San Fernando,2008,-2.4251792183304466,True,False
San Fernando,2009,0.6650720405434497,False,False
San Fernando,2010,0.35355339059327373,False,False
San Fernando,2011,0.03580574370197164,False,False
San Fernando,2012,-0.4323185502139139,False,False
San Fernando,2013,3.504586880699635,False,False
San Fernando,2014,1.0061447316050462,False,False
San Fernando,2015,2.301946249654583,False,False
San Fernando,2016,2.430678420223263,False,False
San Fernando,2017,0.24692200205841597,False,False
San Fernando,2018,-0.22128400692862812,False,False
San Fernando,2019,0.8890094098887328,False,False
San Fernando,2020,-1.8113966623299471,True,False
San Fernando,2021,-0.9466394839321066,False,False
San Ignacio,1981,,False,False
San Ignacio,1982,,False,False
San Ignacio,1983,,False,False
San Ignacio,1984,0.0,False,False
San Ignacio,1985,-1.224744871391589,False,False
San Ignacio,1986,6.537900493059133,False,False
San Ignacio,1987,1.6534662188471367,False,False
San Ignacio,1988,2.6038590809676765,False,False
San Ignacio,1989,1.6768663981187257,False,False
San Ignacio,1993,-0.29773782081865513,False,False
San Ignacio,1994,-1.6646239768854263,True,False
San Ignacio,1995,-1.1743084027788413,False,False
San Ignacio,1996,2.71437295377248,False,False
San Ignacio,1997,-1.2368730856053294,False,False
San Ignacio,1998,-2.294656640310371,True,False
San Ignacio,1999,1.27642213715613,False,False
San Ignacio,2000,0.8892972917998876,False,False
San Ignacio,2001,0.06089772181364295,False,False
San Ignacio,2002,-1.4611203963248125,False,False
San Ignacio,2003,0.07412045109037903,False,False
San Ignacio,2004,-0.7254028144250685,False,False
San Ignacio,2005,0.028100793949080168,False,False
San Ignacio,2006,-0.9362119085660066,False,False
San Ignacio,2007,-0.6953950305714826,False,False
San Ignacio,2008,-1.6864260962890998,True,False
San Ignacio,2009,1.7988848148731507,False,False
San Ignacio,2010,1.3096580548275707,False,False
San Ignacio,2011,-0.3913715894400732,False,False
San Ignacio,2012,1.6805664518268455,False,False
San Ignacio,2013,1.5059105213493724,False,False
San Ignacio,2014,1.0853655933964106,False,False
San Ignacio,2015,0.662751600213275,False,False
San Ignacio,2016,0.5898828139597895,False,False
San Ignacio,2017,2.35161016105273,False,False
San Ignacio,2018,12.853435593088665,False,False
San Ignacio,2019,1.6498359015270703,False,False
San Ignacio,2020,0.5563053307089201,False,False
San Ignacio,2021,-0.2292665786995973,False,False
San Ignacio,2022,0.10741814898598354,False,False
San Ignacio,2023,-2.1621480850850783,True,False
San Ignacio,2024,2.2840549655544127,False,False
San Javier,1981,,False,False
San Javier,1981,,False,False
San Javier,1981,,False,False
San Javier,1981,-inf,True,False
San Javier,1981,-1.5,False,False
San Javier,1981,-1.0954451150103321,False,False
San Javier,1981,0.18257418583505536,False,False
San Javier,1981,0.4472135954999579,False,False
San Javier,1981,1.0954451150103321,False,False
San Javier,1982,16.249102539319928,False,False
San Javier,1982,1.778001778002667,False,False
San Javier,1982,1.0954451150103321,False,False
San Javier,1982,-1.202841694913306,False,False
San Javier,1982,-1.1468292773139113,False,False
San Javier,1982,-1.0954451150103321,False,False
San Javier,1982,0.057815158847767535,False,False
San Javier,1982,0.32987685494397856,False,False
San Javier,1982,1.095445115010332,False,False
San Javier,1983,3.134072703562378,False,False
San Javier,1983,1.521676369936183,False,False
San Javier,1983,1.0954451150103324,False,False
San Javier,1983,-2.6606216641534752,True,False
San Javier,1983,-1.5322972074304988,True,False
San Javier,1983,-1.0954451150103321,False,False
San Javier,1983,0.32671170096799385,False,False
San Javier,1983,0.5754353376484359,False,False
San Javier,1983,1.0954451150103321,False,False
San Javier,1984,3.3859212645773904,False,False
San Javier,1984,1.5554275420956378,False,False
San Javier,1984,1.0954451150103321,False,False
San Javier,1984,-2.3506426426263376,True,False
San Javier,1984,-1.4836779940799267,False,False
San Javier,1984,-1.0954451150103321,False,False
San Javier,1984,0.14876415142115623,False,False
San Javier,1984,0.4159451654038515,False,False
San Javier,1984,1.0954451150103321,False,False
San Javier,1985,2.275155238867613,False,False
San Javier,1985,1.340712636415419,False,False
San Javier,1985,1.0954451150103321,False,False
San Javier,1985,-3.419116571092855,True,False
San Javier,1985,-1.6135213383420524,True,False
San Javier,1985,-1.0954451150103321,False,False
San Javier,1985,0.1460593486680443,False,False
San Javier,1985,0.41342573706122887,False,False
San Javier,1985,1.0954451150103321,False,False
San Javier,1986,1.5670950950842253,False,False
San Javier,1986,1.0562011724890241,False,False
San Javier,1986,1.0954451150103321,False,False
San Javier,1986,-2.4697308047505673,True,False
San Javier,1986,-1.503740464043634,True,False
San Javier,1986,-1.0954451150103324,False,False
San Javier,1986,1.568925887404148,False,False
San Javier,1986,1.2909147969949504,False,False
San Javier,1986,1.0954451150103324,False,False
San Javier,1987,0.11068748004497576,False,False
San Javier,1987,-0.16442130747696926,False,False
San Javier,1987,-1.095445115010332,False,False
San Javier,1987,-4.665390845804525,True,False
San Javier,1987,-1.6594520872402614,True,False
San Javier,1987,-1.0954451150103324,False,False
San Javier,1987,1.3257188629104022,False,False
San Javier,1987,1.2002371821357856,False,False
San Javier,1987,1.0954451150103321,False,False
San Javier,1988,4.9295030175464944,False,False
San Javier,1988,1.6723558812490802,False,False
San Javier,1988,1.0954451150103324,False,False
San Javier,1988,-1.615384644236251,True,False
San Javier,1988,-1.3062085256955742,False,False
San Javier,1988,-1.0954451150103324,False,False
San Javier,1988,-0.758099918848098,False,False
San Javier,1988,-0.4726045996089697,False,False
San Javier,1988,-1.0954451150103321,False,False
San Javier,1989,19.555723904999265,False,False
San Javier,1989,1.781788139814692,False,False
San Javier,1989,1.0954451150103321,False,False
San Javier,1989,0.7302967433402214,False,False
San Javier,1989,0.4472135954999579,False,False
San Javier,1989,,False,False
San Javier,1989,inf,False,False
San Javier,1989,1.7888543819998317,False,False
San Javier,1989,1.0954451150103321,False,False
San Javier,1990,-1.398518263496524,False,False
San Javier,1990,-1.229365473750348,False,False
San Javier,1990,-1.0954451150103326,False,False
San Javier,1991,4.227077805148503,False,False
San Javier,1991,1.66503668337151,False,False
San Javier,1991,1.0954451150103324,False,False
San Javier,1991,-1.0816049998491153,False,False
San Javier,1991,-1.0884855983394868,False,False
San Javier,1991,-1.0954451150103321,False,False
San Javier,1992,-3.5531656000770107,True,False
San Javier,1992,-1.574635997285139,True,False
San Javier,1992,-1.0954451150103324,False,False
San Javier,1992,1.650157956287693,False,False
San Javier,1992,1.3172682307012769,False,False
San Javier,1992,1.0954451150103321,False,False
San Javier,1993,-0.28835998659518375,False,False
San Javier,1993,-0.5421682335643007,False,False
San Javier,1993,-1.095445115010332,False,False
San Javier,1993,0.6356516079554386,False,False
San Javier,1993,0.8183962616377934,False,False
San Javier,1993,1.095445115010332,False,False
San Javier,1994,-1.0954451150103315,False,False
San Javier,1994,-1.0954451150103315,False,False
San Javier,1994,-1.0954451150103315,False,False
San Javier,1994,1.479375702469828,False,False
San Javier,1994,1.2596804856453718,False,False
San Javier,1994,1.095445115010332,False,False
San Javier,1995,-2.692969241067066,True,False
San Javier,1995,-1.536740723870408,True,False
San Javier,1995,-1.0954451150103321,False,False
San Javier,1995,0.9816405391731476,False,False
San Javier,1995,1.0358194311405278,False,False
San Javier,1995,1.0954451150103321,False,False
San Javier,1996,1.1761853521872994,False,False
San Javier,1996,0.8132688512067877,False,False
San Javier,1996,1.0954451150103253,False,False
San Javier,1996,-0.5984819017475135,False,False
San Javier,1996,-0.7916112039524583,False,False
San Javier,1996,-1.095445115010319,False,False
San Javier,1996,-1.7855755374668199,True,False
San Javier,1996,-1.162612070664807,False,False
San Javier,1996,-1.0954451150102942,False,False
San Javier,1997,-12.802935813609347,True,False
San Javier,1997,-1.7713102762779513,True,False
San Javier,1997,-1.0954451150103313,False,False
San Javier,1997,1.3715515498943236,False,False
San Javier,1997,1.2187842587217337,False,False
San Javier,1997,1.0954451150103315,False,False
San Javier,1998,0.8132850096288825,False,False
San Javier,1998,0.5220925637866237,False,False
San Javier,1998,1.0954451150099922,False,False
San Javier,1998,-12.049896265109913,True,False
San Javier,1998,-1.7707297566166553,True,False
San Javier,1998,-1.0954451150103253,False,False
San Javier,1998,1.1163107362486173,False,False
San Javier,1998,1.1057889001573573,False,False
San Javier,1998,1.0954451150103257,False,False
San Javier,1999,1.74115946717272,False,False
San Javier,1999,1.1425103940022432,False,False
San Javier,1999,1.0954451150103104,False,False
San Javier,1999,-2.5299565751428608,True,False
San Javier,1999,-1.5132029876172282,True,False
San Javier,1999,-1.0954451150103257,False,False
San Javier,1999,-0.20865621238291918,False,False
San Javier,1999,0.06593804733957806,False,False
San Javier,1999,1.095445115010251,False,False
San Javier,2000,14.423360680968306,False,False
San Javier,2000,1.775054836372988,False,False
San Javier,2000,1.0954451150103308,False,False
San Javier,2000,-1.3388773627904043,False,False
San Javier,2000,-1.2056357525874897,False,False
San Javier,2000,-1.095445115010331,False,False
San Javier,2000,-1.5894693825640098,True,False
San Javier,2000,-1.0679969930655926,False,False
San Javier,2000,-1.0954451150103273,False,False
San Javier,2001,9.083065745293963,False,False
San Javier,2001,1.757759526373275,False,False
San Javier,2001,1.095445115010332,False,False
San Javier,2001,-1.095445115010332,False,False
San Javier,2001,-1.095445115010332,False,False
San Javier,2001,-1.095445115010332,False,False
San Javier,2001,-0.0934100485667725,False,False
San Javier,2001,0.1816598069733574,False,False
San Javier,2001,1.0954451150103308,False,False
San Javier,2002,2.556038601690772,False,False
San Javier,2002,1.414213562373094,False,False
San Javier,2002,1.0954451150103308,False,False
San Javier,2002,-2.1908902300206616,True,False
San Javier,2002,-1.4536311355570457,False,False
San Javier,2002,-1.0954451150103317,False,False
San Javier,2002,-1.1867322079278593,False,False
San Javier,2002,-0.8207826816681227,False,False
San Javier,2002,-1.0954451150103228,False,False
San Javier,2003,3.8340579025361294,False,False
San Javier,2003,1.643167672515495,False,False
San Javier,2003,1.0954451150103308,False,False
San Javier,2003,-1.5823096105704777,True,False
San Javier,2003,-1.2953824854227491,False,False
San Javier,2003,-1.0954451150103313,False,False
San Javier,2003,0.9993534382550391,False,False
San Javier,2003,1.0454645421770241,False,False
San Javier,2003,1.0954451150103313,False,False
San Javier,2004,1.4403074660321022,False,False
San Javier,2004,0.9852117548196734,False,False
San Javier,2004,1.0954451150103253,False,False
San Javier,2004,-7.355131486497898,True,False
San Javier,2004,-1.7426813925500257,True,False
San Javier,2004,-1.0954451150103317,False,False
San Javier,2004,1.0995677579162846,False,False
San Javier,2004,1.0975029485830563,False,False
San Javier,2004,1.095445115010332,False,False
San Javier,2005,-0.03772533868880115,False,False
San Javier,2005,-0.31051687508199494,False,False
San Javier,2005,-1.0954451150103302,False,False
San Javier,2005,-1.8478128004790428,True,False
San Javier,2005,-1.1895487736187387,False,False
San Javier,2005,-1.0954451150103273,False,False
San Javier,2005,0.4107919181288728,False,False
San Javier,2005,0.6460582824697946,False,False
San Javier,2005,1.0954451150103197,False,False
San Javier,2006,7.302967433402131,False,False
San Javier,2006,1.7348327498784297,False,False
San Javier,2006,1.0954451150103313,False,False
San Javier,2006,-3.1240471798442777,True,False
San Javier,2006,-1.5869382696024286,True,False
San Javier,2006,-1.095445115010332,False,False
San Javier,2006,0.6149867312338706,False,False
San Javier,2006,0.803588649111678,False,False
San Javier,2006,1.0954451150103317,False,False
San Javier,2007,2.8168588671694246,False,False
San Javier,2007,1.468824975451683,False,False
San Javier,2007,1.095445115010332,False,False
San Javier,2007,-2.721496457603793,True,False
San Javier,2007,-1.5405714011948997,True,False
San Javier,2007,-1.0954451150103321,False,False
San Javier,2007,-0.17201204285286206,False,False
San Javier,2007,0.10289354701442385,False,False
San Javier,2007,1.0954451150103313,False,False
San Javier,2008,5.3686679510416235,False,False
San Javier,2008,1.6900134156103812,False,False
San Javier,2008,1.0954451150103321,False,False
San Javier,2008,-1.950047687004208,True,False
San Javier,2008,-1.400343178334368,False,False
San Javier,2008,-1.0954451150103321,False,False
San Javier,2008,-0.7567567702728382,False,False
San Javier,2008,-0.471384864193542,False,False
San Javier,2008,-1.0954451150099922,False,False
San Javier,2009,145.32905192465896,False,False
San Javier,2009,1.7887225542384997,False,False
San Javier,2009,1.0954451150103321,False,False
San Javier,2009,-0.7058774459847827,False,False
San Javier,2009,-0.8671519163700515,False,False
San Javier,2009,-1.0954451150103324,False,False
San Javier,2009,-0.29714362169436465,False,False
San Javier,2009,-0.023558031429287384,False,False
San Javier,2009,1.0954451150103333,False,False
San Javier,2010,8.209357162410546,False,False
San Javier,2010,1.7460548159539433,False,False
San Javier,2010,1.0954451150103324,False,False
San Javier,2010,-1.5256109125713442,True,False
San Javier,2010,-1.2761030560887505,False,False
San Javier,2010,-1.0954451150103321,False,False
San Javier,2010,-0.25507718063338825,False,False
San Javier,2010,0.019007097820458445,False,False
San Javier,2010,1.0954451150103324,False,False
San Javier,2011,4.697363699410516,False,False
San Javier,2011,1.6611211018694383,False,False
San Javier,2011,1.095445115010332,False,False
San Javier,2011,-2.4888868421838244,True,False
San Javier,2011,-1.5067979094960553,True,False
San Javier,2011,-1.0954451150103324,False,False
San Javier,2011,-0.28549020778666306,False,False
San Javier,2011,-0.011767394189021719,False,False
San Javier,2011,1.0954451150103321,False,False
San Javier,2012,6.3984495715527245,False,False
San Javier,2012,1.7186943456667996,False,False
San Javier,2012,1.0954451150103321,False,False
San Javier,2012,-1.1915367917656245,False,False
San Javier,2012,-1.141633695903251,False,False
San Javier,2012,-1.0954451150103321,False,False
San Javier,2012,-0.5781515884776753,False,False
San Javier,2012,-0.3034572967243526,False,False
San Javier,2012,1.0954451150103321,False,False
San Javier,2013,20.81345718519631,False,False
San Javier,2013,1.7822655773580138,False,False
San Javier,2013,1.0954451150103321,False,False
San Javier,2013,-1.092789490489095,False,False
San Javier,2013,-1.0941158534082018,False,False
San Javier,2013,-1.0954451150103321,False,False
San Javier,2013,-0.23430132224425904,False,False
San Javier,2013,0.04002184119346223,False,False
San Javier,2013,1.0954451150103326,False,False
San Javier,2014,6.848734606445298,False,False
San Javier,2014,1.7275036028112682,False,False
San Javier,2014,1.0954451150103324,False,False
San Javier,2014,-1.6402464855421377,True,False
San Javier,2014,-1.314148954614955,False,False
San Javier,2014,-1.0954451150103324,False,False
San Javier,2014,-0.5919318335576473,False,False
San Javier,2014,-0.31677792295481844,False,False
San Javier,2014,1.095445115010349,False,False
San Javier,2015,22.25326987023735,False,False
San Javier,2015,1.7830965069515612,False,False
San Javier,2015,1.0954451150103324,False,False
San Javier,2015,-1.2213583466207154,False,False
San Javier,2015,-1.1552340105899153,False,False
San Javier,2015,-1.0954451150103324,False,False
San Javier,2015,-0.3769273514014047,False,False
San Javier,2015,-0.10411872052902771,False,False
San Javier,2015,1.095445115010337,False,False
San Javier,2016,8.641844796192657,False,False
San Javier,2016,1.7502260251866066,False,False
San Javier,2016,1.0954451150103324,False,False
San Javier,2016,-1.4816597388921804,False,False
San Javier,2016,-1.2605069833265092,False,False
San Javier,2016,-1.0954451150103324,False,False
San Javier,2016,-0.49845650735919883,False,False
San Javier,2016,-0.22546199886696316,False,False
San Javier,2016,1.0954451150103428,False,False
San Javier,2017,13.282272019500407,False,False
San Javier,2017,1.7725621083403102,False,False
San Javier,2017,1.0954451150103326,False,False
San Javier,2017,-1.2614216475876556,False,False
San Javier,2017,-1.1729788561542467,False,False
San Javier,2017,-1.0954451150103324,False,False
San Javier,2017,-0.7302967433402217,False,False
San Javier,2017,-0.44721359549995804,False,False
San Javier,2017,,False,False
San Javier,2018,inf,False,False
San Javier,2018,1.7888543819998317,False,False
San Javier,2018,1.0954451150103321,False,False
San Javier,2018,-0.6085806194501845,False,False
San Javier,2018,-0.7989556751021852,False,False
San Javier,2018,-1.0954451150103321,False,False
San Javier,2018,-0.7717908764845522,False,False
San Javier,2018,-0.4849969608846857,False,False
San Javier,2018,-1.0954451150103321,False,False
San Javier,2019,81.4280868824347,False,False
San Javier,2019,1.788435802709808,False,False
San Javier,2019,1.0954451150103321,False,False
San Javier,2019,-1.1360171563070112,False,False
San Javier,2019,-1.115395973509202,False,False
San Javier,2019,-1.0954451150103324,False,False
San Javier,2019,-1.1073521271300097,False,False
San Javier,2019,-0.7628880285720644,False,False
San Javier,2019,-1.0954451150103321,False,False
San Javier,2020,10.896796144050148,False,False
San Javier,2020,1.7668670482567397,False,False
San Javier,2020,1.0954451150103324,False,False
San Javier,2020,-0.9294685824330092,False,False
San Javier,2020,-1.0066046950259038,False,False
San Javier,2020,-1.0954451150103321,False,False
San Javier,2020,-0.9626638889484737,False,False
San Javier,2020,-0.6494590290855443,False,False
San Javier,2020,-1.0954451150103324,False,False
San Javier,2021,14.13645838894286,False,False
San Javier,2021,1.7755443360289411,False,False
San Javier,2021,1.0954451150103321,False,False
San Javier,2021,-1.032665219530208,False,False
San Javier,2021,-1.0632349211715582,False,False
San Javier,2021,-1.0954451150103321,False,False
San Javier,2021,-0.5266256857407958,False,False
San Javier,2021,-0.25320434220323756,False,False
San Javier,2021,1.095445115010336,False,False
San Javier,2022,7.83701179457449,False,False
San Javier,2022,1.7419054711727735,False,False
San Javier,2022,1.0954451150103333,False,False
San Javier,2022,-1.1787111662907563,False,False
San Javier,2022,-1.1356796100343933,False,False
San Javier,2022,-1.0954451150103333,False,False
San Javier,2022,-1.7319342334557133,True,False
San Javier,2022,-1.1382409246545588,False,False
San Javier,2022,-1.0954451150103344,False,False
San Javier,2023,7.752544713766305,False,False
San Javier,2023,1.746985274728553,False,False
San Javier,2023,1.0954451150103324,False,False
San Javier,2023,-0.9432521908683948,False,False
San Javier,2023,-1.0144411897091725,False,False
San Javier,2023,-1.0954451150103326,False,False
San Javier,2023,-0.6055371952186478,False,False
San Javier,2023,-0.32987635426264517,False,False
San Javier,2023,1.0954451150104256,False,False
San Javier,2024,25.62261681709433,False,False
San Javier,2024,1.784520259818932,False,False
San Javier,2024,1.0954451150103328,False,False
San Javier,2024,-0.6121605054469508,False,False
San Javier,2024,-0.8015471764694801,False,False
San Javier,2024,-1.095445115010334,False,False
San Javier,2024,-1.427730133230135,False,False
San Javier,2024,-0.9777745017461442,False,False
San Javier,2024,-1.095445115010339,False,False
San Jeronimo,1981,,False,False
San Jeronimo,1982,,False,False
San Jeronimo,1983,,False,False
San Jeronimo,1984,1.1547005383792515,False,False
San Jeronimo,1985,1.0309826235529032,False,False
San Jeronimo,1986,0.08406627034183972,False,False
San Jeronimo,1987,0.7582263522114123,False,False
San Jeronimo,1988,-4.3650338045589665,True,False
San Jeronimo,1989,-0.865724809151082,False,False
San Jeronimo,1990,1.568990089931493,False,False
San Jeronimo,1991,1.557234728063872,False,False
San Jeronimo,1992,0.8243980324806659,False,False
San Jeronimo,1993,0.30208403656608174,False,False
San Jeronimo,1994,0.789611151587035,False,False
San Jeronimo,1995,-2.1869505713500734,True,False
San Jeronimo,1996,-2.9780665816296987,True,False
San Jeronimo,1997,0.6114845422711128,False,False
San Jeronimo,1998,1.8676338451981842,False,False
San Jeronimo,1999,-1.4232399254361578,False,False
San Jeronimo,2000,0.1836360960767057,False,False
San Jeronimo,2001,1.6023101081064373,False,False
San Jeronimo,2002,2.1945671890986618,False,False
San Jeronimo,2003,0.9449065209437039,False,False
San Jeronimo,2004,0.7421849378062338,False,False
San Jeronimo,2005,-1.2125913300029862,False,False
San Jeronimo,2006,2.172927479888142,False,False
San Jeronimo,2007,-0.15094638162798832,False,False
San Jeronimo,2008,-1.333771857710701,False,False
San Jeronimo,2009,1.41611636418606,False,False
San Jeronimo,2010,-0.5169018804560638,False,False
San Jeronimo,2011,-0.2447437848782673,False,False
San Jeronimo,2012,0.7758775424387149,False,False
San Jeronimo,2013,-0.17200335639856662,False,False
San Jeronimo,2014,0.291710827410687,False,False
San Jeronimo,2015,-0.9928436843432434,False,False
San Jeronimo,2016,-0.10719200377476666,False,False
San Jeronimo,2017,-1.2554536524183528,False,False
San Jeronimo,2018,1.49944858397334,False,False
San Jeronimo,2019,-0.6130609223346278,False,False
San Jeronimo,2020,-0.8150910773487018,False,False
San Jeronimo,2021,-3.1663153389314953,True,False
San Jeronimo,2022,-4.265222852823988,True,False
San Jeronimo,2023,1.0137567275745711,False,False
San Jeronimo,2024,0.7971420421953892,False,False
San Justo,1981,,False,False
San Justo,1981,,False,False
San Justo,1981,,False,False
San Justo,1981,-1.1547005383792521,False,False
San Justo,1982,4.330127018922191,False,False
San Justo,1982,1.6329931618554518,False,False
San Justo,1982,-1.3846989941311527,False,False
San Justo,1982,-0.9811143953716452,False,False
San Justo,1983,-0.47912767674295453,False,False
San Justo,1983,-0.47912767674295453,False,False
San Justo,1983,-1.8329473035225248,True,False
San Justo,1983,-1.6809512020426172,True,False
San Justo,1984,1.2716153291331882,False,False
San Justo,1984,0.9414573884027344,False,False
San Justo,1984,1.161238346749773,False,False
San Justo,1984,0.9240585794307746,False,False
San Justo,1985,-1.0814378938909253,False,False
San Justo,1985,-1.7314858271918458,True,False
San Justo,1985,-2.6286278506137144,True,False
San Justo,1985,-1.356265380488983,False,False
San Justo,1986,4.199378836053692,False,False
San Justo,1986,1.7299942944702669,False,False
San Justo,1986,0.5706566511480268,False,False
San Justo,1986,0.37072054456599596,False,False
San Justo,1987,1.0550607624779689,False,False
San Justo,1987,1.1818551585655195,False,False
San Justo,1987,0.27486382113347185,False,False
San Justo,1987,0.27486382113347185,False,False
San Justo,1988,-6.591527907116083,True,False
San Justo,1988,-1.7744749022583741,True,False
San Justo,1988,-1.790712146679647,True,False
San Justo,1988,-1.1217185151295606,False,False
San Justo,1989,-0.06984302957695783,False,False
San Justo,1989,0.7302967433402214,False,False
San Justo,1989,2.556038601690775,False,False
San Justo,1989,1.4342743312012722,False,False
San Justo,1990,3.0478329538027036,False,False
San Justo,1990,1.6019789741639452,False,False
San Justo,1990,0.8251369970070347,False,False
San Justo,1990,0.5443310539518174,False,False
San Justo,1991,1.120499939733389,False,False
San Justo,1991,1.5623668960531467,False,False
San Justo,1991,1.0639482033402134,False,False
San Justo,1991,0.7471840093825034,False,False
San Justo,1992,0.4272170881014169,False,False
San Justo,1992,-0.8916793283125862,False,False
San Justo,1992,117.70548849765507,False,False
San Justo,1992,1.7885636012014092,False,False
San Justo,1993,-0.7400330554082205,False,False
San Justo,1993,-0.7302967433402215,False,False
San Justo,1993,1.0954451150103324,False,False
San Justo,1993,0.7302967433402215,False,False
San Justo,1994,-6.572670690061995,True,False
San Justo,1994,-1.7040257344605167,True,False
San Justo,1994,0.3962154296171045,False,False
San Justo,1994,0.39481745109603733,False,False
San Justo,1995,-0.536166532363726,False,False
San Justo,1995,-0.2658075777767729,False,False
San Justo,1995,1.035089120085974,False,False
San Justo,1995,0.7230156987692428,False,False
San Justo,1996,-2.917513719393735,True,False
San Justo,1996,-1.4342743312012727,False,False
San Justo,1996,1.1,False,False
San Justo,1996,0.7896267896853094,False,False
San Justo,1997,1.2889602593845932,False,False
San Justo,1997,1.0285540808668059,False,False
San Justo,1997,0.5204358386562267,False,False
San Justo,1997,0.2637521893583151,False,False
San Justo,1998,-4.8989794855663655,True,False
San Justo,1998,-1.7629651094141077,True,False
San Justo,1998,-0.6584880844609486,False,False
San Justo,1998,-0.39036002917941337,False,False
San Justo,1999,3.5297675928110723,False,False
San Justo,1999,1.7629651094141074,False,False
San Justo,1999,-0.8207242791832113,False,False
San Justo,1999,-0.857975333563735,False,False
San Justo,2000,1.092203186874329,False,False
San Justo,2000,0.7302967433402215,False,False
San Justo,2000,-0.912870929175277,False,False
San Justo,2000,-0.6025948617237676,False,False
San Justo,2001,1.8719461823208765,False,False
San Justo,2001,1.1543677236905747,False,False
San Justo,2001,-0.22742941307367104,False,False
San Justo,2001,-0.12278664691080839,False,False
San Justo,2002,1.719364683770699,False,False
San Justo,2002,1.2141700920645535,False,False
San Justo,2002,-1.0511774428385492,False,False
San Justo,2002,-0.7302967433402215,False,False
San Justo,2003,-0.5715365817445212,False,False
San Justo,2003,-0.6199177933610355,False,False
San Justo,2003,0.7685005185650592,False,False
San Justo,2003,1.7585839330735489,False,False
San Justo,2004,2.6389117874015326,False,False
San Justo,2004,1.4013312408163416,False,False
San Justo,2004,-0.3207602517576197,False,False
San Justo,2004,-0.84588885222029,False,False
San Justo,2005,-2.1514114968019094,True,False
San Justo,2005,-1.3223939039414125,False,False
San Justo,2005,-1.408405679261856,False,False
San Justo,2005,-1.1925695879998883,False,False
San Justo,2006,4.898979485566358,False,False
San Justo,2006,1.7629651094141072,False,False
San Justo,2006,-0.2721655269759087,False,False
San Justo,2006,-0.33672811995978824,False,False
San Justo,2007,-1.2775127533419997,False,False
San Justo,2007,-1.1925695879998877,False,False
San Justo,2007,-0.6531972647421809,False,False
San Justo,2007,-0.4636004455717535,False,False
San Justo,2008,-1.8807470064646072,True,False
San Justo,2008,-1.6762327098469878,True,False
San Justo,2008,-6.397834279235976,True,False
San Justo,2008,-1.6895637160701553,True,False
San Justo,2009,3.8406763398851997,False,False
San Justo,2009,1.6438754158711035,False,False
San Justo,2009,0.8904841426399321,False,False
San Justo,2009,0.6228345299203576,False,False
San Justo,2010,-0.3583955075722787,False,False
San Justo,2010,-1.7252511009679483,True,False
San Justo,2010,-2.689333509263017,True,False
San Justo,2010,-1.4284887939961364,False,False
San Justo,2011,-0.31281593942898683,False,False
San Justo,2011,0.06359613603562576,False,False
San Justo,2011,0.15826882906436307,False,False
San Justo,2011,0.5955500003825582,False,False
San Justo,2012,4.511990105402072,False,False
San Justo,2012,1.7847618248608985,False,False
San Justo,2012,0.7660459172304159,False,False
San Justo,2012,0.4972465693219276,False,False
San Justo,2013,2.058585281167859,False,False
San Justo,2013,1.717302803777082,False,False
San Justo,2013,-1.4657918888087555,False,False
San Justo,2013,-1.0475476805755983,False,False
San Justo,2014,1.9919891992317207,False,False
San Justo,2014,1.1726964859439228,False,False
San Justo,2014,-0.742439539033583,False,False
San Justo,2014,-0.5204657460899406,False,False
San Justo,2015,0.1944738849404581,False,False
San Justo,2015,-0.0380866026563659,False,False
San Justo,2015,-1.2830410070304785,False,False
San Justo,2015,-1.0409600778117687,False,False
San Justo,2016,1.9743319318648545,False,False
San Justo,2016,1.1664236870396085,False,False
San Justo,2016,-0.3323610415198698,False,False
San Justo,2016,-0.20908334939572668,False,False
San Justo,2017,-2.5614510572377998,True,False
San Justo,2017,-1.561440116717653,True,False
San Justo,2017,-1.4760499328462162,False,False
San Justo,2017,-1.0690449676496976,False,False
San Justo,2018,3.0226170766025833,False,False
San Justo,2018,1.7550213436696585,False,False
San Justo,2018,0.5691770521846441,False,False
San Justo,2018,0.3600454757434234,False,False
San Justo,2019,0.8179875111028765,False,False
San Justo,2019,0.8458888522202896,False,False
San Justo,2019,-0.9220334986293894,False,False
San Justo,2019,-0.6146889990862596,False,False
San Justo,2020,1.6212869667555552,False,False
San Justo,2020,1.0409600778117687,False,False
San Justo,2020,-3.320467339954528,True,False
San Justo,2020,-1.4819878702313969,False,False
San Justo,2021,0.4140745056488487,False,False
San Justo,2021,0.33672811995978824,False,False
San Justo,2021,-2.3057547255440967,True,False
San Justo,2021,-1.3562653804889828,False,False
San Justo,2022,-0.03329225712138565,False,False
San Justo,2022,-0.04443073337071251,False,False
San Justo,2022,-2.5418202359444746,True,False
San Justo,2022,-1.5441760643828966,True,False
San Justo,2023,0.8852282481578665,False,False
San Justo,2023,0.6818757098630063,False,False
San Justo,2023,0.8701160404590307,False,False
San Justo,2023,0.8363976775456908,False,False
San Justo,2024,1.7847000891355407,False,False
San Justo,2024,1.7657508110566889,False,False
San Justo,2024,0.48889795320229207,False,False
San Justo,2024,0.24125383933999484,False,False
San Lorenzo,1981,,False,False
San Lorenzo,1981,,False,False
San Lorenzo,1981,,False,False
San Lorenzo,1981,1.1547005383792515,False,False
San Lorenzo,1982,-1.503687919226271,True,False
San Lorenzo,1982,-1.0971260858569816,False,False
San Lorenzo,1982,-0.5390437504100406,False,False
San Lorenzo,1982,-0.49421375430833514,False,False
San Lorenzo,1983,-0.6187493241201336,False,False
San Lorenzo,1983,-0.6351943358259726,False,False
San Lorenzo,1983,5.321682374499256,False,False
San Lorenzo,1983,1.6678239220920663,False,False
San Lorenzo,1984,-0.608340263761102,False,False
San Lorenzo,1984,-0.534550692783084,False,False
San Lorenzo,1984,1.570659882003978,False,False
San Lorenzo,1984,1.0258002578394096,False,False
San Lorenzo,1985,-1.6946616129668373,True,False
San Lorenzo,1985,-1.0558572667289,False,False
San Lorenzo,1985,2.218365416749273,False,False
San Lorenzo,1985,1.2468411412735245,False,False
San Lorenzo,1986,-0.8424825690557991,False,False
San Lorenzo,1986,-0.5999822898056633,False,False
San Lorenzo,1986,0.4714451483348418,False,False
San Lorenzo,1986,0.23190862333652004,False,False
San Lorenzo,1987,-0.7179719185738048,False,False
San Lorenzo,1987,-0.4381259091755512,False,False
San Lorenzo,1987,1.6521045503719527,False,False
San Lorenzo,1987,1.083276914129934,False,False
San Lorenzo,1988,-1.6846933594009441,True,True
San Lorenzo,1988,-1.0524980527828438,False,False
San Lorenzo,1988,-0.3930785406075031,False,False
San Lorenzo,1988,-0.3964474770569315,False,False
San Lorenzo,1989,-0.5264440251302653,False,False
San Lorenzo,1989,-0.2637521893583144,False,False
San Lorenzo,1989,2.832352771499728,False,False
San Lorenzo,1989,1.4945957396971155,False,False
San Lorenzo,1990,4.650703484881658,False,False
San Lorenzo,1990,1.6112517655622436,False,False
San Lorenzo,1991,1.9127315484982768,False,False
San Lorenzo,1991,1.2557426103731328,False,False
San Lorenzo,1992,0.8536447572720679,False,False
San Lorenzo,1992,0.7262463036601875,False,False
San Lorenzo,1993,-6.6255612210585735,True,False
San Lorenzo,1993,-1.788853144485283,True,False
San Lorenzo,1993,0.3934533331312478,False,False
San Lorenzo,1993,0.48623958900616104,False,False
San Lorenzo,1994,-1.0822675614978816,False,False
San Lorenzo,1994,-0.7302967433402214,False,False
San Lorenzo,1994,1.6843941015750268,False,False
San Lorenzo,1994,1.0601158100183317,False,False
San Lorenzo,1995,-0.8368626747159928,False,False
San Lorenzo,1995,-0.5730065762347629,False,False
San Lorenzo,1995,0.4374959947965307,False,False
San Lorenzo,1995,0.19745271842606443,False,False
San Lorenzo,1996,-1.2796547895716641,False,False
San Lorenzo,1996,-0.9275852745818092,False,False
San Lorenzo,1996,0.7567569725220664,False,False
San Lorenzo,1996,0.5015909915890622,False,False
San Lorenzo,1997,0.021916308838133332,False,False
San Lorenzo,1997,0.2455510382277489,False,False
San Lorenzo,1997,4.034889135326435,False,False
San Lorenzo,1997,1.7311548895647022,False,False
San Lorenzo,1998,-1.4605856591553275,False,False
San Lorenzo,1998,-1.052041621962986,False,False
San Lorenzo,1998,1.1767941147364172,False,False
San Lorenzo,1998,0.7918983649996615,False,False
San Lorenzo,1999,-0.6865761561462703,False,False
San Lorenzo,1999,-0.43457885070107083,False,False
San Lorenzo,1999,-0.31096280054586406,False,False
San Lorenzo,1999,-0.5290686221195195,False,False
San Lorenzo,2000,-1.5387609414393544,True,False
San Lorenzo,2000,-1.6762327098469867,True,False
San Lorenzo,2000,2.7686534307804798,False,False
San Lorenzo,2000,1.4175030453455664,False,False
San Lorenzo,2001,-0.5170424136207303,False,False
San Lorenzo,2001,-0.39941173111445116,False,False
San Lorenzo,2001,2.0059054052307648,False,False
San Lorenzo,2001,1.2432213444852402,False,False
San Lorenzo,2002,-1.2078544764746042,False,False
San Lorenzo,2002,-0.8255777385163762,False,False
San Lorenzo,2002,0.5997302857796943,False,False
San Lorenzo,2002,0.36923251708114085,False,False
San Lorenzo,2003,-0.9723208346648754,False,False
San Lorenzo,2003,-0.6567467460086144,False,False
San Lorenzo,2003,1.8973759771815824,False,False
San Lorenzo,2003,1.1579396435618217,False,False
San Lorenzo,2004,-1.1826840437044657,False,False
San Lorenzo,2004,-0.8032162063214877,False,False
San Lorenzo,2004,1.374205693407475,False,False
San Lorenzo,2004,0.8995516939952267,False,False
San Lorenzo,2005,-1.0021488713373263,False,False
San Lorenzo,2005,-0.6728317715919256,False,False
San Lorenzo,2005,0.3996727398048688,False,False
San Lorenzo,2005,0.1797310631120386,False,False
San Lorenzo,2006,-0.9099883613178743,False,False
San Lorenzo,2006,-0.6304577328699111,False,False
San Lorenzo,2006,2.916074395412403,False,False
San Lorenzo,2006,1.4439486261919976,False,False
San Lorenzo,2007,-1.0252996354353978,False,False
San Lorenzo,2007,-0.7473165762830517,False,False
San Lorenzo,2007,0.7894847481652597,False,False
San Lorenzo,2007,0.5109382889902118,False,False
San Lorenzo,2008,-1.48039588611507,False,False
San Lorenzo,2008,-0.9811143953716454,False,False
San Lorenzo,2008,-0.16665310495407115,False,False
San Lorenzo,2008,-0.2357631575055348,False,False
San Lorenzo,2009,-0.4368083983539421,False,False
San Lorenzo,2009,-0.061502080535259004,False,False
San Lorenzo,2009,6.794387122444301,False,False
San Lorenzo,2009,1.7469068929892526,False,False
San Lorenzo,2010,-0.7118398115977047,False,False
San Lorenzo,2010,-0.6478038707998692,False,False
San Lorenzo,2010,0.628070464524256,False,False
San Lorenzo,2010,0.3731644058068343,False,False
San Lorenzo,2011,-1.217326262916021,False,False
San Lorenzo,2011,-0.8405458619141033,False,False
San Lorenzo,2011,1.1426717333859653,False,False
San Lorenzo,2011,0.7620846382286621,False,False
San Lorenzo,2012,-1.3387070104612013,False,False
San Lorenzo,2012,-0.8805345239576127,False,False
San Lorenzo,2012,1.1324087493767916,False,False
San Lorenzo,2012,0.7566574466291621,False,False
San Lorenzo,2013,0.007879880573435036,False,False
San Lorenzo,2013,0.15936381457791915,False,False
San Lorenzo,2013,0.7040421954842989,False,False
San Lorenzo,2013,0.49426494133586063,False,False
San Lorenzo,2014,-2.2541279160741166,True,False
San Lorenzo,2014,-1.306610516016297,False,False
San Lorenzo,2014,1.441517360999957,False,False
San Lorenzo,2014,0.9542695068100361,False,False
San Lorenzo,2015,-0.7591520559663664,False,False
San Lorenzo,2015,-0.5061013706442442,False,False
San Lorenzo,2015,0.8241418467904856,False,False
San Lorenzo,2015,0.5290686221195197,False,False
San Lorenzo,2016,-0.6726637889454885,False,False
San Lorenzo,2016,-0.40160125955692905,False,False
San Lorenzo,2016,0.9418374829880233,False,False
San Lorenzo,2016,0.6290767211016226,False,False
San Lorenzo,2017,-2.325141574875131,True,True
San Lorenzo,2017,-1.306610516016297,False,False
San Lorenzo,2017,0.47028225961700726,False,False
San Lorenzo,2017,0.34227513427792394,False,False
San Lorenzo,2018,-1.115732998799709,False,False
San Lorenzo,2018,-0.7725687706919374,False,False
San Lorenzo,2018,2.559776959939714,False,False
San Lorenzo,2018,1.353314669575113,False,False
San Lorenzo,2019,-0.6232931888882837,False,False
San Lorenzo,2019,-0.4643766702269507,False,False
San Lorenzo,2019,0.18147819117199493,False,False
San Lorenzo,2019,-0.06492595903333181,False,False
San Lorenzo,2020,-1.7032838359895182,True,False
San Lorenzo,2020,-1.308714474732204,False,False
San Lorenzo,2020,1.7989511037694632,False,False
San Lorenzo,2020,1.1099654452572882,False,False
San Lorenzo,2021,-1.2427997662163295,False,False
San Lorenzo,2021,-0.8338975311313362,False,False
San Lorenzo,2021,-0.20624524104296224,False,False
San Lorenzo,2021,-0.30542597257339366,False,False
San Lorenzo,2022,-1.188525944225387,False,False
San Lorenzo,2022,-1.2135223085237405,False,False
San Lorenzo,2022,-0.4995417753409704,False,False
San Lorenzo,2022,-0.43838561496224726,False,False
San Lorenzo,2023,-1.9573526089798916,True,False
San Lorenzo,2023,-1.6691079428999631,True,False
San Lorenzo,2023,7.49746945260672,False,False
San Lorenzo,2023,1.7179866174809704,False,False
San Lorenzo,2024,-1.339787690606471,False,False
San Lorenzo,2024,-0.9903281005339561,False,False
San Lorenzo,2024,0.935522524327131,False,False
San Lorenzo,2024,0.6342039837470106,False,False
San Luis Del Palmar,1981,,False,False
San Luis Del Palmar,1982,,False,False
San Luis Del Palmar,1983,,False,False
San Luis Del Palmar,1984,-0.7639442794123672,False,False
San Luis Del Palmar,1985,2.40905145470681,False,False
San Luis Del Palmar,1986,5.095580132467305,False,False
San Luis Del Palmar,1991,3.185914425670573,False,False
San Luis Del Palmar,1992,-0.49961755423257065,False,False
San Luis Del Palmar,1993,-0.40653699664618576,False,False
San Luis Del Palmar,1994,0.20732655454420382,False,False
San Luis Del Palmar,1995,0.04556943771292083,False,False
San Luis Del Palmar,1996,0.10414894950322208,False,False
San Luis Del Palmar,1997,0.2973008982937459,False,False
San Luis Del Palmar,1998,0.7773832031564369,False,False
San Luis Del Palmar,1999,3.0452455154258113,False,False
San Luis Del Palmar,2000,-9.665489169047717,True,False
San Luis Del Palmar,2001,-1.8092106213268622,True,False
San Luis Del Palmar,2002,-1.0510964058059722,False,False
San Luis Del Palmar,2003,-0.19514625485982054,False,False
San Luis Del Palmar,2005,0.002104421510009184,False,False
San Luis Del Palmar,2007,0.7375798057322235,False,False
San Luis Del Palmar,2008,-1.35205578875699,False,False
San Luis Del Palmar,2009,-0.4630185220559577,False,False
San Luis Del Palmar,2010,1.3121033734916887,False,False
San Luis Del Palmar,2013,8.885662609995215,False,False
San Luis Del Palmar,2018,5.178707825288698,False,False
San Luis Del Palmar,2019,1.6425419092858056,False,False
San Luis Del Palmar,2020,0.7416718757781847,False,False
San Luis Del Palmar,2021,0.017620974394138206,False,False
San Luis Del Palmar,2022,-0.44376370909324775,False,False
San Luis Del Palmar,2023,-1.5758335037455864,True,False
San Luis Del Palmar,2024,1.6625590407869915,False,False
San Martin,1981,,False,False
San Martin,1981,,False,False
San Martin,1981,,False,False
San Martin,1981,inf,False,False
San Martin,1981,1.5,False,False
San Martin,1981,1.0954451150103321,False,False
San Martin,1981,-0.8847825928929607,False,False
San Martin,1981,-0.9806066509939191,False,False
San Martin,1981,-1.0954451150103324,False,False
San Martin,1982,-0.9573237744220731,False,False
San Martin,1982,-0.6450809243316306,False,False
San Martin,1982,-1.0954451150103335,False,False
San Martin,1982,7.479157906445846,False,False
San Martin,1982,1.7440923126937713,False,False
San Martin,1982,1.0954451150103321,False,False
San Martin,1982,-0.6894092118312821,False,False
San Martin,1982,-0.8559350973287927,False,False
San Martin,1982,-1.0954451150103324,False,False
San Martin,1983,-1.2780193008453877,False,False
San Martin,1983,-0.8835412617927489,False,False
San Martin,1983,-1.0954451150103346,False,False
San Martin,1983,12.049896265113679,False,False
San Martin,1983,1.770729756616673,False,False
San Martin,1983,1.0954451150103324,False,False
San Martin,1983,-0.8346248495316817,False,False
San Martin,1983,-0.9503288904374106,False,False
San Martin,1983,-1.0954451150103321,False,False
San Martin,1984,-1.1360171563070112,False,False
San Martin,1984,-0.7841515268245524,False,False
San Martin,1984,-1.0954451150103321,False,False
San Martin,1984,14.158628111508543,False,False
San Martin,1984,1.7755847421839595,False,False
San Martin,1984,1.0954451150103321,False,False
San Martin,1984,-0.38798413740300536,False,False
San Martin,1984,-0.6272219449815971,False,False
San Martin,1984,-1.0954451150103326,False,False
San Martin,1985,1.2060130653909216,False,False
San Martin,1985,1.148278012240578,False,False
San Martin,1985,1.0954451150103324,False,False
San Martin,1985,-1.94412644133185,True,False
San Martin,1985,-1.3988959765521125,False,False
San Martin,1985,-1.0954451150103324,False,False
San Martin,1986,-0.30621173049526357,False,False
San Martin,1986,-0.03273087519966769,False,False
San Martin,1986,1.0954451150103328,False,False
San Martin,1986,4.528650124097272,False,False
San Martin,1986,1.651947070804437,False,False
San Martin,1986,1.0954451150103324,False,False
San Martin,1986,-0.6949990674121109,False,False
San Martin,1986,-0.8597572872713348,False,False
San Martin,1986,-1.0954451150103326,False,False
San Martin,1987,-1.3991637435386746,False,False
San Martin,1987,-0.9606107150633407,False,False
San Martin,1987,-1.095445115010336,False,False
San Martin,1987,9.90922457571898,False,False
San Martin,1987,1.7624939093045267,False,False
San Martin,1987,1.0954451150103324,False,False
San Martin,1987,-0.4776140701445049,False,False
San Martin,1987,-0.699831207815764,False,False
San Martin,1987,-1.0954451150103326,False,False
San Martin,1988,-1.8970495512462286,True,False
San Martin,1988,-1.2098803948548742,False,False
San Martin,1988,-1.0954451150103326,False,False
San Martin,1988,-1.5179393993552204,True,False
San Martin,1988,-1.0295259091406348,False,False
San Martin,1988,-1.0954451150103348,False,False
San Martin,1989,1.9402511064839485,False,False
San Martin,1989,1.3979449679083662,False,False
San Martin,1989,1.0954451150103335,False,False
San Martin,1989,0.7302967433402221,False,False
San Martin,1989,0.44721359549995904,False,False
San Martin,1989,,False,False
San Martin,1990,inf,False,False
San Martin,1990,1.7888543819998317,False,False
San Martin,1990,1.0954451150103321,False,False
San Martin,1991,0.7302967433402214,False,False
San Martin,1991,0.4472135954999579,False,False
San Martin,1991,,False,False
San Martin,1991,-inf,True,False
San Martin,1991,-1.788854381999832,True,False
San Martin,1991,-1.0954451150103321,False,False
San Martin,1992,-0.2658766032894785,False,False
San Martin,1992,0.008079841048537616,False,False
San Martin,1992,1.09544511501033,False,False
San Martin,1992,5.464463907045143,False,False
San Martin,1992,1.6933438475969889,False,False
San Martin,1992,1.095445115010332,False,False
San Martin,1992,-0.5397845494253809,False,False
San Martin,1992,-0.7479311454513082,False,False
San Martin,1992,-1.0954451150103317,False,False
San Martin,1993,-1.985494270956226,True,False
San Martin,1993,-1.2443420336765096,False,False
San Martin,1993,-1.0954451150103308,False,False
San Martin,1993,3.0440096074681007,False,False
San Martin,1993,1.5787493532125603,False,False
San Martin,1993,1.095445115010332,False,False
San Martin,1994,-1.0954451150103315,False,False
San Martin,1994,-1.0954451150103315,False,False
San Martin,1994,-1.0954451150103315,False,False
San Martin,1994,2.001090152925646,False,False
San Martin,1994,1.4125294215154491,False,False
San Martin,1994,1.095445115010332,False,False
San Martin,1995,-2.705446753767434,True,False
San Martin,1995,-1.538426238998811,True,False
San Martin,1995,-1.0954451150103321,False,False
San Martin,1995,0.6100635712876451,False,False
San Martin,1995,0.8000299572346085,False,False
San Martin,1995,1.0954451150103324,False,False
San Martin,1996,0.14761317152621498,False,False
San Martin,1996,-0.1274295479664412,False,False
San Martin,1996,-1.0954451150103321,False,False
San Martin,1996,-1.5823096105704797,True,False
San Martin,1996,-1.064245593367213,False,False
San Martin,1996,-1.0954451150103324,False,False
San Martin,1997,1.877905911446284,False,False
San Martin,1997,1.3822178973625951,False,False
San Martin,1997,1.0954451150103321,False,False
San Martin,1997,3.468909530866052,False,False
San Martin,1997,1.5652475842498528,False,False
San Martin,1997,1.0954451150103321,False,False
San Martin,1998,-1.0954451150103321,False,False
San Martin,1998,-1.0954451150103321,False,False
San Martin,1998,-1.0954451150103321,False,False
San Martin,1998,1.886599920295572,False,False
San Martin,1998,1.3844601973414816,False,False
San Martin,1998,1.0954451150103321,False,False
San Martin,1999,-2.3692185045572303,True,False
San Martin,1999,-1.4869315716590557,False,False
San Martin,1999,-1.0954451150103321,False,False
San Martin,1999,1.27051625211244,False,False
San Martin,1999,1.1769246150674202,False,False
San Martin,1999,1.0954451150103321,False,False
San Martin,2000,0.04564354645876384,False,False
San Martin,2000,-0.2290393337255473,False,False
San Martin,2000,-1.0954451150103321,False,False
San Martin,2000,3.2863353450309964,False,False
San Martin,2000,1.602213658534634,False,False
San Martin,2000,1.0954451150103324,False,False
San Martin,2001,-2.035978799615163,True,False
San Martin,2001,-1.4205693809652646,False,False
San Martin,2001,-1.0954451150103321,False,False
San Martin,2001,0.8763560920082657,False,False
San Martin,2001,0.9756016406049546,False,False
San Martin,2001,1.0954451150103321,False,False
San Martin,2002,-1.0954451150103321,False,False
San Martin,2002,-1.0954451150103321,False,False
San Martin,2002,-1.0954451150103321,False,False
San Martin,2002,1.7593512453196245,False,False
San Martin,2002,1.3499595889657614,False,False
San Martin,2002,1.0954451150103321,False,False
San Martin,2003,-1.0345870530653136,False,False
San Martin,2003,-1.064245593367213,False,False
San Martin,2003,-1.0954451150103321,False,False
San Martin,2003,1.0010101913025449,False,False
San Martin,2003,1.0463596827726904,False,False
San Martin,2003,1.0954451150103321,False,False
San Martin,2004,0.7302967433402214,False,False
San Martin,2004,0.447213595499958,False,False
San Martin,2004,,False,False
San Martin,2005,-inf,True,False
San Martin,2005,-1.7888543819998317,True,False
San Martin,2005,-1.0954451150103321,False,False
San Martin,2005,0.5781515884776753,False,False
San Martin,2005,0.776673630521959,False,False
San Martin,2005,1.0954451150103321,False,False
San Martin,2006,2.0889883588569127,False,False
San Martin,2006,1.2815192121674066,False,False
San Martin,2006,1.0954451150103321,False,False
San Martin,2007,-2.6929692410670665,True,False
San Martin,2007,-1.5367407238704083,True,False
San Martin,2007,-1.0954451150103321,False,False
San Martin,2007,0.6390096504226938,False,False
San Martin,2007,0.8207826816681233,False,False
San Martin,2007,1.0954451150103321,False,False
San Martin,2008,-1.9068859409439116,True,False
San Martin,2008,-1.3896296255058578,False,False
San Martin,2008,-1.0954451150103324,False,False
San Martin,2008,0.36514837167011077,False,False
San Martin,2008,0.6081211398682971,False,False
San Martin,2008,1.0954451150103321,False,False
San Martin,2009,-0.7209339645794494,False,False
San Martin,2009,-0.8772915589248834,False,False
San Martin,2009,-1.0954451150103321,False,False
San Martin,2009,4.099084946490276,False,False
San Martin,2009,1.6584675153684119,False,False
San Martin,2009,1.0954451150103324,False,False
San Martin,2010,-1.1319599521773434,False,False
San Martin,2010,-1.1134308131358477,False,False
San Martin,2010,-1.0954451150103321,False,False
San Martin,2010,0.501707925302835,False,False
San Martin,2010,0.7186948620018573,False,False
San Martin,2010,1.0954451150103321,False,False
San Martin,2010,-0.7771371793942894,False,False
San Martin,2010,-0.9141711983931706,False,False
San Martin,2010,-1.0954451150103321,False,False
San Martin,2011,0.5273494723905247,False,False
San Martin,2011,0.7384608619211516,False,False
San Martin,2011,1.095445115010332,False,False
San Martin,2011,-0.2536700525932544,False,False
San Martin,2011,-0.5115331849630711,False,False
San Martin,2011,-1.095445115010331,False,False
San Martin,2012,2.9634006579470227,False,False
San Martin,2012,1.5700219138161602,False,False
San Martin,2012,1.095445115010332,False,False
San Martin,2012,-2.4517104954993143,True,False
San Martin,2012,-1.5008226870333956,True,False
San Martin,2012,-1.0954451150103321,False,False
San Martin,2013,-0.5806457713442744,False,False
San Martin,2013,-0.30587221632146716,False,False
San Martin,2013,1.0954451150103188,False,False
San Martin,2013,17.161973468494992,False,False
San Martin,2013,1.7791340362870762,False,False
San Martin,2013,1.0954451150103321,False,False
San Martin,2013,-0.08114408259335794,False,False
San Martin,2013,-0.35220822379863925,False,False
San Martin,2013,-1.0954451150103315,False,False
San Martin,2014,1.734454765433025,False,False
San Martin,2014,1.342768325259476,False,False
San Martin,2014,1.0954451150103317,False,False
San Martin,2014,-4.8145489005392355,True,False
San Martin,2014,-1.6897850347304881,True,False
San Martin,2014,-1.0954451150103324,False,False
San Martin,2015,1.0286496811682388,False,False
San Martin,2015,1.0611181001449717,False,False
San Martin,2015,1.0954451150103321,False,False
San Martin,2015,0.12941967603497595,False,False
San Martin,2015,-0.14567913668701624,False,False
San Martin,2015,-1.0954451150103321,False,False
San Martin,2016,1.1656659557161229,False,False
San Martin,2016,1.1295580234203308,False,False
San Martin,2016,1.0954451150103321,False,False
San Martin,2016,-0.6221046332157442,False,False
San Martin,2016,-0.8087127413494576,False,False
San Martin,2016,-1.0954451150103321,False,False
San Martin,2017,0.6390096504226938,False,False
San Martin,2017,0.8207826816681233,False,False
San Martin,2017,1.0954451150103321,False,False
San Martin,2017,0.1217161238900369,False,False
San Martin,2017,-0.15339299776947407,False,False
San Martin,2017,-1.0954451150103321,False,False
San Martin,2018,-3.2863353450309964,True,False
San Martin,2018,-1.5428311213002086,True,False
San Martin,2018,-1.0954451150103324,False,False
San Martin,2018,5.268569362668741,False,False
San Martin,2018,1.7042660041980908,False,False
San Martin,2018,1.0954451150103324,False,False
San Martin,2018,-0.7779247918189316,False,False
San Martin,2018,-0.9146772111492018,False,False
San Martin,2018,-1.0954451150103321,False,False
San Martin,2019,-1.1146634503613908,False,False
San Martin,2019,-0.7683498199278325,False,False
San Martin,2019,-1.0954451150103321,False,False
San Martin,2019,10.45237213905692,False,False
San Martin,2019,1.7650442558784025,False,False
San Martin,2019,1.0954451150103321,False,False
San Martin,2019,-0.9016929177976204,False,False
San Martin,2019,-0.9905521643609567,False,False
San Martin,2019,-1.0954451150103324,False,False
San Martin,2020,-1.613989149665147,True,False
San Martin,2020,-1.0806799003157688,False,False
San Martin,2020,-1.0954451150103324,False,False
San Martin,2020,1.8533002260237696,False,False
San Martin,2020,1.375783059707888,False,False
San Martin,2020,1.0954451150103321,False,False
San Martin,2020,1.338877362790406,False,False
San Martin,2020,0.9231326627541019,False,False
San Martin,2020,1.0954451150103321,False,False
San Martin,2021,-10.2241544067631,True,False
San Martin,2021,-1.764019474348952,True,False
San Martin,2021,-1.0954451150103321,False,False
San Martin,2021,-0.1217161238900369,False,False
San Martin,2021,0.15339299776947407,False,False
San Martin,2021,1.0954451150103321,False,False
San Martin,2021,4.381780460041329,False,False
San Martin,2021,1.6431676725154982,False,False
San Martin,2021,1.0954451150103321,False,False
San Martin,2022,-2.008316044185609,True,False
San Martin,2022,-1.414213562373095,False,False
San Martin,2022,-1.0954451150103321,False,False
San Martin,2022,-1.9474579822405904,True,False
San Martin,2022,-1.2298373876248843,False,False
San Martin,2022,-1.0954451150103321,False,False
San Martin,2022,2.008316044185609,False,False
San Martin,2022,1.414213562373095,False,False
San Martin,2022,1.0954451150103321,False,False
San Martin,2023,-0.18257418583505536,False,False
San Martin,2023,-0.4472135954999579,False,False
San Martin,2023,-1.0954451150103321,False,False
San Martin,2023,4.74692883171144,False,False
San Martin,2023,1.687322975464215,False,False
San Martin,2023,1.0954451150103321,False,False
San Martin,2023,-0.8925849085269373,False,False
San Martin,2023,-0.9852117548196745,False,False
San Martin,2023,-1.0954451150103321,False,False
San Martin,2024,0.18257418583505536,False,False
San Martin,2024,0.4472135954999579,False,False
San Martin,2024,1.0954451150103321,False,False
San Martin,2024,2.0996031371031365,False,False
San Martin,2024,1.2851509262439982,False,False
San Martin,2024,1.0954451150103321,False,False
San Martin,2024,-2.1908902300206643,True,False
San Martin,2024,-1.4536311355570468,False,False
San Martin,2024,-1.0954451150103321,False,False
San Miguel,1981,,False,False
San Miguel,1982,,False,False
San Miguel,1983,,False,False
San Miguel,1984,-0.19470772576885206,False,False
San Miguel,1985,1.3319440126437345,False,False
San Miguel,1986,0.3886044480845296,False,False
San Miguel,1987,-2.2851938054927126,True,False
San Miguel,1988,12.189424260095354,False,False
San Miguel,1989,1.1447811498589986,False,False
San Miguel,1991,1.0903425110860598,False,False
San Miguel,1992,-1.009457751688151,False,False
San Miguel,1993,-0.641358892872414,False,False
San Miguel,1994,-1.6752184912686632,True,False
San Miguel,1995,-0.320255328509169,False,False
San Miguel,1996,0.32048214908535844,False,False
San Miguel,1997,1.137861153612063,False,False
San Miguel,1998,1.2160149822926862,False,False
San Miguel,1999,0.9745483172638959,False,False
San Miguel,2000,-5.144639314073627,True,False
San Miguel,2001,-1.9581462139717234,True,False
San Miguel,2002,-1.0067282506778414,False,False
San Miguel,2003,-0.5276448530110865,False,False
San Miguel,2005,0.9421853907698875,False,False
San Miguel,2007,-0.7293249574894737,False,False
San Miguel,2008,-1.3188518031758387,False,False
San Miguel,2009,-0.4465400603794895,False,False
San Miguel,2010,0.3325349475593139,False,False
San Miguel,2013,5.04686418134625,False,False
San Miguel,2018,4.932319944937256,False,False
San Miguel,2019,1.6320051589444662,False,False
San Miguel,2020,0.7447537423506523,False,False
San Miguel,2021,0.03415250054152058,False,False
San Miguel,2022,-0.44376370909324786,False,False
San Miguel,2023,-1.5758335037455873,True,False
San Miguel,2024,1.6625590407869923,False,False
San Nicolas,1981,,False,False
San Nicolas,1982,,False,False
San Nicolas,1983,,False,False
San Nicolas,1984,1.0575920097691536,False,False
San Nicolas,1985,1.156561322397112,False,False
San Nicolas,1986,0.5790283054124006,False,False
San Nicolas,1987,0.936644277505669,False,False
San Nicolas,1988,-1.1134949406984487,False,False
San Nicolas,1989,-1.42047677284731,False,False
San Nicolas,1990,-0.6077080131524367,False,False
San Nicolas,1991,5.103517633388493,False,False
San Nicolas,1992,1.3360565857105926,False,False
San Nicolas,1993,1.36900737048824,False,False
San Nicolas,1994,0.003963222475734887,False,False
San Nicolas,1995,-0.6255107414850531,False,False
San Nicolas,1996,0.9064359037308319,False,False
San Nicolas,1997,3.8313614579610276,False,False
San Nicolas,1998,0.2479274313064551,False,False
San Nicolas,1999,-1.0217017611499226,False,False
San Nicolas,2000,0.4721766386860413,False,False
San Nicolas,2001,-0.28906207770404985,False,False
San Nicolas,2002,0.9665587111639646,False,False
San Nicolas,2003,1.411476849665015,False,False
San Nicolas,2004,1.5452169802855091,False,False
San Nicolas,2005,-0.9449111825230676,False,False
San Nicolas,2006,1.3992297616851626,False,False
San Nicolas,2007,-1.0282966953590549,False,False
San Nicolas,2008,-3.1600911974391277,True,False
San Nicolas,2009,1.6803439421586124,False,False
San Nicolas,2010,-0.40693305223969184,False,False
San Nicolas,2011,-0.543607950402357,False,False
San Nicolas,2012,1.1255661308309381,False,False
San Nicolas,2013,0.5634272485218113,False,False
San Nicolas,2014,1.1762189039482742,False,False
San Nicolas,2015,-0.11324891258224568,False,False
San Nicolas,2016,0.9103585242672968,False,False
San Nicolas,2017,-1.6723331346378152,True,True
San Nicolas,2018,1.9032225559720992,False,False
San Nicolas,2019,-0.13483997249264837,False,False
San Nicolas,2020,-0.6306664038890528,False,False
San Nicolas,2021,-1.899546631415427,True,False
San Nicolas,2022,-2.5789686187874876,True,True
San Nicolas,2023,0.2642495914321015,False,False
San Nicolas,2024,0.29380744105588963,False,False
San Pedro,1981,,False,False
San Pedro,1981,,False,False
San Pedro,1981,,False,False
San Pedro,1981,-inf,True,False
San Pedro,1981,-1.5,False,False
San Pedro,1981,-1.0954451150103326,False,False
San Pedro,1981,-3.0986646712498067,True,False
San Pedro,1981,-1.5163988041621068,True,False
San Pedro,1981,-1.0954451150103324,False,False
San Pedro,1982,0.7118082181923678,False,False
San Pedro,1982,0.871159095151263,False,False
San Pedro,1982,1.0954451150103321,False,False
San Pedro,1982,0.43770990706609436,False,False
San Pedro,1982,0.16509551625013322,False,False
San Pedro,1982,-1.0954451150103395,False,False
San Pedro,1982,-10.771876964268337,True,True
San Pedro,1982,-1.7640194743489526,True,True
San Pedro,1982,-1.0954451150103324,False,False
San Pedro,1983,2.6473256946083032,False,False
San Pedro,1983,1.5304393030528218,False,False
San Pedro,1983,1.0954451150103321,False,False
San Pedro,1983,0.7590061976238666,False,False
San Pedro,1983,0.4734272062652375,False,False
San Pedro,1983,1.0954451150109463,False,False
San Pedro,1983,-108.64305145853456,True,False
San Pedro,1983,-1.7886188127621054,True,False
San Pedro,1983,-1.0954451150103324,False,False
San Pedro,1984,1.6030718288866213,False,False
San Pedro,1984,1.302213721836686,False,False
San Pedro,1984,1.0954451150103324,False,False
San Pedro,1984,0.143823746392513,False,False
San Pedro,1984,-0.13123414770010203,False,False
San Pedro,1984,-1.0954451150103288,False,False
San Pedro,1984,-4.7042431262557125,True,True
San Pedro,1984,-1.6614761476826,True,True
San Pedro,1984,-1.0954451150103328,False,False
San Pedro,1985,3.00005731633692,False,False
San Pedro,1985,1.5740525935818381,False,False
San Pedro,1985,1.0954451150103324,False,False
San Pedro,1985,-0.3129843185743806,False,False
San Pedro,1985,-0.5636018619766343,False,False
San Pedro,1985,-1.095445115010331,False,False
San Pedro,1985,-2.0384407848483916,True,False
San Pedro,1985,-1.2637691448642754,False,False
San Pedro,1985,-1.095445115010333,False,False
San Pedro,1986,2.369514799832773,False,False
San Pedro,1986,1.4869830846118124,False,False
San Pedro,1986,1.0954451150103324,False,False
San Pedro,1986,-0.23622833415896202,False,False
San Pedro,1986,-0.49594081780144,False,False
San Pedro,1986,-1.0954451150103315,False,False
San Pedro,1986,-1.3143073377815466,False,False
San Pedro,1986,-0.9073629694336541,False,False
San Pedro,1986,-1.0954451150103386,False,False
San Pedro,1987,8.132527811759612,False,False
San Pedro,1987,1.7505669505151038,False,False
San Pedro,1987,1.095445115010332,False,False
San Pedro,1987,0.0,False,False
San Pedro,1987,-0.2738612787525827,False,False
San Pedro,1987,-1.0954451150103248,False,False
San Pedro,1987,-3.9253449954536674,True,False
San Pedro,1987,-1.6100947373652066,True,False
San Pedro,1987,-1.0954451150103317,False,False
San Pedro,1988,0.8515781667877941,False,False
San Pedro,1988,0.9606939242350572,False,False
San Pedro,1988,1.0954451150103328,False,False
San Pedro,1988,0.4322778744585973,False,False
San Pedro,1988,0.15966649192154245,False,False
San Pedro,1988,-1.0954451150102604,False,False
San Pedro,1988,-5.635825372847417,True,True
San Pedro,1988,-1.6989058229527152,True,True
San Pedro,1988,-1.0954451150103273,False,False
San Pedro,1989,3.1030747900762528,False,False
San Pedro,1989,1.5848365974649243,False,False
San Pedro,1989,1.0954451150103304,False,False
San Pedro,1989,0.40339578392203757,False,False
San Pedro,1989,0.13072920807154662,False,False
San Pedro,1989,-1.0954451150102125,False,False
San Pedro,1989,-5.294651389216045,True,False
San Pedro,1989,-1.6873229754641872,True,False
San Pedro,1989,-1.095445115010318,False,False
San Pedro,1990,9.15426967776957,False,False
San Pedro,1990,1.7582154753068355,False,False
San Pedro,1990,1.0954451150103313,False,False
San Pedro,1990,-0.9828116128512833,False,False
San Pedro,1990,-1.0364613507592446,False,False
San Pedro,1990,-1.095445115010331,False,False
San Pedro,1991,0.9466543415148339,False,False
San Pedro,1991,1.0163623134454307,False,False
San Pedro,1991,1.0954451150103317,False,False
San Pedro,1991,-0.9326700157660469,False,False
San Pedro,1991,-1.0084324519173695,False,False
San Pedro,1991,-1.0954451150103302,False,False
San Pedro,1991,-0.19331384382535252,False,False
San Pedro,1991,0.08142379415222328,False,False
San Pedro,1991,1.0954451150103295,False,False
San Pedro,1992,6.87355294831813,False,False
San Pedro,1992,1.7279409021179444,False,False
San Pedro,1992,1.0954451150103297,False,False
San Pedro,1992,-1.6163415082629813,True,False
San Pedro,1992,-1.3065172326599699,False,False
San Pedro,1992,-1.0954451150103306,False,False
San Pedro,1992,-2.689102288740369,True,False
San Pedro,1992,-1.4435123427539045,False,False
San Pedro,1992,-1.095445115010335,False,False
San Pedro,1993,2.665583113191818,False,False
San Pedro,1993,1.5329857569187293,False,False
San Pedro,1993,1.095445115010333,False,False
San Pedro,1993,-0.08001582782982408,False,False
San Pedro,1993,-0.35113205314820906,False,False
San Pedro,1993,-1.09544511501033,False,False
San Pedro,1993,-1.8490784084196947,True,False
San Pedro,1993,-1.1900820352311077,False,False
San Pedro,1993,-1.0954451150103397,False,False
San Pedro,1994,2.7233049314537943,False,False
San Pedro,1994,1.5408115166021883,False,False
San Pedro,1994,1.095445115010334,False,False
San Pedro,1994,0.1769818233860538,False,False
San Pedro,1994,-0.0978882273761226,False,False
San Pedro,1994,-1.095445115010327,False,False
San Pedro,1994,-5.000492029161307,True,False
San Pedro,1994,-1.675505939457238,True,False
San Pedro,1994,-1.0954451150103357,False,False
San Pedro,1995,1.4973496522069785,False,False
San Pedro,1995,1.2661414204744654,False,False
San Pedro,1995,1.0954451150103353,False,False
San Pedro,1995,0.2989652293049037,False,False
San Pedro,1995,0.025400850721012756,False,False
San Pedro,1995,-1.0954451150103377,False,False
San Pedro,1995,-3.267659326021447,True,False
San Pedro,1995,-1.5403640583252314,True,False
San Pedro,1995,-1.0954451150103501,False,False
San Pedro,1996,6.59584000298535,False,False
San Pedro,1996,1.73241541043167,False,False
San Pedro,1996,1.0954451150103321,False,False
San Pedro,1996,-0.6017672880369846,False,False
San Pedro,1996,-0.7940060601551122,False,False
San Pedro,1996,-1.0954451150103297,False,False
San Pedro,1996,-1.0468536325210707,False,False
San Pedro,1996,-0.7166908037761417,False,False
San Pedro,1996,-1.0954451150103692,False,False
San Pedro,1997,23.917218344393202,False,False
San Pedro,1997,1.784097203871243,False,False
San Pedro,1997,1.0954451150103317,False,False
San Pedro,1997,-1.0954451150103313,False,False
San Pedro,1997,-1.0954451150103313,False,False
San Pedro,1997,-1.0954451150103313,False,False
San Pedro,1997,-1.3388773627904054,False,False
San Pedro,1997,-0.9231326627541018,False,False
San Pedro,1997,-1.0954451150103384,False,False
San Pedro,1998,4.96297495161629,False,False
San Pedro,1998,1.6948928887400225,False,False
San Pedro,1998,1.0954451150103324,False,False
San Pedro,1998,-0.3242293754505312,False,False
San Pedro,1998,-0.5733016573941528,False,False
San Pedro,1998,-1.0954451150103302,False,False
San Pedro,1998,-1.389748845785778,False,False
San Pedro,1998,-0.9548705961428423,False,False
San Pedro,1998,-1.0954451150103404,False,False
San Pedro,1999,1.7643121152088015,False,False
San Pedro,1999,1.3513746236262163,False,False
San Pedro,1999,1.095445115010337,False,False
San Pedro,1999,0.1597524126056739,False,False
San Pedro,1999,-0.11523024038313583,False,False
San Pedro,1999,-1.0954451150103417,False,False
San Pedro,1999,-3.28633534503104,True,True
San Pedro,1999,-1.5428311213002242,True,True
San Pedro,1999,-1.0954451150103524,False,False
San Pedro,2000,8.398412548412729,False,False
San Pedro,2000,1.7528092952548824,False,False
San Pedro,2000,1.095445115010332,False,False
San Pedro,2000,-0.7302967433402209,False,False
San Pedro,2000,-0.8835412617927476,False,False
San Pedro,2000,-1.0954451150103304,False,False
San Pedro,2000,-1.1867322079278588,False,False
San Pedro,2000,-0.8207826816681234,False,False
San Pedro,2000,-1.0954451150103515,False,False
San Pedro,2001,8.925269484679609,False,False
San Pedro,2001,1.7567124398060034,False,False
San Pedro,2001,1.095445115010332,False,False
San Pedro,2001,-0.7502211007355104,False,False
San Pedro,2001,-0.8966995287100163,False,False
San Pedro,2001,-1.0954451150103302,False,False
San Pedro,2001,-1.6425594973461595,True,False
San Pedro,2001,-1.0951409514445745,False,False
San Pedro,2001,-1.0954451150103386,False,False
San Pedro,2002,6.208739479630828,False,False
San Pedro,2002,1.7258365230551511,False,False
San Pedro,2002,1.0954451150103321,False,False
San Pedro,2002,-0.6150710073931016,False,False
San Pedro,2002,-0.8036494641775324,False,False
San Pedro,2002,-1.0954451150103308,False,False
San Pedro,2002,-1.1214340136366971,False,False
San Pedro,2002,-0.7733842614771098,False,False
San Pedro,2002,-1.0954451150103475,False,False
San Pedro,2003,10.023322802344705,False,False
San Pedro,2003,1.76306234558825,False,False
San Pedro,2003,1.0954451150103321,False,False
San Pedro,2003,-0.7596408682848479,False,False
San Pedro,2003,-0.9028536961514195,False,False
San Pedro,2003,-1.095445115010331,False,False
San Pedro,2003,-1.2692408841431926,False,False
San Pedro,2003,-0.8776828687594003,False,False
San Pedro,2003,-1.0954451150103404,False,False
San Pedro,2004,7.8522626737924845,False,False
San Pedro,2004,1.7479718048264636,False,False
San Pedro,2004,1.095445115010332,False,False
San Pedro,2004,-0.5778018295009795,False,False
San Pedro,2004,-0.7764148708804116,False,False
San Pedro,2004,-1.0954451150103306,False,False
San Pedro,2004,-1.918875493254553,True,False
San Pedro,2004,-1.2186260312526893,False,False
San Pedro,2004,-1.0954451150103341,False,False
San Pedro,2005,2.660366707882243,False,False
San Pedro,2005,1.532261755365749,False,False
San Pedro,2005,1.0954451150103326,False,False
San Pedro,2005,0.06319875663521146,False,False
San Pedro,2005,-0.21167774543233991,False,False
San Pedro,2005,-1.0954451150103266,False,False
San Pedro,2005,-2.940405308711933,True,False
San Pedro,2005,-1.490974198146942,False,False
San Pedro,2005,-1.0954451150103335,False,False
San Pedro,2006,4.8263089125093,False,False
San Pedro,2006,1.6902043241689586,False,False
San Pedro,2006,1.095445115010332,False,False
San Pedro,2006,-0.5738045840530308,False,False
San Pedro,2006,-0.7734533525013477,False,False
San Pedro,2006,-1.0954451150103304,False,False
San Pedro,2006,-2.0448308813526177,True,False
San Pedro,2006,-1.2660553233455951,False,False
San Pedro,2006,-1.095445115010333,False,False
San Pedro,2007,2.2111762506690074,False,False
San Pedro,2007,1.4576620874063881,False,False
San Pedro,2007,1.0954451150103326,False,False
San Pedro,2007,-0.025182646322076598,False,False
San Pedro,2007,-0.2983720730197053,False,False
San Pedro,2007,-1.0954451150103284,False,False
San Pedro,2007,-3.39283695343477,True,False
San Pedro,2007,-1.5562686415418627,True,False
San Pedro,2007,-1.0954451150103333,False,False
San Pedro,2008,1.0954451150103341,False,False
San Pedro,2008,1.0954451150103341,False,False
San Pedro,2008,1.0954451150103341,False,False
San Pedro,2008,0.9259119424492103,False,False
San Pedro,2008,0.6190585860273098,False,False
San Pedro,2008,1.0954451150102855,False,False
San Pedro,2008,-19.917626513364667,True,False
San Pedro,2008,-1.782037740647319,True,False
San Pedro,2008,-1.095445115010333,False,False
San Pedro,2009,3.647006537892613,False,False
San Pedro,2009,1.630768834272533,False,False
San Pedro,2009,1.0954451150103321,False,False
San Pedro,2009,-0.25762927009848285,False,False
San Pedro,2009,-0.5150551537442981,False,False
San Pedro,2009,-1.0954451150103302,False,False
San Pedro,2009,-1.5930609802924984,True,False
San Pedro,2009,-1.0698706250081211,False,False
San Pedro,2009,-1.0954451150103317,False,False
San Pedro,2010,2.084856760554922,False,False
San Pedro,2010,1.4314538323816683,False,False
San Pedro,2010,1.0954451150103321,False,False
San Pedro,2010,0.2589465753699488,False,False
San Pedro,2010,-0.015092081516893858,False,False
San Pedro,2010,-1.0954451150103053,False,False
San Pedro,2010,-5.660681761784345,True,False
San Pedro,2010,-1.6996731079118388,True,False
San Pedro,2010,-1.0954451150103313,False,False
San Pedro,2011,1.4390373216265724,False,False
San Pedro,2011,1.2448166619748355,False,False
San Pedro,2011,1.095445115010332,False,False
San Pedro,2011,0.36580807965867407,False,False
San Pedro,2011,0.09291801769801326,False,False
San Pedro,2011,-1.0954451150102713,False,False
San Pedro,2011,-12.598995701847683,True,False
San Pedro,2011,-1.7707337445877618,True,False
San Pedro,2011,-1.0954451150103324,False,False
San Pedro,2012,2.774195691493686,False,False
San Pedro,2012,1.5474382081505982,False,False
San Pedro,2012,1.0954451150103321,False,False
San Pedro,2012,-0.8582068099545063,False,False
San Pedro,2012,-0.964710041214689,False,False
San Pedro,2012,-1.0954451150103315,False,False
San Pedro,2012,-0.603981177147032,False,False
San Pedro,2012,-0.32838104781948624,False,False
San Pedro,2012,1.095445115010443,False,False
San Pedro,2013,23.464082413285798,False,False
San Pedro,2013,1.783679534688897,False,False
San Pedro,2013,1.0954451150103317,False,False
San Pedro,2013,-0.06495059731529308,False,False
San Pedro,2013,-0.33672468087171387,False,False
San Pedro,2013,-1.0954451150103228,False,False
San Pedro,2013,-2.5553626513544545,True,False
San Pedro,2013,-1.414056442083965,False,False
San Pedro,2013,-1.0954451150103302,False,False
San Pedro,2014,3.665007730466665,False,False
San Pedro,2014,1.6320264594310605,False,False
San Pedro,2014,1.0954451150103315,False,False
San Pedro,2014,-0.3084099323798316,False,False
San Pedro,2014,-0.5596401611256626,False,False
San Pedro,2014,-1.0954451150103262,False,False
San Pedro,2014,-2.113673889662075,True,False
San Pedro,2014,-1.2899149420125275,False,False
San Pedro,2014,-1.0954451150103302,False,False
San Pedro,2015,2.2018368621478186,False,False
San Pedro,2015,1.4558144466689975,False,False
San Pedro,2015,1.0954451150103313,False,False
San Pedro,2015,-0.6085806194501836,False,False
San Pedro,2015,-0.7989556751021833,False,False
San Pedro,2015,-1.0954451150103282,False,False
San Pedro,2015,-1.4495283845086175,False,False
San Pedro,2015,-0.9906181294717095,False,False
San Pedro,2015,-1.0954451150103364,False,False
San Pedro,2016,8.398412548412603,False,False
San Pedro,2016,1.7528092952548813,False,False
San Pedro,2016,1.0954451150103315,False,False
San Pedro,2016,-1.0954451150103308,False,False
San Pedro,2016,-1.0954451150103308,False,False
San Pedro,2016,-1.0954451150103308,False,False
San Pedro,2016,-0.7022084070579048,False,False
San Pedro,2016,-0.42126609713765417,False,False
San Pedro,2016,1.095445115012596,False,False
San Pedro,2017,73.75997107751205,False,False
San Pedro,2017,1.7883370181711793,False,False
San Pedro,2017,1.0954451150103317,False,False
San Pedro,2017,-0.6846531968814566,False,False
San Pedro,2017,-0.852671046445623,False,False
San Pedro,2017,-1.0954451150103288,False,False
San Pedro,2017,-1.2014559325919747,False,False
San Pedro,2017,-0.831180858056148,False,False
San Pedro,2017,-1.0954451150103477,False,False
San Pedro,2018,15.92959771410888,False,False
San Pedro,2018,1.778302651829993,False,False
San Pedro,2018,1.0954451150103315,False,False
San Pedro,2018,-0.6452621910334826,False,False
San Pedro,2018,-0.8252113456971842,False,False
San Pedro,2018,-1.0954451150103293,False,False
San Pedro,2018,-0.7302967433402199,False,False
San Pedro,2018,-0.4472135954999569,False,False
San Pedro,2018,,False,False
San Pedro,2019,inf,False,False
San Pedro,2019,1.788854381999832,False,False
San Pedro,2019,1.0954451150103324,False,False
San Pedro,2019,-0.5738045840530311,False,False
San Pedro,2019,-0.7734533525013485,False,False
San Pedro,2019,-1.0954451150103321,False,False
San Pedro,2019,-1.4605934866804429,False,False
San Pedro,2019,-0.9970544855015816,False,False
San Pedro,2019,-1.0954451150103321,False,False
San Pedro,2020,5.11207720338155,False,False
San Pedro,2020,1.6996460456512483,False,False
San Pedro,2020,1.0954451150103321,False,False
San Pedro,2020,-0.23962861890851017,False,False
San Pedro,2020,-0.49899033504353446,False,False
San Pedro,2020,-1.0954451150103321,False,False
San Pedro,2020,-3.2004180811086176,True,True
San Pedro,2020,-1.5311918867278695,True,True
San Pedro,2020,-1.0954451150103324,False,False
San Pedro,2021,1.0914761109704398,False,False
San Pedro,2021,1.0934573746554574,False,False
San Pedro,2021,1.0954451150103321,False,False
San Pedro,2021,-1.254551159311034,False,False
San Pedro,2021,-1.1699779893482292,False,False
San Pedro,2021,-1.0954451150103321,False,False
San Pedro,2021,-1.0961768752742,False,False
San Pedro,2021,-0.7544891318873421,False,False
San Pedro,2021,-1.0954451150103321,False,False
San Pedro,2022,3.651483716701107,False,False
San Pedro,2022,1.6310829698933953,False,False
San Pedro,2022,1.0954451150103321,False,False
San Pedro,2022,-0.3347193406976015,False,False
San Pedro,2022,-0.5822996201974713,False,False
San Pedro,2022,-1.0954451150103324,False,False
San Pedro,2022,-0.7302967433402215,False,False
San Pedro,2022,-0.447213595499958,False,False
San Pedro,2022,,False,False
San Pedro,2023,inf,False,False
San Pedro,2023,1.788854381999832,False,False
San Pedro,2023,1.0954451150103321,False,False
San Pedro,2023,-0.9813362488634226,False,False
San Pedro,2023,-1.0356525369472709,False,False
San Pedro,2023,-1.0954451150103321,False,False
San Pedro,2023,-1.1928180141223617,False,False
San Pedro,2023,-0.8250934970917218,False,False
San Pedro,2023,-1.0954451150103324,False,False
San Pedro,2024,7.181251309512178,False,False
San Pedro,2024,1.7405898416472005,False,False
San Pedro,2024,1.0954451150103321,False,False
San Pedro,2024,-0.7849950824163109,False,False
San Pedro,2024,-0.9192063226776543,False,False
San Pedro,2024,-1.0954451150103324,False,False
San Pedro,2024,-0.2849938510595987,False,False
San Pedro,2024,-0.011265147726483323,False,False
San Pedro,2024,1.0954451150103321,False,False
San Roque,1981,,False,False
San Roque,1982,,False,False
San Roque,1983,,False,False
San Roque,1984,-0.7032644763922874,False,False
San Roque,1985,0.5432528383917151,False,False
San Roque,1986,2.961292581258466,False,False
San Roque,1987,0.4830338944736201,False,False
San Roque,1988,3.464779157799555,False,False
San Roque,1989,0.9311993605420809,False,False
San Roque,1991,1.0534847247316146,False,False
San Roque,1995,0.8438818049972269,False,False
San Roque,1996,0.30517056041362434,False,False
San Roque,1997,-5.982543303844675,True,False
San Roque,1998,0.11639133447945205,False,False
San Roque,1999,-0.6585733152707133,False,False
San Roque,2000,-1.1167234154904024,False,False
San Roque,2001,-1.2015587887125594,False,False
San Roque,2002,-1.6168624038974926,True,False
San Roque,2003,-1.0012372984735878,False,False
San Roque,2005,-2.7445485943528984,True,False
San Roque,2007,-0.9769191847602725,False,False
San Roque,2008,-1.8979425981575078,True,False
San Roque,2009,-0.08795607827958155,False,False
San Roque,2010,2.3254461801211526,False,False
San Roque,2013,4.291202401481855,False,False
San Roque,2018,5.316934568087177,False,False
San Roque,2019,1.6522223647753493,False,False
San Roque,2020,0.7272433281891401,False,False
San Roque,2021,-0.045821942675149045,False,False
San Roque,2022,-0.4437637090932479,False,False
San Roque,2023,-1.5758335037455875,True,False
San Roque,2024,1.6625590407869926,False,False
San Salvador,2003,,False,False
San Salvador,2004,,False,False
San Salvador,2005,,False,False
San Salvador,2006,1.1132001357931203,False,False
San Salvador,2007,-0.7706835447361691,False,False
San Salvador,2008,-1.145705907530801,False,False
San Salvador,2009,1.4120655762639696,False,False
San Salvador,2010,-0.08402755740767882,False,False
San Salvador,2011,0.19568476195389875,False,False
San Salvador,2012,0.8198113519585942,False,False
San Salvador,2013,0.1587975501501012,False,False
San Salvador,2014,0.4800872690682751,False,False
San Salvador,2015,1.2654582566472325,False,False
San Salvador,2016,-1.057863481035559,False,False
San Salvador,2017,-6.828027923047698,True,False
San Salvador,2018,0.6532797101459692,False,False
San Salvador,2019,0.2693492521018819,False,False
San Salvador,2020,-0.007483763812848237,False,False
San Salvador,2021,-1.9740177452013126,True,False
San Salvador,2022,-1.8573386033581607,True,False
San Salvador,2023,0.6014023466937053,False,False
San Salvador,2024,1.3377071584285296,False,False
San Vicente,1981,,False,False
San Vicente,1982,,False,False
San Vicente,1983,,False,False
San Vicente,1984,0.9655329557529522,False,False
San Vicente,1985,-0.261310065371571,False,False
San Vicente,1986,-0.8255427454576914,False,False
San Vicente,1987,-0.5798070876269821,False,False
San Vicente,2003,9.810773774340229,False,False
San Vicente,2004,2.5393222025094113,False,False
San Vicente,2005,0.8145353459979767,False,False
San Vicente,2006,1.4416071388756173,False,False
San Vicente,2007,0.5914754166526254,False,False
San Vicente,2008,-2.511113292741686,True,False
San Vicente,2009,0.8125410059551463,False,False
San Vicente,2010,-0.2539426966376574,False,False
San Vicente,2011,-1.1291158460174635,False,False
San Vicente,2012,-0.7638401396723447,False,False
San Vicente,2013,1.1273706021724628,False,False
San Vicente,2014,2.5202178405897953,False,False
San Vicente,2015,0.7937472609951364,False,False
San Vicente,2016,1.3575403378120325,False,False
San Vicente,2017,-0.8579656361549436,False,False
San Vicente,2018,0.8341263081958626,False,False
San Vicente,2019,0.05903384757686852,False,False
San Vicente,2020,-0.0210003412583182,False,False
San Vicente,2021,-0.9100656486663031,False,False
San Vicente,2022,-2.3216857174634367,True,False
San Vicente,2023,0.3755064557698525,False,False
San Vicente,2024,-0.019316685232156395,False,False
Santa Barbara,1981,,False,False
Santa Barbara,1982,,False,False
Santa Barbara,1983,,False,False
Santa Barbara,1984,0.4,False,False
Santa Barbara,1985,-0.11895773785772162,False,False
Santa Barbara,1986,-1.1489158014393364,False,False
Santa Barbara,1987,1.302158088651406,False,False
Santa Barbara,1988,-0.44328508525552796,False,False
Santa Barbara,1989,-2.004741798412348,True,False
Santa Barbara,1990,0.6240653899993256,False,False
Santa Barbara,1991,0.9652134674904265,False,False
Santa Barbara,1992,0.981337575122625,False,False
Santa Barbara,1993,1.7760491814354515,False,False
Santa Barbara,1994,0.8441885944310444,False,False
Santa Barbara,1995,1.0877462116360985,False,False
Santa Barbara,1996,1.1629739712664353,False,False
Santa Barbara,1997,-1.6137068855082306,True,False
Santa Barbara,1998,2.3938433268466484,False,False
Santa Barbara,1999,0.9272791097153973,False,False
Santa Barbara,2000,0.6320798530388213,False,False
Santa Barbara,2001,0.44721359549995837,False,False
Santa Barbara,2002,0.3350831266333567,False,False
Santa Barbara,2003,0.2906888370749806,False,False
Santa Barbara,2004,33.4326042454059,False,False
Santa Barbara,2005,4.053887873813996,False,False
Santa Barbara,2006,0.43766433041125397,False,False
Santa Barbara,2007,0.7145101460930626,False,False
Santa Barbara,2008,1.328518774543658,False,False
Santa Barbara,2009,2.1377480956680426,False,False
Santa Barbara,2010,2.5464328566619403,False,False
Santa Barbara,2011,1.7903593492649847,False,False
Santa Barbara,2012,-6.499199394660481,True,False
Santa Barbara,2013,0.8620943681142557,False,False
Santa Barbara,2014,0.7889209965853137,False,False
Santa Barbara,2015,-0.25244313137912255,False,False
Santa Barbara,2016,-0.9169412308785788,False,False
Santa Barbara,2017,-0.046278800975814674,False,False
Santa Barbara,2018,0.39476588048811184,False,False
Santa Barbara,2019,1.4996299991125925,False,False
Santa Barbara,2020,1.8188205266348039,False,False
Santa Barbara,2021,-0.6285872661926203,False,False
Santa Barbara,2022,-0.9647638212377317,False,False
Santa Barbara,2023,-0.7016464154456231,False,False
Santa Barbara,2024,-0.8019515624050019,False,False
Santa Maria,1981,,False,False
Santa Maria,1982,,False,False
Santa Maria,1983,,False,False
Santa Maria,1984,5.604485383178051,False,False
Santa Maria,1985,1.110944933648016,False,False
Santa Maria,1986,-0.02142986538536308,False,False
Santa Maria,1987,0.37617596304075973,False,False
Santa Maria,1988,-3.4533789505695314,True,False
Santa Maria,1989,-1.1484623947571717,False,False
Santa Maria,1990,1.3339707576739444,False,False
Santa Maria,1991,2.4941935853476163,False,False
Santa Maria,1992,1.5965892313085186,False,False
Santa Maria,1993,0.6375007839305245,False,False
Santa Maria,1994,-0.9835086753903554,False,False
Santa Maria,1995,-2.059652235410051,True,False
Santa Maria,1996,0.2754080417000963,False,False
Santa Maria,1997,1.309167961077536,False,False
Santa Maria,1998,0.43599779965039087,False,False
Santa Maria,1999,2.376223922090396,False,False
Santa Maria,2000,1.1832996491341987,False,False
Santa Maria,2001,1.7641369683208155,False,False
Santa Maria,2002,-0.09124632688411778,False,False
Santa Maria,2003,-1.5079241440913242,True,False
Santa Maria,2004,2.5443189681904808,False,False
Santa Maria,2005,-0.48683485984032204,False,False
Santa Maria,2006,1.730613803438126,False,False
Santa Maria,2007,-0.989630053941824,False,False
Santa Maria,2008,-0.1505102693235903,False,False
Santa Maria,2009,-0.10226199851298273,False,False
Santa Maria,2010,-0.6693346319723208,False,False
Santa Maria,2011,-0.020288150615549432,False,False
Santa Maria,2012,1.0055555983044084,False,False
Santa Maria,2013,3.5255878080163514,False,False
Santa Maria,2014,1.3099403801828067,False,False
Santa Maria,2015,0.9074516815320107,False,False
Santa Maria,2016,0.8794579738018274,False,False
Santa Maria,2017,-0.9778644617085933,False,False
Santa Maria,2018,4.291961117316668,False,False
Santa Maria,2019,1.074396073651111,False,False
Santa Maria,2020,0.24145309097566012,False,False
Santa Maria,2021,-1.4556506857481017,False,False
Santa Maria,2022,-2.779982353683644,True,False
Santa Maria,2023,-0.8774535953713308,False,False
Santa Maria,2024,0.523573284682205,False,False
Santa Rosa,1981,,False,False
Santa Rosa,1982,,False,False
Santa Rosa,1983,,False,False
Santa Rosa,1984,-0.345697014819165,False,False
Santa Rosa,1985,1.1610089341230752,False,False
Santa Rosa,1986,-3.8096698633835873,True,False
Santa Rosa,1987,2.121115732614375,False,False
Santa Rosa,1988,-1.9661326079494903,True,False
Santa Rosa,1989,0.4907889539907244,False,False
Santa Rosa,1991,2.111734550173815,False,False
Santa Rosa,1992,1.5112111237012484,False,False
Santa Rosa,1993,0.9843210310829031,False,False
Santa Rosa,1994,0.7449197074013457,False,False
Santa Rosa,1995,0.5320914277998505,False,False
Santa Rosa,1996,0.44721359549996015,False,False
Santa Rosa,1997,inf,False,False
Santa Rosa,1998,0.0,False,False
Santa Rosa,2000,1.7528092952548817,False,False
Santa Rosa,2001,1.0817343730007583,False,False
Santa Rosa,2002,0.722897396012249,False,False
Santa Rosa,2003,0.4472135954999579,False,False
Santa Rosa,2004,0.4472135954999579,False,False
Santa Rosa,2005,,False,False
Santa Rosa,2006,,False,False
Santa Rosa,2007,inf,False,False
Santa Rosa,2008,1.7888543819998317,False,False
Santa Rosa,2009,1.0954451150103321,False,False
Santa Rosa,2010,1.3766093611963175,False,False
Santa Rosa,2011,4.1719901226312945,False,False
Santa Rosa,2012,-1.693527142455179,True,False
Santa Rosa,2013,2.5022076570712257,False,False
Santa Rosa,2014,1.2002621568934253,False,False
Santa Rosa,2015,2.434699294019732,False,False
Santa Rosa,2016,0.21950504810590846,False,False
Santa Rosa,2017,0.3897465445488851,False,False
Santa Rosa,2018,1.2094157958139033,False,False
Santa Rosa,2019,-1.4182484166846683,False,False
Santa Rosa,2020,0.6549939567938728,False,False
Santa Rosa,2021,-1.29981607341487,False,False
Santa Rosa,2022,-1.764454134317912,True,False
Santa Rosa,2023,-5.32316463036279,True,False
Santa Rosa,2024,-0.2179594314083578,False,False
Santo Tome,1981,,False,False
Santo Tome,1982,,False,False
Santo Tome,1983,,False,False
Santo Tome,1984,0.23656853692821203,False,False
Santo Tome,1985,-1.5886477496553233,True,False
Santo Tome,1986,0.8905752571412301,False,False
Santo Tome,1987,0.2619796471493245,False,False
Santo Tome,1988,1.174004368535676,False,False
Santo Tome,1989,0.45068921423376673,False,False
Santo Tome,1992,1.5418940332769675,False,False
Santo Tome,1993,-0.39653461645154175,False,False
Santo Tome,1994,0.6484500140957213,False,False
Santo Tome,1995,-5.678984504143192,True,False
Santo Tome,1996,1.0871157208714073,False,False
Santo Tome,1997,0.5481333449923618,False,False
Santo Tome,1998,0.2958001023647188,False,False
Santo Tome,1999,-1.0780939124665172,False,False
Santo Tome,2000,0.6363112194362618,False,False
Santo Tome,2001,0.47540806454424417,False,False
Santo Tome,2002,-0.5306848023875258,False,False
Santo Tome,2003,-0.19339320834499366,False,False
Santo Tome,2005,1.092366456958518,False,False
Santo Tome,2007,1.9952035834446236,False,False
Santo Tome,2008,-1.947264168996579,True,False
Santo Tome,2009,-0.259733662332663,False,False
Santo Tome,2010,-0.40696023936730186,False,False
Santo Tome,2013,-0.5712462594517166,False,False
Santo Tome,2018,4.0422608719085265,False,False
Santo Tome,2019,1.7578760001330171,False,False
Santo Tome,2020,0.6373910657219419,False,False
Santo Tome,2021,-0.20780208680833726,False,False
Santo Tome,2022,-0.4437636522587674,False,False
Santo Tome,2023,-1.5758330185753981,True,False
Santo Tome,2024,1.6616942603329394,False,False
Sargento Cabral,1981,,False,False
Sargento Cabral,1982,,False,False
Sargento Cabral,1983,,False,False
Sargento Cabral,1984,16.49319984192397,False,False
Sargento Cabral,1985,-1.5216858622408245,True,False
Sargento Cabral,1986,1.0,False,False
Sargento Cabral,1987,1.4084412407119733,False,False
Sargento Cabral,1988,-0.4466500255734542,False,False
Sargento Cabral,1989,-0.39431486762736234,False,False
Sargento Cabral,1993,0.1852923382863231,False,False
Sargento Cabral,1994,-0.20214319965070585,False,False
Sargento Cabral,1995,1.026485654231722,False,False
Sargento Cabral,1996,1.5038888150769765,False,False
Sargento Cabral,1997,8.169524311632559,False,False
Sargento Cabral,1998,-0.043794732819038895,False,False
Sargento Cabral,1999,1.2292097584806438,False,False
Sargento Cabral,2000,-0.5812940252228063,False,False
Sargento Cabral,2001,0.4129415463947215,False,False
Sargento Cabral,2002,0.029914120179770517,False,False
Sargento Cabral,2003,2.175089927872404,False,False
Sargento Cabral,2004,0.614007299774795,False,False
Sargento Cabral,2005,-0.9357873281594835,False,False
Sargento Cabral,2006,-0.8449065837269144,False,False
Sargento Cabral,2007,0.8261865806791572,False,False
Sargento Cabral,2008,-3.0309061765777514,True,False
Sargento Cabral,2009,-0.024768870230903493,False,False
Sargento Cabral,2010,1.1809234006170761,False,False
Sargento Cabral,2011,0.41676048469801735,False,False
Sargento Cabral,2012,-0.17779369930166264,False,False
Sargento Cabral,2013,3.862602587977137,False,False
Sargento Cabral,2014,1.4699925000573975,False,False
Sargento Cabral,2015,1.8133174720993432,False,False
Sargento Cabral,2016,1.0418212153308641,False,False
Sargento Cabral,2017,-0.3283514785950484,False,False
Sargento Cabral,2018,-0.5621154167911699,False,False
Sargento Cabral,2019,-0.17195577484058713,False,False
Sargento Cabral,2020,-3.3213752388614286,True,False
Sargento Cabral,2021,-1.3596846734083143,False,False
Sargento Cabral,2022,-2.5000320168707577,True,False
Sargento Cabral,2023,-1.1829226094091128,False,False
Sargento Cabral,2024,0.16231853064028628,False,False
Sarmiento,1981,,False,False
Sarmiento,1982,,False,False
Sarmiento,1983,,False,False
Sarmiento,1984,inf,False,False
Sarmiento,1985,-1.0568513119533527,False,False
Sarmiento,1986,2.071481889096967,False,False
Sarmiento,1987,2.117815332225461,False,False
Sarmiento,1988,-1.460249403398702,False,False
Sarmiento,1989,-0.04698198917220409,False,False
Sarmiento,1995,-0.41730845545192785,False,False
Sarmiento,1996,4.89801492534075,False,False
Sarmiento,1997,1.7187623912226357,False,False
Sarmiento,1998,0.9816001047835404,False,False
Sarmiento,2010,1.137956358617032,False,False
Sarmiento,2011,0.3986980330615456,False,False
Sarmiento,2012,-7.992428022751461,True,False
Sarmiento,2013,2.530851473522683,False,False
Sarmiento,2014,0.44300362343045463,False,False
Sarmiento,2015,0.5852138046166668,False,False
Sarmiento,2016,0.6379657306220935,False,False
Sarmiento,2017,-0.21469407504254676,False,False
Sarmiento,2018,-0.35985608634244015,False,False
Sarmiento,2019,-0.5050762722761049,False,False
Sarmiento,2020,-0.5794208685525324,False,False
Sarmiento,2021,1.3150710112788127,False,False
Sarmiento,2022,-1.2455047375590538,False,False
Sarmiento,2023,-8.265622349255539,True,False
Sarmiento,2024,-1.2494602122579674,False,False
Sauce,1981,,False,False
Sauce,1982,,False,False
Sauce,1983,,False,False
Sauce,1984,1.4433756729740648,False,False
Sauce,1985,1.7881186820378088,False,False
Sauce,1986,5.932958789676531,False,False
Sauce,1987,0.47809144373375745,False,False
Sauce,1992,1.6275192464723098,False,False
Sauce,1993,-0.26261286571944514,False,False
Sauce,1995,1.3180192552772336,False,False
Sauce,1996,0.6302524582073895,False,False
Sauce,1997,0.046048980043506396,False,False
Sauce,1998,1.7925756554480254,False,False
Sauce,1999,1.4060045697853827,False,False
Sauce,2000,10.540965106720398,False,False
Sauce,2001,0.30116388449484605,False,False
Sauce,2002,-0.2627953726876834,False,False
Sauce,2003,-0.4494779774107952,False,False
Sauce,2005,-1.1264365597318813,False,False
Sauce,2007,-2.2583884685665345,True,False
Sauce,2008,-1.9188476201212257,True,False
Sauce,2009,1.9431423628763136,False,False
Sauce,2010,1.2751135095475488,False,False
Sauce,2013,0.6804970997556105,False,False
Sauce,2018,2.743965862750889,False,False
Sauce,2019,1.4378874523719745,False,False
Sauce,2020,0.6028433337688737,False,False
Sauce,2021,-0.25596443223517246,False,False
Sauce,2022,-0.4437636522587674,False,False
Sauce,2023,-1.5758330185753977,True,False
Sauce,2024,1.661694260332939,False,False
Silipica,1981,,False,False
Silipica,1982,,False,False
Silipica,1985,,False,False
Silipica,1986,11.273210410774746,False,False
Silipica,1987,2.9737146651173716,False,False
Silipica,1988,-1.2173190475450606,False,False
Silipica,1989,-0.09871915236694875,False,False
Silipica,1995,-1.0799962935906977,False,False
Silipica,1996,3.7570157932910844,False,False
Silipica,1997,0.6513896251687882,False,False
Silipica,1998,1.6449365003337895,False,False
Silipica,2010,1.9412678407420545,False,False
Silipica,2011,1.1821373940671716,False,False
Silipica,2012,-1.1155182402915496,False,False
Silipica,2013,2.701229673158052,False,False
Silipica,2014,1.324251054002423,False,False
Silipica,2015,-3.1625517844402142,True,False
Silipica,2016,1.175584769700154,False,False
Silipica,2017,0.5732349113686857,False,False
Silipica,2018,0.1957924587582085,False,False
Silipica,2019,0.25294902652909085,False,False
Silipica,2020,0.43635141866842564,False,False
Silipica,2021,-0.00989501021495414,False,False
Silipica,2022,-6.7931229581553625,True,False
Silipica,2023,-3.5326770719155087,True,False
Silipica,2024,0.12693899597768168,False,False
Simoca,1997,,False,False
Simoca,1998,,False,False
Simoca,2004,,False,False
Simoca,2005,-0.8471503308025299,False,False
Simoca,2006,2.6472347684316184,False,False
Simoca,2007,-0.24334467084266634,False,False
Simoca,2008,1.0200814956584103,False,False
Simoca,2009,-0.0632705552992039,False,False
Simoca,2010,1.3277814978258191,False,False
Simoca,2011,-3.2074243671978495,True,False
Simoca,2012,-1.2509640576201535,False,False
Simoca,2013,0.5224193959063534,False,False
Simoca,2014,0.5838701210059579,False,False
Simoca,2015,0.7216718354121541,False,False
Simoca,2016,0.8013802800041903,False,False
Simoca,2017,0.8164969288580766,False,False
Simoca,2018,4.710475732526269,False,False
Simoca,2019,-2.68765237679245,True,False
Simoca,2020,-1.5022929088919659,True,False
Simoca,2021,-0.5318718835723124,False,False
Simoca,2022,-1.065707580818918,False,False
Simoca,2023,-3.4932041519963817,True,False
Simoca,2024,-0.4803844614152615,False,False
Sobremonte,1981,,False,False
Sobremonte,1982,,False,False
Sobremonte,1983,,False,False
Sobremonte,1984,0.08804509063256218,False,False
Sobremonte,1985,-1.5343884208657719,True,False
Sobremonte,1986,-5.4962302543240495,True,False
Sobremonte,1987,1.0424933826313665,False,False
Sobremonte,1996,2.3704035500145566,False,False
Sobremonte,1997,2.3303925497884848,False,False
Sobremonte,1998,0.19888440406545135,False,False
Sobremonte,1999,1.096191077040949,False,False
Sobremonte,2000,1.090935765785696,False,False
Sobremonte,2001,2.6761050916468996,False,False
Sobremonte,2002,1.1703282643965742,False,False
Sobremonte,2003,0.17033949642244095,False,False
Sobremonte,2004,-0.6984224745578604,False,False
Sobremonte,2005,-0.3653863308818577,False,False
Sobremonte,2006,2.1475019687726373,False,False
Sobremonte,2007,-0.4482740987569261,False,False
Sobremonte,2008,-1.9768754696702389,True,False
Sobremonte,2009,0.5691646524252776,False,False
Sobremonte,2010,-1.3687960609004064,False,False
Sobremonte,2011,-0.23218150828709808,False,False
Sobremonte,2012,-4.933957893898203,True,False
Sobremonte,2013,0.8137515623669954,False,False
Sobremonte,2014,0.9248428185300512,False,False
Sobremonte,2015,0.6932625475373312,False,False
Sobremonte,2016,0.4026537278572272,False,False
Suipacha,1981,,False,False
Suipacha,1982,,False,False
Suipacha,1983,,False,False
Suipacha,1984,-0.7145267827077947,False,False
Suipacha,1985,0.4919673490283275,False,False
Suipacha,1986,-2.006576015352825,True,False
Suipacha,1987,-1.9575812505057373,True,False
Suipacha,1988,-1.8491894055844977,True,False
Suipacha,1989,1.109694567043485,False,False
Suipacha,1990,1.5715310734339678,False,False
Suipacha,1991,2.803446460844893,False,False
Suipacha,1992,0.7549521308810891,False,False
Suipacha,1993,-0.2883956247113668,False,False
Suipacha,1994,0.9576988925103457,False,False
Suipacha,1995,0.493688923430554,False,False
Suipacha,1996,2.3166849674509193,False,False
Suipacha,1997,1.6908272962312043,False,False
Suipacha,1998,0.9638088925315663,False,False
Suipacha,1999,-3.7247538294756706,True,False
Suipacha,2000,0.46050818039453106,False,False
Suipacha,2001,-0.8166329720906641,False,False
Suipacha,2002,0.45439061973126565,False,False
Suipacha,2003,1.2676851095873094,False,False
Suipacha,2004,0.7473083937430699,False,False
Suipacha,2005,-2.161713932683062,True,False
Suipacha,2006,1.4680680776438857,False,False
Suipacha,2007,-1.1843731363161683,False,False
Suipacha,2008,-2.8790053908823685,True,False
Suipacha,2009,1.1493574825831647,False,False
Suipacha,2010,0.6778009151608362,False,False
Suipacha,2011,-1.0011920195568158,False,False
Suipacha,2012,1.1288559883924525,False,False
Suipacha,2013,-0.26696838028683645,False,False
Suipacha,2014,0.3235741951602872,False,False
Suipacha,2015,0.6221844321276832,False,False
Suipacha,2016,0.9901922749568912,False,False
Suipacha,2017,-1.6719809872146807,True,False
Suipacha,2018,1.8388424943636605,False,False
Suipacha,2019,0.7368902989009013,False,False
Suipacha,2020,-1.9652963050595424,True,False
Suipacha,2021,-1.1957369005811003,False,False
Suipacha,2022,-1.9261415745856898,True,False
Suipacha,2023,0.793624166609019,False,False
Suipacha,2024,0.011215834976702086,False,False
Tafi Del Valle,1981,,False,False
Tafi Del Valle,1982,,False,False
Tafi Del Valle,1983,,False,False
Tafi Del Valle,1984,2.0684382542914754,False,False
Tafi Del Valle,1985,4.0283000656603045,False,False
Tafi Del Valle,1986,0.8732631291178587,False,False
Tafi Del Valle,1987,0.2602281091000532,False,False
Tafi Del Valle,1988,-5.50186171086958,True,False
Tafi Del Valle,1989,0.9002526890243752,False,False
Tafi Del Valle,1991,-0.6981044902488293,False,False
Tafi Del Valle,1992,0.40335520958900156,False,False
Tafi Del Valle,1993,2.038818697834878,False,False
Tafi Del Valle,1997,0.28850270831619984,False,False
Tafi Del Valle,1998,-0.5101868364022975,False,False
Tafi Del Valle,2007,3.697248327158989,False,False
Tafi Del Valle,2008,3.0535629865130716,False,False
Tafi Del Valle,2009,-2.4501796208279436,True,False
Tafi Del Valle,2010,-1.341518908365258,False,False
Tafi Del Valle,2011,-0.9550310035153847,False,False
Tafi Del Valle,2012,-0.7197758344680738,False,False
Tafi Del Valle,2013,-0.44721359549995787,False,False
Tafi Del Valle,2014,,False,False
Tafi Del Valle,2015,inf,False,False
Tafi Del Valle,2016,1.373584614749871,False,False
Tafi Del Valle,2017,-0.7240023449652025,False,False
Tafi Del Valle,2018,-0.7240023449652025,False,False
Tafi Del Valle,2019,-0.7240023449652025,False,False
Tafi Del Valle,2020,0.7011991215017316,False,False
Tafi Del Valle,2021,0.6324920975545941,False,False
Tafi Del Valle,2022,-0.7228973960122489,False,False
Tafi Del Valle,2023,0.8835412617927487,False,False
Tafi Del Valle,2024,-1.0795912380986195,False,False
Tala,1981,,False,False
Tala,1982,,False,False
Tala,1983,,False,False
Tala,1984,-0.8967176613084882,False,False
Tala,1985,3.5068322372798972,False,False
Tala,1986,0.9902407443914,False,False
Tala,1987,5.033585829343716,False,False
Tala,1988,-0.7910370875376038,False,False
Tala,1989,0.42424335421011156,False,False
Tala,1990,-0.41914662181330725,False,False
Tala,1991,0.04001837813099494,False,False
Tala,1992,0.7842931214625035,False,False
Tala,1993,0.42577244381282253,False,False
Tala,1994,1.4761086925458835,False,False
Tala,1995,0.9971051819542095,False,False
Tala,1996,-1.7433615082609535,True,False
Tala,1997,6.861677341731317,False,False
Tala,1998,0.5642130825141065,False,False
Tala,1999,-0.998648671565868,False,False
Tala,2000,1.2971142171736296,False,False
Tala,2001,0.18242978587341102,False,False
Tala,2002,1.1962061773979287,False,False
Tala,2003,1.5136614693854706,False,False
Tala,2004,1.3252281255294704,False,False
Tala,2005,-1.1437255388020802,False,False
Tala,2006,1.6134644129530298,False,False
Tala,2007,-1.6025375962632182,True,False
Tala,2008,-2.0271710565221714,True,False
Tala,2009,1.304312166803255,False,False
Tala,2010,-0.09236105871655743,False,False
Tala,2011,-0.04065935463972675,False,False
Tala,2012,0.4457777472088549,False,False
Tala,2013,-0.5939666266121226,False,False
Tala,2014,0.5039499470737206,False,False
Tala,2015,1.5298543899617636,False,False
Tala,2016,1.1145642741119792,False,False
Tala,2017,-1.444837783935989,False,False
Tala,2018,1.8848264718432783,False,False
Tala,2019,0.2384550470776445,False,False
Tala,2020,-1.2067974470796201,False,False
Tala,2021,-2.3258289108023753,True,False
Tala,2022,-2.3429978515773504,True,False
Tala,2023,0.15409400223359737,False,False
Tala,2024,1.2477807896603539,False,False
Tandil,1981,,False,False
Tandil,1982,,False,False
Tandil,1983,,False,False
Tandil,1984,-0.3928140366401675,False,False
Tandil,1985,2.8924729991753306,False,False
Tandil,1986,-0.5803112496272808,False,False
Tandil,1987,1.5709875871510444,False,False
Tandil,1988,0.3314532895375193,False,False
Tandil,1989,0.8324339854521491,False,False
Tandil,1990,-1.0819298990355821,False,False
Tandil,1991,-0.41433137729671443,False,False
Tandil,1992,-1.8503728895211948,True,False
Tandil,1993,-0.8596632969799428,False,False
Tandil,1994,-0.572724165301292,False,False
Tandil,1995,-0.34074314220643553,False,False
Tandil,1996,3.7621263004334815,False,False
Tandil,1997,2.5815389293581013,False,False
Tandil,1998,-0.9126380879872648,False,False
Tandil,1999,1.4512772888445842,False,False
Tandil,2000,-0.02614137139488798,False,False
Tandil,2001,0.68127333629839,False,False
Tandil,2002,0.15925885636521503,False,False
Tandil,2003,1.2119826298610743,False,False
Tandil,2004,-0.3244848881574668,False,False
Tandil,2005,1.1980326179561516,False,False
Tandil,2006,1.1382436506146192,False,False
Tandil,2007,-0.08919464986880553,False,False
Tandil,2008,-6.810271641495927,True,False
Tandil,2009,2.6123122543251442,False,False
Tandil,2010,1.1493635822963675,False,False
Tandil,2011,0.796670257962887,False,False
Tandil,2012,0.5375090460034531,False,False
Tandil,2013,-1.2096803175850728,False,False
Tandil,2014,-0.7310133615386352,False,False
Tandil,2015,-0.47014934370116923,False,False
Tandil,2016,-0.17194848001679344,False,False
Tandil,2017,-0.018839442097022516,False,False
Tandil,2018,3.6290524125832486,False,False
Tandil,2019,1.5816724577841943,False,False
Tandil,2020,0.12335879094879257,False,False
Tandil,2021,-0.5444339423477769,False,False
Tandil,2022,-1.0974763519021358,False,False
Tandil,2023,-0.2831780329391129,False,False
Tandil,2024,-0.5628780357842375,False,False
Tapalque,1981,,False,False
Tapalque,1982,,False,False
Tapalque,1983,,False,False
Tapalque,1984,0.7559289460184544,False,False
Tapalque,1985,-0.4900980294098034,False,False
Tapalque,1986,0.5015945091376615,False,False
Tapalque,1987,0.7715167498104596,False,False
Tapalque,1988,-1.6685422779580186,True,False
Tapalque,1989,4.345001516442665,False,False
Tapalque,1990,2.035775376801186,False,False
Tapalque,1991,1.5427381919555776,False,False
Tapalque,1993,0.8961076904254771,False,False
Tapalque,1994,-0.24893960416359634,False,False
Tapalque,1995,-1.4317677673424334,False,False
Tapalque,1996,0.794487945340711,False,False
Tapalque,1997,3.295582085724926,False,False
Tapalque,1998,-1.2686700948330936,False,False
Tapalque,1999,1.6050212753919004,False,False
Tapalque,2000,-0.08829737616594853,False,False
Tapalque,2001,0.5576393707294094,False,False
Tapalque,2002,1.197683859528021,False,False
Tapalque,2003,1.022362473608246,False,False
Tapalque,2004,0.836660026534076,False,False
Tapalque,2005,0.11180339887498952,False,False
Tapalque,2006,0.44721359549995876,False,False
Tapalque,2007,-8.671793355471584,True,False
Tapalque,2008,-3.3777327313453416,True,False
Tapalque,2009,0.8174432439482062,False,False
Tapalque,2010,-0.42847650036951807,False,False
Tapalque,2011,0.9555259538557102,False,False
Tapalque,2012,1.7250958390814248,False,False
Tapalque,2013,-0.07694622472570896,False,False
Tapalque,2014,0.3593296986659065,False,False
Tapalque,2015,0.6387462606145118,False,False
Tapalque,2016,-0.055310698988189834,False,False
Tapalque,2017,-2.8622155740401523,True,False
Tapalque,2018,1.4062478585397304,False,False
Tapalque,2019,0.729896953118472,False,False
Tapalque,2020,-0.834772679157331,False,False
Tapalque,2021,0.8708094153722011,False,False
Tapalque,2022,-0.25441735821641676,False,False
Tapalque,2023,-0.7591520559663666,False,False
Tapalque,2024,-1.1461573765386506,False,False
Tercero Arriba,1981,,False,False
Tercero Arriba,1982,,False,False
Tercero Arriba,1983,,False,False
Tercero Arriba,1984,4.041451884327381,False,False
Tercero Arriba,1985,1.125852503505287,False,False
Tercero Arriba,1986,-0.8224175517160546,False,False
Tercero Arriba,1987,-0.0019807187040641336,False,False
Tercero Arriba,1988,-1.9003988345162905,True,False
Tercero Arriba,1989,-1.0903520039392804,False,False
Tercero Arriba,1990,2.293671640978757,False,False
Tercero Arriba,1991,1.0512392713919332,False,False
Tercero Arriba,1992,1.4905958652286857,False,False
Tercero Arriba,1993,0.6394038818442549,False,False
Tercero Arriba,1994,-1.2579798727817098,False,False
Tercero Arriba,1995,-2.2247264534755216,True,False
Tercero Arriba,1996,-0.26004224780456753,False,False
Tercero Arriba,1997,0.7987974283125793,False,False
Tercero Arriba,1998,0.5204040992735021,False,False
Tercero Arriba,1999,3.148810866347578,False,False
Tercero Arriba,2000,1.272603382016392,False,False
Tercero Arriba,2001,1.7087970092128963,False,False
Tercero Arriba,2002,1.140949735934169,False,False
Tercero Arriba,2003,-0.45451910332049567,False,False
Tercero Arriba,2004,3.2903613086363555,False,False
Tercero Arriba,2005,-1.389991176841822,False,False
Tercero Arriba,2006,1.6221812726135985,False,False
Tercero Arriba,2007,-0.48285731222676553,False,False
Tercero Arriba,2008,0.8023633729480183,False,False
Tercero Arriba,2009,0.5163465876449281,False,False
Tercero Arriba,2010,-0.9265452431963123,False,False
Tercero Arriba,2011,-0.9559376954442251,False,False
Tercero Arriba,2012,-0.20599223714479617,False,False
Tercero Arriba,2013,1.3301955907922332,False,False
Tercero Arriba,2014,0.7620371333323095,False,False
Tercero Arriba,2015,0.4753752618075498,False,False
Tercero Arriba,2016,1.3818844089771078,False,False
Tercero Arriba,2017,-2.1333497374697385,True,False
Tercero Arriba,2018,1.4106196212076592,False,False
Tercero Arriba,2019,0.22561829371270253,False,False
Tercero Arriba,2020,1.0531338514599693,False,False
Tercero Arriba,2021,-0.8835412617927487,False,False
Tercero Arriba,2022,-2.300894966542111,True,False
Tercero Arriba,2023,-0.31971303952162544,False,False
Tercero Arriba,2024,0.8599643684431133,False,False
Toay,1981,,False,False
Toay,1982,,False,False
Toay,1983,,False,False
Toay,1984,-1.4926813744496257,False,False
Toay,1985,12.02376810818729,False,False
Toay,1986,-0.0638606505398956,False,False
Toay,1987,-1.8027308946742049,True,False
Toay,1988,-0.9725580456518756,False,False
Toay,1989,-0.5503880361427556,False,False
Toay,1990,2.0022344557077494,False,False
Toay,1991,2.472178839752921,False,False
Toay,1992,0.9296151063419333,False,False
Toay,1993,0.7093209768229214,False,False
Toay,1994,-0.2139930566350761,False,False
Toay,1995,-4.080972360685895,True,False
Toay,1996,-1.4142907373326659,False,False
Toay,1997,1.183802974138598,False,False
Toay,1998,1.039422964036688,False,False
Toay,1999,2.24713462434181,False,False
Toay,2000,1.3880983548028996,False,False
Toay,2001,1.6614943214713946,False,False
Toay,2002,0.24896881763579087,False,False
Toay,2003,0.1873171623163388,False,False
Toay,2004,-1.627352408689945,True,False
Toay,2005,-2.9450780717130147,True,False
Toay,2006,-0.34855071841237845,False,False
Toay,2007,-1.2442725930093796,False,False
Toay,2008,-4.690474981870765,True,False
Toay,2009,0.17984529181667308,False,False
Toay,2010,0.44649864703728026,False,False
Toay,2011,1.0969688454207192,False,False
Toay,2012,0.19145689719308429,False,False
Toay,2013,-0.38108167096805357,False,False
Toay,2014,0.32532316437945985,False,False
Toay,2015,1.6255929210723448,False,False
Toay,2016,0.6767204223572212,False,False
Toay,2017,-1.4066363972962146,False,False
Toay,2018,0.13205564016009558,False,False
Toay,2019,-0.3212877315609996,False,False
Toay,2020,1.5109612677263342,False,False
Toay,2021,1.2788006999856985,False,False
Toay,2022,0.9958752705431636,False,False
Toay,2023,0.7281999926928031,False,False
Toay,2024,1.6894735829998417,False,False
Tordillo,1981,,False,False
Tordillo,1982,,False,False
Tordillo,1983,,False,False
Tordillo,1984,0.7559289460184544,False,False
Tordillo,1985,-0.6301260378126045,False,False
Tordillo,1986,-1.5729157096892492,True,False
Tordillo,1987,-1.7827572869466528,True,False
Tordillo,1988,-0.6066463513560633,False,False
Tordillo,1996,2.14159213246283,False,False
Tordillo,1997,3.3721930739559927,False,False
Tordillo,1998,-1.1078831334186758,False,False
Tordillo,1999,1.5359196519503056,False,False
Tordillo,2000,0.5779411138636387,False,False
Tordillo,2001,0.9312944188586668,False,False
Tordillo,2002,0.5247727849567659,False,False
Tordillo,2003,1.6120922507764943,False,False
Tordillo,2004,0.4404679058091566,False,False
Tordillo,2005,1.5171672311204285,False,False
Tordillo,2006,1.05045146287778,False,False
Tordillo,2007,0.43070552164653225,False,False
Tordillo,2008,-9.13305895948595,True,False
Tordillo,2009,2.276524847179502,False,False
Tordillo,2010,1.0711536093286738,False,False
Tordillo,2011,0.34040176327646443,False,False
Tordillo,2012,0.7468327174900865,False,False
Tordillo,2013,-3.7480052923672007,True,False
Tordillo,2014,-1.775771191942134,True,False
Tordillo,2015,0.3303445310976121,False,False
Tordillo,2016,0.8679349511914409,False,False
Tordillo,2017,0.6344711856596683,False,False
Tordillo,2018,-1.0827382461250183,False,False
Tordillo,2019,-1.0827382461250183,False,False
Tordillo,2020,-1.0827382461250183,False,False
Tordillo,2021,-0.7286739798875607,False,False
Tordillo,2022,-0.447213595499958,False,False
Tordillo,2023,,False,False
Tordillo,2024,,False,False
Tornquist,1981,,False,False
Tornquist,1982,,False,False
Tornquist,1983,,False,False
Tornquist,1984,1.3288211940534989,False,False
Tornquist,1985,4.19276380120356,False,False
Tornquist,1986,-0.9953580081169137,False,False
Tornquist,1987,-0.3405172133031547,False,False
Tornquist,1988,-0.9318485437788233,False,False
Tornquist,1989,1.6273836613168218,False,False
Tornquist,1990,1.6590301240125065,False,False
Tornquist,1991,0.813285009628883,False,False
Tornquist,1992,-0.018018749253911177,False,False
Tornquist,1993,0.40406101782088427,False,False
Tornquist,1994,0.0,False,False
Tornquist,1995,-1.1785113019775793,False,False
Tornquist,1996,4.0222208877143,False,False
Tornquist,1997,4.034479504920293,False,False
Tornquist,1998,-0.03027597919220744,False,False
Tornquist,1999,-0.1906743303180167,False,False
Tornquist,2000,-0.29102488942651067,False,False
Tornquist,2001,-0.5978470487730264,False,False
Tornquist,2002,-1.5727768331504905,True,False
Tornquist,2003,2.5993625019470668,False,False
Tornquist,2004,0.7071067811865475,False,False
Tornquist,2005,-0.13483997249264842,False,False
Tornquist,2006,0.0,False,False
Tornquist,2007,0.5137950707932889,False,False
Tornquist,2008,-5.855151795450795,True,False
Tornquist,2009,-3.3433450183646385,True,False
Tornquist,2010,0.6366171890926509,False,False
Tornquist,2011,0.13767358876278651,False,False
Tornquist,2012,0.6730033777770744,False,False
Tornquist,2013,0.45862183499016135,False,False
Tornquist,2014,0.8194025432085419,False,False
Tornquist,2015,1.5432944644014357,False,False
Tornquist,2016,4.06361625885573,False,False
Tornquist,2017,1.1067588094466,False,False
Tornquist,2018,0.44266400012204354,False,False
Tornquist,2019,-2.274140974459845,True,False
Tornquist,2020,0.06178675742766599,False,False
Tornquist,2021,-0.4682441116889462,False,False
Tornquist,2022,0.9529564714530488,False,False
Tornquist,2023,-0.4636004455717535,False,False
Tornquist,2024,-0.13423121104280486,False,False
Totoral,1981,,False,False
Totoral,1982,,False,False
Totoral,1983,,False,False
Totoral,1984,0.1889822365046136,False,False
Totoral,1985,-3.552271718384375,True,False
Totoral,1986,-0.6557014958204973,False,False
Totoral,1987,0.37574799934161696,False,False
Totoral,1988,-1.4700819201439488,False,False
Totoral,1989,0.8336834370809137,False,False
Totoral,1990,1.3576608436532185,False,False
Totoral,1991,1.2006123423269024,False,False
Totoral,1992,0.9952607928146624,False,False
Totoral,1993,0.7142749004486364,False,False
Totoral,1994,-4.18889725553698,True,False
Totoral,1995,0.0548327400447457,False,False
Totoral,1996,1.30917646655854,False,False
Totoral,1997,1.7464637704318635,False,False
Totoral,1998,-0.8869387363895804,False,False
Totoral,1999,2.9555609712245428,False,False
Totoral,2000,1.0362672364711145,False,False
Totoral,2001,1.8994304744855208,False,False
Totoral,2002,1.8432542009156976,False,False
Totoral,2003,-0.34435570169184493,False,False
Totoral,2004,0.09404801560780575,False,False
Totoral,2005,-0.7510052875165353,False,False
Totoral,2006,1.4145137302317987,False,False
Totoral,2007,-0.2299136490698254,False,False
Totoral,2008,-1.6061071178799273,True,False
Totoral,2009,0.2791620482590963,False,False
Totoral,2010,-0.7472731517254116,False,False
Totoral,2011,-0.5207573289957821,False,False
Totoral,2012,-2.523153722867405,True,False
Totoral,2013,2.0520070011014826,False,False
Totoral,2014,1.263498051460548,False,False
Totoral,2015,1.2529037794188502,False,False
Totoral,2016,0.0662892377801134,False,False
Totoral,2017,-0.8492573602146922,False,False
Totoral,2018,1.0009580075644267,False,False
Totoral,2019,0.7397954428741075,False,False
Totoral,2020,1.0396601849874496,False,False
Totoral,2021,0.014637194260221528,False,False
Totoral,2022,-1.9175838880147653,True,False
Totoral,2023,-1.4290402090749688,False,False
Totoral,2024,0.4332891224131209,False,False
Trancas,1981,,False,False
Trancas,1982,,False,False
Trancas,1983,,False,False
Trancas,1984,-1.166961069444921,False,False
Trancas,1985,4.803386245923344,False,False
Trancas,1986,0.9407749097223115,False,False
Trancas,1987,0.3535211364097037,False,False
Trancas,1988,-4.246201061084419,True,False
Trancas,1989,0.5900426148651836,False,False
Trancas,1991,0.05437959714844084,False,False
Trancas,1992,0.4724206285882862,False,False
Trancas,1993,1.9057224489513684,False,False
Trancas,1994,0.6377060912331489,False,False
Trancas,1995,-2.36492441507169,True,False
Trancas,1996,0.9481704477978125,False,False
Trancas,1997,1.5596102919716337,False,False
Trancas,1998,0.49704977979531123,False,False
Trancas,2004,3.0001234717379686,False,False
Trancas,2005,0.6842655404724148,False,False
Trancas,2006,2.041849410368588,False,False
Trancas,2007,0.03422725667341211,False,False
Trancas,2008,0.962981005926938,False,False
Trancas,2009,0.03754951187434741,False,False
Trancas,2010,2.5356870594612926,False,False
Trancas,2011,0.48604932299864084,False,False
Trancas,2012,0.22460672282393196,False,False
Trancas,2013,1.4488864153756835,False,False
Trancas,2014,-0.4226399594406395,False,False
Trancas,2015,0.09407208683835985,False,False
Trancas,2016,0.14221363894199346,False,False
Trancas,2017,1.4949527487282808,False,False
Trancas,2018,1.6877060313785868,False,False
Trancas,2019,-1.637952909530769,True,False
Trancas,2020,-1.3821894809301776,False,False
Trancas,2021,-1.6956455039935912,True,False
Trancas,2022,-1.7865958216336655,True,False
Trancas,2023,-6.522585439827447,True,False
Trancas,2024,0.10458979917663905,False,False
Trenel,1981,,False,False
Trenel,1982,,False,False
Trenel,1983,,False,False
Trenel,1984,0.15493470206755505,False,False
Trenel,1985,4.100748213280311,False,False
Trenel,1986,1.5939509177472109,False,False
Trenel,1987,-0.6535271822670579,False,False
Trenel,1988,-1.7544810452665693,True,False
Trenel,1989,-1.208347675708327,False,False
Trenel,1990,-0.36518206937890063,False,False
Trenel,1991,2.720838592778926,False,False
Trenel,1992,1.1124636432501693,False,False
Trenel,1993,-0.10972694355557366,False,False
Trenel,1994,-0.24885777457055377,False,False
Trenel,1995,-1.3417424680890429,False,False
Trenel,1996,-0.9222402725217456,False,False
Trenel,1997,1.740663331835992,False,False
Trenel,1998,0.49484409125443213,False,False
Trenel,1999,4.609896199165305,False,False
Trenel,2000,-0.3747718510408641,False,False
Trenel,2001,1.6534671779283416,False,False
Trenel,2002,0.6957657634275781,False,False
Trenel,2003,-0.3523079977821498,False,False
Trenel,2004,2.656427549556236,False,False
Trenel,2005,-0.9488695987425395,False,False
Trenel,2006,-1.0038471577693318,False,False
Trenel,2007,-0.698855199444289,False,False
Trenel,2008,-0.7841668586811062,False,False
Trenel,2009,-0.3641522008052469,False,False
Trenel,2010,1.0378476090324957,False,False
Trenel,2011,1.5811580936894258,False,False
Trenel,2012,0.06430341570201914,False,False
Trenel,2013,3.4486937158082895,False,False
Trenel,2014,4.091060161310905,False,False
Trenel,2015,3.7398108418388927,False,False
Trenel,2016,1.9389933402623412,False,False
Trenel,2017,0.6805344869032312,False,False
Trenel,2018,1.2577847478444444,False,False
Trenel,2019,1.642365931715139,False,False
Trenel,2020,-1.9407555499087175,True,False
Trenel,2021,0.2456340314799209,False,False
Trenel,2022,-0.7019738927598644,False,False
Trenel,2023,-0.3667702182856967,False,False
Trenel,2024,-1.0536563359138804,False,False
Trenque Lauquen,1981,,False,False
Trenque Lauquen,1982,,False,False
Trenque Lauquen,1983,,False,False
Trenque Lauquen,1984,0.09050775528345813,False,False
Trenque Lauquen,1985,1.2504518349301188,False,False
Trenque Lauquen,1986,-0.727663661560758,False,False
Trenque Lauquen,1987,0.5697839158740121,False,False
Trenque Lauquen,1988,-0.6894093841612973,False,False
Trenque Lauquen,1989,-0.3535292730007024,False,False
Trenque Lauquen,1990,2.24765406340323,False,False
Trenque Lauquen,1991,2.957713237947149,False,False
Trenque Lauquen,1992,0.6989937449865938,False,False
Trenque Lauquen,1993,-0.17984742323814867,False,False
Trenque Lauquen,1994,0.152021048616238,False,False
Trenque Lauquen,1995,-3.0040313860057823,True,False
Trenque Lauquen,1996,-0.04418058110354289,False,False
Trenque Lauquen,1997,5.851074177206173,False,False
Trenque Lauquen,1998,-0.08415400941813189,False,False
Trenque Lauquen,1999,1.1399084298251438,False,False
Trenque Lauquen,2000,0.05831945901085392,False,False
Trenque Lauquen,2001,0.864934411121372,False,False
Trenque Lauquen,2002,0.021518824681302035,False,False
Trenque Lauquen,2003,1.0232636369405037,False,False
Trenque Lauquen,2004,1.7269215571403729,False,False
Trenque Lauquen,2005,0.41041264381836495,False,False
Trenque Lauquen,2006,0.809736845441313,False,False
Trenque Lauquen,2007,-1.1703893885176495,False,False
Trenque Lauquen,2008,-7.652614204745117,True,False
Trenque Lauquen,2009,0.3585424407788619,False,False
Trenque Lauquen,2010,-0.5290376087345892,False,False
Trenque Lauquen,2011,1.1715303890540456,False,False
Trenque Lauquen,2012,0.592124153092568,False,False
Trenque Lauquen,2013,-0.5640576925652611,False,False
Trenque Lauquen,2014,-0.4043025870298,False,False
Trenque Lauquen,2015,1.367337399877352,False,False
Trenque Lauquen,2016,0.9006992884981574,False,False
Trenque Lauquen,2017,-0.6230401093370713,False,False
Trenque Lauquen,2018,1.2101736176123992,False,False
Trenque Lauquen,2019,0.6633340321597809,False,False
Trenque Lauquen,2020,-1.4184987586613187,False,False
Trenque Lauquen,2021,-0.1895261918141977,False,False
Trenque Lauquen,2022,-0.5880306549414712,False,False
Trenque Lauquen,2023,-0.026329468304794396,False,False
Trenque Lauquen,2024,0.9561828874675163,False,False
Tres Arroyos,1981,,False,False
Tres Arroyos,1982,,False,False
Tres Arroyos,1983,,False,False
Tres Arroyos,1984,0.20739033894608455,False,False
Tres Arroyos,1985,3.212698020578431,False,False
Tres Arroyos,1986,-2.0660280930370414,True,False
Tres Arroyos,1987,1.3253534782049263,False,False
Tres Arroyos,1988,-1.1452909641314815,False,False
Tres Arroyos,1989,0.7900969996642604,False,False
Tres Arroyos,1990,0.1860663721087466,False,False
Tres Arroyos,1991,1.6723489390281419,False,False
Tres Arroyos,1992,-0.22352293870362858,False,False
Tres Arroyos,1993,1.987770286293659,False,False
Tres Arroyos,1994,2.1592184532197267,False,False
Tres Arroyos,1995,-0.6722304684488005,False,False
Tres Arroyos,1996,2.344978978063918,False,False
Tres Arroyos,1997,1.7989847551394504,False,False
Tres Arroyos,1998,-1.5591281474574645,True,False
Tres Arroyos,1999,1.4703514324538938,False,False
Tres Arroyos,2000,-0.16376591763093654,False,False
Tres Arroyos,2001,0.9677155389235046,False,False
Tres Arroyos,2002,0.18567284789500715,False,False
Tres Arroyos,2003,1.408678220283356,False,False
Tres Arroyos,2004,1.2560740645173227,False,False
Tres Arroyos,2005,-0.561206911023161,False,False
Tres Arroyos,2006,-3.0482449516684356,True,False
Tres Arroyos,2007,-0.23032418133676208,False,False
Tres Arroyos,2008,-1.7456148480259863,True,False
Tres Arroyos,2009,0.2773500981126146,False,False
Tres Arroyos,2010,1.72290546049586,False,False
Tres Arroyos,2011,1.6397585180459942,False,False
Tres Arroyos,2012,1.1118591736665953,False,False
Tres Arroyos,2013,0.785978907661178,False,False
Tres Arroyos,2014,0.7813664467325399,False,False
Tres Arroyos,2015,-0.14204091971325886,False,False
Tres Arroyos,2016,-11.927989062575383,True,False
Tres Arroyos,2017,-3.3626912299068277,True,False
Tres Arroyos,2018,-0.5702731853438013,False,False
Tres Arroyos,2019,-1.025738796098213,False,False
Tres Arroyos,2020,0.23570226039551576,False,False
Tres Arroyos,2021,-4.587608728537538,True,False
Tres Arroyos,2022,-1.1584523444317967,False,False
Tres Arroyos,2023,0.5365676330634274,False,False
Tres Arroyos,2024,0.7275522888997538,False,False
Tres Lomas,1995,,False,False
Tres Lomas,1996,,False,False
Tres Lomas,1997,,False,False
Tres Lomas,1998,-0.3398336302975982,False,False
Tres Lomas,1999,1.4013159600279685,False,False
Tres Lomas,2000,-0.37146739748827634,False,False
Tres Lomas,2001,-0.6647727028715542,False,False
Tres Lomas,2002,-0.3457365277382334,False,False
Tres Lomas,2003,0.07529291881273734,False,False
Tres Lomas,2004,2.1693045781865625,False,False
Tres Lomas,2005,-1.076291160527493,False,False
Tres Lomas,2006,-0.42409446483998553,False,False
Tres Lomas,2007,-0.9330078226479681,False,False
Tres Lomas,2008,-1.3673544235706119,False,False
Tres Lomas,2009,1.084005690261538,False,False
Tres Lomas,2010,1.3286815651259356,False,False
Tres Lomas,2011,0.018464719233806496,False,False
Tres Lomas,2012,1.0949258079963942,False,False
Tres Lomas,2013,-0.8960554744699671,False,False
Tres Lomas,2014,-0.35863336209042684,False,False
Tres Lomas,2015,4.473135548654302,False,False
Tres Lomas,2016,1.1760310419558024,False,False
Tres Lomas,2017,-0.14717557480606144,False,False
Tres Lomas,2018,0.8339949239010148,False,False
Tres Lomas,2019,0.29785525218039044,False,False
Tres Lomas,2020,-1.6138577576737618,True,False
Tres Lomas,2021,0.6897304947150055,False,False
Tres Lomas,2022,-0.5823340134543119,False,False
Tres Lomas,2023,-0.7739274711301757,False,False
Tres Lomas,2024,-0.10268231264992407,False,False
Tulumba,1981,,False,False
Tulumba,1982,,False,False
Tulumba,1983,,False,False
Tulumba,1984,1.78978583448784,False,False
Tulumba,1985,-0.8364258348305971,False,False
Tulumba,1986,-0.012125109706689112,False,False
Tulumba,1987,0.7401208891062124,False,False
Tulumba,1988,-1.352213667245697,False,False
Tulumba,1989,1.0378451607299437,False,False
Tulumba,1990,1.8118212666793099,False,False
Tulumba,1991,1.8344770493818858,False,False
Tulumba,1992,0.8313926253003647,False,False
Tulumba,1993,0.5884613411705693,False,False
Tulumba,1994,-5.249926530098159,True,False
Tulumba,1995,0.2905607399406049,False,False
Tulumba,1996,0.40507756967023395,False,False
Tulumba,1997,1.7035711526182356,False,False
Tulumba,1998,-1.0170976872053692,False,False
Tulumba,1999,2.513708138204975,False,False
Tulumba,2000,0.6241422083218936,False,False
Tulumba,2001,2.795715777969089,False,False
Tulumba,2002,1.3939441160686816,False,False
Tulumba,2003,-0.11372888706983011,False,False
Tulumba,2004,-0.5355695416036627,False,False
Tulumba,2005,-0.24659848095803594,False,False
Tulumba,2006,1.2809280616135812,False,False
Tulumba,2007,0.24266235270763117,False,False
Tulumba,2008,-2.578440770603765,True,False
Tulumba,2009,-0.042554261727198145,False,False
Tulumba,2010,-1.4171808774268237,False,False
Tulumba,2011,-0.26988343570031254,False,False
Tulumba,2012,-1.456403728617653,False,False
Tulumba,2013,2.150798695848746,False,False
Tulumba,2014,1.0070166367606963,False,False
Tulumba,2015,1.427784471154098,False,False
Tulumba,2016,-0.578747005941122,False,False
Tulumba,2017,-0.012864463244283007,False,False
Tulumba,2018,2.248612404291496,False,False
Tulumba,2019,1.4181578993769595,False,False
Tulumba,2020,1.0830333264581136,False,False
Tulumba,2021,-0.011842822907480814,False,False
Tulumba,2022,-2.265984985289152,True,False
Tulumba,2023,-1.9333333333333333,True,False
Tulumba,2024,0.12813903509356248,False,False
Union,1981,,False,False
Union,1982,,False,False
Union,1983,,False,False
Union,1984,2.1361959960016157,False,False
Union,1985,1.191689758841537,False,False
Union,1986,0.9375354460928812,False,False
Union,1987,1.311000495858126,False,False
Union,1988,-2.4750452668771206,True,True
Union,1989,-1.2749673580798937,False,False
Union,1990,1.0118493922107121,False,False
Union,1991,0.5925964018386392,False,False
Union,1992,1.014591178394019,False,False
Union,1993,0.9234631636502744,False,False
Union,1994,-0.3437231760796755,False,False
Union,1995,-0.7029732595911943,False,False
Union,1996,-0.11836105531674895,False,False
Union,1997,4.640125388080844,False,False
Union,1998,1.1829452550528872,False,False
Union,1999,1.5734689451732295,False,False
Union,2000,1.762961845284297,False,False
Union,2001,1.4689799934669703,False,False
Union,2002,2.077815299685915,False,False
Union,2003,0.46905327034598954,False,False
Union,2004,0.9749776667711424,False,False
Union,2005,-2.198519090452406,True,True
Union,2006,2.934494148249723,False,False
Union,2007,-0.2642970305147884,False,False
Union,2008,-0.7485635061373848,False,False
Union,2009,1.6275769175423185,False,False
Union,2010,-0.4919362564496858,False,False
Union,2011,-2.6415917605891552,True,False
Union,2012,0.42713180218713076,False,False
Union,2013,0.2659785413494931,False,False
Union,2014,0.11210091527869416,False,False
Union,2015,0.2949047921437067,False,False
Union,2016,0.7704253392645369,False,False
Union,2017,-2.368746272632337,True,False
Union,2018,1.9452356170498772,False,False
Union,2019,0.6060915267313264,False,False
Union,2020,0.4339664137338594,False,False
Union,2021,-0.43133109281375365,False,False
Union,2022,-7.736730887843901,True,True
Union,2023,0.4435832275571658,False,False
Union,2024,0.430412823330942,False,False
Uruguay,1981,,False,False
Uruguay,1982,,False,False
Uruguay,1983,,False,False
Uruguay,1984,0.6405126152203481,False,False
Uruguay,1985,5.477225575051661,False,False
Uruguay,1986,0.8432740427115678,False,False
Uruguay,1987,3.19557086476751,False,False
Uruguay,1988,-0.872629940635745,False,False
Uruguay,1989,0.11207134645634594,False,False
Uruguay,1990,0.920803879112908,False,False
Uruguay,1991,0.6525213976596812,False,False
Uruguay,1992,1.8147397363975717,False,False
Uruguay,1993,-0.7907100289153858,False,False
Uruguay,1994,0.8608145448772743,False,False
Uruguay,1995,-0.7950716430929863,False,False
Uruguay,1996,0.3961349515906858,False,False
Uruguay,1997,3.0370326773152847,False,False
Uruguay,1998,1.2956994797701369,False,False
Uruguay,1999,-1.327267035637516,False,False
Uruguay,2000,1.1844616621731936,False,False
Uruguay,2001,0.5862338716298874,False,False
Uruguay,2002,0.7153506002376523,False,False
Uruguay,2003,0.887161929092878,False,False
Uruguay,2004,0.03988494278633701,False,False
Uruguay,2005,-2.473296879112837,True,False
Uruguay,2006,3.7686710979309943,False,False
Uruguay,2007,-1.082154630506182,False,False
Uruguay,2008,-1.8827148973265666,True,False
Uruguay,2009,1.9167814489816883,False,False
Uruguay,2010,-0.4067317266550423,False,False
Uruguay,2011,-0.3571275108174495,False,False
Uruguay,2012,0.6588860041635785,False,False
Uruguay,2013,-0.027885572445518533,False,False
Uruguay,2014,0.15177353483948616,False,False
Uruguay,2015,1.0223290436022692,False,False
Uruguay,2016,1.1885007614408603,False,False
Uruguay,2017,-4.780914437337576,True,False
Uruguay,2018,1.3947743364504532,False,False
Uruguay,2019,0.5597181733496172,False,False
Uruguay,2020,-1.294565180033735,False,False
Uruguay,2021,-2.2931045542687087,True,False
Uruguay,2022,-1.6964815222315832,True,False
Uruguay,2023,0.676273838235976,False,False
Uruguay,2024,1.1856990988194165,False,False
Utracan,1981,,False,False
Utracan,1982,,False,False
Utracan,1983,,False,False
Utracan,1984,-1.2932646029847619,False,False
Utracan,1985,4.784251910748355,False,False
Utracan,1986,0.022168072368691283,False,False
Utracan,1987,0.4624324990881497,False,False
Utracan,1988,-1.3473153154059536,False,False
Utracan,1989,-0.9818697984781581,False,False
Utracan,1990,1.56485870193337,False,False
Utracan,1991,2.1558972698063887,False,False
Utracan,1992,0.9891312762676405,False,False
Utracan,1993,0.4827498854320033,False,False
Utracan,1994,-0.08011362396544125,False,False
Utracan,1995,-4.722428537321267,True,False
Utracan,1996,-1.2571810834485189,False,False
Utracan,1997,1.4724604816729518,False,False
Utracan,1998,0.5577718473842096,False,False
Utracan,1999,2.637998511102368,False,False
Utracan,2000,0.6007421153114795,False,False
Utracan,2001,-0.08180128247238178,False,False
Utracan,2002,-0.570087712549569,False,False
Utracan,2003,-0.14007719879274294,False,False
Utracan,2004,-0.4590954965654229,False,False
Utracan,2005,-3.28279400594156,True,False
Utracan,2006,3.4769926375651075,False,False
Utracan,2007,0.27416690585469616,False,False
Utracan,2008,-5.600212058067837,True,False
Utracan,2009,0.47301258131146673,False,False
Utracan,2010,0.44464285318215385,False,False
Utracan,2011,1.1167442604528097,False,False
Utracan,2012,0.029450524483200718,False,False
Utracan,2013,-0.9884067955663217,False,False
Utracan,2014,0.20464687117164013,False,False
Utracan,2015,1.3740575635810124,False,False
Utracan,2016,-0.5201462748489734,False,False
Utracan,2017,-1.1094003924504583,False,False
Utracan,2018,-0.29814239699997197,False,False
Utracan,2019,-0.23388213848187445,False,False
Utracan,2020,1.2196764404828957,False,False
Utracan,2021,2.5111671121015946,False,False
Utracan,2022,1.3339459376998313,False,False
Utracan,2023,0.9191450300180579,False,False
Utracan,2024,0.6230345439947553,False,False
Vera,1981,,False,False
Vera,1982,,False,False
Vera,1983,,False,False
Vera,1984,1.4374513419160255,False,False
Vera,1985,1.9395288948809004,False,False
Vera,1986,1.2659018506161903,False,False
Vera,1987,6.299744351850609,False,False
Vera,1988,-0.45858892044275246,False,False
Vera,1989,1.387707494112007,False,False
Vera,1990,-0.17404770021464136,False,False
Vera,1991,0.0623506751857695,False,False
Vera,1992,3.2493621372362815,False,False
Vera,1993,0.6988991123616539,False,False
Vera,1994,0.8851308433799899,False,False
Vera,1995,0.4523519004484699,False,False
Vera,1996,0.9089410509017103,False,False
Vera,1997,1.446232722420594,False,False
Vera,1998,1.6081255138931794,False,False
Vera,1999,0.1325179342647644,False,False
Vera,2000,-6.282098992725349,True,False
Vera,2001,-1.2826561242038377,False,False
Vera,2002,0.5389611899864823,False,False
Vera,2003,2.168088097305974,False,False
Vera,2004,0.6663412167351694,False,False
Vera,2005,0.3286501161765135,False,False
Vera,2006,1.88557181110422,False,False
Vera,2007,-2.4939563631111783,True,False
Vera,2008,-3.4540646999615894,True,False
Vera,2009,0.6745822342499255,False,False
Vera,2010,0.3188892228709271,False,False
Vera,2011,0.06684652567558177,False,False
Vera,2012,0.42096265302558206,False,False
Vera,2013,1.1857895989091622,False,False
Vera,2014,0.8096289536542451,False,False
Vera,2015,1.8364051457486266,False,False
Vera,2016,0.7242610212767033,False,False
Vera,2017,-2.0141000111792255,True,False
Vera,2018,0.4469473811218912,False,False
Vera,2019,-1.1499778169998915,False,False
Vera,2020,-0.3587460832234464,False,False
Vera,2021,-0.06708203932499365,False,False
Vera,2022,-2.432781145514299,True,False
Vera,2023,-1.083346736949744,False,False
Vera,2024,0.006904858241167152,False,False
Victoria,1981,,False,False
Victoria,1982,,False,False
Victoria,1983,,False,False
Victoria,1984,0.48700863895026253,False,False
Victoria,1985,7.088067349488261,False,False
Victoria,1986,1.6477281163091642,False,False
Victoria,1987,2.6706288983397393,False,False
Victoria,1988,-1.006854108481766,False,False
Victoria,1989,0.5160554005217673,False,False
Victoria,1990,0.7797115034917103,False,False
Victoria,1991,2.394917757182219,False,False
Victoria,1992,1.7180292012280378,False,False
Victoria,1993,0.25062800222022347,False,False
Victoria,1994,1.7294630496138197,False,False
Victoria,1995,-0.6801375709132692,False,False
Victoria,1996,-1.1889717132635615,False,False
Victoria,1997,1.2466563246712252,False,False
Victoria,1998,1.1316185823698528,False,False
Victoria,1999,-1.7855398256772872,True,False
Victoria,2000,0.8270885755974399,False,False
Victoria,2001,0.496574311321121,False,False
Victoria,2002,0.7683984340444311,False,False
Victoria,2003,1.1215994195724506,False,False
Victoria,2004,0.9773100416135007,False,False
Victoria,2005,-1.994108971003164,True,False
Victoria,2006,1.5651386315211655,False,False
Victoria,2007,-1.0825114253048296,False,False
Victoria,2008,-4.089708946570007,True,False
Victoria,2009,1.2024929541634888,False,False
Victoria,2010,0.05373126146062253,False,False
Victoria,2011,-0.18893237821551165,False,False
Victoria,2012,0.27711763400900535,False,False
Victoria,2013,-0.1784031382979468,False,False
Victoria,2014,0.6052418879843829,False,False
Victoria,2015,0.11454604904257727,False,False
Victoria,2016,0.3997635234791837,False,False
Victoria,2017,-3.9286552947628444,True,False
Victoria,2018,1.145005148153343,False,False
Victoria,2019,0.32951637771989756,False,False
Victoria,2020,-1.0758470191019904,False,False
Victoria,2021,-1.4778515794177176,False,False
Victoria,2022,-2.461080579590054,True,False
Victoria,2023,-0.1267165809286535,False,False
Victoria,2024,1.0226937625654118,False,False
Villa Constitucion,1981,,False,False
Villa Constitucion,1982,,False,False
Villa Constitucion,1983,,False,False
Villa Constitucion,1984,0.3172030463647616,False,False
Villa Constitucion,1985,2.7977191699756245,False,False
Villa Constitucion,1986,-0.01105267429469715,False,False
Villa Constitucion,1987,0.8856115576404294,False,False
Villa Constitucion,1988,-2.467690829497585,True,True
Villa Constitucion,1989,-1.1297289853948365,False,False
Villa Constitucion,1990,0.5608367973708401,False,False
Villa Constitucion,1991,2.4542005820527697,False,False
Villa Constitucion,1992,0.9611733521627833,False,False
Villa Constitucion,1993,0.7386332470061264,False,False
Villa Constitucion,1994,1.135337032232098,False,False
Villa Constitucion,1995,0.4502203228289038,False,False
Villa Constitucion,1996,0.9792216526954542,False,False
Villa Constitucion,1997,6.091571379631851,False,False
Villa Constitucion,1998,1.1698310470099302,False,False
Villa Constitucion,1999,-2.0289860522025664,True,False
Villa Constitucion,2000,-0.33978488671917634,False,False
Villa Constitucion,2001,0.36926396321682897,False,False
Villa Constitucion,2002,0.23996462137962152,False,False
Villa Constitucion,2003,2.2724561854350047,False,False
Villa Constitucion,2004,1.9318509445886767,False,False
Villa Constitucion,2005,-1.1888313505161088,False,False
Villa Constitucion,2006,2.108874871644615,False,False
Villa Constitucion,2007,-0.21096506509995597,False,False
Villa Constitucion,2008,-0.37174695651329576,False,False
Villa Constitucion,2009,1.1657531468773774,False,False
Villa Constitucion,2010,0.39127472370646066,False,False
Villa Constitucion,2011,-0.8122827304656424,False,False
Villa Constitucion,2012,0.25448609812514694,False,False
Villa Constitucion,2013,-0.03693062531978267,False,False
Villa Constitucion,2014,0.6728286738864683,False,False
Villa Constitucion,2015,0.15920948276144153,False,False
Villa Constitucion,2016,-0.6597567673232296,False,False
Villa Constitucion,2017,-3.120877649093834,True,True
Villa Constitucion,2018,1.834194931632928,False,False
Villa Constitucion,2019,-1.3337838445055148,False,False
Villa Constitucion,2020,0.21947755850938566,False,False
Villa Constitucion,2021,-2.7144561066029813,True,True
Villa Constitucion,2022,-3.2060947085484277,True,True
Villa Constitucion,2023,0.8146045161739235,False,False
Villa Constitucion,2024,1.0130696098914718,False,False
Villaguay,1981,,False,False
Villaguay,1982,,False,False
Villaguay,1983,,False,False
Villaguay,1984,0.33496446151224807,False,False
Villaguay,1985,4.350302114665487,False,False
Villaguay,1986,0.34337404151095935,False,False
Villaguay,1987,4.3156402210882625,False,False
Villaguay,1988,-0.649409430402564,False,False
Villaguay,1989,0.1380825307271385,False,False
Villaguay,1990,-0.5590795739932117,False,False
Villaguay,1991,0.4634179789105427,False,False
Villaguay,1992,0.2135255870613674,False,False
Villaguay,1993,0.2742134565347248,False,False
Villaguay,1994,1.309336247843804,False,False
Villaguay,1995,0.8897193480256245,False,False
Villaguay,1996,4.767584811432523,False,False
Villaguay,1997,4.779153876580734,False,False
Villaguay,1998,0.9780307413693203,False,False
Villaguay,1999,-1.4265054374192754,False,False
Villaguay,2000,1.4540372781797861,False,False
Villaguay,2001,0.5383469505627329,False,False
Villaguay,2002,0.9245400025059998,False,False
Villaguay,2003,1.4360565487816552,False,False
Villaguay,2004,0.7635545808390369,False,False
Villaguay,2005,-3.870527073550751,True,False
Villaguay,2006,1.7746956074067586,False,False
Villaguay,2007,-1.1321412761708713,False,False
Villaguay,2008,-1.8449399374511617,True,False
Villaguay,2009,1.1883608843747493,False,False
Villaguay,2010,-0.3735362970800911,False,False
Villaguay,2011,0.13518924185052938,False,False
Villaguay,2012,0.5808308250377053,False,False
Villaguay,2013,-0.16305520966090387,False,False
Villaguay,2014,1.0943904526245305,False,False
Villaguay,2015,0.8909469891626057,False,False
Villaguay,2016,-0.7072280583988597,False,False
Villaguay,2017,-2.1503488089144978,True,False
Villaguay,2018,1.1305476497531748,False,False
Villaguay,2019,-0.035109338351004285,False,False
Villaguay,2020,0.3568030940688878,False,False
Villaguay,2021,-2.4587091736166955,True,False
Villaguay,2022,-2.3802706977181236,True,False
Villaguay,2023,0.431920122575519,False,False
Villaguay,2024,1.221803018996965,False,False
Villarino,1981,,False,False
Villarino,1982,,False,False
Villarino,1983,,False,False
Villarino,1984,22.516660498395407,False,False
Villarino,1985,2.2267523905769324,False,False
Villarino,1986,-0.4218891421005952,False,False
Villarino,1987,0.7705599844385427,False,False
Villarino,1988,-0.1235604126430431,False,False
Villarino,1989,1.4641669102750594,False,False
Villarino,1990,1.4934790830549374,False,False
Villarino,1991,-0.5743760368231121,False,False
Villarino,1992,0.5473312263335368,False,False
Villarino,1993,3.2863611676699733,False,False
Villarino,1994,1.3538360346313596,False,False
Villarino,1995,0.49678627520389784,False,False
Villarino,1996,0.3750236279955083,False,False
Villarino,1997,-0.5205219741694077,False,False
Villarino,1998,1.5487906867342198,False,False
Villarino,1999,-0.5679517102288166,False,False
Villarino,2000,-2.0203512363567793,True,False
Villarino,2001,-0.05033150692757442,False,False
Villarino,2002,0.5388085562946858,False,False
Villarino,2003,1.1420639627851665,False,False
Villarino,2004,1.7500302174032412,False,False
Villarino,2005,2.3692891488007075,False,False
Villarino,2006,1.8765101302039464,False,False
Villarino,2007,-2.026146373891003,True,False
Villarino,2008,-0.344403193263373,False,False
Villarino,2009,-0.46725493811297764,False,False
Villarino,2010,-0.9744109388541349,False,False
Villarino,2011,-1.3239624060998736,False,False
Villarino,2012,3.4597500791215436,False,False
Villarino,2013,1.5178394008079443,False,False
Villarino,2014,1.762889728787672,False,False
Villarino,2015,1.0926064341178743,False,False
Villarino,2016,-4.138348212261255,True,False
Villarino,2017,0.412837477233712,False,False
Villarino,2018,0.47296498235196727,False,False
Villarino,2019,0.51061800194516,False,False
Villarino,2020,0.7974820479817667,False,False
Villarino,2021,0.4341904782397344,False,False
Villarino,2022,-0.03324112476572669,False,False
Villarino,2023,0.7028169127896865,False,False
Villarino,2024,-0.6679868347624361,False,False
Zarate,1981,,False,False
Zarate,1982,,False,False
Zarate,1983,,False,False
Zarate,1984,1.2508697236266624,False,False
Zarate,1985,0.6018921632963738,False,False
Zarate,1986,0.5309488038048441,False,False
Zarate,1987,1.0766187433006327,False,False
Zarate,1988,-2.43054423111497,True,False
Zarate,1989,-0.4831453143855171,False,False
Zarate,1990,3.0149691734276893,False,False
Zarate,1991,1.9050803593936625,False,False
Zarate,1992,1.1831999568554885,False,False
Zarate,1993,1.270654221277321,False,False
Zarate,1994,0.4655451057922862,False,False
Zarate,1995,-3.4767231028725707,True,False
Zarate,1996,1.5532137911192874,False,False
Zarate,1997,3.0972257097608633,False,False
Zarate,1998,0.487792515502734,False,False
Zarate,1999,-1.5424960395412024,True,False
Zarate,2000,0.7692555597168828,False,False
Zarate,2001,0.0924187691633363,False,False
Zarate,2002,0.9243949310362584,False,False
Zarate,2003,1.597906521057855,False,False
Zarate,2004,0.9946516811177373,False,False
Zarate,2005,-1.1711125067452517,False,False
Zarate,2006,2.126292048453235,False,False
Zarate,2007,-0.5404341816082577,False,False
Zarate,2008,-3.177862657132848,True,False
Zarate,2009,1.7946560281275978,False,False
Zarate,2010,-0.5866470470440898,False,False
Zarate,2011,-0.6904828200124918,False,False
Zarate,2012,1.0384416995716477,False,False
Zarate,2013,0.5399748518901338,False,False
Zarate,2014,1.001328475448963,False,False
Zarate,2015,0.10136183984291448,False,False
Zarate,2016,0.9977851578566089,False,False
Zarate,2017,-1.7497817962263589,True,False
Zarate,2018,2.2999999999999994,False,False
Zarate,2019,-0.2284548996683303,False,False
Zarate,2020,-0.46889278108144844,False,False
Zarate,2021,-1.555227146108531,True,False
Zarate,2022,-2.3815483259602406,True,False
Zarate,2023,0.4140533127962548,False,False
Zarate,2024,0.3098203356747037,False,False
