feature,departamento,mean,std
t2m_sep,12 De Octubre,18.918916666666668,1.6857273129058281
t2m_sep,2 De Abril,19.393683333333335,1.608046370090917
t2m_sep,25 De Mayo,12.158617852161784,0.8114085653266033
t2m_sep,9 De Julio,12.345249122807019,0.8014397739028662
t2m_sep,Adolfo Alsina,12.81236111111111,0.7680402686495751
t2m_sep,Adolfo Gonzales Chaves,10.110785714285713,0.7806103932986088
t2m_sep,Aguirre,22.53651515151515,1.6190963144361965
t2m_sep,Alberdi,19.399696969696972,1.4790559262247083
t2m_sep,Alberti,13.855294117647059,0.8316798697954255
t2m_sep,Almirante Brown,21.855321428571425,1.8137836983443694
t2m_sep,Anta,22.28705747126437,1.7265345212095526
t2m_sep,Arrecifes,13.565333333333333,0.8623552603086961
t2m_sep,Atreuco,11.404919540229885,0.8383160116319567
t2m_sep,Ayacucho,10.513871794871793,0.6721124184739246
t2m_sep,Azul,10.195311111111112,0.7337660005413493
t2m_sep,Balcarce,9.748044444444444,0.7064579920337096
t2m_sep,Banda,19.581972222222223,1.5409826556741542
t2m_sep,Baradero,13.522353535353535,0.8222040836280736
t2m_sep,Belgrano,14.744844036697248,1.0406145032528915
t2m_sep,Bella Vista,18.034470588235294,1.5614643147931841
t2m_sep,Benito Juarez,9.937474747474747,0.7690169953254131
t2m_sep,Bermejo,19.22082456140351,1.713127943332728
t2m_sep,Bolivar,13.932731182795699,0.906897149705174
t2m_sep,Bragado,12.708030303030304,0.8666783026608146
t2m_sep,Brandsen,12.723666666666666,0.711955158804365
t2m_sep,Burruyacu,17.519950617283953,1.4531390857711306
t2m_sep,Cainguas,18.322893333333333,1.5263538214149914
t2m_sep,Calamuchita,14.154892156862745,1.1169717229045109
t2m_sep,Campana,13.573172043010752,0.8136224252662028
t2m_sep,Canuelas,12.56728888888889,0.766570797270942
t2m_sep,Capital,12.10930965391621,0.7932142530162518
t2m_sep,Capitan Sarmiento,13.439118279569891,0.830754122150191
t2m_sep,Carlos Casares,12.507090909090909,0.8083642187945186
t2m_sep,Carlos Tejedor,12.762990196078432,0.799730200655424
t2m_sep,Carmen De Areco,12.983813725490196,0.8234586139141852
t2m_sep,Caseros,14.381838383838383,0.994476087365479
t2m_sep,Castellanos,16.252232323232324,1.2736152869686894
t2m_sep,Castelli,11.871196078431371,0.7676556760215512
t2m_sep,Catrilo,12.390913580246913,0.821233544723682
t2m_sep,Chacabuco,13.108038666666667,0.8401713987699306
t2m_sep,Chapaleufu,13.063828571428571,0.8511081410649969
t2m_sep,Chascomus,11.944020833333333,0.6347346124372032
t2m_sep,Chicligasta,19.812102564102563,1.390556572454562
t2m_sep,Chivilcoy,12.56530303030303,0.8440742190396973
t2m_sep,Choya,18.46033333333333,1.551317745025739
t2m_sep,Colon,13.505305764411029,0.8953132523213084
t2m_sep,Comandante Fernandez,20.008854166666666,1.6667679473258938
t2m_sep,Concordia,15.107931034482759,1.114639493927565
t2m_sep,Conhelo,12.218952380952382,0.7698362378060607
t2m_sep,Copo,19.60705263157895,1.4701675736482853
t2m_sep,Coronel Dorrego,10.223098765432098,0.7925822927147139
t2m_sep,Coronel Pringles,9.910459119496855,0.8217113323960541
t2m_sep,Coronel Suarez,10.229222222222223,0.816135188698808
t2m_sep,Cruz Alta,20.32145679012346,1.475458914986531
t2m_sep,Curuzu Cuatia,15.871571428571428,1.1325897140259844
t2m_sep,Daireaux,11.860361904761904,0.7684044983053345
t2m_sep,Diamante,15.661450980392157,1.0231580571848
t2m_sep,Dolores,11.244607843137254,0.7486970370369943
t2m_sep,El Alto,16.10309523809524,1.5261900862491145
t2m_sep,El Carmen,19.362458333333333,1.3241947030988217
t2m_sep,Esquina,17.17801960784314,1.3612685335468662
t2m_sep,Exaltacion De La Cruz,12.523656565656566,0.8441274895682411
t2m_sep,Famailla,13.923375,1.4462724033925334
t2m_sep,Federacion,15.52114814814815,1.1413254204315113
t2m_sep,Federal,15.364809523809525,1.1307058956498715
t2m_sep,Feliciano,16.24386363636364,1.1794062924801203
t2m_sep,Figueroa,21.096051282051285,1.674688300717004
t2m_sep,Florentino Ameghino,13.149621212121213,0.8393521392767841
t2m_sep,Fray Justo Santa Maria De Oro,19.314333333333334,1.4928735155174182
t2m_sep,Garay,14.746033333333333,0.9524921670819613
t2m_sep,General Alvarado,12.754166666666666,0.7686993231591188
t2m_sep,General Alvear,11.729966666666666,0.7991596177460516
t2m_sep,General Arenales,13.161745098039216,0.8772594380274509
t2m_sep,General Belgrano,11.657269113149846,0.8116791738294922
t2m_sep,General Donovan,19.36694736842105,1.7483415643034639
t2m_sep,General Guemes,18.457449438202246,1.5348330413767577
t2m_sep,General Jose De San Martin,12.34415625,1.3661222649890257
t2m_sep,General Juan Madariaga,10.92304,0.612699327505691
t2m_sep,General La Madrid,10.22902564102564,0.7776920665837799
t2m_sep,General Las Heras,12.614679487179489,0.7732518145584584
t2m_sep,General Lopez,13.604151515151516,0.9458559728968496
t2m_sep,General Manuel Belgrano,19.7496,1.91137761653276
t2m_sep,General Obligado,18.103744444444445,1.3648540760515135
t2m_sep,General Paz,10.369666666666667,0.7521773136110333
t2m_sep,General Pinto,12.847666666666667,0.8771707794887431
t2m_sep,General Pueyrredon,10.185875,0.5921469033923362
t2m_sep,General Roca,14.754535353535355,1.0683239304688714
t2m_sep,General Rodriguez,13.117519999999999,0.7525433362690572
t2m_sep,General San Martin,14.0198125,1.0219513730461778
t2m_sep,General Taboada,20.58562365591398,1.4895005669113224
t2m_sep,General Viamonte,13.901363636363637,0.8069584284850309
t2m_sep,General Villegas,13.108656565656565,0.8621080247988414
t2m_sep,Graneros,16.623166666666666,1.428897085945038
t2m_sep,Gualeguay,14.242548387096774,0.9533378770225329
t2m_sep,Gualeguaychu,13.979255555555556,0.9807310069118151
t2m_sep,Guamini,11.653819444444444,0.7843994655389832
t2m_sep,Guarani,17.79548717948718,1.4674995642044237
t2m_sep,Guasayan,18.681928571428568,1.3307648017857838
t2m_sep,Guatrache,11.351190476190476,0.8556325507510575
t2m_sep,Hipolito Yrigoyen,10.357171717171717,0.8202246225256268
t2m_sep,Independencia,18.918916666666668,1.6857273129058281
t2m_sep,Iriondo,14.421970588235293,0.9813314234982485
t2m_sep,Ischilin,14.333466666666668,1.215748024575512
t2m_sep,Ituzaingo,18.345245614035086,1.4455538297116062
t2m_sep,Jimenez,20.897416666666665,1.501197150877415
t2m_sep,Juan Bautista Alberdi,16.744395833333332,1.5577931742086657
t2m_sep,Juan F. Ibarra,19.701166666666666,1.4487730142826312
t2m_sep,Juarez Celman,13.785823529411765,1.0251065058743016
t2m_sep,Junin,13.082038888888889,0.8636486676078943
t2m_sep,La Candelaria,17.07327380952381,1.4437889938897341
t2m_sep,La Capital,14.782947916666666,0.9574141252538858
t2m_sep,La Cocha,14.916,1.533354318696976
t2m_sep,La Paz,16.443729166666667,1.1729670598811832
t2m_sep,Laishi,19.624263157894735,2.007922935104916
t2m_sep,Laprida,10.005271604938272,0.7769298719688807
t2m_sep,Las Colonias,15.75203125,1.2172462763138034
t2m_sep,Las Flores,11.494246913580248,0.683771407999945
t2m_sep,Leales,20.29301282051282,1.493582974612151
t2m_sep,Leandro N. Alem,13.478810897435896,0.8702318972821548
t2m_sep,Libertador General San Martin,19.762134680134682,1.7169729611955518
t2m_sep,Lincoln,12.781989583333333,0.8526684047683153
t2m_sep,Loberia,10.14648888888889,0.5904587782714417
t2m_sep,Lobos,12.53769696969697,0.8281912493988379
t2m_sep,Lujan,12.93761616161616,0.8147116698614406
t2m_sep,Lules,14.041717948717949,1.4864602114129932
t2m_sep,Magdalena,13.021153846153847,0.7715099146693121
t2m_sep,Maipu,20.304866666666666,1.5850180973852332
t2m_sep,Mar Chiquita,10.39007843137255,0.6586064784558778
t2m_sep,Maraco,11.402980392156863,0.8328803615007255
t2m_sep,Marcos Juarez,14.362757575757575,0.9954410812993324
t2m_sep,Marcos Paz,12.586478260869564,0.7963070053240462
t2m_sep,Mayor Luis J. Fontana,,
t2m_sep,Mercedes,12.950655172413793,0.7759756029140387
t2m_sep,Metan,17.92988888888889,1.545679694836344
t2m_sep,Mitre,19.85930952380952,1.4902097051091383
t2m_sep,Monte,12.034566666666667,0.7739425273443653
t2m_sep,Monteros,13.981361111111111,1.5293032972291094
t2m_sep,Moreno,20.670123456790126,1.6559823669220703
t2m_sep,Navarro,12.38652688172043,0.7252551314777216
t2m_sep,Necochea,10.326461538461539,0.6739287603427339
t2m_sep,Nogoya,14.70028125,1.0151299053807783
t2m_sep,O'Higgins,18.991777777777777,1.7111582774433702
t2m_sep,Obera,17.73731884057971,1.456469244919568
t2m_sep,Olavarria,10.493676470588234,0.7848746430406421
t2m_sep,Oran,22.875614583333334,1.5786556894175143
t2m_sep,Parana,16.136935483870968,1.1021105053801528
t2m_sep,Pehuajo,12.352460784313724,0.7969933737550571
t2m_sep,Pellegrini,19.541148809523808,1.4898993999262078
t2m_sep,Pergamino,13.557141414141414,0.9095724080512864
t2m_sep,Pilagas,21.755133333333333,2.1402470191368037
t2m_sep,Pilar,13.149482758620689,0.7714651829227028
t2m_sep,Pilcomayo,21.865491228070177,2.2030634601587584
t2m_sep,Pirane,21.27888888888889,1.9975344867926377
t2m_sep,Pocho,15.277227272727272,1.0021235040233394
t2m_sep,Presidencia De La Plaza,19.173666666666666,1.8595780663352959
t2m_sep,Presidente Roque Saenz Pena,14.02121568627451,1.0549504109569006
t2m_sep,Puan,13.241703703703704,0.7934079868631482
t2m_sep,Quemu Quemu,12.600392156862746,0.786055786912508
t2m_sep,Quitilipi,19.46654444444444,1.8043541047988523
t2m_sep,Ramallo,14.1225,0.8858133010409558
t2m_sep,Rancul,12.873511904761903,0.8650145148863909
t2m_sep,Rauch,10.390922222222223,0.7516302011356779
t2m_sep,Realico,12.983622222222222,0.8185627659428414
t2m_sep,Rio Chico,16.64388888888889,1.4214045264094464
t2m_sep,Rio Cuarto,13.367552083333333,1.037980036580476
t2m_sep,Rio Hondo,19.625939393939394,1.4583924963468076
t2m_sep,Rio Primero,15.066555555555555,1.130310568362687
t2m_sep,Rio Seco,12.638860215053763,1.1666537960375571
t2m_sep,Rio Segundo,15.62896551724138,1.1956288520870832
t2m_sep,Rivadavia,13.144168195718654,0.7523034184306316
t2m_sep,Robles,20.738809523809525,1.5888579283509012
t2m_sep,Rojas,13.55057843137255,0.8983949073136083
t2m_sep,Roque Perez,12.035114942528734,0.7661788576252424
t2m_sep,Rosario,14.766010752688171,0.951823106362969
t2m_sep,Rosario De La Frontera,16.87767857142857,1.479237436963639
t2m_sep,Saavedra,10.372533333333333,0.8327692590921503
t2m_sep,Saladillo,12.179124999999999,0.7918265973147492
t2m_sep,Salliquelo,11.9339012345679,0.8444680154904929
t2m_sep,Salto,13.04019191919192,0.8596623086611741
t2m_sep,San Alberto,14.5341,0.9932804242355685
t2m_sep,San Andres De Giles,12.933242424242422,0.8079493343607254
t2m_sep,San Antonio De Areco,13.494878787878788,0.8510673193530034
t2m_sep,San Cayetano,10.305666666666665,0.715556180986614
t2m_sep,San Cristobal,16.6177311827957,1.2515188148194465
t2m_sep,San Fernando,18.88440625,1.7001107147889878
t2m_sep,San Javier,17.57264139020537,1.4633386337516068
t2m_sep,San Jeronimo,18.14277777777778,1.4442630465691442
t2m_sep,San Justo,14.258463888888889,1.1635076087995795
t2m_sep,San Lorenzo,15.219751366120219,0.9371526689916208
t2m_sep,San Martin,16.065301932367152,1.045431966496956
t2m_sep,San Nicolas,14.114929292929293,0.8729466373437906
t2m_sep,San Pedro,14.062763440860216,0.8777059707405848
t2m_sep,San Salvador,15.037888888888888,1.2606903138122652
t2m_sep,Santa Barbara,11.773902777777778,1.2445417000956511
t2m_sep,Santa Maria,14.168205882352941,1.1492184843092952
t2m_sep,Santa Rosa,16.109044444444446,1.4817029545310885
t2m_sep,Santo Tome,17.35525,1.3308090485431074
t2m_sep,Sargento Cabral,19.156653333333335,1.6703738090175664
t2m_sep,Sauce,16.27542857142857,1.2446448463922528
t2m_sep,Silipica,19.635388888888887,1.613726873072213
t2m_sep,Simoca,16.858244444444445,1.6673717007193651
t2m_sep,Sobremonte,14.346636363636362,1.2577753052969034
t2m_sep,Suipacha,12.526155555555556,0.7398230125581391
t2m_sep,Tafi Viejo,17.561833333333333,1.5861714855215001
t2m_sep,Tala,15.207533333333334,1.1379131049789166
t2m_sep,Tandil,9.957737373737375,0.7832574376246141
t2m_sep,Tapalque,10.958296296296297,0.8098279482316654
t2m_sep,Tercero Arriba,13.854620689655173,1.0836414460165795
t2m_sep,Toay,11.932333333333334,0.9033814834139361
t2m_sep,Tornquist,10.340291666666667,0.8071655026978788
t2m_sep,Totoral,14.188656565656565,1.1721048418599116
t2m_sep,Trenel,12.70795061728395,0.7678474947835222
t2m_sep,Trenque Lauquen,12.56178494623656,0.7712845204394642
t2m_sep,Tres Arroyos,10.363141025641026,0.7623414118392939
t2m_sep,Tres Lomas,12.487877192982456,0.853749935997874
t2m_sep,Tulumba,14.42448275862069,1.1701301840007283
t2m_sep,Union,13.754731182795698,0.9861155195620577
t2m_sep,Uruguay,16.092612903225806,1.1493232569059908
t2m_sep,Utracan,13.093052631578947,0.8411824589081659
t2m_sep,Vera,17.44237373737374,1.2868083680541857
t2m_sep,Victoria,14.77011111111111,0.9452166993850121
t2m_sep,Villa Constitucion,14.059959595959596,0.9245183909803758
t2m_sep,Villaguay,14.671279569892473,1.0457812642081028
t2m_sep,Zarate,13.602545454545455,0.805009557475104
t2m_oct,12 De Octubre,22.336935483870967,1.3121178674097465
t2m_oct,2 De Abril,22.761290322580646,1.2852182358634414
t2m_oct,25 De Mayo,15.67670805776758,0.9063758784255614
t2m_oct,9 De Julio,15.85868817204301,0.9117904462343756
t2m_oct,Adolfo Alsina,16.150537634408604,0.9937379542049967
t2m_oct,Adolfo Gonzales Chaves,13.303963133640552,0.9379823096685714
t2m_oct,Aguirre,26.172390029325513,1.3888344656493377
t2m_oct,Alberdi,24.088739002932552,1.3298110513634391
t2m_oct,Alberti,16.85212523719165,1.02917230350146
t2m_oct,Almirante Brown,25.357165898617513,1.7481806108305087
t2m_oct,Anta,26.434171301446053,1.2504327092021246
t2m_oct,Arrecifes,17.1446875,0.9437132276275975
t2m_oct,Atreuco,15.279855394883203,1.1778717506817171
t2m_oct,Ayacucho,14.016712158808932,1.0003493993637504
t2m_oct,Azul,13.760860215053762,0.9872034713479413
t2m_oct,Balcarce,13.021677419354837,1.0568615288767185
t2m_oct,Banda,24.095336021505375,1.3793127261822469
t2m_oct,Baradero,17.069696969696967,0.8991256047648857
t2m_oct,Belgrano,18.69832790766499,1.0413877297154208
t2m_oct,Bella Vista,21.294288425047437,1.000390303414776
t2m_oct,Benito Juarez,13.361710654936461,0.962000611980516
t2m_oct,Bermejo,22.84285229202037,1.3220634326703609
t2m_oct,Bolivar,16.979063475546308,1.0278140304881964
t2m_oct,Bragado,16.21913000977517,0.927940178037876
t2m_oct,Brandsen,15.858287841191068,0.9586771726408314
t2m_oct,Burruyacu,21.623966547192353,1.1707768945871722
t2m_oct,Cainguas,20.869083870967742,1.3224695884398419
t2m_oct,Calamuchita,18.021328273244784,1.0997166950118153
t2m_oct,Campana,17.10814776274714,0.9148437294846201
t2m_oct,Canuelas,16.031494623655913,0.934503818964336
t2m_oct,Capital,15.880687466948704,1.1559689620474378
t2m_oct,Capitan Sarmiento,17.087013527575444,0.9618588560802793
t2m_oct,Carlos Casares,15.893851417399805,0.883323470425171
t2m_oct,Carlos Tejedor,16.35534155597723,1.0050602496004937
t2m_oct,Carmen De Areco,16.610123339658443,0.9096286843663071
t2m_oct,Caseros,18.24772238514174,0.9827805430815897
t2m_oct,Castellanos,20.128553274682307,0.981254751777078
t2m_oct,Castelli,15.2353889943074,1.0301893886271507
t2m_oct,Catrilo,16.086690561529274,1.044935025107538
t2m_oct,Chacabuco,16.643789677419353,0.9859084891775414
t2m_oct,Chapaleufu,16.823603686635945,1.1175142041534654
t2m_oct,Chascomus,15.511995967741935,0.9628239393328685
t2m_oct,Chicligasta,24.467220843672457,1.6849389793631315
t2m_oct,Chivilcoy,16.062825024437927,0.9098559544770766
t2m_oct,Choya,22.88683870967742,1.5249660208181417
t2m_oct,Colon,17.154764734416688,0.9651129538906884
t2m_oct,Comandante Fernandez,23.547681451612902,1.505379084269223
t2m_oct,Concordia,18.770967741935486,0.9114804499677477
t2m_oct,Conhelo,16.102776497695853,1.1344426444782088
t2m_oct,Copo,24.052920203735145,1.415135981015438
t2m_oct,Coronel Dorrego,13.618996415770608,1.1529742366754387
t2m_oct,Coronel Pringles,13.330754716981131,1.0088554771734775
t2m_oct,Coronel Suarez,13.84078494623656,1.0079611575340095
t2m_oct,Cruz Alta,24.661170848267624,1.2751037398312697
t2m_oct,Curuzu Cuatia,19.566912442396312,0.8404426143109497
t2m_oct,Daireaux,15.448894009216591,0.9545523965761937
t2m_oct,Diamante,19.499781783681215,0.9514872714611493
t2m_oct,Dolores,14.709165085388994,1.0194141600416062
t2m_oct,El Alto,20.444884792626727,1.2945166566951258
t2m_oct,El Carmen,23.02935483870968,0.9792172606062519
t2m_oct,Esquina,20.748614800759015,0.6685930445871903
t2m_oct,Exaltacion De La Cruz,15.98913000977517,0.9129656256630663
t2m_oct,Famailla,17.695604838709677,1.3198825869590125
t2m_oct,Federacion,19.225394265232975,1.0079008553632502
t2m_oct,Federal,19.085622119815667,0.9258483350650337
t2m_oct,Feliciano,19.871231671554252,1.0738015210082517
t2m_oct,Figueroa,24.63138957816377,1.4665855091258029
t2m_oct,Florentino Ameghino,16.7874926686217,1.2023853409863252
t2m_oct,Fray Justo Santa Maria De Oro,23.115829493087556,1.3799568314194735
t2m_oct,Garay,18.636967741935486,0.9323570296686474
t2m_oct,General Alvarado,16.111043010752688,0.9433884206291752
t2m_oct,General Alvear,15.276795698924731,0.976943543380092
t2m_oct,General Arenales,16.83258064516129,0.9559137167970951
t2m_oct,General Belgrano,15.267738976028411,0.9886697379825224
t2m_oct,General Donovan,22.813327674023768,1.4315011564050133
t2m_oct,General Guemes,22.06590068865531,1.0292109146824764
t2m_oct,General Jose De San Martin,15.668931451612902,1.056622873973825
t2m_oct,General Juan Madariaga,13.933032258064516,0.8933674412108431
t2m_oct,General La Madrid,13.7237841191067,1.0260095743618294
t2m_oct,General Las Heras,16.09423076923077,0.9635463603634232
t2m_oct,General Lopez,17.320987292277614,1.0740741812837353
t2m_oct,General Manuel Belgrano,21.940306451612905,1.5596061805688957
t2m_oct,General Obligado,21.609956989247312,1.1112409043204907
t2m_oct,General Paz,13.765468509984638,1.103392486353151
t2m_oct,General Pinto,16.465004887585533,0.9913504605838803
t2m_oct,General Pueyrredon,12.749264112903226,0.8529247976887548
t2m_oct,General Roca,18.659423264907137,1.0730591727755177
t2m_oct,General Rodriguez,16.672335483870967,0.9390437932160157
t2m_oct,General San Martin,18.209959677419356,1.106781558126057
t2m_oct,General Taboada,24.71118626430801,1.2439709932429328
t2m_oct,General Viamonte,16.86791788856305,1.0300758659502185
t2m_oct,General Villegas,16.81913000977517,1.1221647313183012
t2m_oct,Graneros,20.963796526054587,1.2237764729881313
t2m_oct,Gualeguay,18.018938605619148,0.8017694929099024
t2m_oct,Gualeguaychu,17.60882795698925,0.8357602477209316
t2m_oct,Guamini,15.393696236559139,1.0576023987377878
t2m_oct,Guarani,20.302047146401986,1.2355360586714061
t2m_oct,Guasayan,23.3114400921659,1.2202008136713496
t2m_oct,Guatrache,15.17499231950845,1.2196783476762627
t2m_oct,Hipolito Yrigoyen,13.845581622678395,0.9472096888337359
t2m_oct,Independencia,22.336935483870967,1.3121178674097465
t2m_oct,Iriondo,18.28754269449715,0.9304442539593752
t2m_oct,Ischilin,17.905974193548385,1.1223807877339567
t2m_oct,Ituzaingo,21.512461799660443,1.1924729738625524
t2m_oct,Jimenez,25.214988479262672,1.3409645861721082
t2m_oct,Juan Bautista Alberdi,20.976774193548387,1.3917925019076245
t2m_oct,Juan F. Ibarra,24.1738133640553,1.308739601766223
t2m_oct,Juarez Celman,17.73459203036053,1.1088485903618164
t2m_oct,Junin,16.875290322580646,0.9726764321256712
t2m_oct,La Candelaria,21.08152073732719,1.1189115833872938
t2m_oct,La Capital,18.636199596774194,0.9024903529278436
t2m_oct,La Cocha,19.12556451612903,1.3449380774551263
t2m_oct,La Paz,20.166875,0.898039609217437
t2m_oct,Laishi,22.94108658743633,1.2155683191111535
t2m_oct,Laprida,13.43989247311828,1.0122565146349003
t2m_oct,Las Colonias,19.682227822580646,1.029379083445272
t2m_oct,Las Flores,15.162724014336916,0.9716869233110784
t2m_oct,Leales,24.75090570719603,1.2520412536687826
t2m_oct,Leandro N. Alem,17.19086228287841,1.0484041256583285
t2m_oct,Libertador General San Martin,23.405171065493647,1.5155081386986826
t2m_oct,Lincoln,16.296502016129033,0.9418542689795485
t2m_oct,Loberia,12.66241935483871,0.8053890608549334
t2m_oct,Lobos,15.996021505376344,0.9122915876298623
t2m_oct,Lujan,16.509305962854352,0.9291984062662156
t2m_oct,Lules,17.747047146401986,1.4515180604987696
t2m_oct,Magdalena,15.98923076923077,0.9616571658631474
t2m_oct,Maipu,23.98278136200717,1.4950388264780343
t2m_oct,Mar Chiquita,13.528652751423149,0.9004135672180653
t2m_oct,Maraco,15.30787476280835,1.097766310283516
t2m_oct,Marcos Juarez,18.256783968719454,1.0361379186440043
t2m_oct,Marcos Paz,16.080799438990184,1.0039862224053329
t2m_oct,Mayor Luis J. Fontana,,
t2m_oct,Mercedes,16.63237486095662,0.9043610997057686
t2m_oct,Metan,21.850397849462365,1.1148466102853327
t2m_oct,Mitre,24.113202764976958,1.651064000678289
t2m_oct,Monte,15.548698924731184,1.0115858656070078
t2m_oct,Monteros,17.57008064516129,1.4460549193314995
t2m_oct,Moreno,24.363094384707285,1.4892145028779444
t2m_oct,Navarro,15.957658688865765,0.9225347118715866
t2m_oct,Necochea,12.976724565756824,0.8519933690308208
t2m_oct,Nogoya,18.531421370967742,0.8852259825466741
t2m_oct,O'Higgins,22.364936461388073,1.3014320723331279
t2m_oct,Obera,20.29497896213184,1.2757572565639577
t2m_oct,Olavarria,13.999800759013283,0.9384767778005739
t2m_oct,Oran,26.554546370967742,1.2264559929751542
t2m_oct,Parana,19.99454734651405,0.946334294884696
t2m_oct,Pehuajo,15.840398481973436,0.9573485054754312
t2m_oct,Pellegrini,24.073361175115206,1.294195096081354
t2m_oct,Pergamino,17.177800586510266,0.9742415552906037
t2m_oct,Pilagas,24.761870967741935,1.4084915565478693
t2m_oct,Pilar,16.565939933259177,0.8963245835962124
t2m_oct,Pilcomayo,24.855076400679117,1.5130789263058804
t2m_oct,Pirane,24.32311827956989,1.4358350216873756
t2m_oct,Pocho,19.308548387096774,1.104537500286733
t2m_oct,Presidencia De La Plaza,22.94183870967742,1.350660300635751
t2m_oct,Presidente Roque Saenz Pena,18.089259962049336,1.0776821681481452
t2m_oct,Puan,16.574121863799284,0.9302287551819549
t2m_oct,Quemu Quemu,16.32428842504744,1.0594504921477412
t2m_oct,Quitilipi,22.99840860215054,1.4016762977232744
t2m_oct,Ramallo,17.804425403225807,0.9252793796167161
t2m_oct,Rancul,16.68359447004608,1.1447409924665914
t2m_oct,Rauch,13.840913978494624,0.9709270021399123
t2m_oct,Realico,16.788387096774194,1.2492384992533625
t2m_oct,Rio Chico,20.903131720430107,1.0672333779510756
t2m_oct,Rio Cuarto,17.218316532258065,1.2400676244860516
t2m_oct,Rio Hondo,24.246480938416422,1.393122562910219
t2m_oct,Rio Primero,19.061621863799285,0.9873335563906022
t2m_oct,Rio Seco,16.274859521331944,1.042518924951963
t2m_oct,Rio Segundo,19.60304783092325,1.0574548077010502
t2m_oct,Rivadavia,16.580053270198285,0.8993867995707674
t2m_oct,Robles,24.943502304147465,1.539640904372952
t2m_oct,Rojas,17.172163187855787,0.9887335458646136
t2m_oct,Roque Perez,15.605250278086764,0.9936101890548459
t2m_oct,Rosario,18.6294901144641,0.9555769660317064
t2m_oct,Rosario De La Frontera,21.006405529953916,1.14327693153012
t2m_oct,Saavedra,14.028335483870967,1.1207579314750682
t2m_oct,Saladillo,15.662157258064516,0.9249926063444057
t2m_oct,Salliquelo,15.576236559139785,1.0693940649045093
t2m_oct,Salto,16.56852394916911,0.9238873346728943
t2m_oct,San Alberto,18.35322580645161,1.2033502077276788
t2m_oct,San Andres De Giles,16.55219941348974,0.9001774938232808
t2m_oct,San Antonio De Areco,17.070547409579667,0.8989664167241277
t2m_oct,San Cayetano,13.242193548387098,0.9971366437449757
t2m_oct,San Cristobal,20.43177939646202,1.0268779210793908
t2m_oct,San Fernando,22.315110887096775,1.2996672010179626
t2m_oct,San Javier,20.58117107475921,1.083518252161859
t2m_oct,San Jeronimo,21.79850439882698,1.0546921997314842
t2m_oct,San Justo,18.000825268817206,1.0730775494809384
t2m_oct,San Lorenzo,19.008659439450028,0.9601939564758977
t2m_oct,San Martin,19.88120383356709,1.0662783214909564
t2m_oct,San Nicolas,17.78171065493646,0.920007700014322
t2m_oct,San Pedro,17.81308922996878,0.8947309032098476
t2m_oct,San Salvador,18.598521505376343,1.16476759015905
t2m_oct,Santa Barbara,14.648427419354839,1.0237822845478015
t2m_oct,Santa Maria,17.89349146110057,1.0681401550606024
t2m_oct,Santa Rosa,20.506817204301075,1.1695507587269347
t2m_oct,Santo Tome,20.529338709677422,1.0490979461565186
t2m_oct,Sargento Cabral,22.511070967741933,1.3896750878565927
t2m_oct,Sauce,20.165437788018433,0.8120237656423784
t2m_oct,Silipica,24.3275,1.7004161661527755
t2m_oct,Simoca,21.034602150537633,1.447598368204237
t2m_oct,Sobremonte,17.88765395894428,1.1913509567061578
t2m_oct,Suipacha,16.13890322580645,0.9394732687020755
t2m_oct,Tafi Viejo,22.022612903225806,1.5273814754607078
t2m_oct,Tala,18.699817204301077,0.8786483846460236
t2m_oct,Tandil,13.215083088954058,0.9678342396514065
t2m_oct,Tapalque,14.615376344086021,0.9973495020597031
t2m_oct,Tercero Arriba,17.66479421579533,1.1551666589033653
t2m_oct,Toay,15.694032258064517,1.1980677412669554
t2m_oct,Tornquist,14.025584677419355,1.0236909102386718
t2m_oct,Totoral,17.90460410557185,1.0729087064165426
t2m_oct,Trenel,16.382019115890085,1.2092441294895648
t2m_oct,Trenque Lauquen,16.043808532778357,0.9592421509312282
t2m_oct,Tres Arroyos,13.39831265508685,1.0388425172827693
t2m_oct,Tres Lomas,16.136774193548387,1.2230361971748636
t2m_oct,Tulumba,17.990378197997778,1.1763294686426622
t2m_oct,Union,17.895338189386056,1.1076445521748421
t2m_oct,Uruguay,19.885473465140475,0.9237440085314506
t2m_oct,Utracan,16.762529711375212,1.1119361819124607
t2m_oct,Vera,21.19954056695992,1.1071031128518978
t2m_oct,Victoria,18.61418377321603,0.8972352228021007
t2m_oct,Villa Constitucion,17.798690127077226,0.9593787348268096
t2m_oct,Villaguay,18.341706555671177,0.8385554539493726
t2m_oct,Zarate,17.060127077223854,0.8762653662342338
t2m_nov,12 De Octubre,24.338552083333333,1.4186307083965004
t2m_nov,2 De Abril,24.3381,1.385340809715909
t2m_nov,25 De Mayo,18.860199442119942,1.2946820336923281
t2m_nov,9 De Julio,19.06962573099415,1.2538952205275036
t2m_nov,Adolfo Alsina,19.11151388888889,1.1643944041007437
t2m_nov,Adolfo Gonzales Chaves,16.613095238095237,1.0350539830344185
t2m_nov,Aguirre,27.224136363636365,1.3515927451615926
t2m_nov,Alberdi,26.42760606060606,1.2257109226866119
t2m_nov,Alberti,19.72472549019608,0.9525849272232826
t2m_nov,Almirante Brown,26.480190476190476,1.7358376458486673
t2m_nov,Anta,27.620425287356323,1.310113968435606
t2m_nov,Arrecifes,20.11828125,1.085616875690522
t2m_nov,Atreuco,19.08780459770115,1.3101968757829634
t2m_nov,Ayacucho,17.39398717948718,1.1132060100212562
t2m_nov,Azul,17.324666666666666,1.024508718822114
t2m_nov,Balcarce,16.30312222222222,1.048311177820204
t2m_nov,Banda,26.34204166666667,1.051956806999351
t2m_nov,Baradero,20.08669696969697,1.0791174582205418
t2m_nov,Belgrano,21.572831804281343,1.1849990872041198
t2m_nov,Bella Vista,23.84458823529412,1.414866913300662
t2m_nov,Benito Juarez,16.879616161616163,0.9829931407342776
t2m_nov,Bermejo,24.517157894736844,1.323257425607335
t2m_nov,Bolivar,19.77135483870968,1.0531347982218648
t2m_nov,Bragado,19.414535353535353,1.0903049297590568
t2m_nov,Brandsen,18.93825641025641,0.5465103122243176
t2m_nov,Burruyacu,23.303962962962963,1.163872773076522
t2m_nov,Cainguas,22.746333333333332,1.3622697053080202
t2m_nov,Calamuchita,20.346833333333333,1.2691093996776512
t2m_nov,Campana,20.063075268817204,1.0280642425151996
t2m_nov,Canuelas,19.102122222222224,1.1540236870924145
t2m_nov,Capital,19.76648633879781,1.4221943928256982
t2m_nov,Capitan Sarmiento,20.271279569892474,1.0703749951986343
t2m_nov,Carlos Casares,19.15012121212121,1.1742307523857844
t2m_nov,Carlos Tejedor,19.773460784313727,1.1840360469041424
t2m_nov,Carmen De Areco,19.668901960784314,1.132238745122085
t2m_nov,Caseros,21.09731313131313,1.0275894998172574
t2m_nov,Castellanos,22.61149494949495,1.107863067906246
t2m_nov,Castelli,18.237333333333336,1.0140432888524369
t2m_nov,Catrilo,19.908370370370367,1.2117073436311616
t2m_nov,Chacabuco,19.829784,1.3253457169860408
t2m_nov,Chapaleufu,20.125419047619047,1.238511301551569
t2m_nov,Chascomus,18.7320625,1.0218948961431609
t2m_nov,Chicligasta,26.427333333333333,1.44085294312213
t2m_nov,Chivilcoy,19.22957575757576,1.0753869758032555
t2m_nov,Choya,25.116555555555557,1.2289816901439152
t2m_nov,Colon,20.34801754385965,1.2967327604799503
t2m_nov,Comandante Fernandez,25.072416666666665,1.44021878067213
t2m_nov,Concordia,21.471275862068968,1.0313015434698134
t2m_nov,Conhelo,19.830047619047622,1.432451798151353
t2m_nov,Copo,26.02178947368421,1.254404247021178
t2m_nov,Coronel Dorrego,17.414506172839506,1.1513073222098889
t2m_nov,Coronel Pringles,16.861138364779872,1.0815166828060825
t2m_nov,Coronel Suarez,17.37831111111111,1.094705044104923
t2m_nov,Cruz Alta,26.532999999999998,1.2179560782503644
t2m_nov,Curuzu Cuatia,22.392333333333333,1.5677759411693373
t2m_nov,Daireaux,18.753295238095237,1.1188940144176007
t2m_nov,Diamante,22.26135294117647,1.015828301265041
t2m_nov,Dolores,17.81233333333333,1.0662752797576336
t2m_nov,El Alto,22.695,1.365165643185227
t2m_nov,El Carmen,24.682541666666665,1.1481913347450305
t2m_nov,Esquina,23.325215686274507,1.2043709223604862
t2m_nov,Exaltacion De La Cruz,19.15110101010101,1.087445127877624
t2m_nov,Famailla,19.590833333333332,1.1826997364786496
t2m_nov,Federacion,21.692851851851852,1.047877919236692
t2m_nov,Federal,21.763166666666667,1.1302344179444246
t2m_nov,Feliciano,22.47868181818182,1.0275297932176843
t2m_nov,Figueroa,25.716897435897433,1.4579915179388963
t2m_nov,Florentino Ameghino,20.028378787878786,1.247354255232705
t2m_nov,Fray Justo Santa Maria De Oro,24.794107142857143,1.3201840751237932
t2m_nov,Garay,21.454255555555555,1.0490683503488722
t2m_nov,General Alvarado,19.17327777777778,1.1872786459016476
t2m_nov,General Alvear,18.64981111111111,1.2129475693543206
t2m_nov,General Arenales,19.913901960784315,1.1658704773237154
t2m_nov,General Belgrano,18.61152599388379,1.2525638433525177
t2m_nov,General Donovan,24.586298245614035,1.5298728337967649
t2m_nov,General Guemes,23.47926966292135,1.2024136331323076
t2m_nov,General Jose De San Martin,16.932697916666665,1.019534560190111
t2m_nov,General Juan Madariaga,16.639706666666665,1.024166573185061
t2m_nov,General La Madrid,17.292897435897434,1.2145954452929972
t2m_nov,General Las Heras,19.23703846153846,1.1191148380232305
t2m_nov,General Lopez,20.211343434343434,1.0673566306432523
t2m_nov,General Manuel Belgrano,23.381866666666667,1.1530387231468087
t2m_nov,General Obligado,24.040144444444444,1.2679731365325024
t2m_nov,General Paz,17.549777777777777,0.6031448723458054
t2m_nov,General Pinto,19.634343434343435,1.143543458840062
t2m_nov,General Pueyrredon,15.523791666666666,0.8164065714851627
t2m_nov,General Roca,21.573949494949495,1.1333098714520395
t2m_nov,General Rodriguez,19.742666666666665,1.0665858953793748
t2m_nov,General San Martin,20.946010416666667,1.1787506766038731
t2m_nov,General Taboada,26.776397849462366,1.121908233585891
t2m_nov,General Viamonte,19.700050505050505,1.026750967592855
t2m_nov,General Villegas,20.118414141414142,1.2023946795824632
t2m_nov,Graneros,22.895923076923076,1.0973701707372638
t2m_nov,Gualeguay,20.812236559139787,1.045450118170083
t2m_nov,Gualeguaychu,20.576,1.0752364259303668
t2m_nov,Guamini,18.935375,1.0660312433108974
t2m_nov,Guarani,22.41823076923077,1.3811277188321494
t2m_nov,Guasayan,25.392392857142855,1.1029159930310726
t2m_nov,Guatrache,19.061698412698412,1.127957199270541
t2m_nov,Hipolito Yrigoyen,17.32889898989899,0.9443556830690341
t2m_nov,Independencia,24.338552083333333,1.4186307083965004
t2m_nov,Iriondo,21.258676470588235,1.2427308814349207
t2m_nov,Ischilin,20.208746666666666,1.169186062561853
t2m_nov,Ituzaingo,23.97417543859649,1.4407840431061818
t2m_nov,Jimenez,26.91257142857143,1.1364407938104677
t2m_nov,Juan Bautista Alberdi,22.987166666666667,1.2953919698514254
t2m_nov,Juan F. Ibarra,26.440452380952383,1.1316258786965272
t2m_nov,Juarez Celman,20.637245098039216,1.1508394632150423
t2m_nov,Junin,19.72485,1.0630354229525834
t2m_nov,La Candelaria,22.490714285714287,1.1920309387617907
t2m_nov,La Capital,21.441104166666666,1.0164153979553423
t2m_nov,La Cocha,21.425875,1.3398791591450003
t2m_nov,La Paz,22.624989583333335,1.0210991389188881
t2m_nov,Laishi,24.919859649122806,1.3909379521081038
t2m_nov,Laprida,17.053753086419754,1.143205650314521
t2m_nov,Las Colonias,22.243979166666666,1.0025949054103755
t2m_nov,Las Flores,18.57574074074074,1.1957855992736328
t2m_nov,Leales,26.529794871794874,1.2056721945386975
t2m_nov,Leandro N. Alem,20.32123717948718,1.2227208352417827
t2m_nov,Libertador General San Martin,25.02022558922559,1.4210260751254988
t2m_nov,Lincoln,19.4058125,1.119229349360324
t2m_nov,Loberia,15.544277777777777,0.7580749469278365
t2m_nov,Lobos,19.013080808080808,1.1235302159015441
t2m_nov,Lujan,19.556494949494947,1.1155869690723232
t2m_nov,Lules,19.67097435897436,1.2837276988689243
t2m_nov,Magdalena,18.970846153846153,0.480659531758277
t2m_nov,Maipu,25.383437037037037,1.4745064995921302
t2m_nov,Mar Chiquita,16.464372549019608,1.048204005551831
t2m_nov,Maraco,19.175980392156863,1.2731543952254945
t2m_nov,Marcos Juarez,21.157636363636364,1.236357503930498
t2m_nov,Marcos Paz,19.117710144927536,1.1336895220328842
t2m_nov,Mayor Luis J. Fontana,,
t2m_nov,Mercedes,19.563752873563217,1.0097738529757003
t2m_nov,Metan,23.184922222222223,1.1721444953076177
t2m_nov,Mitre,26.35811904761905,1.183392252828167
t2m_nov,Monte,18.827022222222222,1.221109497800836
t2m_nov,Monteros,19.393361111111112,1.3625191571877817
t2m_nov,Moreno,25.828703703703702,1.4778809105455641
t2m_nov,Navarro,19.121193548387094,1.0953795715343464
t2m_nov,Necochea,15.946371794871796,0.86605080336958
t2m_nov,Nogoya,21.36503125,1.0620117730799379
t2m_nov,O'Higgins,24.309929292929294,1.4059366163344038
t2m_nov,Obera,22.37705797101449,1.3199804316431925
t2m_nov,Olavarria,17.50213725490196,1.1703668253341513
t2m_nov,Oran,27.567229166666667,1.332351077538201
t2m_nov,Parana,22.64778494623656,1.0541895660170253
t2m_nov,Pehuajo,19.1988431372549,1.170251241364195
t2m_nov,Pellegrini,26.283773809523808,1.1677711110471802
t2m_nov,Pergamino,20.140131313131313,1.0733206648430482
t2m_nov,Pilagas,26.493516666666665,1.5136201423673383
t2m_nov,Pilar,19.696781609195405,1.023492233187791
t2m_nov,Pilcomayo,26.609736842105264,1.7380121985214103
t2m_nov,Pirane,26.123857142857144,1.3888613664574632
t2m_nov,Pocho,21.638,1.177855013939505
t2m_nov,Presidencia De La Plaza,24.423116666666665,1.3028367936233276
t2m_nov,Presidente Roque Saenz Pena,20.921588235294116,1.0742651236783562
t2m_nov,Puan,19.533802469135804,1.140821099030724
t2m_nov,Quemu Quemu,19.949490196078433,1.2206058473483996
t2m_nov,Quitilipi,24.465266666666665,1.3014480364466654
t2m_nov,Ramallo,20.685458333333333,1.034799087905353
t2m_nov,Rancul,20.03463095238095,1.1605261661058501
t2m_nov,Rauch,17.128377777777775,1.166957292974801
t2m_nov,Realico,20.036866666666665,1.1753230634375702
t2m_nov,Rio Chico,23.044,1.1300979522335717
t2m_nov,Rio Cuarto,19.76478125,1.166518668368164
t2m_nov,Rio Hondo,26.33990909090909,1.1755028426766705
t2m_nov,Rio Primero,21.732314814814814,1.1145890436188592
t2m_nov,Rio Seco,18.48484946236559,1.1882773022124948
t2m_nov,Rio Segundo,22.270172413793105,1.1173086662689768
t2m_nov,Rivadavia,19.682990825688073,1.3478876237325388
t2m_nov,Robles,27.0115,1.2190930196659682
t2m_nov,Rojas,20.206,1.0336761210516197
t2m_nov,Roque Perez,18.882505747126437,1.1654624214103864
t2m_nov,Rosario,21.324397849462365,0.9963750313543247
t2m_nov,Rosario De La Frontera,22.40395238095238,1.2076721672258839
t2m_nov,Saavedra,17.874093333333334,1.0797919960875875
t2m_nov,Saladillo,18.863656250000002,1.156265039764629
t2m_nov,Salliquelo,19.071074074074073,1.0518446975700684
t2m_nov,Salto,19.560858585858586,1.1024864103165444
t2m_nov,San Alberto,20.577666666666666,1.0415447984851447
t2m_nov,San Andres De Giles,19.56111111111111,1.1117713989478766
t2m_nov,San Antonio De Areco,20.09471717171717,1.0674656061373573
t2m_nov,San Cayetano,16.428773333333332,0.9681009508884458
t2m_nov,San Cristobal,22.75510752688172,1.0353721441788255
t2m_nov,San Fernando,24.207520833333334,1.2382360471705494
t2m_nov,San Javier,22.67672353870458,1.18430633725142
t2m_nov,San Jeronimo,23.928,1.2835609700707202
t2m_nov,San Justo,20.243738888888892,1.17222903230152
t2m_nov,San Lorenzo,21.965155737704915,1.2024919467012682
t2m_nov,San Martin,22.736888888888892,1.145308532919047
t2m_nov,San Nicolas,20.738535353535354,1.0631617839001701
t2m_nov,San Pedro,20.7763561827957,1.240663101369474
t2m_nov,San Salvador,21.451916666666666,0.9015068768400486
t2m_nov,Santa Barbara,15.802833333333334,1.0263442228453945
t2m_nov,Santa Maria,20.26422549019608,1.2086485975923174
t2m_nov,Santa Rosa,22.70391111111111,1.1980631909256003
t2m_nov,Santo Tome,23.007783333333332,1.1633740066031069
t2m_nov,Sargento Cabral,24.4468,1.2601004552841841
t2m_nov,Sauce,22.55104761904762,1.294069852783375
t2m_nov,Silipica,26.499916666666667,1.1942166709063755
t2m_nov,Simoca,22.999399999999998,1.308146011461101
t2m_nov,Sobremonte,20.057636363636366,1.3236817657682738
t2m_nov,Suipacha,19.3279,1.0311203041397228
t2m_nov,Tafi Viejo,23.341766666666665,1.3968048729462619
t2m_nov,Tala,21.555466666666668,1.109702585539247
t2m_nov,Tandil,16.643555555555558,1.1184373450969025
t2m_nov,Tapalque,17.945277777777775,1.1787901865563568
t2m_nov,Tercero Arriba,20.120896551724137,1.3035175064838627
t2m_nov,Toay,19.52188888888889,1.232309978192557
t2m_nov,Tornquist,17.690479166666666,1.1435602926479858
t2m_nov,Totoral,20.270525252525253,1.2222167475485737
t2m_nov,Trenel,19.738864197530866,1.1483978704623927
t2m_nov,Trenque Lauquen,19.38552688172043,1.1498736928195508
t2m_nov,Tres Arroyos,16.891076923076923,0.9876344006775534
t2m_nov,Tres Lomas,19.726596491228072,1.0900761360823097
t2m_nov,Tulumba,20.246494252873564,1.128447555661534
t2m_nov,Union,20.719774193548385,1.2359231589056152
t2m_nov,Uruguay,22.604645161290325,1.026127636041457
t2m_nov,Utracan,20.37221052631579,1.6015679863636032
t2m_nov,Vera,23.478848484848484,1.2088045635476132
t2m_nov,Victoria,21.50890909090909,1.073561192405158
t2m_nov,Villa Constitucion,20.69859595959596,1.0429988606496647
t2m_nov,Villaguay,21.063129032258065,1.0711387975124609
t2m_nov,Zarate,20.030949494949496,1.001992622786978
t2m_dic,12 De Octubre,27.069868951612904,1.584714350310911
t2m_dic,2 De Abril,27.029145161290323,1.361630093320375
t2m_dic,25 De Mayo,21.978850047239845,1.4981522550248034
t2m_dic,9 De Julio,22.02213921901528,1.5168292937432786
t2m_dic,Adolfo Alsina,22.470954301075267,1.3309009435123387
t2m_dic,Adolfo Gonzales Chaves,19.830391705069125,1.4536817524851604
t2m_dic,Aguirre,28.42848973607038,1.129403978247642
t2m_dic,Alberdi,27.975454545454546,1.4932517676117296
t2m_dic,Alberti,22.59115749525617,1.2096539068882035
t2m_dic,Almirante Brown,28.40201612903226,1.2822529522827384
t2m_dic,Anta,28.548921023359288,0.9783429169050532
t2m_dic,Arrecifes,23.289102822580645,1.5261977853475712
t2m_dic,Atreuco,22.721879866518353,1.5879949925129535
t2m_dic,Ayacucho,20.851153846153846,1.3662249657284378
t2m_dic,Azul,20.497494623655914,1.499086082016981
t2m_dic,Balcarce,19.545516129032258,1.2821761227761799
t2m_dic,Banda,28.009771505376346,1.023646709286632
t2m_dic,Baradero,23.302140762463345,1.5124750684174695
t2m_dic,Belgrano,24.236034329683335,1.5369370265437063
t2m_dic,Bella Vista,26.463339658444024,1.5982169799009172
t2m_dic,Benito Juarez,20.082267839687194,1.4192403488576186
t2m_dic,Bermejo,27.229575551782684,1.2522141567176504
t2m_dic,Bolivar,22.584568158168576,1.288307940926394
t2m_dic,Bragado,22.413655913978495,1.4879252526271203
t2m_dic,Brandsen,22.74389578163772,1.5024109798480538
t2m_dic,Burruyacu,24.325340501792112,0.9876554166666769
t2m_dic,Cainguas,24.883741935483872,1.4137324615256657
t2m_dic,Calamuchita,22.365768500948764,1.3278103071138956
t2m_dic,Campana,23.194568158168572,1.5853400477253379
t2m_dic,Canuelas,22.48090322580645,1.5100734874954935
t2m_dic,Capital,23.045020271461308,1.518699589917533
t2m_dic,Capitan Sarmiento,23.305265348595213,1.5867038948704966
t2m_dic,Carlos Casares,22.369706744868036,1.561753760122158
t2m_dic,Carlos Tejedor,23.178406072106263,1.5361841062948758
t2m_dic,Carmen De Areco,22.806413662239088,1.5282764871954035
t2m_dic,Caseros,23.903225806451612,1.5504882480148148
t2m_dic,Castellanos,25.119403714565006,1.6254396730118947
t2m_dic,Castelli,21.690740037950665,1.2694748926949901
t2m_dic,Catrilo,23.182019115890082,1.598576902023573
t2m_dic,Chacabuco,22.761016774193546,1.4839090190719857
t2m_dic,Chapaleufu,23.1933732718894,1.6520343248357632
t2m_dic,Chascomus,22.08735887096774,1.4758829431227074
t2m_dic,Chicligasta,27.51285359801489,0.9456417165555242
t2m_dic,Chivilcoy,22.356627565982404,1.5186576611937181
t2m_dic,Choya,26.887247311827956,1.2365525504399346
t2m_dic,Colon,23.19487630366238,1.4803610715101791
t2m_dic,Comandante Fernandez,27.175997983870968,1.4674266298855891
t2m_dic,Concordia,24.853170189099,1.4614040277553524
t2m_dic,Conhelo,23.317672811059907,1.6898643353540295
t2m_dic,Copo,27.571782682512733,1.3041117874881267
t2m_dic,Coronel Dorrego,20.75318996415771,1.273585985543853
t2m_dic,Coronel Pringles,20.322075471698113,1.4023697090590024
t2m_dic,Coronel Suarez,20.69050537634409,1.5212200979982353
t2m_dic,Cruz Alta,27.611194743130227,1.1806139699971219
t2m_dic,Curuzu Cuatia,25.293917050691245,1.6887957126459539
t2m_dic,Daireaux,21.994562211981567,1.5638792971054845
t2m_dic,Diamante,25.069971537001898,1.4750904359828843
t2m_dic,Dolores,21.458614800759015,1.3858612312560235
t2m_dic,El Alto,24.349969278033797,0.9570770457144645
t2m_dic,El Carmen,24.841895161290324,0.8639297183902608
t2m_dic,Esquina,26.074914611005692,1.5121210859525631
t2m_dic,Exaltacion De La Cruz,22.361564027370477,1.518415749610604
t2m_dic,Famailla,20.63725806451613,0.8344183681947045
t2m_dic,Federacion,24.80537634408602,1.375796759254986
t2m_dic,Federal,25.03980414746544,1.6032144271182318
t2m_dic,Feliciano,25.28491202346041,1.4440416544563208
t2m_dic,Figueroa,28.396054590570717,1.1752708129466327
t2m_dic,Florentino Ameghino,23.274882697947213,1.4528340871030228
t2m_dic,Fray Justo Santa Maria De Oro,26.743652073732722,1.3010011207094303
t2m_dic,Garay,24.344,1.5015072996634498
t2m_dic,General Alvarado,22.181946236559142,1.2653203456220024
t2m_dic,General Alvear,21.949010752688174,1.5042205622985827
t2m_dic,General Arenales,22.83555028462998,1.4948017533772207
t2m_dic,General Belgrano,22.20027818881326,1.4131999604305974
t2m_dic,General Donovan,26.710424448217317,1.0459138129683878
t2m_dic,General Guemes,24.257560710402316,0.9391443173952007
t2m_dic,General Jose De San Martin,17.906028225806452,0.6936298838331334
t2m_dic,General Juan Madariaga,19.889922580645162,1.1251755529578433
t2m_dic,General La Madrid,20.788089330024814,1.5035630077925917
t2m_dic,General Las Heras,22.429962779156327,1.507729866825202
t2m_dic,General Lopez,23.052570869990227,1.4004918269921107
t2m_dic,General Manuel Belgrano,24.579354838709676,1.3024355132061527
t2m_dic,General Obligado,26.948537634408602,1.7030725057694003
t2m_dic,General Paz,21.13754224270353,1.6943020887404985
t2m_dic,General Pinto,22.720166177908112,1.4159977943661928
t2m_dic,General Pueyrredon,18.365514112903227,1.052218652295437
t2m_dic,General Roca,24.219012707722385,1.585804591612604
t2m_dic,General Rodriguez,22.83682580645161,1.525204144345453
t2m_dic,General San Martin,23.270594758064515,1.2610939834286523
t2m_dic,General Taboada,28.27803329864724,1.327143227279991
t2m_dic,General Viamonte,22.594281524926686,1.2088927139598826
t2m_dic,General Villegas,23.20327468230694,1.4741724585586724
t2m_dic,Graneros,24.186637717121588,0.8123262528608873
t2m_dic,Gualeguay,24.008303850156086,1.4631205680037873
t2m_dic,Gualeguaychu,24.002849462365592,1.5816537861213447
t2m_dic,Guamini,22.344583333333333,1.507352869204616
t2m_dic,Guarani,24.621166253101737,1.469245837327805
t2m_dic,Guasayan,26.890760368663592,1.0458074252959868
t2m_dic,Guatrache,22.834516129032256,1.3450448468204987
t2m_dic,Hipolito Yrigoyen,20.622160312805473,1.4387095429011594
t2m_dic,Independencia,27.069868951612904,1.584714350310911
t2m_dic,Iriondo,23.958586337760913,1.5583094246491125
t2m_dic,Ischilin,22.327135483870965,0.9916473806628265
t2m_dic,Ituzaingo,26.78,1.2433798146160373
t2m_dic,Jimenez,27.951094470046083,1.1688558465328682
t2m_dic,Juan Bautista Alberdi,24.24820564516129,0.9145575114852447
t2m_dic,Juan F. Ibarra,27.92827188940092,1.3940033363254216
t2m_dic,Juarez Celman,23.289117647058823,1.388584783056895
t2m_dic,Junin,22.654854838709678,1.3997531414626356
t2m_dic,La Candelaria,23.392557603686637,1.0073500222648955
t2m_dic,La Capital,24.276189516129033,1.4829912458934467
t2m_dic,La Cocha,22.97945564516129,0.8367745228338526
t2m_dic,La Paz,25.55923387096774,1.4326233064262006
t2m_dic,Laishi,27.340713073005094,1.5492813336931845
t2m_dic,Laprida,20.596965352449224,1.4156621919658159
t2m_dic,Las Colonias,24.96915322580645,1.5508659046516575
t2m_dic,Las Flores,22.06020310633214,1.5346379145457383
t2m_dic,Leales,27.586079404466503,1.1235880229449635
t2m_dic,Leandro N. Alem,23.270477667493797,1.4677702664024876
t2m_dic,Libertador General San Martin,27.09010752688172,1.3121134704063908
t2m_dic,Lincoln,22.392832661290324,1.4313033274237588
t2m_dic,Loberia,18.390559139784948,1.0818673809269626
t2m_dic,Lobos,22.243225806451612,1.5324325346340681
t2m_dic,Lujan,22.75275659824047,1.552476413050528
t2m_dic,Lules,20.624168734491317,0.8624386797139305
t2m_dic,Magdalena,22.340446650124072,1.2777378875319083
t2m_dic,Maipu,27.3147311827957,1.411736005016858
t2m_dic,Mar Chiquita,20.080948766603417,1.294413914190953
t2m_dic,Maraco,22.78703984819734,1.5756907881255167
t2m_dic,Marcos Juarez,23.82822091886608,1.4200874624094026
t2m_dic,Marcos Paz,22.26363253856942,1.5210700643750077
t2m_dic,Mayor Luis J. Fontana,,
t2m_dic,Mercedes,22.77810901001112,1.5241971020080867
t2m_dic,Metan,24.065354838709677,0.9136643301361783
t2m_dic,Mitre,28.050668202764975,1.3774218970361745
t2m_dic,Monte,22.42355913978495,1.5146134627475074
t2m_dic,Monteros,20.4727688172043,0.759285713289852
t2m_dic,Moreno,27.670095579450418,1.3638779365518647
t2m_dic,Navarro,22.27557752341311,1.5362403964309812
t2m_dic,Necochea,18.83,1.208472191000023
t2m_dic,Nogoya,24.37984879032258,1.4654626273606433
t2m_dic,O'Higgins,27.121446725317693,1.58764909154545
t2m_dic,Obera,24.519705469845725,1.4303915141552406
t2m_dic,Olavarria,21.000189753320683,1.4714625891539281
t2m_dic,Oran,28.158931451612904,1.1877949057782426
t2m_dic,Parana,25.518605619146722,1.466085082528738
t2m_dic,Pehuajo,22.49954459203036,1.6227134248702793
t2m_dic,Pellegrini,27.75698156682028,1.1231878006279503
t2m_dic,Pergamino,23.16122189638319,1.514315947378814
t2m_dic,Pilagas,28.01285483870968,1.7747376176898857
t2m_dic,Pilar,23.08202447163515,1.4318771260765697
t2m_dic,Pilcomayo,28.253820033955854,1.9593615960478128
t2m_dic,Pirane,27.72201228878648,1.4389967271313417
t2m_dic,Pocho,23.804662756598244,1.333008717708652
t2m_dic,Presidencia De La Plaza,26.559290322580647,1.085608638202728
t2m_dic,Presidente Roque Saenz Pena,23.40047438330171,1.3392525303745895
t2m_dic,Puan,22.98069295101553,1.4412752656202603
t2m_dic,Quemu Quemu,23.25239089184061,1.6023432847724992
t2m_dic,Quitilipi,26.872580645161293,1.2773543202060653
t2m_dic,Ramallo,23.74791330645161,1.5026460565467767
t2m_dic,Rancul,23.390460829493087,1.6320733869878232
t2m_dic,Rauch,20.528849462365592,1.3813563206520458
t2m_dic,Realico,23.25144086021505,1.6557427222692689
t2m_dic,Rio Chico,24.50927419354839,0.9744278079990623
t2m_dic,Rio Cuarto,22.293860887096773,1.2958841367617242
t2m_dic,Rio Hondo,27.754384164222873,1.2089018370175606
t2m_dic,Rio Primero,23.970922939068103,1.3264380012229433
t2m_dic,Rio Seco,20.509125910509884,1.3514309246794696
t2m_dic,Rio Segundo,24.855294771968854,1.394216894923809
t2m_dic,Rivadavia,22.860479431784555,1.5226751298409364
t2m_dic,Robles,28.527764976958526,1.1927658655654958
t2m_dic,Rojas,23.20568311195446,1.4924250762337956
t2m_dic,Roque Perez,22.065061179087873,1.5764786643700497
t2m_dic,Rosario,24.23843912591051,1.4283234366654782
t2m_dic,Rosario De La Frontera,23.371739631336403,0.9062839393863996
t2m_dic,Saavedra,21.389625806451612,1.3843640300163798
t2m_dic,Saladillo,21.976985887096774,1.6083939809871721
t2m_dic,Salliquelo,22.50241338112306,1.4024235474258588
t2m_dic,Salto,22.699042033235582,1.5375876760803038
t2m_dic,San Alberto,22.319709677419354,1.2891179177059757
t2m_dic,San Andres De Giles,22.79264907135875,1.5336256264678974
t2m_dic,San Antonio De Areco,23.271710654936463,1.5327590384018637
t2m_dic,San Cayetano,19.458490322580644,1.1362703269835703
t2m_dic,San Cristobal,25.38418314255983,1.5638968721990236
t2m_dic,San Fernando,26.929969758064516,1.420311893206768
t2m_dic,San Javier,24.982372725882893,1.1883217595843687
t2m_dic,San Jeronimo,26.685552297165202,1.6768393165048736
t2m_dic,San Justo,22.26360483870968,1.3015428354804646
t2m_dic,San Lorenzo,24.85966948704389,1.483053254612621
t2m_dic,San Martin,25.50856708742403,1.4653715254556374
t2m_dic,San Nicolas,23.79562072336266,1.5041583382039765
t2m_dic,San Pedro,23.932401144641,1.489163591185536
t2m_dic,San Salvador,24.676666666666666,1.6558321481348763
t2m_dic,Santa Barbara,16.321236559139784,0.7038652320659479
t2m_dic,Santa Maria,22.28943074003795,1.2133020783515625
t2m_dic,Santa Rosa,24.442516129032256,1.0218941681910185
t2m_dic,Santo Tome,25.91974193548387,1.010833310490962
t2m_dic,Sargento Cabral,27.005148387096774,1.4092218250764987
t2m_dic,Sauce,25.30246543778802,1.3704352935234763
t2m_dic,Silipica,28.053951612903223,1.2276010564889253
t2m_dic,Simoca,24.247806451612902,0.9035672264524072
t2m_dic,Sobremonte,22.165923753665687,1.1066558706971215
t2m_dic,Suipacha,22.411870967741937,1.601491263848568
t2m_dic,Tafi Viejo,24.025709677419353,0.7356946036842745
t2m_dic,Tala,24.913451612903224,1.5406200917044053
t2m_dic,Tandil,19.636236559139785,1.2934090898840387
t2m_dic,Tapalque,21.545878136200717,1.5444355513435468
t2m_dic,Tercero Arriba,22.425127919911013,1.2084933478228308
t2m_dic,Toay,22.907025089605735,1.4915645882093376
t2m_dic,Tornquist,21.297096774193548,1.3905337835819986
t2m_dic,Totoral,22.334516129032256,1.3232145854811186
t2m_dic,Trenel,23.149450418160093,1.7130978655420699
t2m_dic,Trenque Lauquen,22.733735691987512,1.6378995367973435
t2m_dic,Tres Arroyos,19.987183622828784,1.2450705651644223
t2m_dic,Tres Lomas,23.16446519524618,1.3741146983922363
t2m_dic,Tulumba,22.391890989988877,1.338330654589833
t2m_dic,Union,23.213007284079087,1.1869928495506925
t2m_dic,Uruguay,25.525910509885534,1.458306565661909
t2m_dic,Utracan,23.640407470288626,1.5828870935588184
t2m_dic,Vera,26.169824046920823,1.6913840069043584
t2m_dic,Victoria,24.341075268817203,1.5064764768503698
t2m_dic,Villa Constitucion,23.671642228739003,1.5140377378439882
t2m_dic,Villaguay,24.480020811654526,1.5846536246767196
t2m_dic,Zarate,23.18076246334311,1.5427870839265303
t2m_ene,12 De Octubre,28.16524193548387,1.2607888323356153
t2m_ene,2 De Abril,28.07253225806452,1.1625249863487699
t2m_ene,25 De Mayo,23.959908219732757,1.2646339954549939
t2m_ene,9 De Julio,23.643744199207696,1.1394315630622855
t2m_ene,Adolfo Alsina,24.21094086021505,0.9612795678712887
t2m_ene,Adolfo Gonzales Chaves,21.73703917050691,1.095926638760801
t2m_ene,Aguirre,28.32045454545454,0.8526426980148738
t2m_ene,Alberdi,27.86175953079179,1.0570537383176046
t2m_ene,Alberti,24.329506641366226,0.9171154535379126
t2m_ene,Almirante Brown,29.03658986175115,1.1153475431666136
t2m_ene,Anta,27.85694104560623,0.9093665417282932
t2m_ene,Arrecifes,24.89929435483871,1.0712348858718796
t2m_ene,Atreuco,24.395572858731924,1.073165087631476
t2m_ene,Ayacucho,22.615806451612904,0.9645508086310872
t2m_ene,Azul,22.467021505376344,1.0303870337544254
t2m_ene,Balcarce,21.362247311827957,0.9559016626647108
t2m_ene,Banda,27.797096774193548,0.9987653827273076
t2m_ene,Baradero,25.062267839687195,1.1052022108784416
t2m_ene,Belgrano,25.61606984314886,1.1116002624571013
t2m_ene,Bella Vista,27.503889943074004,1.1676004607680648
t2m_ene,Benito Juarez,21.972619745845552,0.9878849628251849
t2m_ene,Bermejo,28.048353140916806,1.2006599184347149
t2m_ene,Bolivar,24.325119667013528,0.9616574017396956
t2m_ene,Bragado,23.917341153470186,1.2473699595604897
t2m_ene,Brandsen,24.562704714640198,0.8544355362740739
t2m_ene,Burruyacu,23.86904420549582,0.9031624467385494
t2m_ene,Cainguas,25.937341935483868,0.8524106380974644
t2m_ene,Calamuchita,22.948017077798863,0.9367156690513834
t2m_ene,Campana,25.015327783558792,1.1312152624361822
t2m_ene,Canuelas,24.373193548387096,1.042173410641333
t2m_ene,Capital,24.572517186673718,1.0495664064036812
t2m_ene,Capitan Sarmiento,24.880946930280956,1.154834192144357
t2m_ene,Carlos Casares,23.862697947214077,1.1694271579922269
t2m_ene,Carlos Tejedor,24.619990512333967,1.1436766703640084
t2m_ene,Carmen De Areco,24.493823529411763,1.1482985762569238
t2m_ene,Caseros,25.471524926686218,1.1565709387327126
t2m_ene,Castellanos,26.384672531769308,0.9478549092493606
t2m_ene,Castelli,23.553738140417455,0.684568184025456
t2m_ene,Catrilo,24.74452807646356,1.1149371010536262
t2m_ene,Chacabuco,24.25292387096774,1.1403430278078246
t2m_ene,Chapaleufu,24.512405529953917,1.4405252079429527
t2m_ene,Chascomus,24.118971774193547,1.0993440036420783
t2m_ene,Chicligasta,27.372828784119108,1.0031959522046057
t2m_ene,Chivilcoy,24.04143695014663,1.2525350129668174
t2m_ene,Choya,26.80576344086022,0.9427708787321766
t2m_ene,Colon,24.69478656318215,1.1864441605723703
t2m_ene,Comandante Fernandez,28.2771875,1.136328791318319
t2m_ene,Concordia,26.682491657397108,1.4113020115290835
t2m_ene,Conhelo,24.586981566820278,1.2810564637019515
t2m_ene,Copo,27.768013582342956,0.9288527508724431
t2m_ene,Coronel Dorrego,22.65273596176822,1.0141832935444113
t2m_ene,Coronel Pringles,22.309196591600728,0.9848936588187114
t2m_ene,Coronel Suarez,22.414440860215056,1.0820902717215382
t2m_ene,Cruz Alta,27.04721624850657,1.0195158852434492
t2m_ene,Curuzu Cuatia,26.945691244239633,1.328874563671692
t2m_ene,Daireaux,23.621769585253457,1.0553784034803966
t2m_ene,Diamante,26.856593927893737,1.1944333888103968
t2m_ene,Dolores,23.298823529411763,0.827474216419729
t2m_ene,El Alto,24.484439324116742,1.0110618865564331
t2m_ene,El Carmen,24.236693548387098,0.8730150228141944
t2m_ene,Esquina,27.364174573055028,1.1307232582582865
t2m_ene,Exaltacion De La Cruz,24.163372434017596,1.2116359175036848
t2m_ene,Famailla,20.42227822580645,0.8795978606018231
t2m_ene,Federacion,26.683888888888887,1.5096874805946952
t2m_ene,Federal,26.70845622119816,1.4987755060556145
t2m_ene,Feliciano,26.763211143695013,0.9590772703064335
t2m_ene,Figueroa,28.300942928039703,0.7028989012970848
t2m_ene,Florentino Ameghino,24.72822580645161,1.3198856125913159
t2m_ene,Fray Justo Santa Maria De Oro,27.855391705069128,1.0445944222021886
t2m_ene,Garay,25.897612903225806,1.1256089738866175
t2m_ene,General Alvarado,24.224290322580647,1.0059044395135825
t2m_ene,General Alvear,24.025086021505377,1.0646476127493225
t2m_ene,General Arenales,24.335,1.2168986528140435
t2m_ene,General Belgrano,24.04723586860018,1.081345301257756
t2m_ene,General Donovan,27.936910016977926,0.9348630390542138
t2m_ene,General Guemes,23.268996013048206,0.7735150610732946
t2m_ene,General Jose De San Martin,17.565403225806453,0.7254427994068903
t2m_ene,General Juan Madariaga,21.67392258064516,0.8613352132798224
t2m_ene,General La Madrid,22.475272952853597,1.0936270214084396
t2m_ene,General Las Heras,24.57182382133995,1.1640811087821938
t2m_ene,General Lopez,24.4888954056696,1.2105285984684906
t2m_ene,General Manuel Belgrano,25.495870967741936,0.6853202409315536
t2m_ene,General Obligado,27.918903225806453,1.3691791109267866
t2m_ene,General Paz,22.56451612903226,1.023053752365402
t2m_ene,General Pinto,24.243734115347017,1.2008742669987766
t2m_ene,General Pueyrredon,20.305272177419354,0.8031561997738073
t2m_ene,General Roca,25.715366568914956,1.1381420465022245
t2m_ene,General Rodriguez,24.79051612903226,1.13611552644119
t2m_ene,General San Martin,24.342752016129033,0.8705655678567812
t2m_ene,General Taboada,28.464734651404786,1.0738805975953545
t2m_ene,General Viamonte,24.331642228739003,0.9313912435528032
t2m_ene,General Villegas,24.63345063538612,1.3465602048580259
t2m_ene,Graneros,23.967357320099254,0.8275872986535374
t2m_ene,Gualeguay,25.800395421436,1.2212974078308907
t2m_ene,Gualeguaychu,25.717440860215053,1.3547491599552537
t2m_ene,Guamini,24.027486559139785,1.0021088697566376
t2m_ene,Guarani,25.746017369727046,0.8672575836977331
t2m_ene,Guasayan,26.910633640552994,0.916354648889645
t2m_ene,Guatrache,24.443778801843315,0.9575327901176219
t2m_ene,Hipolito Yrigoyen,22.53442815249267,1.0031361957979723
t2m_ene,Independencia,28.16524193548387,1.2607888323356153
t2m_ene,Iriondo,25.447675521821633,1.1190444178700112
t2m_ene,Ischilin,22.925664516129032,0.9048082627656874
t2m_ene,Ituzaingo,28.066960950764006,0.8882971696844683
t2m_ene,Jimenez,27.559470046082946,0.7418483727069268
t2m_ene,Juan Bautista Alberdi,23.867056451612903,0.9633643561815078
t2m_ene,Juan F. Ibarra,28.09937788018433,1.0533721858996414
t2m_ene,Juarez Celman,24.390834914611006,1.1975307953398104
t2m_ene,Junin,24.093924731182792,1.0199399359049168
t2m_ene,La Candelaria,22.955357142857142,0.8018733814447425
t2m_ene,La Capital,25.920584677419356,1.092846875132864
t2m_ene,La Cocha,22.755504032258063,0.9638855166435907
t2m_ene,La Paz,27.076512096774195,1.3347056186916337
t2m_ene,Laishi,28.547266553480473,1.1417267004752563
t2m_ene,Laprida,22.471230585424134,1.0429985474771852
t2m_ene,Las Colonias,26.629596774193548,1.0190325265275773
t2m_ene,Las Flores,23.95,1.1035916673109514
t2m_ene,Leales,27.17001240694789,1.0002504264196594
t2m_ene,Leandro N. Alem,24.744869727047146,1.151492741363694
t2m_ene,Libertador General San Martin,28.14718475073314,1.0575513825185572
t2m_ene,Lincoln,23.920252016129034,1.231955963574156
t2m_ene,Loberia,20.374440860215053,0.7353391768922295
t2m_ene,Lobos,24.18436950146628,1.2072018407914142
t2m_ene,Lujan,24.517262952101664,1.098926073653947
t2m_ene,Lules,20.584168734491318,0.8458976565322283
t2m_ene,Magdalena,24.12744416873449,0.6455482772371219
t2m_ene,Maipu,28.453655913978498,1.0798979353603917
t2m_ene,Mar Chiquita,21.91201138519924,0.7941650954768292
t2m_ene,Maraco,24.31803605313093,1.0166786093669968
t2m_ene,Marcos Juarez,25.101505376344086,1.0341952263970577
t2m_ene,Marcos Paz,24.44225806451613,1.1643994303879768
t2m_ene,Mayor Luis J. Fontana,,
t2m_ene,Mercedes,24.532157953281427,1.0656257669621505
t2m_ene,Metan,23.327344086021508,0.7339981856671912
t2m_ene,Mitre,27.937373271889403,0.9294769481039523
t2m_ene,Monte,24.371075268817204,1.2339651133016785
t2m_ene,Monteros,20.461075268817204,0.8133674991906384
t2m_ene,Moreno,28.285746714456394,1.0489069756506997
t2m_ene,Navarro,24.134089490114462,1.2455123032658164
t2m_ene,Necochea,20.86846153846154,0.8795800497713757
t2m_ene,Nogoya,26.077056451612904,1.3145977011646903
t2m_ene,O'Higgins,28.182160312805475,1.2447326937779588
t2m_ene,Obera,25.761542776998596,0.8900506138041354
t2m_ene,Olavarria,22.838595825426946,0.9874358181919584
t2m_ene,Oran,27.448457661290323,1.0725476816052235
t2m_ene,Parana,27.05443288241415,1.1369329126736163
t2m_ene,Pehuajo,24.077675521821632,1.063545930046464
t2m_ene,Pellegrini,27.824619815668203,0.9982854987855898
t2m_ene,Pergamino,24.670293255131966,1.1071282151490465
t2m_ene,Pilagas,29.096016129032257,1.300888658398528
t2m_ene,Pilar,24.814794215795327,1.0752253169070505
t2m_ene,Pilcomayo,29.333174872665538,1.4482910867874443
t2m_ene,Pirane,28.64938556067588,1.2012652837934972
t2m_ene,Pocho,24.873445747800588,0.8414823505691866
t2m_ene,Presidencia De La Plaza,27.77156451612903,1.0210495694564232
t2m_ene,Presidente Roque Saenz Pena,24.455170777988616,1.0347672048939285
t2m_ene,Puan,24.75235364396655,1.07264706529476
t2m_ene,Quemu Quemu,24.67296963946869,1.1890840016433486
t2m_ene,Quitilipi,27.765010752688173,0.8809900017647984
t2m_ene,Ramallo,25.37539314516129,1.095119499889609
t2m_ene,Rancul,24.410195852534564,1.273376309883197
t2m_ene,Rauch,22.476247311827954,1.0249894728486355
t2m_ene,Realico,24.37758064516129,1.4132748170449023
t2m_ene,Rio Chico,24.04657258064516,0.8066673249371737
t2m_ene,Rio Cuarto,23.17164314516129,1.096135271324984
t2m_ene,Rio Hondo,27.83284457478006,1.0174471281124025
t2m_ene,Rio Primero,24.67464157706093,0.9352221667237298
t2m_ene,Rio Seco,21.084869927159207,0.8340349388704277
t2m_ene,Rio Segundo,26.113225806451613,0.9080471427727987
t2m_ene,Rivadavia,24.68681562592483,1.0614992260080356
t2m_ene,Robles,28.18417050691244,1.0763215642037147
t2m_ene,Rojas,24.708235294117646,1.1183667926976475
t2m_ene,Roque Perez,24.218320355951057,1.2241031531907276
t2m_ene,Rosario,25.94494276795005,1.1362642674641141
t2m_ene,Rosario De La Frontera,22.874158986175114,0.7685776569401721
t2m_ene,Saavedra,23.051380645161288,0.9677203873945106
t2m_ene,Saladillo,23.922550403225806,1.261294086661817
t2m_ene,Salliquelo,24.167885304659496,1.0560363638794332
t2m_ene,Salto,24.343479960899316,1.0456580508701108
t2m_ene,San Alberto,23.240774193548386,0.8163896414469752
t2m_ene,San Andres De Giles,24.575102639296187,1.0901599881588122
t2m_ene,San Antonio De Areco,25.01169110459433,1.1136438630383734
t2m_ene,San Cayetano,21.38118709677419,1.0986671824853393
t2m_ene,San Cristobal,26.70506763787721,1.0324359362663942
t2m_ene,San Fernando,27.995403225806452,1.0548218692867604
t2m_ene,San Javier,26.111056413392447,0.8306297220335607
t2m_ene,San Jeronimo,27.891006842619745,1.2543628253176446
t2m_ene,San Justo,22.912387096774193,0.880439892390936
t2m_ene,San Lorenzo,26.54583289264939,1.2064438713350736
t2m_ene,San Martin,27.143522674146798,1.0789406622655793
t2m_ene,San Nicolas,25.439726295210164,1.139468252085368
t2m_ene,San Pedro,25.600306971904267,1.0729638718349637
t2m_ene,San Salvador,26.640806451612903,1.380697195966298
t2m_ene,Santa Barbara,16.115094086021504,0.6309280023392435
t2m_ene,Santa Maria,22.927409867172674,0.9044293910958634
t2m_ene,Santa Rosa,24.58805376344086,0.905109574155201
t2m_ene,Santo Tome,27.24258064516129,0.904140338610755
t2m_ene,Sargento Cabral,28.18363870967742,1.1518887109861784
t2m_ene,Sauce,26.656612903225806,1.178688712071503
t2m_ene,Silipica,27.8952688172043,0.9145247956199305
t2m_ene,Simoca,23.857870967741935,0.9679415293403787
t2m_ene,Sobremonte,22.97766862170088,0.9361109076672098
t2m_ene,Suipacha,24.153161290322583,1.2397643313382596
t2m_ene,Tafi Viejo,24.070967741935483,1.0045635953546228
t2m_ene,Tala,26.635892473118282,1.3861576610712578
t2m_ene,Tandil,21.60117302052786,1.033885979516417
t2m_ene,Tapalque,23.5686917562724,0.8665476320333646
t2m_ene,Tercero Arriba,23.041112347052277,0.9686581016077698
t2m_ene,Toay,24.92956989247312,1.0022054702581162
t2m_ene,Tornquist,23.00672379032258,0.9089509173000427
t2m_ene,Totoral,22.9152981427175,0.9205512766286271
t2m_ene,Trenel,24.3268697729988,1.3147025817767668
t2m_ene,Trenque Lauquen,24.227065556711757,0.9536352534924992
t2m_ene,Tres Arroyos,21.898870967741935,1.1243122397657117
t2m_ene,Tres Lomas,24.76687606112054,1.145221463675429
t2m_ene,Tulumba,22.992914349276973,0.8654234503968529
t2m_ene,Union,24.252101977107177,0.9038293370370594
t2m_ene,Uruguay,27.140260145681584,1.1378441116744031
t2m_ene,Utracan,24.725857385398978,1.2380771853679549
t2m_ene,Vera,27.620312805474097,1.346310842363941
t2m_ene,Victoria,25.993890518084065,1.1551301216490317
t2m_ene,Villa Constitucion,25.24234604105572,1.1113965820515108
t2m_ene,Villaguay,26.21837669094693,1.3926362219846595
t2m_ene,Zarate,25.008983382209188,1.0890046766437234
t2m_feb,12 De Octubre,27.1639131773399,1.069815903174399
t2m_feb,2 De Abril,27.18762068965517,1.0434401233839
t2m_feb,25 De Mayo,22.52912618257518,1.063106610476969
t2m_feb,9 De Julio,22.240056823092214,0.9626826029960925
t2m_feb,Adolfo Alsina,23.04288279967159,0.9978183394806978
t2m_feb,Adolfo Gonzales Chaves,20.469179714989444,1.0437809677242136
t2m_feb,Aguirre,27.097303515450065,1.4159007324945452
t2m_feb,Alberdi,26.66371697268249,1.5437149695812575
t2m_feb,Alberti,23.653716676325704,0.9096777802861951
t2m_feb,Almirante Brown,27.938450475017593,1.46564699273391
t2m_feb,Anta,26.445276456599284,1.153000292611917
t2m_feb,Arrecifes,23.325055418719213,0.8468000536216672
t2m_feb,Atreuco,22.83065228469509,1.3864144927356052
t2m_feb,Ayacucho,21.253214759378555,1.0553841660003507
t2m_feb,Azul,20.938320607553365,0.9191798756100952
t2m_feb,Balcarce,20.27439449917898,0.9601876301390752
t2m_feb,Banda,26.45096213054187,1.207095918774379
t2m_feb,Baradero,23.56161889834304,0.923819686225735
t2m_feb,Belgrano,23.889161996655673,1.0230994465708723
t2m_feb,Bella Vista,25.975783106345986,1.151821611474171
t2m_feb,Benito Juarez,20.49100276160621,1.0324965426223909
t2m_feb,Bermejo,27.03988268084003,0.9975627027458515
t2m_feb,Bolivar,23.59668123311616,0.9293783616333445
t2m_feb,Bragado,22.34686483057173,0.9110977890766577
t2m_feb,Brandsen,23.485184729064038,1.0229719430109128
t2m_feb,Burruyacu,22.56399151614669,1.2692442644989472
t2m_feb,Cainguas,25.173879310344827,0.9273930762532797
t2m_feb,Calamuchita,21.614281005505653,1.0978425089515993
t2m_feb,Campana,23.669484347687906,0.92396617820381
t2m_feb,Canuelas,22.893366174055828,0.9766272192685638
t2m_feb,Capital,23.065921626423325,1.3594845405377607
t2m_feb,Capitan Sarmiento,23.32538256793262,0.864566127712036
t2m_feb,Carlos Casares,22.32368749067025,0.9585307940831321
t2m_feb,Carlos Tejedor,23.006919008982905,1.1674878123280448
t2m_feb,Carmen De Areco,22.78230802665894,0.882973897810982
t2m_feb,Caseros,23.68812434691745,0.8632506759875833
t2m_feb,Castellanos,24.912764591730106,1.0507253713019473
t2m_feb,Castelli,22.651757461605335,1.0247543404239141
t2m_feb,Catrilo,23.08285851122058,1.2151982871370057
t2m_feb,Chacabuco,22.725457586206897,0.9359332081404023
t2m_feb,Chapaleufu,23.129290992258973,1.4083326898128163
t2m_feb,Chascomus,22.74140971366995,1.0475379142633805
t2m_feb,Chicligasta,26.1985960591133,1.185500162640928
t2m_feb,Chivilcoy,22.480689281982386,0.945362354781918
t2m_feb,Choya,25.76032840722496,1.2301448965142332
t2m_feb,Colon,23.04655394644246,0.9590862171535225
t2m_feb,Comandante Fernandez,27.279239532019705,1.3979534124828679
t2m_feb,Concordia,25.065321895702397,1.262292585997588
t2m_feb,Conhelo,23.208410010555948,1.2262117243374457
t2m_feb,Copo,26.590554835364273,1.421856198091905
t2m_feb,Coronel Dorrego,21.238875661375662,1.086179652957663
t2m_feb,Coronel Pringles,20.761087461660008,1.0462100865980424
t2m_feb,Coronel Suarez,20.920988916256157,0.9261149004561431
t2m_feb,Cruz Alta,25.62121145776318,1.4421494826478292
t2m_feb,Curuzu Cuatia,25.23914408866995,0.8194915069306258
t2m_feb,Daireaux,22.18493384940183,0.9753363929818091
t2m_feb,Diamante,25.268039336424224,0.9734599141184175
t2m_feb,Dolores,22.264288611996523,1.1742816621708094
t2m_feb,El Alto,23.163203143326296,1.1920721405598944
t2m_feb,El Carmen,23.001436781609197,1.212716853815485
t2m_feb,Esquina,25.4351369168357,0.8967573345320227
t2m_feb,Exaltacion De La Cruz,22.67024182713838,0.9616237444782878
t2m_feb,Famailla,19.537957204433496,1.1088115214411085
t2m_feb,Federacion,25.202498631636562,1.0362314007297522
t2m_feb,Federal,25.137670654468682,1.2691876800511557
t2m_feb,Feliciano,25.374679243170622,0.7885920780387747
t2m_feb,Figueroa,27.318435960591135,1.4076359875093662
t2m_feb,Florentino Ameghino,23.028251791312137,1.360387810510676
t2m_feb,Fray Justo Santa Maria De Oro,26.773662473610134,1.323540661979495
t2m_feb,Garay,24.273784893267653,0.8108693597658354
t2m_feb,General Alvarado,23.232605911330047,0.9297672855722993
t2m_feb,General Alvear,22.463673234811164,1.0983765741264095
t2m_feb,General Arenales,22.705846855983772,0.9389348152373891
t2m_feb,General Belgrano,22.510239978307045,1.1208689368538116
t2m_feb,General Donovan,26.65978415867254,1.1760838425984899
t2m_feb,General Guemes,22.159619333591632,1.1166754090047908
t2m_feb,General Jose De San Martin,16.614697506157636,0.8417417875329763
t2m_feb,General Juan Madariaga,21.15217684729064,0.9136683368327714
t2m_feb,General La Madrid,20.94531688139447,0.9635590964210914
t2m_feb,General Las Heras,23.15210306934445,1.046033761793823
t2m_feb,General Lopez,23.073232945215704,1.1064285498480313
t2m_feb,General Manuel Belgrano,24.950294950738915,1.0767498390512082
t2m_feb,General Obligado,26.47161617405583,1.2417332981876472
t2m_feb,General Paz,21.275118461177573,0.8735900959927559
t2m_feb,General Pinto,22.660541498731153,1.0003597512367228
t2m_feb,General Pueyrredon,20.000458743842366,0.8498437861628398
t2m_feb,General Roca,24.08948910285117,1.202243829428716
t2m_feb,General Rodriguez,23.312923645320197,1.0038376189229377
t2m_feb,General San Martin,22.901690655788176,0.9211030239040927
t2m_feb,General Taboada,27.090259415223265,1.3646590666461111
t2m_feb,General Viamonte,23.617516793551275,0.9486026490279381
t2m_feb,General Villegas,23.178162039110312,1.376702559495174
t2m_feb,Graneros,22.52175539977264,0.9959874819067793
t2m_feb,Gualeguay,24.201212458286985,0.8391157395814625
t2m_feb,Gualeguaychu,24.150906814449918,1.0726799863983951
t2m_feb,Guamini,22.365757389162564,1.0315296798009925
t2m_feb,Guarani,24.983409435392193,0.9515135437093944
t2m_feb,Guasayan,25.34238124560169,1.0911261303979702
t2m_feb,Guatrache,22.795228712174527,1.2763344969211412
t2m_feb,Hipolito Yrigoyen,20.936008732646663,0.9302242756056053
t2m_feb,Independencia,27.1639131773399,1.069815903174399
t2m_feb,Iriondo,23.722270356418427,0.9606803757996535
t2m_feb,Ischilin,21.61020738916256,1.063392978187571
t2m_feb,Ituzaingo,26.737172673061966,0.8058395332641359
t2m_feb,Jimenez,26.225411681914146,1.1782270451179366
t2m_feb,Juan Bautista Alberdi,22.62019550492611,1.1778536523008714
t2m_feb,Juan F. Ibarra,26.74053967276566,1.4225213855287793
t2m_feb,Juarez Celman,22.95799261083744,1.2564564336681503
t2m_feb,Junin,22.616183087027917,0.915951483804366
t2m_feb,La Candelaria,21.706684113300494,1.165853452661389
t2m_feb,La Capital,24.25869342672414,0.7888278052109429
t2m_feb,La Cocha,21.55183959359606,1.1208364408903608
t2m_feb,La Paz,25.518075738916256,1.1157907661964783
t2m_feb,Laishi,27.414771195229456,1.071375451551065
t2m_feb,Laprida,20.818317369093233,1.08344260276868
t2m_feb,Las Colonias,24.913111145320197,0.8448012393381252
t2m_feb,Las Flores,22.166126163108924,1.0205314637110654
t2m_feb,Leales,25.736705665024633,1.3986718254332808
t2m_feb,Leandro N. Alem,23.010551937286852,1.00961852663066
t2m_feb,Libertador General San Martin,27.12553129820371,1.2963229554705824
t2m_feb,Lincoln,22.331352370689654,0.9318515206692878
t2m_feb,Loberia,20.002550492610837,0.86278557705947
t2m_feb,Lobos,22.704944767875805,0.9689287847299246
t2m_feb,Lujan,22.927838110165695,0.8865519544146049
t2m_feb,Lules,19.737707464948844,1.0901563217528458
t2m_feb,Magdalena,23.388043766578246,1.0040938057796576
t2m_feb,Maipu,27.672307060755337,1.5064556187029088
t2m_feb,Mar Chiquita,21.232509417560127,0.9304562653652603
t2m_feb,Maraco,22.757616995073892,1.3508390523696974
t2m_feb,Marcos Juarez,23.50488916256158,1.0903645272332187
t2m_feb,Marcos Paz,23.199211287213533,1.0525419524762327
t2m_feb,Mayor Luis J. Fontana,,
t2m_feb,Mercedes,22.915661414982164,0.8822176829426386
t2m_feb,Metan,22.037912561576356,1.1355971068816344
t2m_feb,Mitre,26.979222378606615,1.2471378874173948
t2m_feb,Monte,22.62737643678161,1.0587152349100726
t2m_feb,Monteros,19.7071315681445,1.2007337621745482
t2m_feb,Moreno,27.311017606276227,1.7338423139356152
t2m_feb,Navarro,22.583072858731924,0.9397141107089283
t2m_feb,Necochea,20.235926487305797,0.8259818252333755
t2m_feb,Nogoya,24.53869573583744,0.971377082923164
t2m_feb,O'Higgins,27.149508881922674,1.0562136218939586
t2m_feb,Obera,25.069080102805742,0.9755106304450565
t2m_feb,Olavarria,21.24936974789916,0.9873726793251081
t2m_feb,Oran,26.061556342364533,1.214369156234269
t2m_feb,Parana,25.494225726998252,0.9711905119526371
t2m_feb,Pehuajo,22.559981889307448,1.0140694701392423
t2m_feb,Pellegrini,26.420809069317382,1.2500595226249973
t2m_feb,Pergamino,23.042011494252876,0.8404221085216094
t2m_feb,Pilagas,28.281389162561577,1.2727159837946933
t2m_feb,Pilar,23.290515118056735,0.9670113407282359
t2m_feb,Pilcomayo,28.4484093855328,1.2857812684219148
t2m_feb,Pirane,27.7397402064274,1.4167167276054293
t2m_feb,Pocho,23.377940550828484,0.8679395276652278
t2m_feb,Presidencia De La Plaza,26.46148275862069,1.2057625888020116
t2m_feb,Presidente Roque Saenz Pena,23.000973268617795,1.1633084953107569
t2m_feb,Puan,23.31276135741653,0.9983957412447587
t2m_feb,Quemu Quemu,23.185403506230077,1.2802283128634082
t2m_feb,Quitilipi,26.756689655172412,1.1255681213287791
t2m_feb,Ramallo,23.828328201970443,0.8470121572836425
t2m_feb,Rancul,23.10429627023223,1.4928464000958095
t2m_feb,Rauch,21.086822249589492,1.0034820398050817
t2m_feb,Realico,22.997307471264367,1.394362384098173
t2m_feb,Rio Chico,22.82321120689655,1.146118780984938
t2m_feb,Rio Cuarto,21.890807035098522,1.3474192950612958
t2m_feb,Rio Hondo,26.59479903716973,1.1571720134047063
t2m_feb,Rio Primero,23.362661466885605,1.0664886881732918
t2m_feb,Rio Seco,19.816724932464645,0.9958847806321061
t2m_feb,Rio Segundo,24.608452097842704,1.0191675316626485
t2m_feb,Rivadavia,23.310646721200342,0.95119375982096
t2m_feb,Robles,27.310308761435607,1.3086733786978215
t2m_feb,Rojas,23.084294769631992,0.896669110032098
t2m_feb,Roque Perez,22.699854764735857,1.0551721460924925
t2m_feb,Rosario,24.286124662323218,0.8387013528102761
t2m_feb,Rosario De La Frontera,21.596043719211824,1.2032726960344247
t2m_feb,Saavedra,21.43517684729064,1.1536084158681155
t2m_feb,Saladillo,22.448438269704432,0.9885447879794167
t2m_feb,Salliquelo,22.6337255975187,1.111676232869004
t2m_feb,Salto,22.789870876250184,0.8526126509431743
t2m_feb,San Alberto,21.806863300492612,0.8816927833093903
t2m_feb,San Andres De Giles,22.938751679355125,0.8987930610451257
t2m_feb,San Antonio De Areco,23.5856881624123,0.9096704590305403
t2m_feb,San Cayetano,20.242685221674876,0.8683307658030665
t2m_feb,San Cristobal,25.268582552041952,0.9479064242468958
t2m_feb,San Fernando,26.98068773091133,1.063664832498352
t2m_feb,San Javier,25.54013319169799,1.147717770422161
t2m_feb,San Jeronimo,26.52529855202269,1.108140599403744
t2m_feb,San Justo,21.555984400656815,1.039764386356933
t2m_feb,San Lorenzo,24.902553399822338,0.9658206108819635
t2m_feb,San Martin,25.563963196972942,0.8720372252307048
t2m_feb,San Nicolas,23.88677713091506,0.8987475009606317
t2m_feb,San Pedro,24.095035605037342,0.8835588892216056
t2m_feb,San Salvador,25.059932266009852,0.6786696614299016
t2m_feb,Santa Barbara,15.365865660919539,0.8824264144066248
t2m_feb,Santa Maria,21.67449616053318,1.1022647768799714
t2m_feb,Santa Rosa,23.086007799671595,1.04231056990224
t2m_feb,Santo Tome,25.914258004926108,0.9309039873151513
t2m_feb,Sargento Cabral,27.168366009852218,1.167294632940566
t2m_feb,Sauce,25.1395109078114,1.0395916414836675
t2m_feb,Silipica,26.69204844006568,1.1296193400045969
t2m_feb,Simoca,22.759176518883415,1.134264770749679
t2m_feb,Sobremonte,21.64190774742499,1.048167610799102
t2m_feb,Suipacha,22.489925697865353,0.9495396903723772
t2m_feb,Tafi Viejo,23.054158866995074,0.999389353226508
t2m_feb,Tala,25.192574302134645,1.217652747657828
t2m_feb,Tandil,20.354089416330794,1.0710574762366778
t2m_feb,Tapalque,22.157127805145045,1.0964876954587353
t2m_feb,Tercero Arriba,21.664442840156276,1.1950758004641413
t2m_feb,Toay,23.41535303776683,1.315916936785828
t2m_feb,Tornquist,21.55971328509852,1.1008220192377505
t2m_feb,Totoral,21.71242461561427,1.1298529641605113
t2m_feb,Trenel,22.92106595511768,1.2463689572996817
t2m_feb,Trenque Lauquen,22.863328301287147,1.1183029973522074
t2m_feb,Tres Arroyos,20.592180750284196,0.9889833076417849
t2m_feb,Tres Lomas,23.201551075965778,1.2850116300102281
t2m_feb,Tulumba,21.439700186852384,0.9939143050109427
t2m_feb,Union,22.791911250595902,1.0133479605093816
t2m_feb,Uruguay,25.49455982838074,0.9716245059845462
t2m_feb,Utracan,23.387803344568315,1.394572290870074
t2m_feb,Vera,26.150048514703688,1.309222528601802
t2m_feb,Victoria,24.346611807732497,0.9262193002654274
t2m_feb,Villa Constitucion,23.570329153605016,0.8324659359523279
t2m_feb,Villaguay,24.603552757031622,1.1314428426841021
t2m_feb,Zarate,23.722844454396178,0.9466183525224487
t2m_mar,12 De Octubre,25.293266129032258,1.5858160271253048
t2m_mar,2 De Abril,25.00859677419355,1.4882659402103462
t2m_mar,25 De Mayo,19.996222162235117,1.1521208712925162
t2m_mar,9 De Julio,19.757860780984718,1.2373035182034204
t2m_mar,Adolfo Alsina,20.880228494623655,1.106333861959056
t2m_mar,Adolfo Gonzales Chaves,17.79123271889401,0.9942584122698577
t2m_mar,Aguirre,25.420527859237538,1.0334046605578853
t2m_mar,Alberdi,24.60241935483871,1.3389587492464934
t2m_mar,Alberti,21.98819734345351,0.7974756277760706
t2m_mar,Almirante Brown,26.332914746543775,1.4344976072565705
t2m_mar,Anta,25.083225806451612,1.1234737859439732
t2m_mar,Arrecifes,20.927026209677418,1.2987808743151885
t2m_mar,Atreuco,19.31304783092325,1.2361123661190432
t2m_mar,Ayacucho,18.722593052109183,1.0780127651128704
t2m_mar,Azul,18.175247311827956,1.0720675529163055
t2m_mar,Balcarce,17.98021505376344,1.033728812972821
t2m_mar,Banda,24.426021505376344,1.146138360672824
t2m_mar,Baradero,21.134144672531768,1.242655075676537
t2m_mar,Belgrano,21.629375554897898,1.4397072991844517
t2m_mar,Bella Vista,24.7546110056926,1.7370168002253648
t2m_mar,Benito Juarez,17.79438905180841,1.032008497236116
t2m_mar,Bermejo,25.129066213921902,1.6254617206303439
t2m_mar,Bolivar,21.96087408949011,0.8012120076422143
t2m_mar,Bragado,19.921925708699902,1.1774280531186898
t2m_mar,Brandsen,20.846997518610422,0.9449862345191712
t2m_mar,Burruyacu,21.254384707287933,1.048702724999372
t2m_mar,Cainguas,24.07989677419355,1.5935917855742106
t2m_mar,Calamuchita,19.731195445920303,1.1439770108329812
t2m_mar,Campana,21.39060353798127,1.1607496792341048
t2m_mar,Canuelas,20.55622580645161,1.1634247908184958
t2m_mar,Capital,19.738933544861624,1.4286296475296878
t2m_mar,Capitan Sarmiento,20.907346514047866,1.2893735534424748
t2m_mar,Carlos Casares,19.684379276637344,1.2093215982875265
t2m_mar,Carlos Tejedor,20.019127134724858,1.280739244543875
t2m_mar,Carmen De Areco,20.427703984819733,1.2190125349380858
t2m_mar,Caseros,21.343812316715542,1.3326047605367914
t2m_mar,Castellanos,22.826881720430105,1.3941157691342823
t2m_mar,Castelli,20.04011385199241,1.0192022582645286
t2m_mar,Catrilo,19.943632019115892,1.154376751638817
t2m_mar,Chacabuco,20.25678322580645,1.2776755630747716
t2m_mar,Chapaleufu,20.265290322580643,1.240429400996025
t2m_mar,Chascomus,20.34304435483871,1.1267055405159647
t2m_mar,Chicligasta,24.37893300248139,1.5069419971836142
t2m_mar,Chivilcoy,20.06838709677419,1.1681669912332175
t2m_mar,Choya,23.328172043010753,1.3103548886070615
t2m_mar,Colon,20.588361629881152,1.2839388374635652
t2m_mar,Comandante Fernandez,25.43055443548387,1.4081445200886553
t2m_mar,Concordia,22.812169076751946,1.3987573481654225
t2m_mar,Conhelo,20.17138248847926,1.4658953969543882
t2m_mar,Copo,24.310203735144313,1.159255501288735
t2m_mar,Coronel Dorrego,18.520872162485066,1.0219556833997576
t2m_mar,Coronel Pringles,18.00208764455265,0.8839297054520985
t2m_mar,Coronel Suarez,17.97217204301075,1.0310312228849619
t2m_mar,Cruz Alta,24.187849462365588,1.2203042504964563
t2m_mar,Curuzu Cuatia,23.515437788018435,1.357971569036841
t2m_mar,Daireaux,19.364617511520738,1.1515096764376218
t2m_mar,Diamante,22.78696394686907,1.3739522849758157
t2m_mar,Dolores,19.40561669829222,1.0909191442674062
t2m_mar,El Alto,21.548141321044547,1.169564906180327
t2m_mar,El Carmen,21.93766129032258,0.885724146515074
t2m_mar,Esquina,23.685313092979126,1.3714573087826347
t2m_mar,Exaltacion De La Cruz,20.228602150537633,1.1474979643629601
t2m_mar,Famailla,17.984193548387097,1.0118281329630874
t2m_mar,Federacion,22.95888888888889,1.4411771465990282
t2m_mar,Federal,22.808629032258064,1.3647103629999897
t2m_mar,Feliciano,23.047463343108504,1.46234537449471
t2m_mar,Figueroa,25.133349875930524,1.6641876475209514
t2m_mar,Florentino Ameghino,20.070542521994135,1.1755706016216514
t2m_mar,Fray Justo Santa Maria De Oro,24.779251152073734,1.4302863581118583
t2m_mar,Garay,22.000150537634408,1.3448705488230035
t2m_mar,General Alvarado,20.965129032258066,0.9718710735935954
t2m_mar,General Alvear,19.577053763440862,1.1820194738159768
t2m_mar,General Arenales,20.353823529411763,1.2380938976634537
t2m_mar,General Belgrano,19.929301568511395,1.185024089768687
t2m_mar,General Donovan,25.41967741935484,1.1801352680012722
t2m_mar,General Guemes,20.89576295759333,0.9872858375939285
t2m_mar,General Jose De San Martin,15.894284274193549,0.7860870949910816
t2m_mar,General Juan Madariaga,19.46002580645161,0.8795367198045598
t2m_mar,General La Madrid,17.960049627791562,0.8993482421765189
t2m_mar,General Las Heras,20.544454094292803,1.125486813000088
t2m_mar,General Lopez,20.552815249266864,1.2754085679896046
t2m_mar,General Manuel Belgrano,24.377612903225806,1.1898554597579623
t2m_mar,General Obligado,24.278774193548387,1.6169719479715012
t2m_mar,General Paz,18.397880184331797,1.1416050213084534
t2m_mar,General Pinto,19.976891495601173,1.2399565292570027
t2m_mar,General Pueyrredon,18.52367943548387,0.797508219774611
t2m_mar,General Roca,21.597536656891496,1.3650704848388544
t2m_mar,General Rodriguez,20.939083870967742,1.1730062186407302
t2m_mar,General San Martin,20.839425403225807,1.231020922674837
t2m_mar,General Taboada,25.358459937565037,1.254721004263875
t2m_mar,General Viamonte,21.969960899315737,0.7841367188474181
t2m_mar,General Villegas,20.21991202346041,1.2610208654108814
t2m_mar,Graneros,21.213275434243176,1.1540602555330923
t2m_mar,Gualeguay,21.790998959417273,1.2720899127543546
t2m_mar,Gualeguaychu,21.8355376344086,1.2518201412187693
t2m_mar,Guamini,19.484986559139784,1.1042377722150476
t2m_mar,Guarani,23.7763523573201,1.4906483927315732
t2m_mar,Guasayan,23.753018433179726,1.1873689470799114
t2m_mar,Guatrache,19.32494623655914,1.363280212543224
t2m_mar,Hipolito Yrigoyen,18.176031280547413,1.075850577288371
t2m_mar,Independencia,25.293266129032258,1.5858160271253048
t2m_mar,Iriondo,21.48637571157495,1.370399413127949
t2m_mar,Ischilin,19.614477419354838,1.167053598885171
t2m_mar,Ituzaingo,25.95439728353141,1.372183518315841
t2m_mar,Jimenez,24.738076036866357,1.157480590404439
t2m_mar,Juan Bautista Alberdi,20.902076612903226,1.163705391798307
t2m_mar,Juan F. Ibarra,24.653467741935483,1.2103940613182187
t2m_mar,Juarez Celman,20.543956356736242,1.1320792714572887
t2m_mar,Junin,20.269983870967742,1.1820332532439413
t2m_mar,La Candelaria,20.518145161290324,1.0280903080304113
t2m_mar,La Capital,21.958004032258064,1.3172728967499858
t2m_mar,La Cocha,19.745201612903227,1.1824179408982376
t2m_mar,La Paz,23.364375,1.5203472215625562
t2m_mar,Laishi,25.70679117147708,1.2443758385565642
t2m_mar,Laprida,17.889928315412185,1.0370767003422683
t2m_mar,Las Colonias,22.654737903225808,1.4461710099525542
t2m_mar,Las Flores,19.60457586618877,1.1008842491966038
t2m_mar,Leales,24.306389578163774,1.1055758370557989
t2m_mar,Leandro N. Alem,20.591634615384617,1.3060515882105137
t2m_mar,Libertador General San Martin,25.45178233952428,1.2464522989537739
t2m_mar,Lincoln,19.82670362903226,1.210610813627679
t2m_mar,Loberia,18.512430107526882,0.8203823916504704
t2m_mar,Lobos,20.18945259042033,1.1026792219284538
t2m_mar,Lujan,20.676168132942326,1.2228713208731317
t2m_mar,Lules,18.039652605459057,1.110696007111751
t2m_mar,Magdalena,21.20640198511166,0.8143561414914058
t2m_mar,Maipu,25.538831541218638,1.4654403572165007
t2m_mar,Mar Chiquita,18.735237191650853,1.0405402593556403
t2m_mar,Maraco,19.34941176470588,1.179287361015581
t2m_mar,Marcos Juarez,21.298690127077226,1.3568025703861497
t2m_mar,Marcos Paz,20.4079523141655,1.096086141814629
t2m_mar,Mayor Luis J. Fontana,,
t2m_mar,Mercedes,20.497296996662957,1.1193595044950313
t2m_mar,Metan,20.84451612903226,0.9565614738436601
t2m_mar,Mitre,24.273640552995392,1.3672552473944273
t2m_mar,Monte,20.244924731182795,1.2089648503678887
t2m_mar,Monteros,18.195672043010752,1.0472407489363538
t2m_mar,Moreno,25.473942652329747,1.4090129156287596
t2m_mar,Navarro,20.244453694068678,1.1650893189746134
t2m_mar,Necochea,18.297357320099255,0.9012389900140738
t2m_mar,Nogoya,22.073709677419355,1.4055855193514195
t2m_mar,O'Higgins,25.27039100684262,1.5663628354382964
t2m_mar,Obera,23.88678821879383,1.5338582429396574
t2m_mar,Olavarria,18.30217267552182,1.0018242129212112
t2m_mar,Oran,24.80884072580645,0.8960283465122724
t2m_mar,Parana,23.182892819979187,1.4443408420972987
t2m_mar,Pehuajo,19.64592979127135,1.2252247655576052
t2m_mar,Pellegrini,24.645619239631337,1.2117089817697824
t2m_mar,Pergamino,20.699257086999022,1.3031564340088841
t2m_mar,Pilagas,26.898403225806454,1.3388951309554262
t2m_mar,Pilar,20.94412680756396,1.1207183005937709
t2m_mar,Pilcomayo,27.328455008488966,1.3124019614054718
t2m_mar,Pirane,26.297296466973886,1.2308895351001432
t2m_mar,Pocho,21.11391495601173,1.1821772491326439
t2m_mar,Presidencia De La Plaza,25.287661290322582,1.2771050953456233
t2m_mar,Presidente Roque Saenz Pena,20.825512333965847,1.1308306536307895
t2m_mar,Puan,21.173393070489844,1.2176031846096071
t2m_mar,Quemu Quemu,20.099667931688803,1.2490848779877144
t2m_mar,Quitilipi,25.042709677419353,1.3638270877336043
t2m_mar,Ramallo,21.46007056451613,1.3076635114257535
t2m_mar,Rancul,20.04959677419355,1.163069477508415
t2m_mar,Rauch,18.50494623655914,1.0834746194294937
t2m_mar,Realico,19.972623655913978,1.2848157286927213
t2m_mar,Rio Chico,21.349892473118278,0.9206464422684005
t2m_mar,Rio Cuarto,19.67602822580645,1.043295209908792
t2m_mar,Rio Hondo,24.479164222873898,1.2067757504189107
t2m_mar,Rio Primero,21.246173835125447,1.1986652632309467
t2m_mar,Rio Seco,18.065598335067637,1.1388039790017717
t2m_mar,Rio Segundo,22.458209121245826,1.4290245227298073
t2m_mar,Rivadavia,21.142521456052087,1.1424700056167907
t2m_mar,Robles,24.96479262672811,1.369449557042639
t2m_mar,Rojas,20.683956356736243,1.2494760792958233
t2m_mar,Roque Perez,20.01590656284761,1.1568758970234385
t2m_mar,Rosario,21.910915712799166,1.3218080226778912
t2m_mar,Rosario De La Frontera,20.280241935483872,0.954565900454847
t2m_mar,Saavedra,18.42731612903226,1.029004114962174
t2m_mar,Saladillo,19.88640120967742,1.1510105225917278
t2m_mar,Salliquelo,19.526857825567504,1.2115527385806304
t2m_mar,Salto,20.454740957966763,1.2637441466696226
t2m_mar,San Alberto,19.76775806451613,1.0951690415072342
t2m_mar,San Andres De Giles,20.627556207233628,1.189505076576053
t2m_mar,San Antonio De Areco,21.102531769305962,1.2152882889001924
t2m_mar,San Cayetano,18.135651612903224,0.9419259284756154
t2m_mar,San Cristobal,23.14853277835588,1.4619795588804176
t2m_mar,San Fernando,25.30252016129032,1.5943409590810549
t2m_mar,San Javier,23.921313254854,1.3109530993922411
t2m_mar,San Jeronimo,24.682512218963833,1.7919409039245717
t2m_mar,San Justo,19.699513440860212,1.1102199418281928
t2m_mar,San Lorenzo,22.465219460602857,1.380199382021543
t2m_mar,San Martin,23.034399251986912,1.3687525370990374
t2m_mar,San Nicolas,21.451691104594328,1.2879689320865553
t2m_mar,San Pedro,21.66268470343392,1.2622263997084786
t2m_mar,San Salvador,22.10118279569893,1.0791669702155755
t2m_mar,Santa Barbara,14.814650537634408,0.7408199426076577
t2m_mar,Santa Maria,19.742931688804553,1.1482716516040017
t2m_mar,Santa Rosa,21.686236559139786,1.0894157240377251
t2m_mar,Santo Tome,24.776,1.4268489777713746
t2m_mar,Sargento Cabral,25.292658064516125,1.599152750226525
t2m_mar,Sauce,23.482511520737326,1.5172534776370645
t2m_mar,Silipica,24.271989247311826,1.297254006106202
t2m_mar,Simoca,20.754215053763442,1.2131361825669242
t2m_mar,Sobremonte,19.611642228739,1.2604727783199812
t2m_mar,Suipacha,20.103913978494624,1.151600252104053
t2m_mar,Tafi Viejo,21.18867741935484,1.1501456618001111
t2m_mar,Tala,22.715344086021506,1.3470304410983587
t2m_mar,Tandil,17.794369501466278,1.0967941799972971
t2m_mar,Tapalque,18.93858422939068,1.277495527691181
t2m_mar,Tercero Arriba,19.698787541713013,1.1968718166524956
t2m_mar,Toay,19.89284946236559,1.3537849984392438
t2m_mar,Tornquist,18.397913306451613,0.9681308652531856
t2m_mar,Totoral,19.831114369501464,1.1401337078690046
t2m_mar,Trenel,19.87345280764636,1.32323950427672
t2m_mar,Trenque Lauquen,19.860593132154005,1.1637785353491426
t2m_mar,Tres Arroyos,18.264913151364762,0.934951453864748
t2m_mar,Tres Lomas,19.97320882852292,1.178781729967774
t2m_mar,Tulumba,19.587285873192435,1.0878218278288718
t2m_mar,Union,20.660166493236215,1.25047482586463
t2m_mar,Uruguay,23.048980228928198,1.3285290494709023
t2m_mar,Utracan,20.393480475382006,1.3344645850462273
t2m_mar,Vera,23.999511241446726,1.697560336483402
t2m_mar,Victoria,21.95039100684262,1.297264528640289
t2m_mar,Villa Constitucion,21.198944281524927,1.2925713475697682
t2m_mar,Villaguay,22.308928199791886,1.356447744965516
t2m_mar,Zarate,21.39427174975562,1.121470234410841
t2m_max_sep,12 De Octubre,25.559270833333333,2.0420784134953784
t2m_max_sep,2 De Abril,26.21785,1.9903700513291671
t2m_max_sep,25 De Mayo,19.03197907949791,0.9566048487377924
t2m_max_sep,9 De Julio,19.36386432748538,0.9519641865711482
t2m_max_sep,Adolfo Alsina,18.256375000000002,0.8636348939641467
t2m_max_sep,Adolfo Gonzales Chaves,16.916714285714285,0.9875738185225239
t2m_max_sep,Aguirre,31.128257575757576,1.7066562931598743
t2m_max_sep,Alberdi,28.422045454545454,1.4769273025761147
t2m_max_sep,Alberti,16.552686274509803,0.8269008422845434
t2m_max_sep,Almirante Brown,30.28238095238095,1.829494851943099
t2m_max_sep,Anta,30.79393103448276,1.699285691151802
t2m_max_sep,Arrecifes,20.724843749999998,1.1230653487957731
t2m_max_sep,Atreuco,18.83293103448276,1.1059191012754743
t2m_max_sep,Ayacucho,17.38076923076923,0.996076843721889
t2m_max_sep,Azul,17.038633333333333,1.027334859994241
t2m_max_sep,Balcarce,16.015833333333333,1.007791488308989
t2m_max_sep,Banda,28.55033333333333,1.4342353750731118
t2m_max_sep,Baradero,20.38619191919192,1.0145677309898997
t2m_max_sep,Belgrano,22.630532110091742,1.3541376183925393
t2m_max_sep,Bella Vista,25.027745098039215,2.063822927675091
t2m_max_sep,Benito Juarez,16.732161616161616,1.0099757323858922
t2m_max_sep,Bermejo,26.151157894736844,2.117307591411123
t2m_max_sep,Bolivar,16.642440860215054,0.8744875934028611
t2m_max_sep,Bragado,19.79468686868687,1.059230348004947
t2m_max_sep,Brandsen,18.04948717948718,0.5523041234042573
t2m_max_sep,Burruyacu,25.7280987654321,1.4688246036766741
t2m_max_sep,Cainguas,23.78012,1.9084476940017863
t2m_max_sep,Calamuchita,23.276303921568626,1.3759695237983527
t2m_max_sep,Campana,19.73589247311828,0.8834670732596945
t2m_max_sep,Canuelas,19.07606666666667,0.9211845713858793
t2m_max_sep,Capital,20.05928961748634,1.0758042006538966
t2m_max_sep,Capitan Sarmiento,20.671978494623655,1.1647071319545548
t2m_max_sep,Carlos Casares,19.53558585858586,1.0074398590759062
t2m_max_sep,Carlos Tejedor,20.20587254901961,1.1004398998414238
t2m_max_sep,Carmen De Areco,20.059166666666666,1.062485201322965
t2m_max_sep,Caseros,21.901161616161616,1.3009401705038703
t2m_max_sep,Castellanos,24.113626262626266,1.4979398624944293
t2m_max_sep,Castelli,16.686980392156865,0.8457895347493396
t2m_max_sep,Catrilo,19.777876543209874,1.0779745733334354
t2m_max_sep,Chacabuco,20.162141333333334,1.0492802677770492
t2m_max_sep,Chapaleufu,20.67442857142857,1.1429269945389946
t2m_max_sep,Chascomus,18.1555,0.8079697020473754
t2m_max_sep,Chicligasta,28.256641025641027,1.4535648609000238
t2m_max_sep,Chivilcoy,19.55071717171717,1.0316085407737303
t2m_max_sep,Choya,26.916333333333334,1.7512160627440292
t2m_max_sep,Colon,20.757491228070176,1.1964634052975722
t2m_max_sep,Comandante Fernandez,28.236989583333333,1.7631908727223593
t2m_max_sep,Concordia,21.475517241379308,1.3131095790364176
t2m_max_sep,Conhelo,20.00022619047619,1.18624796349397
t2m_max_sep,Copo,28.691087719298245,1.609619757421852
t2m_max_sep,Coronel Dorrego,16.911592592592594,1.1152936577511512
t2m_max_sep,Coronel Pringles,16.708899371069183,1.042319708292263
t2m_max_sep,Coronel Suarez,17.218999999999998,0.9850510109902292
t2m_max_sep,Cruz Alta,28.919320987654324,1.432837384327752
t2m_max_sep,Curuzu Cuatia,22.65157142857143,1.245582789684606
t2m_max_sep,Daireaux,18.89078095238095,0.9743729370941858
t2m_max_sep,Diamante,22.21526470588235,1.2990189739995532
t2m_max_sep,Dolores,17.317745098039214,0.8710829827912484
t2m_max_sep,El Alto,24.494999999999997,1.7525919852226497
t2m_max_sep,El Carmen,28.275777777777776,1.2856933040743845
t2m_max_sep,Esquina,24.54321568627451,1.626721651825026
t2m_max_sep,Exaltacion De La Cruz,19.38579797979798,1.003844965548417
t2m_max_sep,Famailla,22.203875,1.5847938801600014
t2m_max_sep,Federacion,21.90222222222222,1.471345238364373
t2m_max_sep,Federal,22.430559523809524,1.476996914422836
t2m_max_sep,Feliciano,23.215439393939395,1.6060297241919206
t2m_max_sep,Figueroa,29.394794871794872,1.63170615397947
t2m_max_sep,Florentino Ameghino,20.77778787878788,1.3479070923403915
t2m_max_sep,Fray Justo Santa Maria De Oro,27.803857142857144,1.589079002945232
t2m_max_sep,Garay,21.89325555555556,1.1984136375290375
t2m_max_sep,General Alvarado,18.139433333333333,0.7750715856198378
t2m_max_sep,General Alvear,18.68972222222222,1.044982703786662
t2m_max_sep,General Arenales,19.945872549019608,1.0958316953237548
t2m_max_sep,General Belgrano,18.335761467889906,1.051628657617368
t2m_max_sep,General Donovan,27.865684210526315,2.058498798188682
t2m_max_sep,General Guemes,27.21359176029963,1.5846850392485587
t2m_max_sep,General Jose De San Martin,21.498385416666668,1.328617639625964
t2m_max_sep,General Juan Madariaga,14.789066666666667,0.6393744193726771
t2m_max_sep,General La Madrid,17.29530769230769,0.9761426394997672
t2m_max_sep,General Las Heras,19.15021794871795,0.9580314953872058
t2m_max_sep,General Lopez,20.797010101010102,1.2139130010838248
t2m_max_sep,General Manuel Belgrano,26.21655,2.663467276510252
t2m_max_sep,General Obligado,25.61627777777778,1.7102447520017945
t2m_max_sep,General Paz,17.255396825396826,0.8551428510881665
t2m_max_sep,General Pinto,20.060222222222222,1.1298904373712355
t2m_max_sep,General Pueyrredon,13.472864583333333,0.7101410878011025
t2m_max_sep,General Roca,22.60980808080808,1.3772516816671103
t2m_max_sep,General Rodriguez,19.49712,0.9018548010751074
t2m_max_sep,General San Martin,22.450208333333332,1.1899469846026227
t2m_max_sep,General Taboada,29.215978494623656,1.5355224878305147
t2m_max_sep,General Viamonte,16.595727272727274,0.8080795712269572
t2m_max_sep,General Villegas,20.603414141414138,1.1972379266412394
t2m_max_sep,Graneros,24.965653846153845,1.4270713148286733
t2m_max_sep,Gualeguay,21.49663440860215,1.279140406838206
t2m_max_sep,Gualeguaychu,20.618299999999998,1.1171454946970156
t2m_max_sep,Guamini,18.66026388888889,0.9878962861872078
t2m_max_sep,Guarani,23.382615384615384,1.7701794176292664
t2m_max_sep,Guasayan,27.212869047619048,1.3787833646292968
t2m_max_sep,Guatrache,18.82242857142857,1.0410325811042773
t2m_max_sep,Hipolito Yrigoyen,17.189454545454545,1.0375405876203572
t2m_max_sep,Independencia,25.559270833333333,2.0420784134953784
t2m_max_sep,Iriondo,21.927068627450982,1.3026108715536044
t2m_max_sep,Ischilin,23.50288,1.4855431912142314
t2m_max_sep,Ituzaingo,24.021543859649125,1.7669164505827182
t2m_max_sep,Jimenez,29.50472619047619,1.465734569286476
t2m_max_sep,Juan Bautista Alberdi,25.10172916666667,1.635963466126307
t2m_max_sep,Juan F. Ibarra,28.709083333333332,1.4964860971251588
t2m_max_sep,Juarez Celman,22.026539215686274,1.2320620830664362
t2m_max_sep,Junin,19.803944444444443,1.0354165044693648
t2m_max_sep,La Candelaria,25.610357142857143,1.4903869769210594
t2m_max_sep,La Capital,21.96234375,1.2484270088009801
t2m_max_sep,La Cocha,23.217333333333332,1.6668196552005752
t2m_max_sep,La Paz,23.963562500000002,1.3988703928155954
t2m_max_sep,Laishi,27.542877192982456,2.463698384744803
t2m_max_sep,Laprida,16.929345679012346,1.0656293332627902
t2m_max_sep,Las Colonias,23.42429166666667,1.5765570075984832
t2m_max_sep,Las Flores,18.330802469135804,0.9804705884754854
t2m_max_sep,Leales,28.893538461538462,1.4540908639709422
t2m_max_sep,Leandro N. Alem,20.64805128205128,1.0911867215131148
t2m_max_sep,Libertador General San Martin,27.92685521885522,1.9717002919264375
t2m_max_sep,Lincoln,19.811541666666667,1.0333349453681488
t2m_max_sep,Loberia,13.446533333333333,0.7259629493516992
t2m_max_sep,Lobos,19.34609090909091,0.9485249194023703
t2m_max_sep,Lujan,19.87071717171717,0.9786865210052227
t2m_max_sep,Lules,22.332769230769234,1.622173481295636
t2m_max_sep,Magdalena,16.273102564102565,0.6650810641849033
t2m_max_sep,Maipu,28.730755555555557,1.684507751257009
t2m_max_sep,Mar Chiquita,15.739921568627452,0.811423710467285
t2m_max_sep,Maraco,18.844882352941177,1.0902691135442228
t2m_max_sep,Marcos Juarez,22.104747474747477,1.2393460137819081
t2m_max_sep,Marcos Paz,19.06214492753623,0.944910833407993
t2m_max_sep,Mayor Luis J. Fontana,,
t2m_max_sep,Mercedes,19.882120689655174,0.9770521238014158
t2m_max_sep,Metan,26.457255555555555,1.6216258094186426
t2m_max_sep,Mitre,28.89747619047619,1.5577248405532595
t2m_max_sep,Monte,18.607566666666667,1.0465370230493651
t2m_max_sep,Monteros,22.212166666666665,1.653747800566577
t2m_max_sep,Moreno,29.02583950617284,1.6811403800767297
t2m_max_sep,Navarro,19.256569892473117,0.9601146351060397
t2m_max_sep,Necochea,15.194807692307693,0.8827890407268042
t2m_max_sep,Nogoya,21.967145833333333,1.3439499210286727
t2m_max_sep,O'Higgins,25.654161616161616,2.0825248416572446
t2m_max_sep,Obera,23.288057971014492,1.7006224696755567
t2m_max_sep,Olavarria,17.35258823529412,1.0236799566245163
t2m_max_sep,Oran,31.457979166666668,1.6101319363948303
t2m_max_sep,Parana,23.11937634408602,1.3833220126496233
t2m_max_sep,Pehuajo,19.549852941176468,1.044730826387296
t2m_max_sep,Pellegrini,28.55364583333333,1.4891113931817879
t2m_max_sep,Pergamino,20.795363636363636,1.1870291913581417
t2m_max_sep,Pilagas,29.878216666666667,2.5918524957916724
t2m_max_sep,Pilar,19.50318390804598,0.850147263556027
t2m_max_sep,Pilcomayo,30.01115789473684,2.6600912737715077
t2m_max_sep,Pirane,28.79774603174603,2.3371616591849222
t2m_max_sep,Pocho,24.0064696969697,1.3279053069887945
t2m_max_sep,Presidencia De La Plaza,27.650183333333338,2.1512624512621716
t2m_max_sep,Presidente Roque Saenz Pena,22.509284313725487,1.2953333310780297
t2m_max_sep,Puan,19.528765432098766,0.8946204744409867
t2m_max_sep,Quemu Quemu,20.106676470588233,1.0190715305672875
t2m_max_sep,Quitilipi,27.855988888888888,1.9997102040684367
t2m_max_sep,Ramallo,21.310166666666667,1.1605105785245493
t2m_max_sep,Rancul,21.05420238095238,1.2248810854831453
t2m_max_sep,Rauch,17.343522222222223,1.0047767167122255
t2m_max_sep,Realico,21.1187,1.206325503781131
t2m_max_sep,Rio Chico,24.998319444444444,1.4294738550299446
t2m_max_sep,Rio Cuarto,21.820322916666665,1.3697722006262296
t2m_max_sep,Rio Hondo,28.624833333333335,1.491513441629289
t2m_max_sep,Rio Primero,23.73414814814815,1.3521253638798685
t2m_max_sep,Rio Seco,21.316225806451612,1.5079499583678022
t2m_max_sep,Rio Segundo,23.674666666666667,1.3988298624661204
t2m_max_sep,Rivadavia,19.445874617737005,0.8452701077888531
t2m_max_sep,Robles,29.39426190476191,1.5440406983840098
t2m_max_sep,Rojas,20.77879411764706,1.1785828304852053
t2m_max_sep,Roque Perez,18.82414942528736,1.0027125099789616
t2m_max_sep,Rosario,21.922817204301076,1.2434999109106866
t2m_max_sep,Rosario De La Frontera,25.421011904761905,1.534477725071927
t2m_max_sep,Saavedra,17.1978,1.056451073344322
t2m_max_sep,Saladillo,19.101677083333335,1.0012051715741972
t2m_max_sep,Salliquelo,18.961197530864197,0.9963944198071019
t2m_max_sep,Salto,20.06640404040404,1.0792104262607134
t2m_max_sep,San Alberto,23.681733333333334,1.3147949147438387
t2m_max_sep,San Andres De Giles,19.876050505050504,0.9825301102299198
t2m_max_sep,San Antonio De Areco,20.357454545454548,1.0438512918853469
t2m_max_sep,San Cayetano,16.611293333333332,0.9467610003859745
t2m_max_sep,San Cristobal,24.4840752688172,1.5268973278191666
t2m_max_sep,San Fernando,25.555322916666668,2.037724532975307
t2m_max_sep,San Javier,24.379481832543444,1.7128058820202563
t2m_max_sep,San Jeronimo,25.715898989898992,1.78742176107882
t2m_max_sep,San Justo,23.383966666666666,1.3993080385466825
t2m_max_sep,San Lorenzo,22.094765027322403,1.259396505005498
t2m_max_sep,San Martin,23.010925120772946,1.3525471030189755
t2m_max_sep,San Nicolas,21.32312121212121,1.1446553393749557
t2m_max_sep,San Pedro,21.091717741935483,1.0858089517506957
t2m_max_sep,San Salvador,21.941166666666664,1.596581515411454
t2m_max_sep,Santa Barbara,20.280847222222224,1.24878377538832
t2m_max_sep,Santa Maria,23.25778431372549,1.398449485026444
t2m_max_sep,Santa Rosa,24.471644444444443,1.626578377416824
t2m_max_sep,Santo Tome,24.07555,1.5108350824928665
t2m_max_sep,Sargento Cabral,26.006520000000002,2.152849188951788
t2m_max_sep,Sauce,24.182761904761907,1.5593150557932285
t2m_max_sep,Silipica,28.72288888888889,1.6089961694798007
t2m_max_sep,Simoca,25.22837777777778,1.7358334298821116
t2m_max_sep,Sobremonte,23.54810606060606,1.5924411043285622
t2m_max_sep,Suipacha,19.54607777777778,1.01471540159418
t2m_max_sep,Tafi Viejo,25.812466666666666,1.7331774303106628
t2m_max_sep,Tala,21.58091111111111,1.3471886007259435
t2m_max_sep,Tandil,16.693696969696973,0.8725124496231983
t2m_max_sep,Tapalque,17.795037037037034,1.1058663766441268
t2m_max_sep,Tercero Arriba,22.70522988505747,1.3657368588010235
t2m_max_sep,Toay,19.888833333333334,1.1789027592156505
t2m_max_sep,Tornquist,17.095,0.9611289918986422
t2m_max_sep,Totoral,23.28090909090909,1.4673349052333493
t2m_max_sep,Trenel,20.685308641975308,1.165652756953904
t2m_max_sep,Trenque Lauquen,19.81515053763441,1.057139339912408
t2m_max_sep,Tres Arroyos,16.95773076923077,1.0173682869453176
t2m_max_sep,Tres Lomas,19.878842105263157,1.1614160863084613
t2m_max_sep,Tulumba,23.60403448275862,1.4509336029595028
t2m_max_sep,Union,22.190290322580644,1.1602310745004891
t2m_max_sep,Uruguay,23.044645161290322,1.4504323644922392
t2m_max_sep,Utracan,20.88884210526316,1.2351119275936944
t2m_max_sep,Vera,25.287424242424244,1.570405826602561
t2m_max_sep,Victoria,21.958252525252526,1.2289902529626116
t2m_max_sep,Villa Constitucion,21.322848484848485,1.2305325182249722
t2m_max_sep,Villaguay,21.481236559139784,1.3026748555228462
t2m_max_sep,Zarate,19.73670707070707,0.881072766880648
t2m_max_oct,12 De Octubre,28.731602822580644,1.5223693183129083
t2m_max_oct,2 De Abril,29.264338709677418,1.529455972306869
t2m_max_oct,25 De Mayo,22.39091375354299,1.1039099830303918
t2m_max_oct,9 De Julio,22.66920882852292,1.1488574353416516
t2m_max_oct,Adolfo Alsina,21.572849462365593,1.0878231959629034
t2m_max_oct,Adolfo Gonzales Chaves,20.078917050691246,1.0751520589450698
t2m_max_oct,Aguirre,34.27158357771261,1.363110648407057
t2m_max_oct,Alberdi,32.80919354838709,1.281502952263175
t2m_max_oct,Alberti,19.63109108159393,1.0204043220139436
t2m_max_oct,Almirante Brown,33.19938940092166,1.8316677438904794
t2m_max_oct,Anta,34.4514126807564,1.20603379188297
t2m_max_oct,Arrecifes,24.179566532258065,1.3270917093975538
t2m_max_oct,Atreuco,22.63562847608454,1.6451579799962341
t2m_max_oct,Ayacucho,20.933039702233252,1.3748575399552923
t2m_max_oct,Azul,20.58578494623656,1.246664644663568
t2m_max_oct,Balcarce,19.54744086021505,1.527923075567219
t2m_max_oct,Banda,32.74840053763441,1.3103378297450798
t2m_max_oct,Baradero,23.868533724340175,1.1766384592586805
t2m_max_oct,Belgrano,26.45436815625925,1.5181698373157309
t2m_max_oct,Bella Vista,28.321423149905126,1.3101824817637433
t2m_max_oct,Benito Juarez,20.255200391006845,1.2122985654940392
t2m_max_oct,Bermejo,29.328471986417657,1.5782429146608736
t2m_max_oct,Bolivar,19.755712799167533,1.0088466065272494
t2m_max_oct,Bragado,23.019296187683285,1.1906639089429136
t2m_max_oct,Brandsen,21.172357320099255,0.9325832057984679
t2m_max_oct,Burruyacu,29.49826762246117,1.2220280842365432
t2m_max_oct,Cainguas,26.075470967741936,1.465652336476377
t2m_max_oct,Calamuchita,26.94084440227704,1.4144875823794785
t2m_max_oct,Campana,23.216305931321543,1.0767155702768092
t2m_max_oct,Canuelas,22.401559139784943,1.1413314456163097
t2m_max_oct,Capital,23.77812092367354,1.7179055122684603
t2m_max_oct,Capitan Sarmiento,24.148657648283038,1.3485258973083274
t2m_max_oct,Carlos Casares,22.68547409579668,1.1880614382433674
t2m_max_oct,Carlos Tejedor,23.630313092979126,1.5348148930121104
t2m_max_oct,Carmen De Areco,23.496631878557874,1.1851064352607554
t2m_max_oct,Caseros,25.685327468230696,1.4503248409886438
t2m_max_oct,Castellanos,27.904154447702837,1.2806821538229343
t2m_max_oct,Castelli,20.1326944971537,1.1562813960142586
t2m_max_oct,Catrilo,23.278876941457586,1.4786840848104297
t2m_max_oct,Chacabuco,23.530069677419355,1.2981300060874945
t2m_max_oct,Chapaleufu,24.2316866359447,1.643587281571528
t2m_max_oct,Chascomus,21.712620967741934,1.209892186970326
t2m_max_oct,Chicligasta,32.530198511166255,1.632977526096552
t2m_max_oct,Chivilcoy,22.797517106549364,1.103565426187068
t2m_max_oct,Choya,31.214236559139785,1.5624948597705448
t2m_max_oct,Colon,24.259892068881882,1.3957302056313556
t2m_max_oct,Comandante Fernandez,31.430060483870967,1.7434588002245122
t2m_max_oct,Concordia,25.192146829810902,1.1570664006600317
t2m_max_oct,Conhelo,23.719158986175113,1.7705473020481874
t2m_max_oct,Copo,32.702597623089986,1.386388034628404
t2m_max_oct,Coronel Dorrego,20.448602150537635,1.5205261009891688
t2m_max_oct,Coronel Pringles,20.180846013390138,1.2348139931343256
t2m_max_oct,Coronel Suarez,20.783236559139784,1.2840199422887288
t2m_max_oct,Cruz Alta,32.90550776583035,1.2707168761686687
t2m_max_oct,Curuzu Cuatia,26.674285714285713,0.7170693916380066
t2m_max_oct,Daireaux,22.320350230414746,1.2338227406120568
t2m_max_oct,Diamante,26.046859582542695,1.314177871330179
t2m_max_oct,Dolores,20.92806451612903,1.2166512847135837
t2m_max_oct,El Alto,28.460092165898615,1.4335441303283716
t2m_max_oct,El Carmen,31.43177419354839,0.9903063030034016
t2m_max_oct,Esquina,27.994535104364324,0.6412621536637659
t2m_max_oct,Exaltacion De La Cruz,22.633724340175952,1.0960390001844218
t2m_max_oct,Famailla,25.35858870967742,1.3730222120552478
t2m_max_oct,Federacion,25.483673835125447,1.371179557870345
t2m_max_oct,Federal,26.15225806451613,1.2505168808393865
t2m_max_oct,Feliciano,26.719912023460413,1.541983366274193
t2m_max_oct,Figueroa,32.48543424317618,1.5641570081469338
t2m_max_oct,Florentino Ameghino,24.134237536656894,1.8495562213944332
t2m_max_oct,Fray Justo Santa Maria De Oro,31.27639400921659,1.560011008727477
t2m_max_oct,Garay,25.858279569892474,1.3854934970311634
t2m_max_oct,General Alvarado,21.45958064516129,1.0883756440559413
t2m_max_oct,General Alvear,22.14109677419355,1.2402543743930303
t2m_max_oct,General Arenales,23.410493358633776,1.2643009129084228
t2m_max_oct,General Belgrano,22.05620301864457,1.364991370189796
t2m_max_oct,General Donovan,31.13164685908319,1.6956522037417678
t2m_max_oct,General Guemes,30.34055817325118,1.1070047508520282
t2m_max_oct,General Jose De San Martin,24.081663306451613,1.1133488773051274
t2m_max_oct,General Juan Madariaga,17.971070967741937,1.0458558678699275
t2m_max_oct,General La Madrid,20.704330024813892,1.274976148961633
t2m_max_oct,General Las Heras,22.449069478908186,1.126059992993437
t2m_max_oct,General Lopez,24.36569892473118,1.521407963322203
t2m_max_oct,General Manuel Belgrano,27.619887096774193,2.016702558221121
t2m_max_oct,General Obligado,28.89269892473118,1.4669346274022173
t2m_max_oct,General Paz,20.628279569892474,1.2320019677020735
t2m_max_oct,General Pinto,23.459980449657866,1.4374039644421388
t2m_max_oct,General Pueyrredon,16.18623991935484,1.0836399077624344
t2m_max_oct,General Roca,26.405542521994136,1.5290432307320023
t2m_max_oct,General Rodriguez,22.869548387096774,1.0596841704503361
t2m_max_oct,General San Martin,26.697308467741934,1.4082504430168985
t2m_max_oct,General Taboada,33.03629552549428,1.2211912264636806
t2m_max_oct,General Viamonte,19.641632453567937,1.0267391496108504
t2m_max_oct,General Villegas,24.09485826001955,1.652379580708427
t2m_max_oct,Graneros,28.980496277915634,1.2660647864719972
t2m_max_oct,Gualeguay,25.433922996878252,1.2529929624043048
t2m_max_oct,Gualeguaychu,24.391139784946237,1.094023048678803
t2m_max_oct,Guamini,22.290940860215056,1.4124259759872213
t2m_max_oct,Guarani,25.611910669975185,1.2849222666798124
t2m_max_oct,Guasayan,31.550864055299538,1.218853854127429
t2m_max_oct,Guatrache,22.48917050691244,1.77188436109379
t2m_max_oct,Hipolito Yrigoyen,20.7183284457478,1.1793579143351698
t2m_max_oct,Independencia,28.731602822580644,1.5223693183129083
t2m_max_oct,Iriondo,25.76351043643264,1.399669807507571
t2m_max_oct,Ischilin,26.821716129032257,1.419566036095515
t2m_max_oct,Ituzaingo,26.95064516129032,1.243409003434022
t2m_max_oct,Jimenez,33.595069124423965,1.255333625353291
t2m_max_oct,Juan Bautista Alberdi,29.03381048387097,1.4707460275218773
t2m_max_oct,Juan F. Ibarra,32.89491935483871,1.2423766214472303
t2m_max_oct,Juarez Celman,25.995284629981025,1.519653039361211
t2m_max_oct,Junin,23.391747311827956,1.3137332372204171
t2m_max_oct,La Candelaria,29.17646313364055,1.1407185108964462
t2m_max_oct,La Capital,25.84288306451613,1.3482357829191172
t2m_max_oct,La Cocha,27.175766129032258,1.470094264688161
t2m_max_oct,La Paz,27.66930443548387,1.1629045351485165
t2m_max_oct,Laishi,30.466179966044145,1.4115900890575392
t2m_max_oct,Laprida,20.352305854241337,1.2575129595284187
t2m_max_oct,Las Colonias,27.227953629032257,1.4727227253977433
t2m_max_oct,Las Flores,22.02857825567503,1.312562430267128
t2m_max_oct,Leales,32.966799007444166,1.261802215811108
t2m_max_oct,Leandro N. Alem,24.314190446650123,1.4796065498831703
t2m_max_oct,Libertador General San Martin,31.28181818181818,1.710961678987499
t2m_max_oct,Lincoln,23.061209677419356,1.2368607754685463
t2m_max_oct,Loberia,16.06916129032258,0.9942471417147727
t2m_max_oct,Lobos,22.63791788856305,1.1008343287587634
t2m_max_oct,Lujan,23.304604105571848,1.1470812711925216
t2m_max_oct,Lules,25.47779156327543,1.480629042982488
t2m_max_oct,Magdalena,19.367990074441686,0.9476894987016932
t2m_max_oct,Maipu,31.858207885304658,1.7111748939300466
t2m_max_oct,Mar Chiquita,19.122296015180265,1.160076515529404
t2m_max_oct,Maraco,22.727979127134724,1.5457247625373962
t2m_max_oct,Marcos Juarez,25.943695014662755,1.4870658848755312
t2m_max_oct,Marcos Paz,22.40046283309958,1.1625735490248854
t2m_max_oct,Mayor Luis J. Fontana,,
t2m_max_oct,Mercedes,23.354671857619575,1.1696407663095802
t2m_max_oct,Metan,29.853236559139784,1.1932014511954399
t2m_max_oct,Mitre,32.80921658986175,1.586450178531677
t2m_max_oct,Monte,22.179559139784946,1.3050548280534893
t2m_max_oct,Monteros,25.281962365591397,1.475657124046821
t2m_max_oct,Moreno,32.265065710872165,1.5695035666503352
t2m_max_oct,Navarro,22.62194588969823,1.1285212068686208
t2m_max_oct,Necochea,17.9051364764268,1.0323622444326843
t2m_max_oct,Nogoya,25.90584677419355,1.3340176812086544
t2m_max_oct,O'Higgins,28.755151515151518,1.5044875975204743
t2m_max_oct,Obera,25.642103786816268,1.3644123171673457
t2m_max_oct,Olavarria,20.87360531309298,1.2046350312099685
t2m_max_oct,Oran,34.645010080645164,1.270457780460903
t2m_max_oct,Parana,26.882944849115503,1.3437924954554648
t2m_max_oct,Pehuajo,22.904829222011386,1.3568582780643543
t2m_max_oct,Pellegrini,32.787744815668205,1.2260608811461824
t2m_max_oct,Pergamino,24.267047898338223,1.383978981801471
t2m_max_oct,Pilagas,32.429,1.5761795618085637
t2m_max_oct,Pilar,22.743692992213568,1.031335808440259
t2m_max_oct,Pilcomayo,32.50713073005093,1.6868403071808933
t2m_max_oct,Pirane,31.38811059907834,1.609267968758708
t2m_max_oct,Pocho,27.928035190615834,1.3872222245599575
t2m_max_oct,Presidencia De La Plaza,31.098080645161293,1.5544807035409431
t2m_max_oct,Presidente Roque Saenz Pena,26.599857685009486,1.367362133934366
t2m_max_oct,Puan,22.786953405017922,1.0758265009546633
t2m_max_oct,Quemu Quemu,23.67130929791271,1.571394491508608
t2m_max_oct,Quitilipi,31.185064516129035,1.5950159804742892
t2m_max_oct,Ramallo,25.04530241935484,1.3210177053198238
t2m_max_oct,Rancul,24.66248847926267,1.6781991681925807
t2m_max_oct,Rauch,20.772247311827957,1.2323816467255004
t2m_max_oct,Realico,24.790806451612905,1.876789071465823
t2m_max_oct,Rio Chico,28.892755376344088,1.1479794688369092
t2m_max_oct,Rio Cuarto,25.4715625,1.6316064393990208
t2m_max_oct,Rio Hondo,32.94340175953079,1.3052293602819778
t2m_max_oct,Rio Primero,27.653754480286736,1.1562109709915502
t2m_max_oct,Rio Seco,24.646420395421433,1.299448473831028
t2m_max_oct,Rio Segundo,27.55058954393771,1.3210390956262708
t2m_max_oct,Rivadavia,22.779641905889314,1.1105630585644033
t2m_max_oct,Robles,33.38615207373272,1.530414701365986
t2m_max_oct,Rojas,24.21764705882353,1.3889779226905086
t2m_max_oct,Roque Perez,22.256329254727476,1.2413177331713035
t2m_max_oct,Rosario,25.75998959417274,1.4439219399745955
t2m_max_oct,Rosario De La Frontera,29.11676267281106,1.2197228414425707
t2m_max_oct,Saavedra,20.99349677419355,1.4848825288631633
t2m_max_oct,Saladillo,22.389334677419356,1.1264291112317386
t2m_max_oct,Salliquelo,22.49301075268817,1.4922502115894087
t2m_max_oct,Salto,23.4177908113392,1.2228319309412166
t2m_max_oct,San Alberto,27.315403225806456,1.5677804877462327
t2m_max_oct,San Andres De Giles,23.345171065493645,1.110897059509358
t2m_max_oct,San Antonio De Areco,23.833372434017594,1.1798990627159172
t2m_max_oct,San Cayetano,19.545716129032257,1.2326608076298473
t2m_max_oct,San Cristobal,28.063163371488034,1.352190703144921
t2m_max_oct,San Fernando,28.754243951612903,1.535902093529237
t2m_max_oct,San Javier,27.36970035162819,1.098547546185503
t2m_max_oct,San Jeronimo,29.128260019550343,1.3015121726706984
t2m_max_oct,San Justo,26.918895161290322,1.3572557946177157
t2m_max_oct,San Lorenzo,25.884135378106823,1.4119861577532191
t2m_max_oct,San Martin,26.708338008415147,1.488926002751872
t2m_max_oct,San Nicolas,25.05159335288368,1.3007151062346856
t2m_max_oct,San Pedro,25.02074661810614,1.2818180867873177
t2m_max_oct,San Salvador,25.589247311827958,1.630177259887265
t2m_max_oct,Santa Barbara,22.46986559139785,1.0373882812879727
t2m_max_oct,Santa Maria,26.82810246679317,1.3169768050549915
t2m_max_oct,Santa Rosa,28.50036559139785,1.280181594968285
t2m_max_oct,Santo Tome,27.230016129032258,0.8826828014218658
t2m_max_oct,Sargento Cabral,28.996864516129037,1.6772603096643373
t2m_max_oct,Sauce,28.07903225806452,0.7924282881443828
t2m_max_oct,Silipica,33.060672043010754,1.5921071727193887
t2m_max_oct,Simoca,29.06421505376344,1.5281661562798554
t2m_max_oct,Sobremonte,26.782961876832847,1.4651499932139955
t2m_max_oct,Suipacha,22.928397849462367,1.1254025987377303
t2m_max_oct,Tafi Viejo,29.935903225806452,1.5580258983615503
t2m_max_oct,Tala,25.12974193548387,1.1371487390204111
t2m_max_oct,Tandil,20.056236559139787,1.192360084862638
t2m_max_oct,Tapalque,21.466523297491037,1.2937605411469772
t2m_max_oct,Tercero Arriba,26.26388209121246,1.447731563401751
t2m_max_oct,Toay,23.47078853046595,1.8259423321354626
t2m_max_oct,Tornquist,20.942550403225805,1.3591821570872336
t2m_max_oct,Totoral,26.7797458455523,1.3030148787246374
t2m_max_oct,Trenel,24.337538829151733,1.8270679276984039
t2m_max_oct,Trenque Lauquen,23.10618106139438,1.3811983920651354
t2m_max_oct,Tres Arroyos,19.967096774193546,1.2561002631031264
t2m_max_oct,Tres Lomas,23.235704584040747,1.7550100559815898
t2m_max_oct,Tulumba,26.93075639599555,1.480815912555883
t2m_max_oct,Union,26.35780437044745,1.501754495754066
t2m_max_oct,Uruguay,26.773485952133196,1.3176619562713683
t2m_max_oct,Utracan,24.224176570458404,1.6292955302844914
t2m_max_oct,Vera,28.881818181818183,1.4035962915118891
t2m_max_oct,Victoria,25.85227761485826,1.3280993411291222
t2m_max_oct,Villa Constitucion,24.980527859237537,1.428331899891366
t2m_max_oct,Villaguay,25.253839750260145,1.1693500729746085
t2m_max_oct,Zarate,23.164046920821114,1.0380422623209486
t2m_max_nov,12 De Octubre,30.390552083333333,1.892912384314408
t2m_max_nov,2 De Abril,30.4406,1.7739204133073547
t2m_max_nov,25 De Mayo,25.757772663877265,1.7249692436712818
t2m_max_nov,9 De Julio,26.014134502923977,1.648819755554061
t2m_max_nov,Adolfo Alsina,24.782347222222224,1.4972481471992096
t2m_max_nov,Adolfo Gonzales Chaves,23.830714285714286,1.5196468907432288
t2m_max_nov,Aguirre,35.090651515151514,1.4327629078197317
t2m_max_nov,Alberdi,34.80627272727273,1.2738831424829604
t2m_max_nov,Alberti,22.622421568627452,1.0811101767168907
t2m_max_nov,Almirante Brown,33.88727380952381,2.0521897530038316
t2m_max_nov,Anta,35.36374712643678,1.407021174170759
t2m_max_nov,Arrecifes,27.252625000000002,1.5318279280243166
t2m_max_nov,Atreuco,26.79209195402299,1.777935642809557
t2m_max_nov,Ayacucho,24.844564102564103,1.7638291919764346
t2m_max_nov,Azul,24.648477777777778,1.6480054836686036
t2m_max_nov,Balcarce,23.501955555555558,1.645548102409513
t2m_max_nov,Banda,34.60541666666666,1.0834398085914039
t2m_max_nov,Baradero,27.018454545454546,1.572900465298861
t2m_max_nov,Belgrano,29.189614678899083,1.493442082387224
t2m_max_nov,Bella Vista,30.393745098039215,2.1203990011362506
t2m_max_nov,Benito Juarez,24.24649494949495,1.5435711280114819
t2m_max_nov,Bermejo,30.6400701754386,1.7001225321815627
t2m_max_nov,Bolivar,22.702290322580644,1.1560692685319376
t2m_max_nov,Bragado,26.3809898989899,1.5167562873815448
t2m_max_nov,Brandsen,24.423641025641025,0.8603440145440794
t2m_max_nov,Burruyacu,30.581604938271607,1.401346071562042
t2m_max_nov,Cainguas,28.008226666666665,1.9189864602035225
t2m_max_nov,Calamuchita,28.801529411764704,1.7348319359263824
t2m_max_nov,Campana,26.355913978494623,1.4683046433512963
t2m_max_nov,Canuelas,25.7699,1.62429117850435
t2m_max_nov,Capital,28.130220400728597,1.8849391182339903
t2m_max_nov,Capitan Sarmiento,27.438860215053765,1.6521976515565089
t2m_max_nov,Carlos Casares,26.07246464646465,1.5802424610452144
t2m_max_nov,Carlos Tejedor,27.325950980392154,1.7963486087404048
t2m_max_nov,Carmen De Areco,26.779441176470588,1.6269970225079555
t2m_max_nov,Caseros,28.463020202020203,1.320956468864391
t2m_max_nov,Castellanos,30.162848484848485,1.423042100598487
t2m_max_nov,Castelli,23.654176470588233,1.2751309361833256
t2m_max_nov,Catrilo,27.402197530864196,1.65649055520424
t2m_max_nov,Chacabuco,26.879592,1.715688641669042
t2m_max_nov,Chapaleufu,27.681247619047618,1.7236460488126037
t2m_max_nov,Chascomus,25.34415625,1.5982545003586464
t2m_max_nov,Chicligasta,34.197051282051284,1.4943734773287412
t2m_max_nov,Chivilcoy,26.17290909090909,1.5170418612676393
t2m_max_nov,Choya,33.054288888888884,1.3372183926455796
t2m_max_nov,Colon,27.546625313283208,1.6962626963330527
t2m_max_nov,Comandante Fernandez,32.36833333333333,1.9426979724564453
t2m_max_nov,Concordia,27.982931034482757,1.4253910863486368
t2m_max_nov,Conhelo,27.745654761904763,1.9748942264370375
t2m_max_nov,Copo,34.37189473684211,1.2826288063858378
t2m_max_nov,Coronel Dorrego,24.792814814814815,1.590038050755077
t2m_max_nov,Coronel Pringles,24.184201257861638,1.4997344912305048
t2m_max_nov,Coronel Suarez,24.684255555555556,1.5287629428739005
t2m_max_nov,Cruz Alta,34.26288888888889,1.415779544261294
t2m_max_nov,Curuzu Cuatia,29.790309523809523,2.2159021602960904
t2m_max_nov,Daireaux,25.772304761904763,1.5474168341583943
t2m_max_nov,Diamante,28.738078431372546,1.3535435699238918
t2m_max_nov,Dolores,24.693862745098038,1.473116057031374
t2m_max_nov,El Alto,30.279095238095238,1.5585787940116658
t2m_max_nov,El Carmen,32.64025,1.3264722683659687
t2m_max_nov,Esquina,30.33958823529412,1.6963603011276325
t2m_max_nov,Exaltacion De La Cruz,26.072252525252523,1.6082990929651921
t2m_max_nov,Famailla,26.524375,1.3550816068086484
t2m_max_nov,Federacion,28.060351851851852,1.477215913753316
t2m_max_nov,Federal,29.027214285714283,1.6934272021573489
t2m_max_nov,Feliciano,29.268393939393942,1.3006942413109666
t2m_max_nov,Figueroa,33.09738461538462,1.6349694347927604
t2m_max_nov,Florentino Ameghino,27.675772727272726,1.9273821854382136
t2m_max_nov,Fray Justo Santa Maria De Oro,32.49969047619048,1.8084803136002354
t2m_max_nov,Garay,28.6368,1.321530447967134
t2m_max_nov,General Alvarado,24.82641111111111,1.5792988858203858
t2m_max_nov,General Alvear,25.92581111111111,1.8052360957941516
t2m_max_nov,General Arenales,26.56672549019608,1.5169093522577157
t2m_max_nov,General Belgrano,25.96893883792049,1.8616485753318905
t2m_max_nov,General Donovan,32.409245614035086,1.960332633786348
t2m_max_nov,General Guemes,31.229389513108615,1.3665068386180088
t2m_max_nov,General Jose De San Martin,24.584729166666666,1.2639626640211437
t2m_max_nov,General Juan Madariaga,21.067773333333335,1.3398342653173634
t2m_max_nov,General La Madrid,24.767089743589743,1.740728704518611
t2m_max_nov,General Las Heras,25.93124358974359,1.6239615664792402
t2m_max_nov,General Lopez,27.243222222222222,1.40795575724234
t2m_max_nov,General Manuel Belgrano,28.88093333333333,1.37286369333151
t2m_max_nov,General Obligado,31.009644444444444,1.9018784864619827
t2m_max_nov,General Paz,25.002158730158733,1.1550469091919442
t2m_max_nov,General Pinto,26.802050505050506,1.6654384602051913
t2m_max_nov,General Pueyrredon,19.415864583333335,1.072829003465382
t2m_max_nov,General Roca,29.276050505050502,1.5345950721815749
t2m_max_nov,General Rodriguez,26.135853333333333,1.5181732842831581
t2m_max_nov,General San Martin,29.351010416666668,1.404418252205566
t2m_max_nov,General Taboada,34.793516129032255,1.2419921746002351
t2m_max_nov,General Viamonte,22.61070707070707,1.128713906023059
t2m_max_nov,General Villegas,27.575181818181818,1.730195862569765
t2m_max_nov,Graneros,30.235025641025643,1.2716133197131092
t2m_max_nov,Gualeguay,28.170774193548386,1.511781248596544
t2m_max_nov,Gualeguaychu,27.448422222222224,1.5418111580212157
t2m_max_nov,Guamini,26.141861111111112,1.470128979574973
t2m_max_nov,Guarani,27.81629487179487,1.952879035514086
t2m_max_nov,Guasayan,33.22292857142857,1.2237016580014164
t2m_max_nov,Guatrache,26.808365079365075,1.572611974125855
t2m_max_nov,Hipolito Yrigoyen,24.732979797979798,1.504120003753104
t2m_max_nov,Independencia,30.390552083333333,1.892912384314408
t2m_max_nov,Iriondo,28.694254901960782,1.5210935572224766
t2m_max_nov,Ischilin,28.66158666666667,1.5837582975900033
t2m_max_nov,Ituzaingo,29.250157894736844,1.8487513749889994
t2m_max_nov,Jimenez,34.947630952380955,1.1817386240755527
t2m_max_nov,Juan Bautista Alberdi,30.421458333333334,1.4934402782886276
t2m_max_nov,Juan F. Ibarra,34.79011904761905,1.2707957301517412
t2m_max_nov,Juarez Celman,28.956186274509804,1.4830050736344194
t2m_max_nov,Junin,26.294455555555555,1.3454338415903893
t2m_max_nov,La Candelaria,30.05525,1.3545547235055497
t2m_max_nov,La Capital,28.598958333333332,1.2967766123882996
t2m_max_nov,La Cocha,28.894291666666668,1.5826828973940748
t2m_max_nov,La Paz,30.03496875,1.4723549307156505
t2m_max_nov,Laishi,32.20133333333333,1.9247160540944452
t2m_max_nov,Laprida,24.605444444444444,1.7456919868122533
t2m_max_nov,Las Colonias,29.631989583333333,1.3194545834311446
t2m_max_nov,Las Flores,25.91296296296296,1.8186422458069142
t2m_max_nov,Leales,34.21623076923077,1.4087760732690566
t2m_max_nov,Leandro N. Alem,27.490429487179487,1.5901009939043809
t2m_max_nov,Libertador General San Martin,32.46046464646465,1.75607835404026
t2m_max_nov,Lincoln,26.295927083333332,1.4845504532602076
t2m_max_nov,Loberia,19.395699999999998,1.0468344596084702
t2m_max_nov,Lobos,25.876545454545454,1.6315759589576226
t2m_max_nov,Lujan,26.53776767676768,1.598334109933876
t2m_max_nov,Lules,26.61628205128205,1.41050915318727
t2m_max_nov,Magdalena,22.472923076923077,0.6023775602321407
t2m_max_nov,Maipu,32.70774814814815,1.8863177456306044
t2m_max_nov,Mar Chiquita,22.770254901960783,1.5072949765198032
t2m_max_nov,Maraco,26.88357843137255,1.704225150133919
t2m_max_nov,Marcos Juarez,28.819838383838384,1.5171161493320056
t2m_max_nov,Marcos Paz,25.72149275362319,1.610389575395053
t2m_max_nov,Mayor Luis J. Fontana,,
t2m_max_nov,Mercedes,26.518201149425288,1.4722621598109256
t2m_max_nov,Metan,30.720855555555556,1.367481651262258
t2m_max_nov,Mitre,34.79159523809524,1.125737601908921
t2m_max_nov,Monte,25.926544444444446,1.8082558571958263
t2m_max_nov,Monteros,26.26511111111111,1.4247183690036522
t2m_max_nov,Moreno,33.21803703703704,1.7878389268863197
t2m_max_nov,Navarro,26.008118279569892,1.6382469572537022
t2m_max_nov,Necochea,21.236371794871793,1.1303076329602508
t2m_max_nov,Nogoya,28.715739583333335,1.5087176466005758
t2m_max_nov,O'Higgins,30.347444444444445,1.8794860310044177
t2m_max_nov,Obera,27.739115942028988,1.7372242506531885
t2m_max_nov,Olavarria,24.852617647058825,1.774635236636951
t2m_max_nov,Oran,35.21430208333333,1.7577128515562426
t2m_max_nov,Parana,29.45678494623656,1.3827949971207318
t2m_max_nov,Pehuajo,26.473911764705885,1.6811111250819304
t2m_max_nov,Pellegrini,34.60427083333333,1.2591144380995436
t2m_max_nov,Pergamino,27.30251515151515,1.4508734320777574
t2m_max_nov,Pilagas,33.65891666666666,1.9580176240478204
t2m_max_nov,Pilar,26.097781609195405,1.4592637094157972
t2m_max_nov,Pilcomayo,33.81668421052632,2.216983239643524
t2m_max_nov,Pirane,32.79550793650794,1.850856074058246
t2m_max_nov,Pocho,30.0375,1.5257208678741556
t2m_max_nov,Presidencia De La Plaza,32.22946666666667,1.5984288718862447
t2m_max_nov,Presidente Roque Saenz Pena,29.427245098039215,1.4153331627837946
t2m_max_nov,Puan,25.994703703703703,1.5270714426257836
t2m_max_nov,Quemu Quemu,27.520235294117647,1.6924283442836676
t2m_max_nov,Quitilipi,32.2738,1.6441087131137035
t2m_max_nov,Ramallo,27.994927083333334,1.3781305105791204
t2m_max_nov,Rancul,28.295083333333334,1.5785926446218863
t2m_max_nov,Rauch,24.516555555555556,1.7800725895339828
t2m_max_nov,Realico,28.245844444444444,1.6222566982113042
t2m_max_nov,Rio Chico,30.364611111111113,1.3891885257460244
t2m_max_nov,Rio Cuarto,27.84390625,1.5022125694556832
t2m_max_nov,Rio Hondo,34.67675757575758,1.296075819936676
t2m_max_nov,Rio Primero,30.065333333333335,1.4075833235366253
t2m_max_nov,Rio Seco,26.301301075268817,1.592292950328385
t2m_max_nov,Rio Segundo,29.922551724137932,1.4129601800628881
t2m_max_nov,Rivadavia,26.06845259938838,1.7885063166501245
t2m_max_nov,Robles,35.108000000000004,1.209877093425849
t2m_max_nov,Rojas,27.39529411764706,1.4308560875212688
t2m_max_nov,Roque Perez,25.853862068965515,1.7684557776315535
t2m_max_nov,Rosario,28.42920430107527,1.270414037721617
t2m_max_nov,Rosario De La Frontera,29.90288095238095,1.4200894170371645
t2m_max_nov,Saavedra,25.27956,1.4120709499801258
t2m_max_nov,Saladillo,25.716354166666665,1.6184658759660848
t2m_max_nov,Salliquelo,26.235185185185188,1.46620704142324
t2m_max_nov,Salto,26.59887878787879,1.5442064683172805
t2m_max_nov,San Alberto,29.094666666666665,1.5672311375787846
t2m_max_nov,San Andres De Giles,26.53988888888889,1.5963372043235131
t2m_max_nov,San Antonio De Areco,26.999747474747476,1.5948420660015885
t2m_max_nov,San Cayetano,23.160226666666667,1.4507776481750894
t2m_max_nov,San Cristobal,30.17378494623656,1.335335498274128
t2m_max_nov,San Fernando,30.23765625,1.6507333191425622
t2m_max_nov,San Javier,29.64103633491311,1.5200873868803886
t2m_max_nov,San Jeronimo,30.88662626262626,1.8170076376451871
t2m_max_nov,San Justo,28.627647222222222,1.5960148972904877
t2m_max_nov,San Lorenzo,28.8231174863388,1.5508905382871596
t2m_max_nov,San Martin,29.532021739130435,1.4203726828982732
t2m_max_nov,San Nicolas,28.094040404040406,1.4710765444752991
t2m_max_nov,San Pedro,28.1116438172043,1.6504086994799936
t2m_max_nov,San Salvador,28.596833333333333,1.1347809693878577
t2m_max_nov,Santa Barbara,22.85518055555556,1.1621743031532852
t2m_max_nov,Santa Maria,28.663382352941174,1.627401068139474
t2m_max_nov,Santa Rosa,30.243188888888888,1.3585356063578233
t2m_max_nov,Santo Tome,29.927866666666667,1.3734861028979504
t2m_max_nov,Sargento Cabral,30.612466666666663,1.6951850385178648
t2m_max_nov,Sauce,30.49792857142857,1.8723595798390051
t2m_max_nov,Silipica,35.020805555555555,0.9989742158868447
t2m_max_nov,Simoca,30.39637777777778,1.5019632330517134
t2m_max_nov,Sobremonte,28.422560606060607,1.7509208987005933
t2m_max_nov,Suipacha,26.29908888888889,1.5207474239526075
t2m_max_nov,Tafi Viejo,30.695600000000002,1.524274843173259
t2m_max_nov,Tala,28.083933333333334,1.557734732654443
t2m_max_nov,Tandil,23.953323232323232,1.6390844825288908
t2m_max_nov,Tapalque,25.36264814814815,1.7770317267305138
t2m_max_nov,Tercero Arriba,28.251114942528737,1.7520834814582624
t2m_max_nov,Toay,27.843740740740742,1.7308318660224156
t2m_max_nov,Tornquist,24.9673125,1.4963242416371891
t2m_max_nov,Totoral,28.671464646464646,1.654356384879097
t2m_max_nov,Trenel,28.057975308641975,1.5671969995071855
t2m_max_nov,Trenque Lauquen,26.66804301075269,1.6674923260236219
t2m_max_nov,Tres Arroyos,23.975589743589744,1.435673074229776
t2m_max_nov,Tres Lomas,27.223649122807018,1.433847381868073
t2m_max_nov,Tulumba,28.69935632183908,1.6093866916506354
t2m_max_nov,Union,29.15143010752688,1.496970058815221
t2m_max_nov,Uruguay,29.41778494623656,1.3749657222619986
t2m_max_nov,Utracan,28.123719298245618,2.0101581666875656
t2m_max_nov,Vera,30.75271717171717,1.8419743749748454
t2m_max_nov,Victoria,28.712707070707072,1.4338961752414483
t2m_max_nov,Villa Constitucion,27.860060606060607,1.38506953910501
t2m_max_nov,Villaguay,28.04690322580645,1.558329098493469
t2m_max_nov,Zarate,26.31580808080808,1.4490588109909268
t2m_max_dic,12 De Octubre,32.815846774193545,2.274966376314107
t2m_max_dic,2 De Abril,32.69343548387097,2.0720887970494335
t2m_max_dic,25 De Mayo,28.97845188284519,2.038358475961443
t2m_max_dic,9 De Julio,28.9192156196944,1.9599634409201603
t2m_max_dic,Adolfo Alsina,28.53822580645161,1.8398768299291253
t2m_max_dic,Adolfo Gonzales Chaves,27.45480414746544,1.986381594326787
t2m_max_dic,Aguirre,35.6850146627566,1.3666335309950366
t2m_max_dic,Alberdi,35.987815249266866,1.649967909593653
t2m_max_dic,Alberti,25.633870967741935,1.3520630110680971
t2m_max_dic,Almirante Brown,35.10820276497696,1.7146455181546048
t2m_max_dic,Anta,35.721446051167966,1.1183784723731014
t2m_max_dic,Arrecifes,30.558306451612903,2.1106997685141957
t2m_max_dic,Atreuco,30.62337041156841,2.1076496716235793
t2m_max_dic,Ayacucho,28.850806451612904,1.8803458832545938
t2m_max_dic,Azul,28.32290322580645,2.0771397776485956
t2m_max_dic,Balcarce,27.369268817204304,1.8500180737248793
t2m_max_dic,Banda,36.046209677419355,1.244816891125314
t2m_max_dic,Baradero,30.485004887585532,2.1247780751491003
t2m_max_dic,Belgrano,31.52700503107428,2.0068652400375537
t2m_max_dic,Bella Vista,32.79962049335864,2.3636184050220495
t2m_max_dic,Benito Juarez,27.949560117302052,1.9476989742624522
t2m_max_dic,Bermejo,32.993497453310695,1.9672938565666398
t2m_max_dic,Bolivar,25.61655567117586,1.4207983944273483
t2m_max_dic,Bragado,29.309794721407627,2.0091772694479255
t2m_max_dic,Brandsen,28.96287841191067,1.9277895422678941
t2m_max_dic,Burruyacu,30.861863799283153,1.4185832222846337
t2m_max_dic,Cainguas,29.948567741935484,2.307886682433191
t2m_max_dic,Calamuchita,30.39716318785579,1.7944424548853624
t2m_max_dic,Campana,29.793818938605618,2.14854847806281
t2m_max_dic,Canuelas,29.579118279569894,2.0985684988580653
t2m_max_dic,Capital,31.538106821787412,2.029644448722479
t2m_max_dic,Capitan Sarmiento,30.569510926118625,2.1937714922450517
t2m_max_dic,Carlos Casares,29.27173998044966,2.0782230164767057
t2m_max_dic,Carlos Tejedor,30.765540796963947,2.1716076983193626
t2m_max_dic,Carmen De Areco,30.04226755218216,2.1029747592066212
t2m_max_dic,Caseros,31.126764418377324,2.0185578506938104
t2m_max_dic,Castellanos,32.34477028347997,2.1084689213958168
t2m_max_dic,Castelli,27.646280834914613,1.663942379382436
t2m_max_dic,Catrilo,30.642174432497015,2.1285698226873304
t2m_max_dic,Chacabuco,29.67274064516129,1.9677120775394272
t2m_max_dic,Chapaleufu,30.58079262672811,2.2304637622843244
t2m_max_dic,Chascomus,29.260836693548388,2.035623864701355
t2m_max_dic,Chicligasta,34.42528535980149,1.1142018256416992
t2m_max_dic,Chivilcoy,29.378768328445748,2.1241500204570802
t2m_max_dic,Choya,34.368752688172044,1.4577462483819754
t2m_max_dic,Colon,30.233527771040507,1.9493419205864317
t2m_max_dic,Comandante Fernandez,33.87360887096774,2.1162868419074723
t2m_max_dic,Concordia,31.766607341490545,2.0422833270397702
t2m_max_dic,Conhelo,31.227557603686638,2.299951553625326
t2m_max_dic,Copo,35.60517826825127,1.431979284735704
t2m_max_dic,Coronel Dorrego,28.459677419354836,1.806216248846481
t2m_max_dic,Coronel Pringles,28.00707851491175,1.8330954965729764
t2m_max_dic,Coronel Suarez,28.243387096774192,2.02280573256157
t2m_max_dic,Cruz Alta,34.615698924731184,1.5601533167891724
t2m_max_dic,Curuzu Cuatia,32.83283410138249,2.545590566529365
t2m_max_dic,Daireaux,29.11248847926267,2.0700451159276834
t2m_max_dic,Diamante,31.455664136622392,1.8546088891430546
t2m_max_dic,Dolores,28.956679316888046,1.9506864261997277
t2m_max_dic,El Alto,31.44775729646697,1.0932211874953128
t2m_max_dic,El Carmen,31.730725806451613,1.2480647254745625
t2m_max_dic,Esquina,32.898273244781784,2.259006269459551
t2m_max_dic,Exaltacion De La Cruz,29.486793743890516,2.212556192134324
t2m_max_dic,Famailla,26.732439516129034,1.1549249980903573
t2m_max_dic,Federacion,31.467670250896056,2.0503835377113333
t2m_max_dic,Federal,32.58149769585253,2.313124846228514
t2m_max_dic,Feliciano,31.861363636363638,1.9444351813162617
t2m_max_dic,Figueroa,35.24024813895782,1.5265157661207314
t2m_max_dic,Florentino Ameghino,30.953211143695015,2.129046172456677
t2m_max_dic,Fray Justo Santa Maria De Oro,33.78380184331797,1.8882692685616203
t2m_max_dic,Garay,31.512612903225808,1.8987444107336637
t2m_max_dic,General Alvarado,28.168462365591395,1.6922867119457425
t2m_max_dic,General Alvear,29.566849462365592,2.129552106762345
t2m_max_dic,General Arenales,29.346641366223906,1.8876099311773005
t2m_max_dic,General Belgrano,30.041006214856466,1.9933297065283822
t2m_max_dic,General Donovan,34.11937181663837,1.804411753028501
t2m_max_dic,General Guemes,31.199227981152593,1.320677242949392
t2m_max_dic,General Jose De San Martin,24.726824596774193,0.9737121465271023
t2m_max_dic,General Juan Madariaga,24.74787096774194,1.5080169016691212
t2m_max_dic,General La Madrid,28.549652605459055,2.10472091510325
t2m_max_dic,General Las Heras,29.61730769230769,2.1591711766729604
t2m_max_dic,General Lopez,29.83950146627566,1.753880731480409
t2m_max_dic,General Manuel Belgrano,29.481209677419354,1.6798011458958462
t2m_max_dic,General Obligado,33.7123440860215,2.4517440380204767
t2m_max_dic,General Paz,29.149078341013826,2.2712420570342435
t2m_max_dic,General Pinto,29.816138807429127,1.915908838094864
t2m_max_dic,General Pueyrredon,22.522681451612904,1.3620577121971653
t2m_max_dic,General Roca,31.58307917888563,2.07408789033009
t2m_max_dic,General Rodriguez,29.54501935483871,2.1111760897984473
t2m_max_dic,General San Martin,31.53665322580645,1.6448283349390038
t2m_max_dic,General Taboada,35.842903225806445,1.5614560384817098
t2m_max_dic,General Viamonte,25.619452590420334,1.3464988599297802
t2m_max_dic,General Villegas,30.453714565004887,2.0457554836703484
t2m_max_dic,Graneros,30.78894540942928,0.9985963699902409
t2m_max_dic,Gualeguay,31.69738813735692,2.0121351018477056
t2m_max_dic,Gualeguaychu,31.29931182795699,2.285663397254359
t2m_max_dic,Guamini,29.666182795698926,2.0518071672003253
t2m_max_dic,Guarani,29.842332506203473,2.42488639262329
t2m_max_dic,Guasayan,34.21672811059908,1.229871182255078
t2m_max_dic,Guatrache,30.843579109062983,1.8118273925983805
t2m_max_dic,Hipolito Yrigoyen,28.477781036168132,2.0263867708800185
t2m_max_dic,Independencia,32.815846774193545,2.274966376314107
t2m_max_dic,Iriondo,31.21465844402277,2.0341670085953454
t2m_max_dic,Ischilin,30.480283870967742,1.3449534963663752
t2m_max_dic,Ituzaingo,32.08013582342954,1.9240468847709928
t2m_max_dic,Jimenez,35.49493087557604,1.448506994149092
t2m_max_dic,Juan Bautista Alberdi,30.91399193548387,1.274053096247123
t2m_max_dic,Juan F. Ibarra,35.97821428571429,1.5782854975641607
t2m_max_dic,Juarez Celman,31.578130929791275,1.7816147638868098
t2m_max_dic,Junin,29.05411827956989,1.6848319230798556
t2m_max_dic,La Candelaria,29.957350230414743,1.321196207997335
t2m_max_dic,La Capital,31.41166330645161,1.8999056669956247
t2m_max_dic,La Cocha,29.855060483870968,1.0596882617978542
t2m_max_dic,La Paz,32.8982560483871,2.0147304016290115
t2m_max_dic,Laishi,34.364346349745325,2.201720234148812
t2m_max_dic,Laprida,28.654133811230583,1.970148564982457
t2m_max_dic,Las Colonias,32.22219758064516,2.022020369662847
t2m_max_dic,Las Flores,29.714301075268818,2.112326860566064
t2m_max_dic,Leales,34.55559553349876,1.4962715088645548
t2m_max_dic,Leandro N. Alem,30.297800868486352,1.9209654280271338
t2m_max_dic,Libertador General San Martin,34.08818833496253,1.916323006224973
t2m_max_dic,Lincoln,29.094647177419354,1.8576245176860964
t2m_max_dic,Loberia,22.527096774193545,1.4059076924790572
t2m_max_dic,Lobos,29.31815249266862,2.157479734273965
t2m_max_dic,Lujan,29.930791788856308,2.1741741110378823
t2m_max_dic,Lules,26.6187841191067,1.1563853264085262
t2m_max_dic,Magdalena,26.316898263027294,1.5756789689821897
t2m_max_dic,Maipu,33.968716845878134,1.8902150678045393
t2m_max_dic,Mar Chiquita,27.000303605313093,1.7664640147430843
t2m_max_dic,Maraco,30.749193548387098,2.0930230725563765
t2m_max_dic,Marcos Juarez,31.202375366568916,1.7817468045310019
t2m_max_dic,Marcos Paz,29.36852734922861,2.1552593466781333
t2m_max_dic,Mayor Luis J. Fontana,,
t2m_max_dic,Mercedes,29.952842046718576,2.0732943148915246
t2m_max_dic,Metan,30.783344086021504,1.166590775593649
t2m_max_dic,Mitre,36.03960829493088,1.5379833076934868
t2m_max_dic,Monte,29.97735483870968,2.172388833874278
t2m_max_dic,Monteros,26.429139784946234,1.0825702058341098
t2m_max_dic,Moreno,34.3858064516129,1.8288505014701908
t2m_max_dic,Navarro,29.29981269510926,2.1905236289096734
t2m_max_dic,Necochea,24.387344913151367,1.609185388133851
t2m_max_dic,Nogoya,31.807671370967743,2.016070262176725
t2m_max_dic,O'Higgins,32.86711632453568,2.2584244988681004
t2m_max_dic,Obera,29.704319775596076,2.3286879903704185
t2m_max_dic,Olavarria,28.88107210626186,2.0591725425660536
t2m_max_dic,Oran,34.928477822580646,1.710693011599701
t2m_max_dic,Parana,32.188178980228926,1.9279515125321238
t2m_max_dic,Pehuajo,29.823984819734346,2.169481755792528
t2m_max_dic,Pellegrini,35.78194124423963,1.3124618801117356
t2m_max_dic,Pergamino,30.308142717497557,2.0312242698767435
t2m_max_dic,Pilagas,34.48183870967742,2.450082254057149
t2m_max_dic,Pilar,29.84695216907675,2.02199232689392
t2m_max_dic,Pilcomayo,34.69556876061121,2.762149555714941
t2m_max_dic,Pirane,33.883978494623655,2.032843121963777
t2m_max_dic,Pocho,31.83096774193548,1.7559280525979974
t2m_max_dic,Presidencia De La Plaza,33.83877419354839,1.6768572376681377
t2m_max_dic,Presidente Roque Saenz Pena,31.747447817836814,1.7576316207104719
t2m_max_dic,Puan,29.778912783751494,2.0256497370041844
t2m_max_dic,Quemu Quemu,30.81412713472486,2.17290558656037
t2m_max_dic,Quitilipi,34.228806451612904,1.9277266167325964
t2m_max_dic,Ramallo,31.22951612903226,1.9950431861554325
t2m_max_dic,Rancul,31.630771889400922,2.2480094788206184
t2m_max_dic,Rauch,28.385569892473118,2.0173816725891105
t2m_max_dic,Realico,31.431311827956993,2.2938746319195924
t2m_max_dic,Rio Chico,31.223817204301074,1.3583248266099852
t2m_max_dic,Rio Cuarto,30.321824596774192,1.7110142450110386
t2m_max_dic,Rio Hondo,35.827067448680346,1.3954519374730334
t2m_max_dic,Rio Primero,31.895743727598568,1.872949431718328
t2m_max_dic,Rio Seco,27.779021852237253,1.8615912067121188
t2m_max_dic,Rio Segundo,32.12273637374861,1.8758297537110757
t2m_max_dic,Rivadavia,29.56821248890204,2.1094965548634486
t2m_max_dic,Robles,36.12248847926268,1.5566925740969162
t2m_max_dic,Rojas,30.332960151802656,2.0038053343409548
t2m_max_dic,Roque Perez,29.32135706340378,2.141929047480943
t2m_max_dic,Rosario,31.30515088449532,1.7951469967914289
t2m_max_dic,Rosario De La Frontera,29.950967741935482,1.2486238619140901
t2m_max_dic,Saavedra,29.056825806451613,1.8807584015778838
t2m_max_dic,Saladillo,28.940262096774195,2.151977638581961
t2m_max_dic,Salliquelo,29.796296296296298,1.8829148236639746
t2m_max_dic,Salto,29.878690127077224,2.140488461890213
t2m_max_dic,San Alberto,30.266000000000002,1.7225988419709974
t2m_max_dic,San Andres De Giles,30.02425219941349,2.1148224607321477
t2m_max_dic,San Antonio De Areco,30.451867057673507,2.1400034216386743
t2m_max_dic,San Cayetano,26.41672258064516,1.621755363348653
t2m_max_dic,San Cristobal,32.505515088449535,2.114203140069721
t2m_max_dic,San Fernando,32.62545362903226,2.0882729966052502
t2m_max_dic,San Javier,31.871259746216175,1.9261070382331857
t2m_max_dic,San Jeronimo,33.51462365591398,2.288344479812858
t2m_max_dic,San Justo,30.201559139784944,1.7921756914411167
t2m_max_dic,San Lorenzo,31.589680063458488,1.9033633076393293
t2m_max_dic,San Martin,32.1414095371669,1.8450924515028373
t2m_max_dic,San Nicolas,31.3086412512219,2.015545100530751
t2m_max_dic,San Pedro,31.576641519250778,1.9850973664483693
t2m_max_dic,San Salvador,32.13252688172043,2.376462764029178
t2m_max_dic,Santa Barbara,22.278790322580647,1.0682937742118153
t2m_max_dic,Santa Maria,30.27951612903226,1.7425882058832263
t2m_max_dic,Santa Rosa,31.504731182795698,1.1151255763421788
t2m_max_dic,Santo Tome,33.13625806451613,1.6195679869732253
t2m_max_dic,Sargento Cabral,32.75701935483871,2.0462718107869313
t2m_max_dic,Sauce,33.34006912442396,2.1881399650161253
t2m_max_dic,Silipica,36.074650537634405,1.37857405197151
t2m_max_dic,Simoca,30.919483870967742,1.2498159150908543
t2m_max_dic,Sobremonte,30.209164222873902,1.643147515014468
t2m_max_dic,Suipacha,29.484569892473118,2.1656705900529816
t2m_max_dic,Tafi Viejo,30.276709677419355,0.9802334402631367
t2m_max_dic,Tala,31.817440860215054,2.2437367479792596
t2m_max_dic,Tandil,27.41067448680352,1.8041780720406702
t2m_max_dic,Tapalque,29.579103942652328,2.150855724103488
t2m_max_dic,Tercero Arriba,30.258520578420466,1.6640129305776108
t2m_max_dic,Toay,31.38132616487455,2.0600071131785427
t2m_max_dic,Tornquist,28.925292338709678,1.832664527945772
t2m_max_dic,Totoral,30.253910068426197,1.810540258403421
t2m_max_dic,Trenel,31.530657108721623,2.3125863605560486
t2m_max_dic,Trenque Lauquen,30.08799167533819,2.2643440177673995
t2m_max_dic,Tres Arroyos,27.372555831265508,1.782001874269707
t2m_max_dic,Tres Lomas,30.742020373514432,1.8528727054490415
t2m_max_dic,Tulumba,30.48972191323693,1.6938213949888663
t2m_max_dic,Union,31.557044745057233,1.5072904921732468
t2m_max_dic,Uruguay,32.21421436004162,1.9099032976983485
t2m_max_dic,Utracan,31.17774193548387,2.0893085564269436
t2m_max_dic,Vera,33.18296187683284,2.406362494099391
t2m_max_dic,Victoria,31.504946236559142,1.9452497299524252
t2m_max_dic,Villa Constitucion,30.822932551319646,1.99734960533036
t2m_max_dic,Villaguay,31.833798126951095,2.292240896935792
t2m_max_dic,Zarate,29.827917888563046,2.1227545078607823
t2m_max_ene,12 De Octubre,33.74565524193548,1.7569508830701472
t2m_max_ene,2 De Abril,33.666870967741936,1.6553414384788183
t2m_max_ene,25 De Mayo,31.04768524767175,1.7746044834013512
t2m_max_ene,9 De Julio,30.45861346915676,1.5707148352720552
t2m_max_ene,Adolfo Alsina,30.352661290322583,1.2747376729797448
t2m_max_ene,Adolfo Gonzales Chaves,29.491947004608296,1.4932941909143393
t2m_max_ene,Aguirre,35.111920821114374,1.4367280114875052
t2m_max_ene,Alberdi,35.65718475073314,1.2884925239636342
t2m_max_ene,Alberti,27.33070208728653,0.9702954985931622
t2m_max_ene,Almirante Brown,35.608145161290324,1.619821220270915
t2m_max_ene,Anta,34.21249165739711,1.4283769598853726
t2m_max_ene,Arrecifes,32.123699596774195,1.5430881035986217
t2m_max_ene,Atreuco,32.28655172413793,1.3839955367635897
t2m_max_ene,Ayacucho,30.73951612903226,1.3161139425968331
t2m_max_ene,Azul,30.472591397849463,1.3813176412718133
t2m_max_ene,Balcarce,29.220849462365592,1.3669068942402407
t2m_max_ene,Banda,35.589758064516126,1.3094386445573194
t2m_max_ene,Baradero,32.19964809384164,1.5702582031071566
t2m_max_ene,Belgrano,32.99179047055342,1.4247895636150165
t2m_max_ene,Bella Vista,33.6165275142315,1.7331179029642156
t2m_max_ene,Benito Juarez,29.938856304985336,1.3423398387840801
t2m_max_ene,Bermejo,33.64826825127335,1.6668906898019684
t2m_max_ene,Bolivar,27.350405827263266,1.0199399469774961
t2m_max_ene,Bragado,30.673831867057675,1.7395169436296563
t2m_max_ene,Brandsen,30.715384615384615,1.2560611315366168
t2m_max_ene,Burruyacu,29.573703703703703,1.4383259632801901
t2m_max_ene,Cainguas,31.166929032258064,1.912253307878663
t2m_max_ene,Calamuchita,30.66048387096774,1.2982544530704399
t2m_max_ene,Campana,31.612591050988552,1.4984074225362392
t2m_max_ene,Canuelas,31.628118279569893,1.4892520028865879
t2m_max_ene,Capital,33.10166931077032,1.3884869882118895
t2m_max_ene,Capitan Sarmiento,32.152861602497396,1.631011227944535
t2m_max_ene,Carlos Casares,30.70010752688172,1.5610452180029946
t2m_max_ene,Carlos Tejedor,32.23745730550284,1.5610843149611504
t2m_max_ene,Carmen De Areco,31.69725806451613,1.6018843105448708
t2m_max_ene,Caseros,32.68574780058651,1.6068178152826755
t2m_max_ene,Castellanos,33.46500488758553,1.382611395070558
t2m_max_ene,Castelli,29.445692599620493,0.9377940186967152
t2m_max_ene,Catrilo,32.22571087216249,1.4448323186995937
t2m_max_ene,Chacabuco,31.06039612903226,1.6254844112545164
t2m_max_ene,Chapaleufu,31.822359447004608,2.00536552692086
t2m_max_ene,Chascomus,31.515564516129032,1.5521546255896834
t2m_max_ene,Chicligasta,33.71769230769231,1.6311136965865987
t2m_max_ene,Chivilcoy,31.048993157380252,1.7612332123214194
t2m_max_ene,Choya,33.9185376344086,1.36624352137339
t2m_max_ene,Colon,31.704333009944218,1.632896345950676
t2m_max_ene,Comandante Fernandez,34.81900201612903,1.5927987750168284
t2m_max_ene,Concordia,33.36074527252503,2.0935558074031673
t2m_max_ene,Conhelo,32.410725806451616,1.8296811321227744
t2m_max_ene,Copo,35.642427843803056,1.271484022501002
t2m_max_ene,Coronel Dorrego,30.412771804062125,1.3107097602888582
t2m_max_ene,Coronel Pringles,30.032221545952527,1.274136006585224
t2m_max_ene,Coronel Suarez,29.900182795698925,1.4292190189325797
t2m_max_ene,Cruz Alta,33.19913978494623,1.649887819428142
t2m_max_ene,Curuzu Cuatia,34.13870967741936,2.1974314666966235
t2m_max_ene,Daireaux,30.717419354838707,1.4308668174996435
t2m_max_ene,Diamante,33.21480075901328,1.5549463682336944
t2m_max_ene,Dolores,30.836148007590136,1.1011750798984419
t2m_max_ene,El Alto,31.24187403993856,1.42737264592449
t2m_max_ene,El Carmen,30.17649193548387,1.355702030131624
t2m_max_ene,Esquina,34.021328273244784,1.7725727929995485
t2m_max_ene,Exaltacion De La Cruz,31.406715542521997,1.7385491716540578
t2m_max_ene,Famailla,25.754193548387097,1.1991706406761256
t2m_max_ene,Federacion,33.11702508960573,2.354765033693321
t2m_max_ene,Federal,33.992373271889406,2.2733800187290076
t2m_max_ene,Feliciano,33.242697947214076,1.3980347102069766
t2m_max_ene,Figueroa,34.741885856079406,0.8312611021079944
t2m_max_ene,Florentino Ameghino,32.31209677419355,1.78130112906346
t2m_max_ene,Fray Justo Santa Maria De Oro,34.7947465437788,1.5616894561187986
t2m_max_ene,Garay,32.97849462365591,1.4999906139941819
t2m_max_ene,General Alvarado,30.45089247311828,1.3536177391602475
t2m_max_ene,General Alvear,31.810333333333332,1.4798677403979488
t2m_max_ene,General Arenales,30.69889943074004,1.6623731689420362
t2m_max_ene,General Belgrano,32.00034625628884,1.4618306597952204
t2m_max_ene,General Donovan,35.27660441426146,1.4137365563015758
t2m_max_ene,General Guemes,28.96674157303371,1.2722616651815495
t2m_max_ene,General Jose De San Martin,23.336683467741935,0.9660572336707779
t2m_max_ene,General Juan Madariaga,26.394503225806453,1.0765089695714625
t2m_max_ene,General La Madrid,30.25141439205955,1.4613035820146785
t2m_max_ene,General Las Heras,31.909205955334986,1.6353911234903424
t2m_max_ene,General Lopez,31.196559139784945,1.6608223614060524
t2m_max_ene,General Manuel Belgrano,30.587887096774192,1.5300371053447868
t2m_max_ene,General Obligado,34.470666666666666,2.0814638875729368
t2m_max_ene,General Paz,30.65695852534562,1.5680499119089129
t2m_max_ene,General Pinto,31.313264907135874,1.6497558445898681
t2m_max_ene,General Pueyrredon,24.361804435483872,1.043174464173017
t2m_max_ene,General Roca,33.1069403714565,1.5036877083535185
t2m_max_ene,General Rodriguez,31.53290322580645,1.6039312828735426
t2m_max_ene,General San Martin,32.586290322580645,1.086386871156997
t2m_max_ene,General Taboada,35.806472424557754,1.5187429673028174
t2m_max_ene,General Viamonte,27.334320625610946,0.9851042770441016
t2m_max_ene,General Villegas,31.88635386119257,1.8988577685581494
t2m_max_ene,Graneros,29.699181141439205,1.3211378226975696
t2m_max_ene,Gualeguay,33.39998959417274,1.742270422764912
t2m_max_ene,Gualeguaychu,32.915344086021506,1.9127711008311385
t2m_max_ene,Guamini,31.317325268817203,1.3128952016845836
t2m_max_ene,Guarani,31.07679900744417,1.8186934256973994
t2m_max_ene,Guasayan,33.80950460829493,1.376256993442226
t2m_max_ene,Guatrache,32.45525345622119,1.1680311491027404
t2m_max_ene,Hipolito Yrigoyen,30.56215053763441,1.3474137525915753
t2m_max_ene,Independencia,33.74565524193548,1.7569508830701472
t2m_max_ene,Iriondo,32.68355787476281,1.575456799846549
t2m_max_ene,Ischilin,30.73018064516129,1.2861592547239113
t2m_max_ene,Ituzaingo,33.144431239388794,1.4952380528875426
t2m_max_ene,Jimenez,34.56033410138249,1.269324852829481
t2m_max_ene,Juan Bautista Alberdi,29.714435483870968,1.4520507272829155
t2m_max_ene,Juan F. Ibarra,35.96929723502304,1.363777546971143
t2m_max_ene,Juarez Celman,32.68352941176471,1.5736582606346543
t2m_max_ene,Junin,30.337736559139785,1.3419084386753823
t2m_max_ene,La Candelaria,28.62232718894009,1.376760315526835
t2m_max_ene,La Capital,33.02074596774194,1.460293585491953
t2m_max_ene,La Cocha,28.95717741935484,1.3917888209405322
t2m_max_ene,La Paz,34.24225806451613,1.9618554076679953
t2m_max_ene,Laishi,35.51972835314092,1.4506102362055
t2m_max_ene,Laprida,30.60657108721625,1.3561678466447358
t2m_max_ene,Las Colonias,33.8361189516129,1.4514818381908192
t2m_max_ene,Las Flores,31.740179211469535,1.5170939364829885
t2m_max_ene,Leales,33.367009925558314,1.6220642558209604
t2m_max_ene,Leandro N. Alem,31.73752171215881,1.5739212311018203
t2m_max_ene,Libertador General San Martin,35.07789833822092,1.5035613144501638
t2m_max_ene,Lincoln,30.526461693548388,1.7048851818119193
t2m_max_ene,Loberia,24.431311827956993,0.9983541694406599
t2m_max_ene,Lobos,31.40911045943304,1.7248220568883654
t2m_max_ene,Lujan,31.724467253176933,1.5385476201289139
t2m_max_ene,Lules,25.92131513647643,1.2259138214262737
t2m_max_ene,Magdalena,28.018560794044667,0.8329185053047481
t2m_max_ene,Maipu,35.04384229390681,1.5067280754198131
t2m_max_ene,Mar Chiquita,28.765692599620493,1.1450117288816255
t2m_max_ene,Maraco,32.19251423149905,1.3145871710874149
t2m_max_ene,Marcos Juarez,32.46720430107527,1.3164843459805857
t2m_max_ene,Marcos Paz,31.71444600280505,1.6326705428442114
t2m_max_ene,Mayor Luis J. Fontana,,
t2m_max_ene,Mercedes,31.7843659621802,1.4988935367140617
t2m_max_ene,Metan,29.007107526881722,1.1815604853527746
t2m_max_ene,Mitre,35.62845622119816,1.308045164687652
t2m_max_ene,Monte,32.107010752688176,1.665475090304333
t2m_max_ene,Monteros,25.685618279569894,1.179153364676348
t2m_max_ene,Moreno,34.779796893667864,1.539462517340668
t2m_max_ene,Navarro,31.318688865764827,1.7686579016452748
t2m_max_ene,Necochea,26.47909429280397,1.234730197204854
t2m_max_ene,Nogoya,33.406048387096774,1.800271978079677
t2m_max_ene,O'Higgins,33.76367546432063,1.7323762742363917
t2m_max_ene,Obera,31.09877980364656,1.8868204624050773
t2m_max_ene,Olavarria,30.788851992409864,1.2886758166901535
t2m_max_ene,Oran,33.29647177419355,1.7289678396248014
t2m_max_ene,Parana,33.61985431841831,1.5007065646298756
t2m_max_ene,Pehuajo,31.430901328273247,1.410419136845004
t2m_max_ene,Pellegrini,35.67974366359447,1.322486985816492
t2m_max_ene,Pergamino,31.739648093841645,1.5780995164407594
t2m_max_ene,Pilagas,35.54661290322581,1.7152636657419196
t2m_max_ene,Pilar,31.543882091212456,1.5271162514716532
t2m_max_ene,Pilcomayo,35.78842105263158,1.9755958132025515
t2m_max_ene,Pirane,34.71637480798771,1.6401437968504946
t2m_max_ene,Pocho,32.64545454545454,1.3328561453799888
t2m_max_ene,Presidencia De La Plaza,35.09453225806452,1.4955207065950424
t2m_max_ene,Presidente Roque Saenz Pena,32.76962998102467,1.3701978037703726
t2m_max_ene,Puan,31.508195937873356,1.4992825420957359
t2m_max_ene,Quemu Quemu,32.212571157495255,1.6424733959877609
t2m_max_ene,Quitilipi,34.98356989247312,1.2530874023162637
t2m_max_ene,Ramallo,32.800957661290326,1.508148666283645
t2m_max_ene,Rancul,32.571175115207375,1.744971424521309
t2m_max_ene,Rauch,30.5524623655914,1.4263765928651286
t2m_max_ene,Realico,32.48615053763441,1.9091292728878562
t2m_max_ene,Rio Chico,29.90595430107527,1.2376436652346026
t2m_max_ene,Rio Cuarto,30.99289314516129,1.543495291421767
t2m_max_ene,Rio Hondo,35.70085043988269,1.3649213792712183
t2m_max_ene,Rio Primero,32.41724014336918,1.2995364473975806
t2m_max_ene,Rio Seco,28.181893860561914,1.263025085764237
t2m_max_ene,Rio Segundo,33.24320355951057,1.2639575553522697
t2m_max_ene,Rivadavia,31.439233501035808,1.447940033388081
t2m_max_ene,Robles,35.48527649769586,1.4540633389996562
t2m_max_ene,Rojas,31.8157779886148,1.577600869457124
t2m_max_ene,Roque Perez,31.752714126807565,1.6945825008587654
t2m_max_ene,Rosario,33.0415296566077,1.5141601216072598
t2m_max_ene,Rosario De La Frontera,28.52032258064516,1.2866729988096453
t2m_max_ene,Saavedra,30.637741935483874,1.1724710239983989
t2m_max_ene,Saladillo,30.983649193548388,1.7413776372678371
t2m_max_ene,Salliquelo,31.378399044205498,1.508538834078741
t2m_max_ene,Salto,31.505865102639298,1.5227115372561324
t2m_max_ene,San Alberto,30.932790322580644,1.3899785883975044
t2m_max_ene,San Andres De Giles,31.814125122189637,1.5180401834877448
t2m_max_ene,San Antonio De Areco,32.18429130009775,1.5704130749895497
t2m_max_ene,San Cayetano,28.495367741935482,1.5794958156210297
t2m_max_ene,San Cristobal,33.68094693028096,1.580433103913318
t2m_max_ene,San Fernando,33.55659274193548,1.4706479195224123
t2m_max_ene,San Javier,33.04733985629109,1.7083625406601795
t2m_max_ene,San Jeronimo,34.514046920821116,1.9956607373717032
t2m_max_ene,San Justo,30.579658602150538,1.278317949477971
t2m_max_ene,San Lorenzo,33.289312533051294,1.5757510110105206
t2m_max_ene,San Martin,33.77131837307153,1.4868667885302356
t2m_max_ene,San Nicolas,32.878396871945256,1.5496223157826534
t2m_max_ene,San Pedro,33.22072580645161,1.4569102348224905
t2m_max_ene,San Salvador,33.76126344086021,2.230326395666085
t2m_max_ene,Santa Barbara,21.25212365591398,0.8264529755552428
t2m_max_ene,Santa Maria,30.634971537001896,1.2696946005860126
t2m_max_ene,Santa Rosa,31.329043010752688,1.2916476635571474
t2m_max_ene,Santo Tome,34.25314516129033,1.4046221098705975
t2m_max_ene,Sargento Cabral,33.79331612903226,1.654158382445393
t2m_max_ene,Sauce,34.36052995391705,1.7977227009702161
t2m_max_ene,Silipica,35.74212365591398,1.2530177022635611
t2m_max_ene,Simoca,29.70279569892473,1.4998608907630908
t2m_max_ene,Sobremonte,30.797859237536656,1.3178156136691845
t2m_max_ene,Suipacha,31.215505376344087,1.7537986042236788
t2m_max_ene,Tafi Viejo,29.884806451612906,1.5547282969913432
t2m_max_ene,Tala,33.385290322580644,2.061096973320618
t2m_max_ene,Tandil,29.47425219941349,1.457471462798115
t2m_max_ene,Tapalque,31.68354838709677,1.1540279398755224
t2m_max_ene,Tercero Arriba,30.453959955506118,1.3484521264513951
t2m_max_ene,Toay,33.562222222222225,1.3064100815142499
t2m_max_ene,Tornquist,30.55171370967742,1.1532771386012688
t2m_max_ene,Totoral,30.59761485826002,1.2629251067692948
t2m_max_ene,Trenel,32.65605734767025,1.809725499140884
t2m_max_ene,Trenque Lauquen,31.608418314255985,1.3534529045599892
t2m_max_ene,Tres Arroyos,29.39785359801489,1.5662893813592202
t2m_max_ene,Tres Lomas,32.29835314091681,1.4797687956089787
t2m_max_ene,Tulumba,30.720745272525026,1.2991415448503605
t2m_max_ene,Union,32.588002081165456,1.1562020678836318
t2m_max_ene,Uruguay,33.705327783558786,1.5208469555363502
t2m_max_ene,Utracan,32.17672325976231,1.8431018981714233
t2m_max_ene,Vera,34.59587487781037,2.090308417535861
t2m_max_ene,Victoria,33.104858260019554,1.5163406701535518
t2m_max_ene,Villa Constitucion,32.360957966764424,1.5523627335397951
t2m_max_ene,Villaguay,33.45245577523413,2.061991098132699
t2m_max_ene,Zarate,31.662160312805472,1.4726144629301712
t2m_max_feb,12 De Octubre,32.629127540024626,1.6020511035771299
t2m_max_feb,2 De Abril,32.564410714285714,1.6290377172879849
t2m_max_feb,25 De Mayo,29.28397618360575,1.4309457970848045
t2m_max_feb,9 De Julio,28.71800445078213,1.2608844294640738
t2m_max_feb,Adolfo Alsina,28.61320145730706,1.427241546287308
t2m_max_feb,Adolfo Gonzales Chaves,27.746010292047853,1.4478360910929862
t2m_max_feb,Aguirre,33.445243506493505,2.008083584845277
t2m_max_feb,Alberdi,34.23273510971787,2.0662788411493107
t2m_max_feb,Alberti,26.31812011011301,0.966757755317107
t2m_max_feb,Almirante Brown,34.286783954961294,1.8745512109028486
t2m_max_feb,Anta,32.368437234584675,1.5764396016698603
t2m_max_feb,Arrecifes,29.998173106527094,1.3656532328488584
t2m_max_feb,Atreuco,30.570264565992865,1.7608417877893314
t2m_max_feb,Ayacucho,28.766278893520273,1.5525074665010334
t2m_max_feb,Azul,28.46136001642036,1.3649183027456353
t2m_max_feb,Balcarce,27.45495155993432,1.5295041066323174
t2m_max_feb,Banda,33.88552134646962,1.645487593923308
t2m_max_feb,Baradero,30.182400358262427,1.4536319905486383
t2m_max_feb,Belgrano,30.699141207574456,1.6528537061313937
t2m_max_feb,Bella Vista,31.6093501883512,1.8313100780982245
t2m_max_feb,Benito Juarez,28.00948350500075,1.3793199903722495
t2m_max_feb,Bermejo,32.33039473684211,1.5677285115811734
t2m_max_feb,Bolivar,26.280005561735262,1.0092677574581368
t2m_max_feb,Bragado,28.697836244215555,1.1994934844641725
t2m_max_feb,Brandsen,29.282088859416447,1.520381192180051
t2m_max_feb,Burruyacu,27.874943440977923,1.8077200027488243
t2m_max_feb,Cainguas,30.16116945812808,1.7079725095080105
t2m_max_feb,Calamuchita,29.170510721529993,1.5859983398613782
t2m_max_feb,Campana,29.814626569203874,1.4355083584764419
t2m_max_feb,Canuelas,29.496343596059113,1.416333260551962
t2m_max_feb,Capital,31.32912326038386,1.7738876982673564
t2m_max_feb,Capitan Sarmiento,30.057610837438425,1.4820581870985643
t2m_max_feb,Carlos Casares,28.780235482907898,1.2064118133783053
t2m_max_feb,Carlos Tejedor,30.34658215010142,1.706310939783077
t2m_max_feb,Carmen De Areco,29.430572660098523,1.343650004493518
t2m_max_feb,Caseros,30.27953537841469,1.4015480585862843
t2m_max_feb,Castellanos,31.70297432452605,1.7395425675851826
t2m_max_feb,Castelli,27.882775282526804,1.522209940563854
t2m_max_feb,Catrilo,30.346486498814084,1.6431917969350023
t2m_max_feb,Chacabuco,29.113503349753692,1.4077596872392646
t2m_max_feb,Chapaleufu,30.333679451090784,1.9352616483446994
t2m_max_feb,Chascomus,29.560013469827588,1.6668265486140008
t2m_max_feb,Chicligasta,32.222572944297085,1.6689264132343506
t2m_max_feb,Chivilcoy,29.015767278698316,1.271974761708489
t2m_max_feb,Choya,32.63531855500821,1.6503910104720565
t2m_max_feb,Colon,29.590163246786915,1.452175109158303
t2m_max_feb,Comandante Fernandez,33.739137931034485,1.9594122986617464
t2m_max_feb,Concordia,31.285548241888907,1.8460642985604607
t2m_max_feb,Conhelo,30.933912737508795,1.623665432571994
t2m_max_feb,Copo,34.06915154264973,1.8099774654071104
t2m_max_feb,Coronel Dorrego,28.583035030103996,1.4459649380983988
t2m_max_feb,Coronel Pringles,28.13376173436193,1.3662881858826639
t2m_max_feb,Coronel Suarez,28.19572906403941,1.2737969998410645
t2m_max_feb,Cruz Alta,31.321295840175154,2.079942992383551
t2m_max_feb,Curuzu Cuatia,31.87277269528501,1.313202023702212
t2m_max_feb,Daireaux,29.073269880365938,1.2979779638303421
t2m_max_feb,Diamante,31.191340553462766,1.4858010181416654
t2m_max_feb,Dolores,28.969345117357285,1.8381816092150347
t2m_max_feb,El Alto,29.77603448275862,1.5157832176891586
t2m_max_feb,El Carmen,28.60411432676519,1.7954656224293297
t2m_max_feb,Esquina,31.622010286873373,1.3768910011689417
t2m_max_feb,Exaltacion De La Cruz,29.398818480370203,1.3489345846952676
t2m_max_feb,Famailla,24.597289870689654,1.4948374924453618
t2m_max_feb,Federacion,31.170160098522167,1.5837630754652487
t2m_max_feb,Federal,31.955020232230822,1.873826774034443
t2m_max_feb,Feliciano,31.525973466188983,1.2652192447607216
t2m_max_feb,Figueroa,33.493401856763924,1.6635181093469413
t2m_max_feb,Florentino Ameghino,30.281623936408423,2.094362400040544
t2m_max_feb,Fray Justo Santa Maria De Oro,33.63731703026038,1.8864833534922114
t2m_max_feb,Garay,30.894289819376024,1.3324713296102069
t2m_max_feb,General Alvarado,29.04907430213465,1.3126122195380645
t2m_max_feb,General Alvear,29.719878078817732,1.6977211101099146
t2m_max_feb,General Arenales,28.722954940596928,1.2540909844543844
t2m_max_feb,General Belgrano,29.75297001401003,1.7194550180804478
t2m_max_feb,General Donovan,33.78425784288307,1.879491987514458
t2m_max_feb,General Guemes,27.667680992970606,1.6615145428135463
t2m_max_feb,General Jose De San Martin,22.3629733682266,1.1297154813511374
t2m_max_feb,General Juan Madariaga,25.31290591133005,1.2060248382597378
t2m_max_feb,General La Madrid,28.31291919287609,1.3035056731182642
t2m_max_feb,General Las Heras,29.90480011367942,1.4213659002614423
t2m_max_feb,General Lopez,29.465220182116735,1.5430562478184353
t2m_max_feb,General Manuel Belgrano,29.86730972906404,1.7940896697518929
t2m_max_feb,General Obligado,32.65231362889984,1.902054882029168
t2m_max_feb,General Paz,28.703977246070842,1.4260054520227265
t2m_max_feb,General Pinto,29.426309896999552,1.4518224763685914
t2m_max_feb,General Pueyrredon,23.617519242610836,1.0849376989644337
t2m_max_feb,General Roca,30.968027690700104,1.8886625959044259
t2m_max_feb,General Rodriguez,29.475871428571427,1.5340103067441342
t2m_max_feb,General San Martin,30.658001077586206,1.2570959806946183
t2m_max_feb,General Taboada,34.202646591450815,1.7719653349076678
t2m_max_feb,General Viamonte,26.279442080907597,1.00249469015946
t2m_max_feb,General Villegas,30.295148156441257,1.9614362049905532
t2m_max_feb,Graneros,27.856905077680942,1.5004504289932137
t2m_max_feb,Gualeguay,31.19913673923407,1.443204225415586
t2m_max_feb,Gualeguaychu,30.76759688013136,1.8179670235602243
t2m_max_feb,Guamini,29.43367970032841,1.3966241384852143
t2m_max_feb,Guarani,30.089890109890113,1.773858816024704
t2m_max_feb,Guasayan,31.85183585503167,1.5172814010359121
t2m_max_feb,Guatrache,30.542097114707953,1.713668276233597
t2m_max_feb,Hipolito Yrigoyen,28.417646290491117,1.213839322440026
t2m_max_feb,Independencia,32.629127540024626,1.6020511035771299
t2m_max_feb,Iriondo,30.381669443639527,1.5661083421479722
t2m_max_feb,Ischilin,29.12081527093596,1.508860842606664
t2m_max_feb,Ituzaingo,31.570334456831734,1.1028882678519947
t2m_max_feb,Jimenez,32.78771463757917,1.6831216032514287
t2m_max_feb,Juan Bautista Alberdi,27.95492302955665,1.7237958887761393
t2m_max_feb,Juan F. Ibarra,34.31839021815623,1.8473018934245151
t2m_max_feb,Juarez Celman,30.841544479860914,1.7090985177368125
t2m_max_feb,Junin,28.583329228243024,1.2153027943498307
t2m_max_feb,La Candelaria,27.065251583391976,1.7060655903172153
t2m_max_feb,La Capital,30.863809652093597,1.2946126652472134
t2m_max_feb,La Cocha,27.387025862068967,1.5295689368314185
t2m_max_feb,La Paz,32.2980630387931,1.7816470465053968
t2m_max_feb,Laishi,34.240513352346376,1.6694844748885151
t2m_max_feb,Laprida,28.363209724502827,1.4671062256064813
t2m_max_feb,Las Colonias,31.629480834359605,1.5113964351911777
t2m_max_feb,Las Flores,29.31606595511768,1.5344594426976326
t2m_max_feb,Leales,31.501730769230768,1.9982365785194345
t2m_max_feb,Leandro N. Alem,29.51471757768094,1.5211028073024297
t2m_max_feb,Libertador General San Martin,33.83203239289446,1.7200036702356487
t2m_max_feb,Lincoln,28.581120689655172,1.200826188347716
t2m_max_feb,Loberia,23.603712643678158,1.1192442967944003
t2m_max_feb,Lobos,29.416635318704284,1.3793401799419593
t2m_max_feb,Lujan,29.63509143155695,1.3627573235205679
t2m_max_feb,Lules,24.85702633573323,1.5201989176688324
t2m_max_feb,Magdalena,27.010320197044337,1.1888814259291776
t2m_max_feb,Maipu,34.17766338259442,1.942479654472624
t2m_max_feb,Mar Chiquita,27.353330194146626,1.5255875037437272
t2m_max_feb,Maraco,30.515485366560416,1.6823465832863782
t2m_max_feb,Marcos Juarez,30.35917711598746,1.5717382420677986
t2m_max_feb,Marcos Paz,29.918407581923322,1.4832063567216054
t2m_max_feb,Mayor Luis J. Fontana,,
t2m_max_feb,Mercedes,29.515322957363683,1.3214898895785792
t2m_max_feb,Metan,27.393481116584564,1.6707292183213123
t2m_max_feb,Mitre,34.54412913441239,1.5899203019493553
t2m_max_feb,Monte,29.655847701149426,1.5753834135444134
t2m_max_feb,Monteros,24.825789203612477,1.6242847898876926
t2m_max_feb,Moreno,33.65809067688378,2.190843892998998
t2m_max_feb,Navarro,29.318301684411253,1.3742772604022744
t2m_max_feb,Necochea,25.37794240242516,1.1302527439990246
t2m_max_feb,Nogoya,31.452687807881773,1.6740876721630278
t2m_max_feb,O'Higgins,32.619132333184055,1.5778654359350044
t2m_max_feb,Obera,30.269991432855,1.7918917652499076
t2m_max_feb,Olavarria,28.791102941176472,1.4463793173106148
t2m_max_feb,Oran,31.565638854679804,1.8132123631010473
t2m_max_feb,Parana,31.689434689337357,1.5500812563172865
t2m_max_feb,Pehuajo,29.62549985511446,1.4446088873986893
t2m_max_feb,Pellegrini,33.9053578026038,1.6485911247146954
t2m_max_feb,Pergamino,29.58690961337513,1.3378357501861482
t2m_max_feb,Pilagas,34.67178756157635,1.7713964585389386
t2m_max_feb,Pilar,29.42099498895872,1.448867372001785
t2m_max_feb,Pilcomayo,34.88889551464869,1.7664094751934443
t2m_max_feb,Pirane,33.78639455782313,1.7804829729120764
t2m_max_feb,Pocho,30.727886251679355,1.303292276832634
t2m_max_feb,Presidencia De La Plaza,33.55603633004926,1.7890352044984161
t2m_max_feb,Presidente Roque Saenz Pena,30.841509345117355,1.6077329659336466
t2m_max_feb,Puan,29.50086480569239,1.426400785376118
t2m_max_feb,Quemu Quemu,30.563840915676618,1.681349239768305
t2m_max_feb,Quitilipi,33.85449220032841,1.6034553864318233
t2m_max_feb,Ramallo,30.69695889778325,1.3145458886565875
t2m_max_feb,Rancul,31.017964461646727,2.0738005032223423
t2m_max_feb,Rauch,28.62450985221675,1.4293278826926674
t2m_max_feb,Realico,30.899962233169127,1.918943632264184
t2m_max_feb,Rio Chico,28.366432676518883,1.6617748998670796
t2m_max_feb,Rio Cuarto,29.4867210591133,1.8517482736397057
t2m_max_feb,Rio Hondo,34.16428123600537,1.4914644742686314
t2m_max_feb,Rio Primero,30.818991858237546,1.6068605990181613
t2m_max_feb,Rio Seco,26.618702526616875,1.4156212587729455
t2m_max_feb,Rio Segundo,31.403487769661968,1.7235016376660164
t2m_max_feb,Rivadavia,29.575853934107652,1.3186596267640527
t2m_max_feb,Robles,34.39189919071077,1.6887531203512804
t2m_max_feb,Rojas,29.654132860040566,1.4138676191628305
t2m_max_feb,Roque Perez,29.68559580431459,1.5636456586662268
t2m_max_feb,Rosario,30.84261600190688,1.3086663782646473
t2m_max_feb,Rosario De La Frontera,26.87450431034483,1.7342547866668947
t2m_max_feb,Saavedra,28.777370443349756,1.4449179593174806
t2m_max_feb,Saladillo,29.1080353294335,1.3606313107421615
t2m_max_feb,Salliquelo,29.781053639846746,1.5011371452755615
t2m_max_feb,Salto,29.398857665323185,1.3028283333934851
t2m_max_feb,San Alberto,29.21623522167488,1.2718930745115644
t2m_max_feb,San Andres De Giles,29.62613039259591,1.3591481425757423
t2m_max_feb,San Antonio De Areco,30.20999776085983,1.4557396365034048
t2m_max_feb,San Cayetano,26.70407438423645,1.1485783158015224
t2m_max_feb,San Cristobal,31.96941562053075,1.5922974975090445
t2m_max_feb,San Fernando,32.395053879310346,1.5812232031624198
t2m_max_feb,San Javier,32.237541381644995,1.8592378402523884
t2m_max_feb,San Jeronimo,32.82762277951933,1.8230901172206686
t2m_max_feb,San Justo,29.031969211822663,1.4972637840330267
t2m_max_feb,San Lorenzo,31.169618226600985,1.5244840144945626
t2m_max_feb,San Martin,31.684825176697366,1.405807778591415
t2m_max_feb,San Nicolas,30.80113113897597,1.4255318903919432
t2m_max_feb,San Pedro,31.189410058795488,1.4777055821888965
t2m_max_feb,San Salvador,31.65810960591133,1.4276304703674922
t2m_max_feb,Santa Barbara,20.339327278325126,1.1335486879012504
t2m_max_feb,Santa Maria,29.1796743697479,1.6043869157419866
t2m_max_feb,Santa Rosa,29.680754515599343,1.3574649649832744
t2m_max_feb,Santo Tome,32.54086268472906,1.4366594773809167
t2m_max_feb,Sargento Cabral,32.62104384236453,1.7105484095614472
t2m_max_feb,Sauce,32.51494106263195,1.7684855373895334
t2m_max_feb,Silipica,34.28123255336617,1.5757136331985426
t2m_max_feb,Simoca,28.1519302134647,1.6890822384032944
t2m_max_feb,Sobremonte,29.19605631437528,1.502205033359326
t2m_max_feb,Suipacha,29.037417898193763,1.3282251716785332
t2m_max_feb,Tafi Viejo,28.44259236453202,1.3282446526767173
t2m_max_feb,Tala,31.45720566502463,1.8497400165145963
t2m_max_feb,Tandil,27.817860501567395,1.401962392715465
t2m_max_feb,Tapalque,29.649304871373836,1.579185579463388
t2m_max_feb,Tercero Arriba,28.898888228299644,1.7472747950095655
t2m_max_feb,Toay,31.695329091406677,1.7446082090492667
t2m_max_feb,Tornquist,28.934312653940886,1.3805447569378773
t2m_max_feb,Totoral,29.21784632034632,1.601223444572098
t2m_max_feb,Trenel,31.0410582010582,1.5840906729103668
t2m_max_feb,Trenque Lauquen,30.116176307007787,1.5983529610232625
t2m_max_feb,Tres Arroyos,27.439855532398635,1.328643428893347
t2m_max_feb,Tres Lomas,30.47265620948924,1.7449071893544037
t2m_max_feb,Tulumba,28.811132580261596,1.3252863266021928
t2m_max_feb,Union,30.63645558557127,1.3719183745929535
t2m_max_feb,Uruguay,31.659803352931828,1.5026166290945409
t2m_max_feb,Utracan,30.587603059372565,1.9580830999807146
t2m_max_feb,Vera,32.768357963875204,2.104604686913195
t2m_max_feb,Victoria,31.00167039856695,1.5002768363828567
t2m_max_feb,Villa Constitucion,30.113424018510223,1.3401931290757185
t2m_max_feb,Villaguay,31.306797632289847,1.8452272577289899
t2m_max_feb,Zarate,29.86842028660994,1.437822258485762
t2m_max_mar,12 De Octubre,30.814959677419356,1.9663576368709472
t2m_max_mar,2 De Abril,30.444145161290322,1.7784725687980203
t2m_max_mar,25 De Mayo,26.629688217033337,1.5405020614639606
t2m_max_mar,9 De Julio,26.26863610639502,1.5893231956029505
t2m_max_mar,Adolfo Alsina,26.36337365591398,1.5088890485937276
t2m_max_mar,Adolfo Gonzales Chaves,24.82955069124424,1.1629666791507562
t2m_max_mar,Aguirre,32.01524926686217,1.2860052857525823
t2m_max_mar,Alberdi,31.936656891495602,1.4444448573393864
t2m_max_mar,Alberti,24.581631878557875,0.9045262246679276
t2m_max_mar,Almirante Brown,32.77440092165899,1.7777753661121176
t2m_max_mar,Anta,30.983681868743048,1.5402151397306736
t2m_max_mar,Arrecifes,27.62282258064516,1.7901019447625728
t2m_max_mar,Atreuco,26.757230255839822,1.5823298872663931
t2m_max_mar,Ayacucho,25.95086848635236,1.5113118319060812
t2m_max_mar,Azul,25.257236559139788,1.4945832073201972
t2m_max_mar,Balcarce,24.686064516129033,1.3971432908945103
t2m_max_mar,Banda,31.850873655913976,1.4073065664485167
t2m_max_mar,Baradero,27.72133919843597,1.7107236853400154
t2m_max_mar,Belgrano,28.446244451021013,1.9251944330099595
t2m_max_mar,Bella Vista,30.616489563567363,2.0691649080689505
t2m_max_mar,Benito Juarez,24.825933528836753,1.3336674961325994
t2m_max_mar,Bermejo,30.565382003395587,1.9654015874231485
t2m_max_mar,Bolivar,24.568324661810614,0.9113959836712378
t2m_max_mar,Bragado,26.32834799608993,1.5155483118225248
t2m_max_mar,Brandsen,26.547866004962778,1.3655756489130482
t2m_max_mar,Burruyacu,26.694922341696536,1.4278343387256425
t2m_max_mar,Cainguas,29.561032258064515,2.4052593348567157
t2m_max_mar,Calamuchita,27.299032258064514,1.5248035138991245
t2m_max_mar,Campana,27.48308012486993,1.610626233257884
t2m_max_mar,Canuelas,27.15152688172043,1.7297354171231176
t2m_max_mar,Capital,27.664297549797286,1.7443780756798433
t2m_max_mar,Capitan Sarmiento,27.665005202913633,1.8090172312181096
t2m_max_mar,Carlos Casares,26.1044477028348,1.4989280395249596
t2m_max_mar,Carlos Tejedor,26.935455407969638,1.8420764949330406
t2m_max_mar,Carmen De Areco,27.113624288425047,1.7456341621494131
t2m_max_mar,Caseros,27.956930596285435,1.80737667688312
t2m_max_mar,Castellanos,29.554887585532747,1.7770577451102634
t2m_max_mar,Castelli,25.009203036053133,1.38709332387815
t2m_max_mar,Catrilo,27.01782556750299,1.425011333579212
t2m_max_mar,Chacabuco,26.753870967741936,1.7139371399762244
t2m_max_mar,Chapaleufu,27.22483870967742,1.617091645205771
t2m_max_mar,Chascomus,26.916360887096772,1.632031806889633
t2m_max_mar,Chicligasta,30.521339950372205,1.9324889500978601
t2m_max_mar,Chivilcoy,26.615229716520037,1.5895520645304824
t2m_max_mar,Choya,30.115698924731184,1.4613718793258466
t2m_max_mar,Colon,27.192641280620908,1.7669710127317033
t2m_max_mar,Comandante Fernandez,31.927620967741937,1.8980653433426022
t2m_max_mar,Concordia,29.137552836484982,1.9399566722667658
t2m_max_mar,Conhelo,27.6584331797235,1.9321470713156272
t2m_max_mar,Copo,31.78188455008489,1.3615699922638902
t2m_max_mar,Coronel Dorrego,25.420764635603344,1.222396416415129
t2m_max_mar,Coronel Pringles,25.126427267194156,1.0245223790699485
t2m_max_mar,Coronel Suarez,24.893053763440857,1.1383530173839995
t2m_max_mar,Cruz Alta,30.04669056152927,1.6872539759292753
t2m_max_mar,Curuzu Cuatia,30.428732718894008,2.0111416206162
t2m_max_mar,Daireaux,26.019603686635946,1.4414099435072465
t2m_max_mar,Diamante,28.67319734345351,1.7001741994022188
t2m_max_mar,Dolores,25.721745730550282,1.5620963872417117
t2m_max_mar,El Alto,28.308648233486945,1.4615774965954023
t2m_max_mar,El Carmen,27.7717876344086,1.3606695638652628
t2m_max_mar,Esquina,30.17483870967742,2.1591254926057393
t2m_max_mar,Exaltacion De La Cruz,26.86590420332356,1.6583893781727228
t2m_max_mar,Famailla,23.30189516129032,1.3177882534863896
t2m_max_mar,Federacion,29.189623655913977,2.0254903433920965
t2m_max_mar,Federal,29.65975806451613,1.9556956428469567
t2m_max_mar,Feliciano,29.151876832844575,1.6276815974113432
t2m_max_mar,Figueroa,31.48940446650124,2.168310852628692
t2m_max_mar,Florentino Ameghino,27.068607038123165,1.7277876059463204
t2m_max_mar,Fray Justo Santa Maria De Oro,31.513917050691244,1.6727494450094318
t2m_max_mar,Garay,28.55236559139785,1.7804115618188001
t2m_max_mar,General Alvarado,26.520989247311828,1.2997045815240151
t2m_max_mar,General Alvear,26.555365591397848,1.7077238119119968
t2m_max_mar,General Arenales,26.448244781783682,1.5769014680007472
t2m_max_mar,General Belgrano,26.892681266646935,1.7136050823079463
t2m_max_mar,General Donovan,32.58205432937182,1.7124012933619737
t2m_max_mar,General Guemes,26.532903225806454,1.3848635188188632
t2m_max_mar,General Jose De San Martin,21.92037298387097,1.0544319324038938
t2m_max_mar,General Juan Madariaga,23.431290322580644,1.1195793056829386
t2m_max_mar,General La Madrid,24.940893300248142,1.0403715029564833
t2m_max_mar,General Las Heras,27.126749379652605,1.6259765065264231
t2m_max_mar,General Lopez,26.921730205278593,1.702166428504088
t2m_max_mar,General Manuel Belgrano,30.112774193548386,1.8631385497301172
t2m_max_mar,General Obligado,30.53432258064516,2.1310345062968543
t2m_max_mar,General Paz,25.66185867895545,1.7069941417736483
t2m_max_mar,General Pinto,26.4860899315738,1.6206252381643582
t2m_max_mar,General Pueyrredon,21.948417338709678,0.9685241110957384
t2m_max_mar,General Roca,28.482306940371455,1.8986855822316597
t2m_max_mar,General Rodriguez,27.059664516129033,1.6465549375380422
t2m_max_mar,General San Martin,28.418316532258064,1.4754272241748239
t2m_max_mar,General Taboada,32.47680541103018,1.4834584614915192
t2m_max_mar,General Viamonte,24.538494623655914,0.8776264048973315
t2m_max_mar,General Villegas,27.021876832844576,1.6660096810579095
t2m_max_mar,Graneros,26.653660049627792,1.5579213290040443
t2m_max_mar,Gualeguay,28.74511966701353,1.7443613071966046
t2m_max_mar,Gualeguaychu,28.423032258064516,1.7151934849047996
t2m_max_mar,Guamini,26.291021505376346,1.3365250518731915
t2m_max_mar,Guarani,29.38470223325062,2.191965552592216
t2m_max_mar,Guasayan,30.320357142857144,1.4114068450665573
t2m_max_mar,Guatrache,26.807480798771124,1.6213535397705876
t2m_max_mar,Hipolito Yrigoyen,25.242228739002933,1.5255728512520612
t2m_max_mar,Independencia,30.814959677419356,1.9663576368709472
t2m_max_mar,Iriondo,28.186309297912715,1.9411570410541468
t2m_max_mar,Ischilin,27.21741935483871,1.4750627746096763
t2m_max_mar,Ituzaingo,31.15614601018676,1.7430840879071603
t2m_max_mar,Jimenez,31.268052995391706,1.4542462864937578
t2m_max_mar,Juan Bautista Alberdi,26.37219758064516,1.6032747887143208
t2m_max_mar,Juan F. Ibarra,32.12155529953917,1.4247582469968072
t2m_max_mar,Juarez Celman,28.097703984819734,1.3511015738414076
t2m_max_mar,Junin,26.296913978494622,1.4763637543487191
t2m_max_mar,La Candelaria,25.963870967741936,1.4088364767200532
t2m_max_mar,La Capital,28.49368951612903,1.738112703127288
t2m_max_mar,La Cocha,25.74538306451613,1.5770830202764403
t2m_max_mar,La Paz,30.12985887096774,2.0438125588437144
t2m_max_mar,Laishi,32.61765704584041,1.7879557374462611
t2m_max_mar,Laprida,25.100776583034648,1.3318519597440142
t2m_max_mar,Las Colonias,29.34217741935484,1.8202504714256011
t2m_max_mar,Las Flores,26.556224611708483,1.5924718006051235
t2m_max_mar,Leales,30.19975186104218,1.5636647109479156
t2m_max_mar,Leandro N. Alem,27.25292493796526,1.7995473043293762
t2m_max_mar,Libertador General San Martin,32.22707070707071,1.5436861638597459
t2m_max_mar,Lincoln,26.07765120967742,1.44482015316031
t2m_max_mar,Loberia,21.96194623655914,0.9963130765739864
t2m_max_mar,Lobos,26.827341153470183,1.595536274849121
t2m_max_mar,Lujan,27.369648093841644,1.7319949103362058
t2m_max_mar,Lules,23.43196029776675,1.3917587788355457
t2m_max_mar,Magdalena,24.737692307692306,0.9739108473792535
t2m_max_mar,Maipu,32.05258781362007,1.910783323348299
t2m_max_mar,Mar Chiquita,24.469677419354838,1.466117214899675
t2m_max_mar,Maraco,26.80810246679317,1.5139278790068589
t2m_max_mar,Marcos Juarez,28.171622678396872,1.8035163499500788
t2m_max_mar,Marcos Paz,26.870981767180925,1.5322892402392918
t2m_max_mar,Mayor Luis J. Fontana,,
t2m_max_mar,Mercedes,27.214922135706342,1.6737794075123793
t2m_max_mar,Metan,26.227741935483873,1.2446964326758354
t2m_max_mar,Mitre,31.794562211981567,1.5518434327652326
t2m_max_mar,Monte,27.086376344086023,1.7912090634815687
t2m_max_mar,Monteros,23.527768817204304,1.2709773319251572
t2m_max_mar,Moreno,31.90352449223417,1.7329811299092421
t2m_max_mar,Navarro,26.913454734651406,1.6215410042723504
t2m_max_mar,Necochea,23.283560794044664,1.0907666073562043
t2m_max_mar,Nogoya,28.83320564516129,1.861993857875603
t2m_max_mar,O'Higgins,30.77163245356794,1.9513281316153133
t2m_max_mar,Obera,29.559200561009817,2.261974344169799
t2m_max_mar,Olavarria,25.322153700189755,1.4444692863004365
t2m_max_mar,Oran,30.175987903225806,1.4699012553558806
t2m_max_mar,Parana,29.35766909469303,1.769096450898559
t2m_max_mar,Pehuajo,26.44589184060721,1.6531901687670194
t2m_max_mar,Pellegrini,32.010774769585254,1.3799594089730929
t2m_max_mar,Pergamino,27.27091886608016,1.7876850251729028
t2m_max_mar,Pilagas,33.389725806451615,1.9377606339380518
t2m_max_mar,Pilar,27.042313681868745,1.6188382418803322
t2m_max_mar,Pilcomayo,34.02219015280136,1.8772216008221976
t2m_max_mar,Pirane,32.282596006144395,1.6279614764947576
t2m_max_mar,Pocho,28.35519061583578,1.5846664072008363
t2m_max_mar,Presidencia De La Plaza,32.238370967741936,1.5048456062855
t2m_max_mar,Presidente Roque Saenz Pena,28.476024667931686,1.4230621332046551
t2m_max_mar,Puan,27.490107526881722,1.7447392172941967
t2m_max_mar,Quemu Quemu,27.2030834914611,1.5522341915267375
t2m_max_mar,Quitilipi,32.08116129032258,1.7272661642512668
t2m_max_mar,Ramallo,28.304858870967742,1.760769044878258
t2m_max_mar,Rancul,27.57546082949309,1.6330266179736257
t2m_max_mar,Rauch,25.691956989247313,1.5187180340177915
t2m_max_mar,Realico,27.557483870967744,1.7851958752573882
t2m_max_mar,Rio Chico,26.936666666666667,1.230414611594246
t2m_max_mar,Rio Cuarto,27.185544354838708,1.2532420108782734
t2m_max_mar,Rio Hondo,31.811158357771262,1.4501008566701632
t2m_max_mar,Rio Primero,28.587392473118282,1.5596032595467801
t2m_max_mar,Rio Seco,24.97822060353798,1.4661128803562018
t2m_max_mar,Rio Segundo,29.29177975528365,1.836065662293449
t2m_max_mar,Rivadavia,27.354018940514948,1.5531083143008468
t2m_max_mar,Robles,32.044285714285714,1.520119854124946
t2m_max_mar,Rojas,27.324070208728653,1.788596046507102
t2m_max_mar,Roque Perez,26.811457174638488,1.605610905671869
t2m_max_mar,Rosario,28.410593132154006,1.7361932676863618
t2m_max_mar,Rosario De La Frontera,25.56794930875576,1.1548037819827932
t2m_max_mar,Saavedra,25.45018064516129,1.1882881909853529
t2m_max_mar,Saladillo,26.492399193548387,1.5199118326525694
t2m_max_mar,Salliquelo,26.4620908004779,1.4555192720536894
t2m_max_mar,Salto,27.111847507331376,1.7670188752437794
t2m_max_mar,San Alberto,27.279693548387097,1.5803828529620854
t2m_max_mar,San Andres De Giles,27.304740957966764,1.7228364546012847
t2m_max_mar,San Antonio De Areco,27.70075268817204,1.692691368534747
t2m_max_mar,San Cayetano,24.513122580645163,1.1208677982830484
t2m_max_mar,San Cristobal,29.763995837669093,1.783997587676834
t2m_max_mar,San Fernando,30.862782258064517,1.9543394937684422
t2m_max_mar,San Javier,30.835652040972327,2.0091504375547466
t2m_max_mar,San Jeronimo,31.049354838709675,2.396732931742252
t2m_max_mar,San Justo,27.19512634408602,1.446872946096127
t2m_max_mar,San Lorenzo,28.716784769962985,1.810290471049004
t2m_max_mar,San Martin,29.248625525946704,1.6908684307768103
t2m_max_mar,San Nicolas,28.297634408602153,1.733535514561576
t2m_max_mar,San Pedro,28.715941727367326,1.787331855234837
t2m_max_mar,San Salvador,29.068655913978493,1.649989733649593
t2m_max_mar,Santa Barbara,20.031370967741935,0.8479454118789087
t2m_max_mar,Santa Maria,27.30607210626186,1.5300574710127146
t2m_max_mar,Santa Rosa,28.4191935483871,1.3653501705811593
t2m_max_mar,Santo Tome,31.705274193548387,1.9302493627193165
t2m_max_mar,Sargento Cabral,30.847961290322576,1.9668360216798941
t2m_max_mar,Sauce,30.954930875576036,2.3214987776302793
t2m_max_mar,Silipica,31.724516129032256,1.43762273025947
t2m_max_mar,Simoca,26.209999999999997,1.6222336804139783
t2m_max_mar,Sobremonte,27.140865102639296,1.4437060452874684
t2m_max_mar,Suipacha,26.70330107526882,1.6620238359987471
t2m_max_mar,Tafi Viejo,26.58396774193548,1.53933327497237
t2m_max_mar,Tala,28.970978494623655,1.8364496081829764
t2m_max_mar,Tandil,24.798621700879767,1.3945191540916746
t2m_max_mar,Tapalque,25.977903225806454,1.871509321766268
t2m_max_mar,Tercero Arriba,26.92238042269188,1.5182782061488231
t2m_max_mar,Toay,27.844175627240144,1.5214477359489686
t2m_max_mar,Tornquist,25.354889112903226,1.1300437719771617
t2m_max_mar,Totoral,27.422355816226787,1.5418422424333251
t2m_max_mar,Trenel,27.65032258064516,1.7907454846680135
t2m_max_mar,Trenque Lauquen,26.749032258064517,1.5877500753484441
t2m_max_mar,Tres Arroyos,24.861464019851116,1.075357951607505
t2m_max_mar,Tres Lomas,27.09011884550085,1.4265096962188781
t2m_max_mar,Tulumba,27.14325917686318,1.530488860595504
t2m_max_mar,Union,28.256618106139438,1.4776186391185668
t2m_max_mar,Uruguay,29.20777315296566,1.6151957693282588
t2m_max_mar,Utracan,27.559881154499152,1.8032381947963037
t2m_max_mar,Vera,30.630674486803517,2.2912364010160595
t2m_max_mar,Victoria,28.493763440860214,1.7107391915014054
t2m_max_mar,Villa Constitucion,27.73648093841642,1.7575033829334745
t2m_max_mar,Villaguay,28.98693028095734,1.8935907761571582
t2m_max_mar,Zarate,27.495063538611927,1.5649691842455535
t2m_min_sep,12 De Octubre,13.042020833333334,1.7164323901889074
t2m_min_sep,2 De Abril,13.374733333333333,1.6838842579441287
t2m_min_sep,25 De Mayo,6.150382147838215,0.9114719316071113
t2m_min_sep,9 De Julio,6.204670175438597,0.902602227610009
t2m_min_sep,Adolfo Alsina,7.916222222222221,0.8984872615113854
t2m_min_sep,Adolfo Gonzales Chaves,4.420333333333334,0.8904167517345725
t2m_min_sep,Aguirre,14.734181818181817,1.7041959196535268
t2m_min_sep,Alberdi,11.50969696969697,1.6338398725691357
t2m_min_sep,Alberti,11.195019607843138,0.845425280747973
t2m_min_sep,Almirante Brown,14.506119047619048,1.8895111833624416
t2m_min_sep,Anta,14.622563218390804,1.813017549761075
t2m_min_sep,Arrecifes,7.320854166666667,1.0015697032756696
t2m_min_sep,Atreuco,5.00471264367816,0.8650678417479704
t2m_min_sep,Ayacucho,4.671884615384615,0.7057954979314369
t2m_min_sep,Azul,4.294322222222222,0.7913614220161532
t2m_min_sep,Balcarce,4.542822222222222,0.7939571957025884
t2m_min_sep,Banda,11.736597222222223,1.6965820655402206
t2m_min_sep,Baradero,7.50240404040404,0.9790654974599492
t2m_min_sep,Belgrano,7.971253822629969,1.0862083454619553
t2m_min_sep,Bella Vista,11.895745098039216,1.4891102886614498
t2m_min_sep,Benito Juarez,4.161828282828283,0.8257778787352068
t2m_min_sep,Bermejo,13.080263157894736,1.689002805291721
t2m_min_sep,Bolivar,11.258010752688172,0.9308972632333495
t2m_min_sep,Bragado,6.525070707070707,0.9331371324937834
t2m_min_sep,Brandsen,7.924666666666667,0.9244272100423412
t2m_min_sep,Burruyacu,10.587407407407408,1.4206850410119005
t2m_min_sep,Cainguas,13.263240000000001,1.64626108511693
t2m_min_sep,Calamuchita,6.996352941176471,1.0894279904634492
t2m_min_sep,Campana,8.067150537634408,0.9843569694220186
t2m_min_sep,Canuelas,6.8426222222222215,0.8999476431485804
t2m_min_sep,Capital,5.478876138433515,0.8094261193953127
t2m_min_sep,Capitan Sarmiento,7.14889247311828,0.8905843873634501
t2m_min_sep,Carlos Casares,6.29188888888889,0.8474039959826759
t2m_min_sep,Carlos Tejedor,6.325578431372549,0.8454190772753086
t2m_min_sep,Carmen De Areco,6.846627450980392,0.9721266519192635
t2m_min_sep,Caseros,7.908080808080809,1.0768106006419524
t2m_min_sep,Castellanos,9.547363636363636,1.2697697936689711
t2m_min_sep,Castelli,7.5739019607843145,0.9537274590659904
t2m_min_sep,Catrilo,5.860654320987654,0.7470046709855307
t2m_min_sep,Chacabuco,6.981722666666666,0.983893307519613
t2m_min_sep,Chapaleufu,6.462095238095238,0.9740725891655023
t2m_min_sep,Chascomus,6.491291666666667,0.7622429633164534
t2m_min_sep,Chicligasta,12.209794871794873,1.381213037303064
t2m_min_sep,Chivilcoy,6.474454545454546,0.9470591682581497
t2m_min_sep,Choya,11.1816,1.5754160458305349
t2m_min_sep,Colon,7.2426867167919795,1.0144169989774936
t2m_min_sep,Comandante Fernandez,13.014791666666667,1.7904175215389548
t2m_min_sep,Concordia,9.322413793103449,1.2101764158918045
t2m_min_sep,Conhelo,5.571928571428572,0.8243884644923213
t2m_min_sep,Copo,11.683070175438596,1.5272465806995965
t2m_min_sep,Coronel Dorrego,4.6325308641975305,0.7306453490904563
t2m_min_sep,Coronel Pringles,4.178584905660378,0.8319775019190142
t2m_min_sep,Coronel Suarez,4.207055555555556,0.8532801262297429
t2m_min_sep,Cruz Alta,12.744617283950618,1.519527832938374
t2m_min_sep,Curuzu Cuatia,9.885761904761905,1.2920233812057809
t2m_min_sep,Daireaux,5.625961904761905,0.8151674905942675
t2m_min_sep,Diamante,9.827960784313726,1.0390939324410136
t2m_min_sep,Dolores,5.96556862745098,0.9509861531056553
t2m_min_sep,El Alto,8.971301587301587,1.4554537891239046
t2m_min_sep,El Carmen,11.904083333333332,1.3680431006078617
t2m_min_sep,Esquina,10.816882352941176,1.3875342335175038
t2m_min_sep,Exaltacion De La Cruz,6.529767676767677,0.9563153009106842
t2m_min_sep,Famailla,7.1598125,1.3084695100751471
t2m_min_sep,Federacion,9.749777777777776,1.196758262920829
t2m_min_sep,Federal,9.250440476190477,1.1756758639465352
t2m_min_sep,Feliciano,10.090787878787879,1.0873798105229155
t2m_min_sep,Figueroa,13.859666666666667,1.820277624328121
t2m_min_sep,Florentino Ameghino,6.561818181818182,0.8004423891061854
t2m_min_sep,Fray Justo Santa Maria De Oro,12.178178571428573,1.5892471429373434
t2m_min_sep,Garay,8.499533333333334,1.0640148019884754
t2m_min_sep,General Alvarado,7.9183666666666666,0.91353563641701
t2m_min_sep,General Alvear,5.622588888888888,0.9160011322055164
t2m_min_sep,General Arenales,7.16021568627451,0.963545832640221
t2m_min_sep,General Belgrano,5.834262996941896,0.9108999439949194
t2m_min_sep,General Donovan,12.429684210526316,1.808061899661747
t2m_min_sep,General Guemes,11.227134831460674,1.4954105950458916
t2m_min_sep,General Jose De San Martin,5.046177083333333,1.430809971839459
t2m_min_sep,General Juan Madariaga,7.5336,0.7268689894181604
t2m_min_sep,General La Madrid,4.178487179487179,0.823405698470386
t2m_min_sep,General Las Heras,6.86997435897436,0.9271936339685447
t2m_min_sep,General Lopez,7.348282828282828,1.0345657439812748
t2m_min_sep,General Manuel Belgrano,14.090483333333333,1.7018824440920628
t2m_min_sep,General Obligado,11.681688888888889,1.3796997839175076
t2m_min_sep,General Paz,4.475047619047619,0.9046586850895405
t2m_min_sep,General Pinto,6.564020202020202,0.9185651021029194
t2m_min_sep,General Pueyrredon,7.326052083333334,0.6456287597433265
t2m_min_sep,General Roca,8.021141414141415,1.1306252941474437
t2m_min_sep,General Rodriguez,7.472493333333333,0.9157452294089146
t2m_min_sep,General San Martin,7.028104166666666,1.1654463800557047
t2m_min_sep,General Taboada,12.809516129032259,1.5988392313469622
t2m_min_sep,General Viamonte,11.230858585858586,0.8225009330892338
t2m_min_sep,General Villegas,6.606343434343434,0.8989228063078258
t2m_min_sep,Graneros,9.641794871794872,1.4701237622184453
t2m_min_sep,Gualeguay,7.96052688172043,1.0309128021975318
t2m_min_sep,Gualeguaychu,8.081711111111112,1.0843300657286818
t2m_min_sep,Guamini,5.450125,0.7810309043506052
t2m_min_sep,Guarani,12.65079487179487,1.6033988096870917
t2m_min_sep,Guasayan,11.342,1.4156108861795171
t2m_min_sep,Guatrache,4.94563492063492,0.8274792102441265
t2m_min_sep,Hipolito Yrigoyen,4.476606060606061,0.9324701754783183
t2m_min_sep,Independencia,13.042020833333334,1.7164323901889074
t2m_min_sep,Iriondo,7.942294117647059,1.0627742862907028
t2m_min_sep,Ischilin,7.112386666666667,1.1499660247799273
t2m_min_sep,Ituzaingo,13.095719298245614,1.5225561161105539
t2m_min_sep,Jimenez,13.138630952380952,1.6075912542224648
t2m_min_sep,Juan Bautista Alberdi,9.661395833333334,1.503170595866543
t2m_min_sep,Juan F. Ibarra,11.829071428571428,1.5721325150618684
t2m_min_sep,Juarez Celman,6.90193137254902,1.1886460927745033
t2m_min_sep,Junin,7.1357,0.9872195364672818
t2m_min_sep,La Candelaria,10.035261904761905,1.405053944623333
t2m_min_sep,La Capital,8.50853125,1.0361605439443546
t2m_min_sep,La Cocha,8.014979166666667,1.4825625686315593
t2m_min_sep,La Paz,10.056822916666667,1.2810602015640646
t2m_min_sep,Laishi,13.094631578947368,1.859669600598938
t2m_min_sep,Laprida,4.100037037037037,0.8444784479208745
t2m_min_sep,Las Colonias,9.185645833333334,1.2390315559680423
t2m_min_sep,Las Flores,5.522283950617283,0.7371702809450328
t2m_min_sep,Leales,12.726833333333333,1.5473452311764313
t2m_min_sep,Leandro N. Alem,7.270176282051282,1.0313468900780363
t2m_min_sep,Libertador General San Martin,12.977787878787877,1.7571567907916674
t2m_min_sep,Lincoln,6.603447916666667,0.8980897952621121
t2m_min_sep,Loberia,7.278877777777778,0.6320954537943896
t2m_min_sep,Lobos,6.588171717171718,0.9879449142637097
t2m_min_sep,Lujan,6.87889898989899,0.9648311398203331
t2m_min_sep,Lules,7.308179487179487,1.3312952799837918
t2m_min_sep,Magdalena,9.997384615384616,0.8791835000616351
t2m_min_sep,Maipu,13.045133333333332,1.674501583325408
t2m_min_sep,Mar Chiquita,5.780352941176471,0.8030038697722951
t2m_min_sep,Maraco,5.000666666666667,0.8866716336156163
t2m_min_sep,Marcos Juarez,7.719272727272727,1.0706676767278906
t2m_min_sep,Marcos Paz,6.890942028985507,0.9688123190886451
t2m_min_sep,Mayor Luis J. Fontana,,
t2m_min_sep,Mercedes,6.901620689655172,0.9066400569028498
t2m_min_sep,Metan,10.932777777777778,1.4915248961932353
t2m_min_sep,Mitre,11.924119047619048,1.5555310281731052
t2m_min_sep,Monte,6.252666666666667,0.8761902468408352
t2m_min_sep,Monteros,7.293583333333333,1.3767312856284923
t2m_min_sep,Moreno,13.429654320987654,1.7629050870638407
t2m_min_sep,Navarro,6.380827956989247,0.7591707360347955
t2m_min_sep,Necochea,6.1925,0.6996970916046459
t2m_min_sep,Nogoya,8.397041666666667,1.0355297390716467
t2m_min_sep,O'Higgins,13.09930303030303,1.7211491868395912
t2m_min_sep,Obera,12.63104347826087,1.642740797054283
t2m_min_sep,Olavarria,4.563254901960784,0.9214386389658744
t2m_min_sep,Oran,15.358666666666666,1.6323060539504965
t2m_min_sep,Parana,9.997731182795699,1.111863692083251
t2m_min_sep,Pehuajo,6.0325196078431365,0.8804884747396394
t2m_min_sep,Pellegrini,11.671583333333333,1.623131180104623
t2m_min_sep,Pergamino,7.305131313131313,1.0139764473054764
t2m_min_sep,Pilagas,14.96345,1.9658936728727054
t2m_min_sep,Pilar,7.5086091954022995,0.9475936234222558
t2m_min_sep,Pilcomayo,15.066754385964911,2.0235656735297027
t2m_min_sep,Pirane,14.839015873015873,1.901116626489082
t2m_min_sep,Pocho,8.152227272727272,1.041983590576312
t2m_min_sep,Presidencia De La Plaza,12.249766666666666,1.8613860336001968
t2m_min_sep,Presidente Roque Saenz Pena,7.017578431372549,1.1655174348625204
t2m_min_sep,Puan,7.635271604938271,0.9736143782738179
t2m_min_sep,Quemu Quemu,6.036029411764706,0.8482797421807596
t2m_min_sep,Quitilipi,12.618188888888888,1.9037908677350879
t2m_min_sep,Ramallo,7.92821875,0.9942090446379794
t2m_min_sep,Rancul,6.036642857142858,0.827141634402916
t2m_min_sep,Rauch,4.439377777777778,0.8254220596159507
t2m_min_sep,Realico,6.155955555555555,0.9182441754635141
t2m_min_sep,Rio Chico,9.60725,1.4218645520399702
t2m_min_sep,Rio Cuarto,6.585166666666667,1.035406110480362
t2m_min_sep,Rio Hondo,11.781075757575758,1.6077083724726666
t2m_min_sep,Rio Primero,7.979907407407406,1.1342470759393193
t2m_min_sep,Rio Seco,5.786602150537635,1.1088872213949434
t2m_min_sep,Rio Segundo,8.682448275862068,1.231644291554806
t2m_min_sep,Rivadavia,7.544100917431193,0.899189978993425
t2m_min_sep,Robles,12.851214285714287,1.734045763880876
t2m_min_sep,Rojas,7.300166666666667,1.0168722469743514
t2m_min_sep,Roque Perez,6.1064942528735635,0.8048058408299762
t2m_min_sep,Rosario,8.511913978494624,1.0318633234491719
t2m_min_sep,Rosario De La Frontera,9.869511904761906,1.4623258476231242
t2m_min_sep,Saavedra,4.514906666666667,0.7734139656239875
t2m_min_sep,Saladillo,6.13615625,0.8593144220095784
t2m_min_sep,Salliquelo,5.709135802469136,0.9530753831552753
t2m_min_sep,Salto,6.936919191919191,0.9925814094456457
t2m_min_sep,San Alberto,7.310816666666666,0.9465460108123617
t2m_min_sep,San Andres De Giles,6.87659595959596,0.9614637775489622
t2m_min_sep,San Antonio De Areco,7.480686868686869,0.9946985861842279
t2m_min_sep,San Cayetano,5.06972,0.7510183313835117
t2m_min_sep,San Cristobal,9.962763440860215,1.2749113148344675
t2m_min_sep,San Fernando,12.97709375,1.736691775837253
t2m_min_sep,San Javier,11.747406003159558,1.63558863309346
t2m_min_sep,San Jeronimo,11.676262626262627,1.4584878221922748
t2m_min_sep,San Justo,7.080141666666666,1.1310382302828428
t2m_min_sep,San Lorenzo,9.13905737704918,0.9582395883650661
t2m_min_sep,San Martin,9.967524154589373,1.0462386473449479
t2m_min_sep,San Nicolas,7.906656565656566,0.9863595330136993
t2m_min_sep,San Pedro,8.045264784946237,1.0157045124201483
t2m_min_sep,San Salvador,8.986749999999999,1.3078440901504331
t2m_min_sep,Santa Barbara,4.750791666666667,1.2496293008299515
t2m_min_sep,Santa Maria,7.0222549019607845,1.0921363830511266
t2m_min_sep,Santa Rosa,9.024277777777778,1.4660973923505085
t2m_min_sep,Santo Tome,11.6634,1.4969092039640481
t2m_min_sep,Sargento Cabral,13.097346666666667,1.6590682499970126
t2m_min_sep,Sauce,9.801404761904761,1.313165739525198
t2m_min_sep,Silipica,11.641722222222223,1.659397279124661
t2m_min_sep,Simoca,9.762355555555555,1.6264248232919054
t2m_min_sep,Sobremonte,7.10919696969697,1.1426570384431225
t2m_min_sep,Suipacha,6.429633333333333,0.8519420741465639
t2m_min_sep,Tafi Viejo,10.556000000000001,1.406328474353619
t2m_min_sep,Tala,9.435911111111112,1.2350895633006544
t2m_min_sep,Tandil,4.280747474747475,0.9210760616374463
t2m_min_sep,Tapalque,4.977,0.9123760834475325
t2m_min_sep,Tercero Arriba,6.77,1.0615894940928219
t2m_min_sep,Toay,5.307722222222222,0.8172061303472484
t2m_min_sep,Tornquist,4.533520833333333,0.806858654561541
t2m_min_sep,Totoral,7.049171717171717,1.0914366110048492
t2m_min_sep,Trenel,6.028098765432099,0.8415276951265978
t2m_min_sep,Trenque Lauquen,6.1915913978494626,0.9008147205793348
t2m_min_sep,Tres Arroyos,4.8403205128205125,0.7757293828292284
t2m_min_sep,Tres Lomas,5.937508771929825,0.7647104944689049
t2m_min_sep,Tulumba,7.208954022988506,1.1000000495098758
t2m_min_sep,Union,6.76536559139785,1.117992898522595
t2m_min_sep,Uruguay,9.964774193548388,1.1457665180910523
t2m_min_sep,Utracan,6.366456140350877,0.8289165411721016
t2m_min_sep,Vera,10.825939393939393,1.3373728559883151
t2m_min_sep,Victoria,8.488848484848486,1.0260908087754883
t2m_min_sep,Villa Constitucion,7.757252525252525,1.0195693536376542
t2m_min_sep,Villaguay,8.662548387096773,1.1301744852123894
t2m_min_sep,Zarate,8.111484848484848,0.9680848580046996
t2m_min_oct,12 De Octubre,16.367721774193548,1.562867354688011
t2m_min_oct,2 De Abril,16.717145161290322,1.5545787927614907
t2m_min_oct,25 De Mayo,9.2058496423269,1.0314143355925598
t2m_min_oct,9 De Julio,9.273926428975665,0.9886669557724013
t2m_min_oct,Adolfo Alsina,10.926666666666668,1.1479590644807975
t2m_min_oct,Adolfo Gonzales Chaves,6.970115207373271,0.9981935014926777
t2m_min_oct,Aguirre,18.563211143695014,1.4422563225406757
t2m_min_oct,Alberdi,16.081539589442816,1.3693495498598538
t2m_min_oct,Alberti,13.989715370018974,1.0355705733022904
t2m_min_oct,Almirante Brown,18.20086405529954,1.7662371898679723
t2m_min_oct,Anta,18.88565072302558,1.3449498795640642
t2m_min_oct,Arrecifes,10.485806451612904,1.0676371773024909
t2m_min_oct,Atreuco,8.344482758620689,1.001038094095545
t2m_min_oct,Ayacucho,7.521191066997519,1.0683524905600514
t2m_min_oct,Azul,7.265387096774194,1.0689834806677359
t2m_min_oct,Balcarce,7.180806451612904,0.922706723612884
t2m_min_oct,Banda,16.15463709677419,1.4279042141716354
t2m_min_oct,Baradero,10.602463343108504,1.1063806546952586
t2m_min_oct,Belgrano,11.565036993193251,1.0933919358417348
t2m_min_oct,Bella Vista,14.783548387096774,1.4112161685587599
t2m_min_oct,Benito Juarez,6.9002052785923755,1.0228780884764117
t2m_min_oct,Bermejo,16.798590831918506,1.5832101535249856
t2m_min_oct,Bolivar,14.096409989594173,1.0549695415294584
t2m_min_oct,Bragado,9.680518084066472,0.9901918747785362
t2m_min_oct,Brandsen,10.75622828784119,1.0684872198732773
t2m_min_oct,Burruyacu,14.527897252090801,1.105205457487787
t2m_min_oct,Cainguas,15.725690322580645,1.579133869565534
t2m_min_oct,Calamuchita,10.484696394686907,1.0282554828789747
t2m_min_oct,Campana,11.224661810613943,1.1372379591713235
t2m_min_oct,Canuelas,10.003483870967743,1.0789755880641176
t2m_min_oct,Capital,8.753779305482109,0.932402523711342
t2m_min_oct,Capitan Sarmiento,10.438720083246618,1.0780293794389593
t2m_min_oct,Carlos Casares,9.301964809384163,0.9439176089135056
t2m_min_oct,Carlos Tejedor,9.495483870967742,0.9144981801249088
t2m_min_oct,Carmen De Areco,10.078187855787476,1.047633602492973
t2m_min_oct,Caseros,11.341739980449658,1.074581610191967
t2m_min_oct,Castellanos,13.079208211143696,1.1153642788688691
t2m_min_oct,Castelli,10.575237191650855,1.1375598778388452
t2m_min_oct,Catrilo,9.160537634408602,0.9497246606682409
t2m_min_oct,Chacabuco,10.078383225806451,1.0378912637534834
t2m_min_oct,Chapaleufu,9.850442396313364,0.9236041220088826
t2m_min_oct,Chascomus,9.72907258064516,1.0455331706628581
t2m_min_oct,Chicligasta,16.84352357320099,1.6384934000319586
t2m_min_oct,Chivilcoy,9.619491691104594,1.0260962324971488
t2m_min_oct,Choya,15.238537634408601,1.4581301617836577
t2m_min_oct,Colon,10.46090346834829,0.9863364012210076
t2m_min_oct,Comandante Fernandez,16.53397177419355,1.5870160898365704
t2m_min_oct,Concordia,12.587408231368185,1.2276042706429136
t2m_min_oct,Conhelo,9.029066820276498,0.9444422476804234
t2m_min_oct,Copo,16.089728353140917,1.407436989429116
t2m_min_oct,Coronel Dorrego,7.377359617682198,1.0183469081479473
t2m_min_oct,Coronel Pringles,6.938764455264759,0.9880625611839017
t2m_min_oct,Coronel Suarez,7.243752688172043,1.0157964195399685
t2m_min_oct,Cruz Alta,17.09205495818399,1.2274030223873615
t2m_min_oct,Curuzu Cuatia,13.137949308755761,1.5325094614565942
t2m_min_oct,Daireaux,8.760709677419355,0.9717673326424838
t2m_min_oct,Diamante,13.223187855787476,1.0976983736787018
t2m_min_oct,Dolores,8.9365275142315,1.1812097987114538
t2m_min_oct,El Alto,13.155130568356375,1.1268616180299114
t2m_min_oct,El Carmen,15.605860215053765,1.0577009503762342
t2m_min_oct,Esquina,14.058121442125238,1.295737730934987
t2m_min_oct,Exaltacion De La Cruz,9.666871945259041,1.0658348274117975
t2m_min_oct,Famailla,10.864798387096775,1.2582006536487642
t2m_min_oct,Federacion,13.273154121863799,1.294050949119093
t2m_min_oct,Federal,12.603582949308755,1.3063092134123022
t2m_min_oct,Feliciano,13.373093841642229,1.2050317702890183
t2m_min_oct,Figueroa,17.40965260545906,1.5486647850320987
t2m_min_oct,Florentino Ameghino,9.876466275659824,1.0041769486044503
t2m_min_oct,Fray Justo Santa Maria De Oro,15.814769585253456,1.4752163887074157
t2m_min_oct,Garay,11.91678494623656,1.0697968540826934
t2m_min_oct,General Alvarado,10.986806451612903,1.0298721465308938
t2m_min_oct,General Alvear,8.669967741935485,1.0967077626613286
t2m_min_oct,General Arenales,10.459696394686906,0.9793804030279485
t2m_min_oct,General Belgrano,8.856037289138799,1.088581257164926
t2m_min_oct,General Donovan,15.728539898132427,1.653573196715824
t2m_min_oct,General Guemes,14.821710764769843,1.012281826272209
t2m_min_oct,General Jose De San Martin,8.436743951612904,1.1215092796812836
t2m_min_oct,General Juan Madariaga,10.26443870967742,0.9657441443474101
t2m_min_oct,General La Madrid,7.0823945409429285,1.0997062446588834
t2m_min_oct,General Las Heras,10.0624317617866,1.1394386526391633
t2m_min_oct,General Lopez,10.641935483870968,0.9895441244035149
t2m_min_oct,General Manuel Belgrano,16.73722580645161,1.4308734087500965
t2m_min_oct,General Obligado,15.01894623655914,1.3195360869744426
t2m_min_oct,General Paz,7.226589861751152,1.152282459064408
t2m_min_oct,General Pinto,9.830459433040078,0.9386716474334988
t2m_min_oct,General Pueyrredon,9.587157258064517,0.8180075588088023
t2m_min_oct,General Roca,11.50553274682307,1.1466260569706295
t2m_min_oct,General Rodriguez,10.707664516129032,1.1606670081980999
t2m_min_oct,General San Martin,10.726925403225806,1.1517151147649436
t2m_min_oct,General Taboada,16.964120707596255,1.3384468759010495
t2m_min_oct,General Viamonte,13.999980449657869,1.0375404187662194
t2m_min_oct,General Villegas,9.967644183773217,0.9588628539662156
t2m_min_oct,Graneros,13.756066997518612,1.1710226309688707
t2m_min_oct,Gualeguay,11.153902185223725,1.089025245718514
t2m_min_oct,Gualeguaychu,11.151118279569893,1.1819455257153813
t2m_min_oct,Guamini,8.684126344086021,1.0036298775384207
t2m_min_oct,Guarani,15.002047146401985,1.5167331039351652
t2m_min_oct,Guasayan,15.775645161290324,1.207243597023902
t2m_min_oct,Guatrache,8.274454685099846,1.0171343957266994
t2m_min_oct,Hipolito Yrigoyen,7.31919843597263,1.0535767524071884
t2m_min_oct,Independencia,16.367721774193548,1.562867354688011
t2m_min_oct,Iriondo,11.333937381404175,1.0570794587826657
t2m_min_oct,Ischilin,10.351083870967742,1.0159917422187434
t2m_min_oct,Ituzaingo,16.22290322580645,1.6109360117909293
t2m_min_oct,Jimenez,17.428502304147464,1.4221753099945729
t2m_min_oct,Juan Bautista Alberdi,13.64695564516129,1.2822229275973005
t2m_min_oct,Juan F. Ibarra,16.124723502304146,1.3577363001515095
t2m_min_oct,Juarez Celman,10.455578747628083,1.0569537315081772
t2m_min_oct,Junin,10.550586021505376,0.9703157017376879
t2m_min_oct,La Candelaria,13.934032258064516,1.0973146728585503
t2m_min_oct,La Capital,11.916028225806452,1.0495568642089306
t2m_min_oct,La Cocha,12.026431451612904,1.2187003048914693
t2m_min_oct,La Paz,13.39891129032258,1.2804068371516737
t2m_min_oct,Laishi,16.425059422750422,1.57129899818957
t2m_min_oct,Laprida,6.902485065710873,1.0989839213053663
t2m_min_oct,Las Colonias,12.76538306451613,1.177624067951975
t2m_min_oct,Las Flores,8.610143369175628,1.06949117295718
t2m_min_oct,Leales,17.23044665012407,1.1977357343329145
t2m_min_oct,Leandro N. Alem,10.486293424317617,1.0429254473696519
t2m_min_oct,Libertador General San Martin,16.57636037797328,1.679128196672587
t2m_min_oct,Lincoln,9.764022177419355,0.9703148938092717
t2m_min_oct,Loberia,9.525043010752688,0.8046005518480928
t2m_min_oct,Lobos,9.671945259042033,1.0715583336984156
t2m_min_oct,Lujan,10.053431085043988,1.1189265961114576
t2m_min_oct,Lules,10.81531017369727,1.3786931269817913
t2m_min_oct,Magdalena,12.64667493796526,0.9993806821788007
t2m_min_oct,Maipu,16.893498207885305,1.5564284966074988
t2m_min_oct,Mar Chiquita,8.399753320683113,1.092959688632522
t2m_min_oct,Maraco,8.30095825426945,0.9523095300808448
t2m_min_oct,Marcos Juarez,11.191925708699902,1.0517945169122942
t2m_min_oct,Marcos Paz,10.050168302945302,1.143521319077772
t2m_min_oct,Mayor Luis J. Fontana,,
t2m_min_oct,Mercedes,10.274360400444937,1.0360335600315531
t2m_min_oct,Metan,14.813333333333333,1.0610752774592738
t2m_min_oct,Mitre,16.040276497695853,1.6027064521547547
t2m_min_oct,Monte,9.292655913978495,1.1228037051069508
t2m_min_oct,Monteros,10.643360215053763,1.3677109597716153
t2m_min_oct,Moreno,17.16400238948626,1.5270392966527246
t2m_min_oct,Navarro,9.626014568158167,1.0859262948205903
t2m_min_oct,Necochea,8.425533498759306,0.8412595615408691
t2m_min_oct,Nogoya,11.692923387096775,1.1631400055316619
t2m_min_oct,O'Higgins,16.40656891495601,1.5543567337446689
t2m_min_oct,Obera,14.963394109396916,1.5003807603944452
t2m_min_oct,Olavarria,7.428415559772296,1.032865517648069
t2m_min_oct,Oran,19.231774193548386,1.2628723601242633
t2m_min_oct,Parana,13.490083246618106,1.1408905855749265
t2m_min_oct,Pehuajo,9.053956356736242,0.9696995654538275
t2m_min_oct,Pellegrini,16.059360599078342,1.3555221432459554
t2m_min_oct,Pergamino,10.506559139784947,1.0264736166903465
t2m_min_oct,Pilagas,17.99858064516129,1.5773536964541655
t2m_min_oct,Pilar,10.61340378197998,1.1066662626705965
t2m_min_oct,Pilcomayo,18.16786078098472,1.676270733738755
t2m_min_oct,Pirane,17.9042089093702,1.5769963100384952
t2m_min_oct,Pocho,11.68307917888563,1.0490205895440172
t2m_min_oct,Presidencia De La Plaza,16.06225806451613,1.622659693551862
t2m_min_oct,Presidente Roque Saenz Pena,10.586043643263757,1.1070769027011889
t2m_min_oct,Puan,10.57026284348865,1.1539931994889738
t2m_min_oct,Quemu Quemu,9.387447817836813,0.9091044463546424
t2m_min_oct,Quitilipi,16.056612903225805,1.6154144916060071
t2m_min_oct,Ramallo,11.149274193548386,1.0777781683951524
t2m_min_oct,Rancul,9.51991935483871,0.970303041254658
t2m_min_oct,Rauch,7.253913978494624,1.0641973794981126
t2m_min_oct,Realico,9.593021505376345,0.9645758125415065
t2m_min_oct,Rio Chico,13.711895161290322,1.0097379649833855
t2m_min_oct,Rio Cuarto,10.111552419354839,1.1096429720154246
t2m_min_oct,Rio Hondo,16.248299120234602,1.4805891886311622
t2m_min_oct,Rio Primero,11.522706093189964,1.0763206635667362
t2m_min_oct,Rio Seco,9.136264308012487,1.0286713149099578
t2m_min_oct,Rio Segundo,12.278843159065628,1.1130666330219905
t2m_min_oct,Rivadavia,10.599035217519976,1.0529353262562708
t2m_min_oct,Robles,16.941175115207376,1.510754337994552
t2m_min_oct,Rojas,10.544734345351044,1.01698986243197
t2m_min_oct,Roque Perez,9.281045606229142,1.0984043038339437
t2m_min_oct,Rosario,11.983954214360041,1.0006284704546637
t2m_min_oct,Rosario De La Frontera,13.880794930875577,1.0817226122887231
t2m_min_oct,Saavedra,7.494490322580645,1.0119231523100265
t2m_min_oct,Saladillo,9.201108870967742,1.0677183380056516
t2m_min_oct,Salliquelo,8.836941457586619,0.9355715085602144
t2m_min_oct,Salto,10.056627565982405,1.0224727482346918
t2m_min_oct,San Alberto,10.781709677419354,1.0575797892734442
t2m_min_oct,San Andres De Giles,10.099120234604104,1.1086447577849934
t2m_min_oct,San Antonio De Areco,10.655219941348975,1.0925266168489074
t2m_min_oct,San Cayetano,7.474864516129032,0.9014980976015357
t2m_min_oct,San Cristobal,13.557055150884494,1.1686106515671482
t2m_min_oct,San Fernando,16.2971875,1.5412637202704607
t2m_min_oct,San Javier,14.526320134536004,1.4485132417207642
t2m_min_oct,San Jeronimo,15.183958944281525,1.3386828220021216
t2m_min_oct,San Justo,10.486411290322582,1.0061249839784587
t2m_min_oct,San Lorenzo,12.480124272871496,1.0651506913976245
t2m_min_oct,San Martin,13.427816736792893,1.1302513854482625
t2m_min_oct,San Nicolas,11.100351906158357,1.0974003263852228
t2m_min_oct,San Pedro,11.233273933402705,1.0776530167852414
t2m_min_oct,San Salvador,11.981559139784947,1.4168504754430473
t2m_min_oct,Santa Barbara,7.765416666666667,1.139012856425601
t2m_min_oct,Santa Maria,10.357267552182163,1.0404661482552648
t2m_min_oct,Santa Rosa,13.220569892473119,1.0858343415009362
t2m_min_oct,Santo Tome,14.654258064516128,1.5856795285733674
t2m_min_oct,Sargento Cabral,16.46661935483871,1.5547303399971093
t2m_min_oct,Sauce,13.420921658986176,1.543787973539872
t2m_min_oct,Silipica,16.168252688172043,1.681983399852761
t2m_min_oct,Simoca,13.71141935483871,1.3247107147510082
t2m_min_oct,Sobremonte,10.348929618768329,1.0809347957064233
t2m_min_oct,Suipacha,9.644236559139785,1.0824677828973388
t2m_min_oct,Tafi Viejo,14.82741935483871,1.4637715095009962
t2m_min_oct,Tala,12.502139784946236,1.2166085908518036
t2m_min_oct,Tandil,6.833607038123167,1.037052175251802
t2m_min_oct,Tapalque,8.035322580645161,1.2211791582118492
t2m_min_oct,Tercero Arriba,10.213604004449389,1.0652855935313235
t2m_min_oct,Toay,8.67421146953405,0.9748511137154492
t2m_min_oct,Tornquist,7.527469758064516,0.9719535552692751
t2m_min_oct,Totoral,10.416001955034213,1.069531841829894
t2m_min_oct,Trenel,9.291278375149343,0.9840869855257194
t2m_min_oct,Trenque Lauquen,9.26200832466181,0.9330937308636366
t2m_min_oct,Tres Arroyos,7.35682382133995,0.9532029698364116
t2m_min_oct,Tres Lomas,9.237283531409167,1.0162137378120328
t2m_min_oct,Tulumba,10.428086763070079,1.0857052209281601
t2m_min_oct,Union,10.46146722164412,1.1138584488355707
t2m_min_oct,Uruguay,13.370145681581686,1.1384825745653895
t2m_min_oct,Utracan,9.721154499151103,0.941703851053638
t2m_min_oct,Vera,14.325249266862171,1.331059894490346
t2m_min_oct,Victoria,11.868611925708699,1.0683349862526792
t2m_min_oct,Villa Constitucion,11.066314760508309,1.040040547011052
t2m_min_oct,Villaguay,11.83513007284079,1.2009576429580058
t2m_min_oct,Zarate,11.194701857282503,1.0882459766101182
t2m_min_nov,12 De Octubre,18.387072916666668,1.46051299166174
t2m_min_nov,2 De Abril,18.287666666666667,1.5739306812797331
t2m_min_nov,25 De Mayo,11.768490934449094,1.1199587964220423
t2m_min_nov,9 De Julio,11.918581286549708,1.0813241506324114
t2m_min_nov,Adolfo Alsina,13.317666666666668,1.0840147422210904
t2m_min_nov,Adolfo Gonzales Chaves,9.421142857142856,0.8920413147556794
t2m_min_nov,Aguirre,19.70021212121212,1.3552237892685914
t2m_min_nov,Alberdi,18.426772727272727,1.2753094837022019
t2m_min_nov,Alberti,16.624549019607844,0.8820918773097515
t2m_min_nov,Almirante Brown,19.516738095238093,1.656665616804553
t2m_min_nov,Anta,20.23114942528736,1.3269499984186404
t2m_min_nov,Arrecifes,13.058770833333334,1.0008264199397727
t2m_min_nov,Atreuco,11.374252873563217,0.9646744604909944
t2m_min_nov,Ayacucho,9.97398717948718,0.7820222680455604
t2m_min_nov,Azul,9.912511111111112,0.7807795531392038
t2m_min_nov,Balcarce,9.512055555555555,0.7357866126370383
t2m_min_nov,Banda,18.480305555555557,1.1677817152449974
t2m_min_nov,Baradero,13.206626262626262,0.9727435133481707
t2m_min_nov,Belgrano,14.287535168195719,1.0532285539563715
t2m_min_nov,Bella Vista,17.421392156862744,1.3800912370971776
t2m_min_nov,Benito Juarez,9.527454545454546,0.7518047444232935
t2m_min_nov,Bermejo,18.47035087719298,1.5186259768948396
t2m_min_nov,Bolivar,16.622634408602153,1.003487774584
t2m_min_nov,Bragado,12.307949494949495,0.9371028570710044
t2m_min_nov,Brandsen,13.395205128205127,0.5889062293850753
t2m_min_nov,Burruyacu,16.553172839506175,1.0020816554508918
t2m_min_nov,Cainguas,17.448346666666666,1.5736751025921834
t2m_min_nov,Calamuchita,12.824088235294118,1.0151006428975073
t2m_min_nov,Campana,13.741795698924731,0.927179840629515
t2m_min_nov,Canuelas,12.4342,1.0311954398895697
t2m_min_nov,Capital,11.784907103825136,1.1740372682876772
t2m_min_nov,Capitan Sarmiento,13.194645161290323,0.8533178902052418
t2m_min_nov,Carlos Casares,12.01410101010101,1.0073611928258142
t2m_min_nov,Carlos Tejedor,12.302303921568626,0.9037227732886818
t2m_min_nov,Carmen De Areco,12.6,0.9695408229710636
t2m_min_nov,Caseros,13.992151515151514,1.0035979755184077
t2m_min_nov,Castellanos,15.478454545454545,1.0397028983286187
t2m_min_nov,Castelli,12.844843137254902,1.0055922185296187
t2m_min_nov,Catrilo,12.243925925925927,0.9980716036066377
t2m_min_nov,Chacabuco,12.762930666666668,1.184126188594336
t2m_min_nov,Chapaleufu,12.704190476190476,0.9869456424818032
t2m_min_nov,Chascomus,12.192427083333333,0.7832460863532192
t2m_min_nov,Chicligasta,18.86674358974359,1.4586332780675337
t2m_min_nov,Chivilcoy,12.179141414141414,0.9513169819836276
t2m_min_nov,Choya,17.43097777777778,1.2414579848075111
t2m_min_nov,Colon,13.25143984962406,1.141030464399148
t2m_min_nov,Comandante Fernandez,18.257229166666665,1.4142345332243011
t2m_min_nov,Concordia,14.899482758620689,1.073733863401141
t2m_min_nov,Conhelo,12.029345238095237,1.1535251980642112
t2m_min_nov,Copo,18.053894736842107,1.2960742341404905
t2m_min_nov,Coronel Dorrego,10.141469135802469,0.9215449924751706
t2m_min_nov,Coronel Pringles,9.550459119496855,0.9332158905652451
t2m_min_nov,Coronel Suarez,9.948655555555556,0.9490091403834265
t2m_min_nov,Cruz Alta,19.238641975308642,1.0792233394719108
t2m_min_nov,Curuzu Cuatia,15.380380952380952,1.5859513893949617
t2m_min_nov,Daireaux,11.489323809523809,0.9399400255019547
t2m_min_nov,Diamante,15.813696078431372,0.9220461011124922
t2m_min_nov,Dolores,11.08535294117647,1.033753674389468
t2m_min_nov,El Alto,15.298317460317461,1.1832862548202612
t2m_min_nov,El Carmen,17.55859722222222,1.1018297210087544
t2m_min_nov,Esquina,16.466117647058823,1.2457698196807672
t2m_min_nov,Exaltacion De La Cruz,12.175707070707071,0.9547935450107924
t2m_min_nov,Famailla,13.126104166666666,1.074977634349595
t2m_min_nov,Federacion,15.240203703703704,1.1243763130370583
t2m_min_nov,Federal,14.780059523809523,1.110894719867827
t2m_min_nov,Feliciano,15.79478787878788,1.0128353754858184
t2m_min_nov,Figueroa,18.662230769230767,1.5680389107547756
t2m_min_nov,Florentino Ameghino,12.520772727272726,0.9735560159835773
t2m_min_nov,Fray Justo Santa Maria De Oro,17.66727380952381,1.236699457332306
t2m_min_nov,Garay,14.488577777777778,1.008683945629718
t2m_min_nov,General Alvarado,13.453777777777779,1.145922474136241
t2m_min_nov,General Alvear,11.247033333333333,1.0339077281950535
t2m_min_nov,General Arenales,13.155186274509804,1.019323024804606
t2m_min_nov,General Belgrano,11.282899082568807,1.0675223588454499
t2m_min_nov,General Donovan,17.689912280701755,1.72574968444422
t2m_min_nov,General Guemes,16.579041198501873,1.1125067572377072
t2m_min_nov,General Jose De San Martin,10.1531875,0.9565266127203647
t2m_min_nov,General Juan Madariaga,12.443386666666667,0.9138152250622417
t2m_min_nov,General La Madrid,9.738846153846154,0.9679755930383516
t2m_min_nov,General Las Heras,12.550423076923076,1.0358464174349502
t2m_min_nov,General Lopez,13.23289898989899,0.9925663372906415
t2m_min_nov,General Manuel Belgrano,18.174866666666667,1.5283259327529408
t2m_min_nov,General Obligado,17.37468888888889,1.0849805617671295
t2m_min_nov,General Paz,10.071587301587302,0.47879837910198436
t2m_min_nov,General Pinto,12.466242424242424,0.9419769779001712
t2m_min_nov,General Pueyrredon,11.879854166666666,0.7261228404893258
t2m_min_nov,General Roca,14.23470707070707,0.9813287468670269
t2m_min_nov,General Rodriguez,13.289639999999999,1.0006631639956458
t2m_min_nov,General San Martin,13.3738125,1.0598053312065214
t2m_min_nov,General Taboada,19.085602150537635,1.1031016387117523
t2m_min_nov,General Viamonte,16.588959595959594,0.9720428044043525
t2m_min_nov,General Villegas,12.72910101010101,0.9386147834443782
t2m_min_nov,Graneros,16.042987179487177,0.9887205895871212
t2m_min_nov,Gualeguay,13.620709677419356,0.990259579668608
t2m_min_nov,Gualeguaychu,13.731555555555556,1.0384226298140053
t2m_min_nov,Guamini,11.515291666666668,0.9470147416454082
t2m_min_nov,Guarani,16.926576923076922,1.4793637417865904
t2m_min_nov,Guasayan,17.963154761904764,1.1090932324231977
t2m_min_nov,Guatrache,11.31484126984127,0.8506982793175635
t2m_min_nov,Hipolito Yrigoyen,9.853555555555555,0.829187670029909
t2m_min_nov,Independencia,18.387072916666668,1.46051299166174
t2m_min_nov,Iriondo,14.090303921568628,1.1847594660414107
t2m_min_nov,Ischilin,12.643986666666667,0.9361052512840005
t2m_min_nov,Ituzaingo,18.573561403508773,1.5763411066772288
t2m_min_nov,Jimenez,19.296035714285715,1.1614157117360564
t2m_min_nov,Juan Bautista Alberdi,15.941666666666666,1.1203604181988318
t2m_min_nov,Juan F. Ibarra,18.524380952380955,1.1221836323188499
t2m_min_nov,Juarez Celman,13.040803921568628,0.9757958993333966
t2m_min_nov,Junin,13.04213888888889,0.9980637814453639
t2m_min_nov,La Candelaria,15.641511904761904,1.1038782566996894
t2m_min_nov,La Capital,14.505708333333333,0.9783380383100215
t2m_min_nov,La Cocha,14.429229166666667,1.198052065391521
t2m_min_nov,La Paz,15.606791666666666,1.0759540261127536
t2m_min_nov,Laishi,18.42078947368421,1.330781540588811
t2m_min_nov,Laprida,9.492197530864198,0.9356994059441672
t2m_min_nov,Las Colonias,15.193395833333334,0.9969522891971733
t2m_min_nov,Las Flores,11.164530864197532,0.8278670991408125
t2m_min_nov,Leales,19.310089743589746,1.0492262781378676
t2m_min_nov,Leandro N. Alem,13.263923076923078,1.0943961891548282
t2m_min_nov,Libertador General San Martin,18.32548148148148,1.5457241177270127
t2m_min_nov,Lincoln,12.407177083333334,0.987778278867988
t2m_min_nov,Loberia,11.932244444444445,0.6302141516054526
t2m_min_nov,Lobos,12.102848484848485,0.9779804626645338
t2m_min_nov,Lujan,12.586414141414142,0.995505270335619
t2m_min_nov,Lules,13.191256410256411,1.1739974300704263
t2m_min_nov,Magdalena,15.394820512820512,0.5597141071711361
t2m_min_nov,Maipu,18.469044444444442,1.4322419686209282
t2m_min_nov,Mar Chiquita,10.46621568627451,0.9629347715099951
t2m_min_nov,Maraco,11.467843137254901,0.9792925579429187
t2m_min_nov,Marcos Juarez,13.885222222222222,1.1324251927300228
t2m_min_nov,Marcos Paz,12.475434782608696,1.0760957696236173
t2m_min_nov,Mayor Luis J. Fontana,,
t2m_min_nov,Mercedes,12.635436781609195,0.892874452726127
t2m_min_nov,Metan,16.436866666666667,1.0383530711579472
t2m_min_nov,Mitre,18.255380952380953,1.4005666243891683
t2m_min_nov,Monte,11.725011111111112,1.0012166219206595
t2m_min_nov,Monteros,13.03275,1.2665007237792374
t2m_min_nov,Moreno,18.81740740740741,1.3515510252258967
t2m_min_nov,Navarro,12.200010752688172,0.8423458403146181
t2m_min_nov,Necochea,10.86124358974359,0.7425915016283166
t2m_min_nov,Nogoya,14.254208333333333,0.9637729128786334
t2m_min_nov,O'Higgins,18.374636363636366,1.4392855585990987
t2m_min_nov,Obera,16.931420289855073,1.5560522024473753
t2m_min_nov,Olavarria,10.05106862745098,0.9321297281840062
t2m_min_nov,Oran,20.59646875,1.0866274181822129
t2m_min_nov,Parana,15.975903225806452,0.9985066523398953
t2m_min_nov,Pehuajo,11.825009803921569,0.9798996907548108
t2m_min_nov,Pellegrini,18.401898809523807,1.186304978148431
t2m_min_nov,Pergamino,13.092181818181817,0.9790788545408847
t2m_min_nov,Pilagas,19.910016666666667,1.4421219399780583
t2m_min_nov,Pilar,13.264505747126437,0.9495373753298659
t2m_min_nov,Pilcomayo,20.03324561403509,1.584809424388603
t2m_min_nov,Pirane,19.86973015873016,1.281251482900161
t2m_min_nov,Pocho,13.95780303030303,0.990123367114817
t2m_min_nov,Presidencia De La Plaza,17.60295,1.642844898321665
t2m_min_nov,Presidente Roque Saenz Pena,13.242196078431373,0.8661198784751907
t2m_min_nov,Puan,13.036765432098765,1.0166206413071448
t2m_min_nov,Quemu Quemu,12.386303921568626,0.9545154159275872
t2m_min_nov,Quitilipi,17.618688888888887,1.490411110795485
t2m_min_nov,Ramallo,13.685625,0.9744090783502203
t2m_min_nov,Rancul,12.279428571428571,0.9112710738400713
t2m_min_nov,Rauch,9.64472222222222,0.9220430383790358
t2m_min_nov,Realico,12.342333333333332,0.9373080350079273
t2m_min_nov,Rio Chico,16.201708333333332,0.9194814612642804
t2m_min_nov,Rio Cuarto,12.449416666666666,0.9028443583939989
t2m_min_nov,Rio Hondo,18.41239393939394,1.2431424451804143
t2m_min_nov,Rio Primero,14.11462962962963,0.9896805249403514
t2m_min_nov,Rio Seco,11.427849462365591,1.02259419140084
t2m_min_nov,Rio Segundo,14.968264367816094,1.0133653126975746
t2m_min_nov,Rivadavia,13.257996941896025,1.191966269421715
t2m_min_nov,Robles,19.108595238095237,1.3888010150711865
t2m_min_nov,Rojas,13.124754901960785,0.9315499206187894
t2m_min_nov,Roque Perez,11.824436781609196,0.8613417555585221
t2m_min_nov,Rosario,14.449408602150537,0.9793210751433018
t2m_min_nov,Rosario De La Frontera,15.597654761904762,1.0880543721365468
t2m_min_nov,Saavedra,10.403426666666666,0.9437757919948763
t2m_min_nov,Saladillo,11.840447916666667,0.8974199801964156
t2m_min_nov,Salliquelo,11.696888888888887,0.9114430419962729
t2m_min_nov,Salto,12.549636363636363,0.9788699173154994
t2m_min_nov,San Alberto,13.016733333333335,0.7816811662142275
t2m_min_nov,San Andres De Giles,12.599909090909092,0.9892484916757914
t2m_min_nov,San Antonio De Areco,13.228919191919191,0.9426180961611321
t2m_min_nov,San Cayetano,9.888146666666666,0.7346536225903914
t2m_min_nov,San Cristobal,15.736913978494623,1.056904175787989
t2m_min_nov,San Fernando,18.273395833333336,1.35840830702121
t2m_min_nov,San Javier,16.30036334913112,1.4640746878787845
t2m_min_nov,San Jeronimo,17.25631313131313,1.1977838098482883
t2m_min_nov,San Justo,12.797608333333333,0.9269629724594849
t2m_min_nov,San Lorenzo,15.192013661202186,1.071420038454447
t2m_min_nov,San Martin,16.052400966183573,1.1117699486629748
t2m_min_nov,San Nicolas,13.702919191919191,0.9641949795263249
t2m_min_nov,San Pedro,13.780177419354839,1.1175075971793016
t2m_min_nov,San Salvador,14.362611111111113,1.1617118580256645
t2m_min_nov,Santa Barbara,9.41088888888889,1.0747763306989022
t2m_min_nov,Santa Maria,12.77329411764706,0.9835054729133663
t2m_min_nov,Santa Rosa,15.44648888888889,1.0909521755318026
t2m_min_nov,Santo Tome,16.716283333333333,1.535918222706569
t2m_min_nov,Sargento Cabral,18.3418,1.4158195048700135
t2m_min_nov,Sauce,15.391904761904764,1.5760957031366036
t2m_min_nov,Silipica,18.284944444444445,1.4854011792440664
t2m_min_nov,Simoca,15.966622222222222,1.17315171664391
t2m_min_nov,Sobremonte,12.562378787878789,1.0641945872483187
t2m_min_nov,Suipacha,12.277522222222222,0.746850960852761
t2m_min_nov,Tafi Viejo,16.420133333333332,1.2251757465264084
t2m_min_nov,Tala,14.95141111111111,1.0674222025482583
t2m_min_nov,Tandil,9.405777777777779,0.9744561042315216
t2m_min_nov,Tapalque,10.386703703703704,1.1217994058851604
t2m_min_nov,Tercero Arriba,12.660367816091954,0.9784489440282819
t2m_min_nov,Toay,11.606666666666666,0.9749568718465369
t2m_min_nov,Tornquist,10.356572916666668,0.9764676968391891
t2m_min_nov,Totoral,12.77088888888889,0.9900189205075639
t2m_min_nov,Trenel,11.96735802469136,0.9273828394955451
t2m_min_nov,Trenque Lauquen,12.046451612903226,0.9533391668368032
t2m_min_nov,Tres Arroyos,9.927846153846154,0.8242391844376202
t2m_min_nov,Tres Lomas,12.056649122807018,0.995979141494639
t2m_min_nov,Tulumba,12.712379310344827,0.8464396945682411
t2m_min_nov,Union,13.104494623655913,1.0786772004394594
t2m_min_nov,Uruguay,15.908032258064516,0.9437879169909223
t2m_min_nov,Utracan,12.790035087719298,1.3637016205209869
t2m_min_nov,Vera,16.622141414141414,1.070718891518629
t2m_min_nov,Victoria,14.527717171717171,0.9711948115351845
t2m_min_nov,Villa Constitucion,13.682080808080809,0.978876222988719
t2m_min_nov,Villaguay,14.203440860215053,1.0416639551505926
t2m_min_nov,Zarate,13.737989898989898,0.8977906968283019
t2m_min_dic,12 De Octubre,21.29430443548387,1.1414034711062278
t2m_min_dic,2 De Abril,21.311016129032257,0.9856466220967839
t2m_min_dic,25 De Mayo,14.621233634768524,1.2328506277185862
t2m_min_dic,9 De Julio,14.725934352009055,1.3413936861963018
t2m_min_dic,Adolfo Alsina,16.431008064516128,1.1824075064505808
t2m_min_dic,Adolfo Gonzales Chaves,12.064700460829494,1.232867121742704
t2m_min_dic,Aguirre,21.58400293255132,1.131719372683624
t2m_min_dic,Alberdi,20.588782991202347,1.4212315407880518
t2m_min_dic,Alberti,19.392400379506643,1.1294403457183901
t2m_min_dic,Almirante Brown,22.022476958525345,1.155833259008971
t2m_min_dic,Anta,21.835739710789767,0.9862029415166178
t2m_min_dic,Arrecifes,15.916854838709677,1.3321245835679756
t2m_min_dic,Atreuco,14.674549499443826,1.1305432757292495
t2m_min_dic,Ayacucho,12.814156327543426,1.2730751569495307
t2m_min_dic,Azul,12.505688172043012,1.2832299070946669
t2m_min_dic,Balcarce,12.136021505376343,1.200313088838532
t2m_min_dic,Banda,20.626236559139784,0.9664026949546943
t2m_min_dic,Baradero,16.066823069403714,1.313559128983415
t2m_min_dic,Belgrano,17.020952944658184,1.3253883428730138
t2m_min_dic,Bella Vista,20.05415559772296,1.1445166738776622
t2m_min_dic,Benito Juarez,12.100459433040077,1.214039838360043
t2m_min_dic,Bermejo,21.420475382003396,0.9278691779209278
t2m_min_dic,Bolivar,19.39559833506764,1.1926641931184592
t2m_min_dic,Bragado,15.184408602150537,1.282431048553542
t2m_min_dic,Brandsen,16.620669975186104,1.267860472594018
t2m_min_dic,Burruyacu,18.30468339307049,0.8036848239010227
t2m_min_dic,Cainguas,19.755109677419355,1.2270573579199093
t2m_min_dic,Calamuchita,15.087277039848198,1.1713105476446437
t2m_min_dic,Campana,16.547523413111342,1.408843146224297
t2m_min_dic,Canuelas,15.341053763440861,1.3814668449175314
t2m_min_dic,Capital,14.840015864621893,1.1231941463234836
t2m_min_dic,Capitan Sarmiento,15.922258064516129,1.3732671899114424
t2m_min_dic,Carlos Casares,15.127585532746822,1.2813220364288052
t2m_min_dic,Carlos Tejedor,15.512020872865275,1.203198690683283
t2m_min_dic,Carmen De Areco,15.402277039848196,1.3278257934990865
t2m_min_dic,Caseros,16.681700879765398,1.3633265573522135
t2m_min_dic,Castellanos,18.05692082111437,1.349914339718144
t2m_min_dic,Castelli,15.871271347248577,1.1582514477049741
t2m_min_dic,Catrilo,15.443691756272402,1.2052081387025728
t2m_min_dic,Chacabuco,15.598575483870967,1.2970266658364797
t2m_min_dic,Chapaleufu,15.789852534562211,1.3413571392370842
t2m_min_dic,Chascomus,15.052631048387097,1.3143437502684727
t2m_min_dic,Chicligasta,21.03895781637717,1.0265591776889273
t2m_min_dic,Chivilcoy,15.05186705767351,1.27971460503021
t2m_min_dic,Choya,19.716860215053764,1.1287268742140493
t2m_min_dic,Colon,16.016992481203005,1.3065881563709025
t2m_min_dic,Comandante Fernandez,20.794637096774192,1.1785852017462164
t2m_min_dic,Concordia,17.818242491657397,1.200035988095109
t2m_min_dic,Conhelo,15.395345622119816,1.2876002956505852
t2m_min_dic,Copo,20.159949066213922,1.2819632458493544
t2m_min_dic,Coronel Dorrego,13.011648745519713,1.0077036667629384
t2m_min_dic,Coronel Pringles,12.438734023128424,1.1880222563782004
t2m_min_dic,Coronel Suarez,12.826290322580645,1.218575663587754
t2m_min_dic,Cruz Alta,21.10780167264038,0.9434339988647942
t2m_min_dic,Curuzu Cuatia,18.075552995391707,1.2422969869831089
t2m_min_dic,Daireaux,14.442451612903227,1.2451517539527257
t2m_min_dic,Diamante,18.47280834914611,1.2773586622464204
t2m_min_dic,Dolores,14.208178368121441,1.2365879107631128
t2m_min_dic,El Alto,17.470829493087557,0.8764734320685618
t2m_min_dic,El Carmen,18.760376344086023,0.7610626318565044
t2m_min_dic,Esquina,19.198178368121443,1.1165964137789453
t2m_min_dic,Exaltacion De La Cruz,15.072238514173998,1.2800246143701932
t2m_min_dic,Famailla,14.969798387096775,0.8275805278058858
t2m_min_dic,Federacion,17.997562724014337,1.0884552361172508
t2m_min_dic,Federal,17.707880184331795,1.3298067230806667
t2m_min_dic,Feliciano,18.596862170087977,1.1526281616905452
t2m_min_dic,Figueroa,21.87575682382134,1.1343268699559919
t2m_min_dic,Florentino Ameghino,15.554545454545455,0.981452942171832
t2m_min_dic,Fray Justo Santa Maria De Oro,20.16586405529954,1.0616621967747895
t2m_min_dic,Garay,17.158032258064516,1.3334886202436635
t2m_min_dic,General Alvarado,16.216516129032257,1.2438962416487152
t2m_min_dic,General Alvear,14.10263440860215,1.219742683294729
t2m_min_dic,General Arenales,15.994079696394685,1.3370439881295526
t2m_min_dic,General Belgrano,14.31195324060373,1.2066120762279235
t2m_min_dic,General Donovan,20.163242784380305,0.9467285895343481
t2m_min_dic,General Guemes,18.130888002899603,0.7574129902527805
t2m_min_dic,General Jose De San Martin,11.954899193548387,0.7657101826193182
t2m_min_dic,General Juan Madariaga,15.360606451612902,1.052143828803728
t2m_min_dic,General La Madrid,12.77529776674938,1.1955666847109163
t2m_min_dic,General Las Heras,15.217630272952855,1.2316779243800988
t2m_min_dic,General Lopez,16.090664711632453,1.333465856733146
t2m_min_dic,General Manuel Belgrano,19.84117741935484,1.4243536848021998
t2m_min_dic,General Obligado,20.29302150537634,1.2431586120719351
t2m_min_dic,General Paz,12.89132104454685,1.403347309922242
t2m_min_dic,General Pinto,15.483978494623656,1.2314389791339881
t2m_min_dic,General Pueyrredon,14.445443548387097,1.0392893650360953
t2m_min_dic,General Roca,16.919726295210168,1.3673939000125168
t2m_min_dic,General Rodriguez,16.028851612903228,1.3757224541666715
t2m_min_dic,General San Martin,15.770372983870967,1.2628002334449557
t2m_min_dic,General Taboada,21.13892819979188,1.221640241458078
t2m_min_dic,General Viamonte,19.41073313782991,1.1250409614254335
t2m_min_dic,General Villegas,15.8858357771261,1.201150041735162
t2m_min_dic,Graneros,18.094131513647643,0.8807562355533005
t2m_min_dic,Gualeguay,16.432122788761706,1.3100023797660336
t2m_min_dic,Gualeguaychu,16.704666666666665,1.2855452209100715
t2m_min_dic,Guamini,14.656626344086021,1.131375596535003
t2m_min_dic,Guarani,19.31073200992556,1.1765757633978058
t2m_min_dic,Guasayan,20.00315668202765,0.9882636232661448
t2m_min_dic,Guatrache,14.720937019969277,1.0506697378683965
t2m_min_dic,Hipolito Yrigoyen,12.6016715542522,1.1862250274089277
t2m_min_dic,Independencia,21.29430443548387,1.1414034711062278
t2m_min_dic,Iriondo,16.704800759013285,1.3497640561879043
t2m_min_dic,Ischilin,14.885793548387095,0.912772904182514
t2m_min_dic,Ituzaingo,21.3174363327674,0.9615142715831819
t2m_min_dic,Jimenez,21.029527649769587,1.0236145419568792
t2m_min_dic,Juan Bautista Alberdi,18.026935483870968,0.8710044118126814
t2m_min_dic,Juan F. Ibarra,20.532891705069122,1.2924721774403116
t2m_min_dic,Juarez Celman,15.68032258064516,1.3217617353651607
t2m_min_dic,Junin,15.913370967741935,1.3365136815816903
t2m_min_dic,La Candelaria,17.50873271889401,0.9200795606234227
t2m_min_dic,La Capital,17.124566532258065,1.2965020865506396
t2m_min_dic,La Cocha,16.609233870967742,0.86097042808897
t2m_min_dic,La Paz,18.378296370967742,1.1819414059600368
t2m_min_dic,Laishi,20.954193548387096,1.187908276079559
t2m_min_dic,Laprida,12.402962962962963,1.1982457495468233
t2m_min_dic,Las Colonias,17.8690625,1.3356664841677766
t2m_min_dic,Las Flores,14.222604540023895,1.3250790809483926
t2m_min_dic,Leales,21.15771712158809,0.9282298682036721
t2m_min_dic,Leandro N. Alem,16.113793424317617,1.2999797146919063
t2m_min_dic,Libertador General San Martin,20.72642228739003,1.1301440985439213
t2m_min_dic,Lincoln,15.381320564516129,1.2520404141292076
t2m_min_dic,Loberia,14.480989247311829,1.058127934740833
t2m_min_dic,Lobos,14.982600195503421,1.3440291005298137
t2m_min_dic,Lujan,15.445415444770283,1.3639361273936634
t2m_min_dic,Lules,15.064987593052109,0.8780123274546957
t2m_min_dic,Magdalena,18.46138957816377,1.0599431295208774
t2m_min_dic,Maipu,20.98025806451613,1.1983474936344636
t2m_min_dic,Mar Chiquita,13.488519924098672,1.22771812447682
t2m_min_dic,Maraco,14.686973434535105,1.1064565546678107
t2m_min_dic,Marcos Juarez,16.606060606060606,1.2974976886551286
t2m_min_dic,Marcos Paz,15.078695652173913,1.237009308726758
t2m_min_dic,Mayor Luis J. Fontana,,
t2m_min_dic,Mercedes,15.462641824249166,1.391310810307284
t2m_min_dic,Metan,18.088784946236558,0.81211764698335
t2m_min_dic,Mitre,20.671751152073732,1.3312321449250826
t2m_min_dic,Monte,14.818064516129033,1.2745109586209566
t2m_min_dic,Monteros,14.94516129032258,0.6436263705975525
t2m_min_dic,Moreno,21.267873357228197,1.187531848808089
t2m_min_dic,Navarro,15.051602497398545,1.3053409602222965
t2m_min_dic,Necochea,13.35028535980149,1.1225053972812236
t2m_min_dic,Nogoya,16.986391129032256,1.2128675948380234
t2m_min_dic,O'Higgins,21.344281524926686,1.1595316888579232
t2m_min_dic,Obera,19.24211781206171,1.2086277237473109
t2m_min_dic,Olavarria,12.955284629981024,1.2128869537153992
t2m_min_dic,Oran,22.033024193548385,0.90972313650333
t2m_min_dic,Parana,18.765629552549427,1.204541331176902
t2m_min_dic,Pehuajo,14.895493358633775,1.2921644124589435
t2m_min_dic,Pellegrini,20.412183179723502,1.0891568883398834
t2m_min_dic,Pergamino,15.863391984359726,1.324559726297858
t2m_min_dic,Pilagas,21.858967741935484,1.3509474663744125
t2m_min_dic,Pilar,16.278542825361512,1.2677112941170092
t2m_min_dic,Pilcomayo,22.15704584040747,1.351266823654879
t2m_min_dic,Pirane,21.858832565284178,1.1345568130698191
t2m_min_dic,Pocho,16.314384164222876,1.1509991594489488
t2m_min_dic,Presidencia De La Plaza,20.134548387096775,1.1429322714483718
t2m_min_dic,Presidente Roque Saenz Pena,15.777210626185957,1.2431711487085184
t2m_min_dic,Puan,16.120238948626046,1.2661071313324268
t2m_min_dic,Quemu Quemu,15.596518026565464,1.23611643257846
t2m_min_dic,Quitilipi,20.363086021505374,1.119403827977011
t2m_min_dic,Ramallo,16.413145161290323,1.317826456875388
t2m_min_dic,Rancul,15.534804147465438,1.2792440154271478
t2m_min_dic,Rauch,12.448365591397849,1.1803053570256952
t2m_min_dic,Realico,15.46258064516129,1.3122730543187668
t2m_min_dic,Rio Chico,18.260456989247313,0.7256865658611784
t2m_min_dic,Rio Cuarto,14.963508064516128,1.2431350822286305
t2m_min_dic,Rio Hondo,20.332800586510263,1.1713297963268845
t2m_min_dic,Rio Primero,16.643942652329752,1.16505157178732
t2m_min_dic,Rio Seco,13.873413111342352,1.140898976085515
t2m_min_dic,Rio Segundo,17.679176863181315,1.182265170530216
t2m_min_dic,Rivadavia,16.082844036697246,1.3274050201411511
t2m_min_dic,Robles,21.287304147465438,1.1330980787282516
t2m_min_dic,Rojas,15.927457305502845,1.3213177332618535
t2m_min_dic,Roque Perez,14.584771968854282,1.3371646194127236
t2m_min_dic,Rosario,17.160593132154006,1.287740774820016
t2m_min_dic,Rosario De La Frontera,17.444942396313362,0.8095035443952174
t2m_min_dic,Saavedra,13.575096774193549,1.0616695730521712
t2m_min_dic,Saladillo,14.663135080645162,1.3532133633923553
t2m_min_dic,Salliquelo,14.908673835125448,1.0957223000320786
t2m_min_dic,Salto,15.335454545454546,1.3177237466754046
t2m_min_dic,San Alberto,15.109467741935484,1.2039084499621417
t2m_min_dic,San Andres De Giles,15.447458455522971,1.3641257347750602
t2m_min_dic,San Antonio De Areco,16.021466275659826,1.3493896279121693
t2m_min_dic,San Cayetano,12.547961290322581,0.9819189905076324
t2m_min_dic,San Cristobal,18.4430593132154,1.312396765993687
t2m_min_dic,San Fernando,21.19306451612903,1.0328630413726498
t2m_min_dic,San Javier,18.644950313407737,1.1903269620024535
t2m_min_dic,San Jeronimo,19.97978494623656,1.3297105311636355
t2m_min_dic,San Justo,15.080798387096774,1.1557785412962802
t2m_min_dic,San Lorenzo,17.95132205182443,1.2606605780400906
t2m_min_dic,San Martin,18.75939223936419,1.2652418065899875
t2m_min_dic,San Nicolas,16.44034213098729,1.3064474809258484
t2m_min_dic,San Pedro,16.561874349635797,1.3200424894731186
t2m_min_dic,San Salvador,17.210994623655914,1.3327103423669542
t2m_min_dic,Santa Barbara,10.933870967741937,0.7127495598255001
t2m_min_dic,Santa Maria,15.045056925996205,1.0380130288031615
t2m_min_dic,Santa Rosa,17.64737634408602,0.9792360079699084
t2m_min_dic,Santo Tome,19.399870967741936,0.9384124664409604
t2m_min_dic,Sargento Cabral,21.19345806451613,1.13794640918494
t2m_min_dic,Sauce,17.982557603686637,1.0312109411713384
t2m_min_dic,Silipica,20.59537634408602,1.1871435134663748
t2m_min_dic,Simoca,18.01152688172043,0.8950235744662838
t2m_min_dic,Sobremonte,14.835043988269796,0.9078632297199034
t2m_min_dic,Suipacha,15.070774193548386,1.3644787731194608
t2m_min_dic,Tafi Viejo,18.22,0.8388806001739068
t2m_min_dic,Tala,17.87068817204301,1.2045384375306776
t2m_min_dic,Tandil,11.745777126099707,1.1975960718123277
t2m_min_dic,Tapalque,13.29967741935484,1.213204396578674
t2m_min_dic,Tercero Arriba,15.123548387096774,1.109678303504095
t2m_min_dic,Toay,14.695035842293906,1.1346295525718109
t2m_min_dic,Tornquist,13.519082661290323,1.0799294820852403
t2m_min_dic,Totoral,15.158885630498533,1.1639608996342619
t2m_min_dic,Trenel,15.19700119474313,1.3397707708861577
t2m_min_dic,Trenque Lauquen,15.12825182101977,1.1872949103411707
t2m_min_dic,Tres Arroyos,12.62790322580645,1.063685319000126
t2m_min_dic,Tres Lomas,15.291341256366724,0.9765695600997754
t2m_min_dic,Tulumba,15.029454949944384,1.2023223715194293
t2m_min_dic,Union,15.650686784599376,1.2463766193905468
t2m_min_dic,Uruguay,18.74939646201873,1.2278340467481939
t2m_min_dic,Utracan,16.06504244482173,1.3952021383811397
t2m_min_dic,Vera,19.340469208211143,1.331138762532958
t2m_min_dic,Victoria,17.163998044965787,1.2960319602376915
t2m_min_dic,Villa Constitucion,16.427135874877813,1.3261465004165116
t2m_min_dic,Villaguay,17.1776482830385,1.3116536342668579
t2m_min_dic,Zarate,16.490782013685237,1.352478767498488
t2m_min_ene,12 De Octubre,22.658225806451615,1.081604745808538
t2m_min_ene,2 De Abril,22.547403225806452,0.886533925314698
t2m_min_ene,25 De Mayo,16.63711432042111,1.0537450828649115
t2m_min_ene,9 De Julio,16.498352009054898,0.9964644777213576
t2m_min_ene,Adolfo Alsina,18.343104838709678,0.8693404506793873
t2m_min_ene,Adolfo Gonzales Chaves,14.035138248847927,0.8925354209309904
t2m_min_ene,Aguirre,22.021818181818183,0.5862909811413672
t2m_min_ene,Alberdi,21.021862170087978,1.0400912705936605
t2m_min_ene,Alberti,21.233662239089185,0.9214729827136753
t2m_min_ene,Almirante Brown,22.874251152073732,0.844071643616886
t2m_min_ene,Anta,21.950255839822024,0.736283634108911
t2m_min_ene,Arrecifes,17.718881048387097,0.9662179154212903
t2m_min_ene,Atreuco,16.457308120133483,0.9313434604191483
t2m_min_ene,Ayacucho,14.615533498759305,0.9779865660148114
t2m_min_ene,Azul,14.468752688172042,0.931864552137833
t2m_min_ene,Balcarce,14.126236559139786,0.8372808456066849
t2m_min_ene,Banda,20.97372311827957,0.8763547547872487
t2m_min_ene,Baradero,18.02659824046921,0.9786060482531298
t2m_min_ene,Belgrano,18.505791654335603,0.9916906064701794
t2m_min_ene,Bella Vista,21.519525616698292,1.0137011966030072
t2m_min_ene,Benito Juarez,14.064203323558162,0.9347507607287295
t2m_min_ene,Bermejo,22.517436332767403,0.9638232216591222
t2m_min_ene,Bolivar,21.186909469302808,0.9448215719404265
t2m_min_ene,Bragado,16.878885630498534,1.0669868721041724
t2m_min_ene,Brandsen,18.774764267990072,0.8348440398220072
t2m_min_ene,Burruyacu,18.761816009557943,0.7124263933559151
t2m_min_ene,Cainguas,20.955290322580645,0.747245757890069
t2m_min_ene,Calamuchita,16.136717267552182,0.8528154535287771
t2m_min_ene,Campana,18.55547346514048,1.0147527374526661
t2m_min_ene,Canuelas,17.360236559139782,0.9329775406044137
t2m_min_ene,Capital,16.475275868147364,0.88185320999629
t2m_min_ene,Capitan Sarmiento,17.661134235171698,1.0320591672324422
t2m_min_ene,Carlos Casares,16.771309872922778,1.0444700924677222
t2m_min_ene,Carlos Tejedor,17.07250474383302,0.9449533968075208
t2m_min_ene,Carmen De Areco,17.28089184060721,1.0393911599009253
t2m_min_ene,Caseros,18.398875855327468,0.9969197099949709
t2m_min_ene,Castellanos,19.61439882697947,0.9054892284473457
t2m_min_ene,Castelli,18.054629981024668,0.5984241569818377
t2m_min_ene,Catrilo,17.05916367980884,0.9532081899312194
t2m_min_ene,Chacabuco,17.293011612903225,0.9752453755258784
t2m_min_ene,Chapaleufu,17.26748387096774,1.0855803019723416
t2m_min_ene,Chascomus,17.127933467741936,0.9534942613869097
t2m_min_ene,Chicligasta,21.5239205955335,0.6552355760968989
t2m_min_ene,Chivilcoy,16.87325513196481,1.070041471656231
t2m_min_ene,Choya,20.21189247311828,0.6581858213245664
t2m_min_ene,Colon,17.68029347562455,0.9888154562168904
t2m_min_ene,Comandante Fernandez,22.124858870967742,1.0319316306744157
t2m_min_ene,Concordia,20.002680756395996,1.1407533263176324
t2m_min_ene,Conhelo,16.89450460829493,0.9590999175303402
t2m_min_ene,Copo,20.869015280135823,0.7362046433143455
t2m_min_ene,Coronel Dorrego,14.963381123058541,0.959173332882629
t2m_min_ene,Coronel Pringles,14.525562994522216,0.9251651164514108
t2m_min_ene,Coronel Suarez,14.749290322580645,0.95644672419109
t2m_min_ene,Cruz Alta,21.505830346475506,0.6834976503754246
t2m_min_ene,Curuzu Cuatia,20.159539170506914,0.9795168407146801
t2m_min_ene,Daireaux,16.252267281105993,0.8876231954898084
t2m_min_ene,Diamante,20.41082542694497,1.0215048789148649
t2m_min_ene,Dolores,16.321745730550283,0.7615490356159273
t2m_min_ene,El Alto,18.150752688172044,0.7545751492820174
t2m_min_ene,El Carmen,19.071706989247314,0.7177377057042693
t2m_min_ene,Esquina,20.87952561669829,1.060123709953909
t2m_min_ene,Exaltacion De La Cruz,16.97743890518084,1.06593739718874
t2m_min_ene,Famailla,15.701451612903226,0.7192149244328024
t2m_min_ene,Federacion,20.238118279569893,1.0028978655202099
t2m_min_ene,Federal,19.771739631336406,1.0939156378889296
t2m_min_ene,Feliciano,20.28689149560117,0.7019542722016675
t2m_min_ene,Figueroa,22.1805459057072,0.8289195708592243
t2m_min_ene,Florentino Ameghino,17.229545454545455,0.9858406646891322
t2m_min_ene,Fray Justo Santa Maria De Oro,21.464274193548388,0.838832164684169
t2m_min_ene,Garay,18.92836559139785,1.022308406487168
t2m_min_ene,General Alvarado,18.314301075268816,0.9125368573233316
t2m_min_ene,General Alvear,16.19352688172043,0.8464381405662531
t2m_min_ene,General Arenales,17.72030360531309,1.0133553135623712
t2m_min_ene,General Belgrano,16.261914767682747,0.975285500597493
t2m_min_ene,General Donovan,21.522292020373516,0.8537979929544226
t2m_min_ene,General Guemes,18.2905726712577,0.6171785861719712
t2m_min_ene,General Jose De San Martin,12.741754032258065,0.733854599250281
t2m_min_ene,General Juan Madariaga,17.371729032258063,0.8913763286505477
t2m_min_ene,General La Madrid,14.602059553349877,0.9640918306221706
t2m_min_ene,General Las Heras,17.512009925558313,0.9598972079362926
t2m_min_ene,General Lopez,17.732590420332354,0.9883304325963823
t2m_min_ene,General Manuel Belgrano,20.818435483870967,0.7929281899794581
t2m_min_ene,General Obligado,21.618494623655913,1.1006518129664982
t2m_min_ene,General Paz,14.530768049155146,0.7745209957807528
t2m_min_ene,General Pinto,17.1402834799609,1.0030849130837531
t2m_min_ene,General Pueyrredon,16.550604838709678,0.7599820358229457
t2m_min_ene,General Roca,18.577438905180838,0.9695897544887664
t2m_min_ene,General Rodriguez,18.174709677419354,0.9225088559556939
t2m_min_ene,General San Martin,17.121219758064516,0.967474273544241
t2m_min_ene,General Taboada,21.743714880332984,0.8406441044686238
t2m_min_ene,General Viamonte,21.226451612903226,0.9413788470721428
t2m_min_ene,General Villegas,17.397663734115348,1.036239806821676
t2m_min_ene,Graneros,18.76817617866005,0.6709565442136797
t2m_min_ene,Gualeguay,18.42716961498439,1.0541463075899857
t2m_min_ene,Gualeguaychu,18.638817204301073,1.105147460032715
t2m_min_ene,Guamini,16.5055376344086,0.8752896337061903
t2m_min_ene,Guarani,20.605558312655088,0.8390713528250584
t2m_min_ene,Guasayan,20.60057603686636,0.7416946695424143
t2m_min_ene,Guatrache,16.424976958525345,0.9116357014444203
t2m_min_ene,Hipolito Yrigoyen,14.532072336265884,0.9582060421097781
t2m_min_ene,Independencia,22.658225806451615,1.081604745808538
t2m_min_ene,Iriondo,18.342903225806452,0.9450252455144267
t2m_min_ene,Ischilin,16.012929032258064,0.8358245710033235
t2m_min_ene,Ituzaingo,22.99988115449915,0.7980956363873414
t2m_min_ene,Jimenez,21.365437788018433,0.7081015615278691
t2m_min_ene,Juan Bautista Alberdi,18.548487903225805,0.7420457488773757
t2m_min_ene,Juan F. Ibarra,21.201405529953917,0.9276789692803123
t2m_min_ene,Juarez Celman,16.996755218216318,1.0530814157540629
t2m_min_ene,Junin,17.597935483870966,0.9631406654508864
t2m_min_ene,La Candelaria,17.976255760368662,0.6650982958655515
t2m_min_ene,La Capital,18.92554435483871,0.9891208782018542
t2m_min_ene,La Cocha,17.144657258064516,0.8262368919252018
t2m_min_ene,La Paz,20.235201612903225,1.0839919403465426
t2m_min_ene,Laishi,22.336502546689303,1.1715293205108932
t2m_min_ene,Laprida,14.369187574671447,0.9011354061262158
t2m_min_ene,Las Colonias,19.706189516129033,0.9090576867645962
t2m_min_ene,Las Flores,16.15554360812425,1.0435676283775261
t2m_min_ene,Leales,21.58947890818859,0.6723830301591333
t2m_min_ene,Leandro N. Alem,17.765750620347397,1.0213784749809027
t2m_min_ene,Libertador General San Martin,21.948826979472138,1.0384856873282717
t2m_min_ene,Lincoln,17.064889112903224,1.0332938745291371
t2m_min_ene,Loberia,16.61484946236559,0.7001757415031162
t2m_min_ene,Lobos,17.025913978494625,1.0673248706302283
t2m_min_ene,Lujan,17.400987292277616,1.0303069764817194
t2m_min_ene,Lules,15.827667493796525,0.6703821389119423
t2m_min_ene,Magdalena,20.514689826302728,0.7077016805602397
t2m_min_ene,Maipu,22.1916917562724,0.8981960903654591
t2m_min_ene,Mar Chiquita,15.576508538899432,0.7636052252998813
t2m_min_ene,Maraco,16.401385199240988,0.9234044662084657
t2m_min_ene,Marcos Juarez,18.05232649071359,0.9819397848846325
t2m_min_ene,Marcos Paz,17.422230014025246,0.9429363827828607
t2m_min_ene,Mayor Luis J. Fontana,,
t2m_min_ene,Mercedes,17.406484983314794,1.0367720500688602
t2m_min_ene,Metan,18.354182795698925,0.6216316863295128
t2m_min_ene,Mitre,21.181566820276498,0.7129089953747741
t2m_min_ene,Monte,16.854290322580646,1.092952778463815
t2m_min_ene,Monteros,15.808440860215052,0.6479173074236925
t2m_min_ene,Moreno,22.145890083632022,0.7860930965606807
t2m_min_ene,Navarro,16.98324661810614,1.0951467176742258
t2m_min_ene,Necochea,15.444751861042183,0.7842066906593299
t2m_min_ene,Nogoya,18.883729838709677,1.1313240362390897
t2m_min_ene,O'Higgins,22.6764027370479,1.0696792285227203
t2m_min_ene,Obera,20.637615708274897,0.8285430722322413
t2m_min_ene,Olavarria,14.879981024667932,0.9286812866874247
t2m_min_ene,Oran,22.230675403225806,0.6241855348235411
t2m_min_ene,Parana,20.52315296566077,1.004287056531101
t2m_min_ene,Pehuajo,16.62777988614801,0.9447968823154579
t2m_min_ene,Pellegrini,20.97148617511521,0.8597816105283183
t2m_min_ene,Pergamino,17.586001955034213,0.9769751563686317
t2m_min_ene,Pilagas,23.070258064516132,1.1934094885452353
t2m_min_ene,Pilar,18.222202447163518,0.9804902067613779
t2m_min_ene,Pilcomayo,23.316825127334464,1.2798637697368251
t2m_min_ene,Pirane,22.9884178187404,1.078570260827614
t2m_min_ene,Pocho,17.93060117302053,0.7255183677836988
t2m_min_ene,Presidencia De La Plaza,21.400532258064516,0.8920094086343955
t2m_min_ene,Presidente Roque Saenz Pena,17.164971537001897,0.9830125451429775
t2m_min_ene,Puan,18.159605734767027,0.9273034444055251
t2m_min_ene,Quemu Quemu,17.150872865275144,0.9710716504365988
t2m_min_ene,Quitilipi,21.500913978494623,0.9513363640469641
t2m_min_ene,Ramallo,18.22530241935484,0.9856103521958417
t2m_min_ene,Rancul,16.751751152073734,0.9853981739624231
t2m_min_ene,Rauch,14.382741935483871,0.954417517323224
t2m_min_ene,Realico,16.803182795698927,1.055808627478859
t2m_min_ene,Rio Chico,18.714368279569893,0.6706680875480141
t2m_min_ene,Rio Cuarto,16.277943548387096,0.9038440419843125
t2m_min_ene,Rio Hondo,20.93856304985337,0.9288696132979204
t2m_min_ene,Rio Primero,17.75717741935484,0.9217048415436083
t2m_min_ene,Rio Seco,14.7559209157128,0.695809908956905
t2m_min_ene,Rio Segundo,19.240522803114573,0.919032801604546
t2m_min_ene,Rivadavia,18.089840189405148,0.9702256872472621
t2m_min_ene,Robles,21.478571428571428,0.9357739920988258
t2m_min_ene,Rojas,17.599421252371915,0.9940468934463468
t2m_min_ene,Roque Perez,16.65915461624027,1.010140680128717
t2m_min_ene,Rosario,18.97811654526535,1.0348736657034627
t2m_min_ene,Rosario De La Frontera,17.89778801843318,0.6296650905762555
t2m_min_ene,Saavedra,15.405135483870968,0.984116618020109
t2m_min_ene,Saladillo,16.64078629032258,1.0926927391961414
t2m_min_ene,Salliquelo,16.776140979689366,0.839277558660611
t2m_min_ene,Salto,17.168514173998044,0.9567630556261264
t2m_min_ene,San Alberto,16.47790322580645,0.5428752513505706
t2m_min_ene,San Andres De Giles,17.43945259042033,1.039799182179666
t2m_min_ene,San Antonio De Areco,17.952903225806452,1.0019688864049716
t2m_min_ene,San Cayetano,14.512787096774193,0.9283327660879144
t2m_min_ene,San Cristobal,20.04993756503642,0.9363913041201706
t2m_min_ene,San Fernando,22.495645161290323,1.0227814841654357
t2m_min_ene,San Javier,20.012178565968505,1.0219104984961451
t2m_min_ene,San Jeronimo,21.507478005865103,0.9863150382474983
t2m_min_ene,San Justo,16.14698387096774,0.7925476300547731
t2m_min_ene,San Lorenzo,19.74799576943416,1.036587628068094
t2m_min_ene,San Martin,20.56628097241702,0.8838479878835948
t2m_min_ene,San Nicolas,18.270879765395897,1.0047991671164043
t2m_min_ene,San Pedro,18.40702783558793,1.000096824204798
t2m_min_ene,San Salvador,19.620725806451613,0.854683570551408
t2m_min_ene,Santa Barbara,11.5452688172043,0.561362150348169
t2m_min_ene,Santa Maria,16.11137571157495,0.8380906103456359
t2m_min_ene,Santa Rosa,18.292516129032258,0.7306386733070325
t2m_min_ene,Santo Tome,21.08924193548387,1.0437827232475765
t2m_min_ene,Sargento Cabral,22.65821935483871,0.8596375402802268
t2m_min_ene,Sauce,19.884032258064515,1.0395524204057587
t2m_min_ene,Silipica,20.945887096774193,0.834192619915431
t2m_min_ene,Simoca,18.525612903225806,0.6907289578671307
t2m_min_ene,Sobremonte,16.04175953079179,0.8378117237709857
t2m_min_ene,Suipacha,16.955956989247312,1.0562963526032025
t2m_min_ene,Tafi Viejo,18.872354838709676,0.7726307112577946
t2m_min_ene,Tala,19.901408602150536,1.1166762547857452
t2m_min_ene,Tandil,13.81507331378299,0.9868602963386673
t2m_min_ene,Tapalque,15.403655913978493,0.6719894880647579
t2m_min_ene,Tercero Arriba,16.325383759733036,0.8739156720922281
t2m_min_ene,Toay,16.7352688172043,0.8657528891827254
t2m_min_ene,Tornquist,15.426814516129031,0.9175489858596744
t2m_min_ene,Totoral,16.10551319648094,0.8517682812939482
t2m_min_ene,Trenel,16.61005973715651,0.9444738691962148
t2m_min_ene,Trenque Lauquen,16.777242455775234,0.8402429443977464
t2m_min_ene,Tres Arroyos,14.593424317617867,0.9493736281148883
t2m_min_ene,Tres Lomas,17.066196943972834,0.9591773799164863
t2m_min_ene,Tulumba,16.162847608453838,0.7086961694959872
t2m_min_ene,Union,16.915088449531737,0.9863254724644243
t2m_min_ene,Uruguay,20.593069719042663,0.9886486531395346
t2m_min_ene,Utracan,17.35855687606112,0.8625126062470232
t2m_min_ene,Vera,21.024740957966767,1.035650519466224
t2m_min_ene,Victoria,18.97765395894428,1.018525854323614
t2m_min_ene,Villa Constitucion,18.175395894428153,0.990634096720042
t2m_min_ene,Villaguay,19.17225806451613,1.1097928297073878
t2m_min_ene,Zarate,18.515219941348974,0.9807224159621108
t2m_min_feb,12 De Octubre,21.95151554802956,1.042239125209288
t2m_min_feb,2 De Abril,22.037009852216748,0.9304209807130353
t2m_min_feb,25 De Mayo,15.87634220994703,1.0523257080797377
t2m_min_feb,9 De Julio,15.719616325295998,1.015391413348508
t2m_min_feb,Adolfo Alsina,17.893177339901477,0.9851277787567879
t2m_min_feb,Adolfo Gonzales Chaves,13.682497800844475,1.0272932800494063
t2m_min_feb,Aguirre,21.31386195700851,1.148665197257648
t2m_min_feb,Alberdi,20.286079825347066,0.9635842026707895
t2m_min_feb,Alberti,20.927931396696607,0.9199973625556497
t2m_min_feb,Almirante Brown,22.08773442997889,1.3249262516138254
t2m_min_feb,Anta,21.089328605401732,1.0153343833155402
t2m_min_feb,Arrecifes,16.98223252770936,0.9450543106122082
t2m_min_feb,Atreuco,15.308189655172415,1.194047685707022
t2m_min_feb,Ayacucho,14.267505210306934,0.9877023082277547
t2m_min_feb,Azul,13.82007224958949,0.9299819060695784
t2m_min_feb,Balcarce,13.947392036124795,0.8813456879116386
t2m_min_feb,Banda,20.2363480090312,0.8169699390184647
t2m_min_feb,Baradero,17.35095723242275,0.9946927849303356
t2m_min_feb,Belgrano,17.45712783025263,0.9428240560514233
t2m_min_feb,Bella Vista,20.622933932193565,1.006273363761749
t2m_min_feb,Benito Juarez,13.437342513808032,1.0742059955731582
t2m_min_feb,Bermejo,21.992717137671765,0.8973086189358145
t2m_min_feb,Bolivar,20.853495947878596,0.9239464281320768
t2m_min_feb,Bragado,16.011630094043888,1.0275261045560233
t2m_min_feb,Brandsen,18.240915119363397,1.0128761772667108
t2m_min_feb,Burruyacu,17.90243295019157,0.9455332285257098
t2m_min_feb,Cainguas,20.556994581280787,1.0643514015620408
t2m_min_feb,Calamuchita,15.224427339901478,1.0129482402492747
t2m_min_feb,Campana,17.95896909264262,0.9764942559670937
t2m_min_feb,Canuelas,16.7803144499179,1.0031797635680384
t2m_min_feb,Capital,15.481324396349834,1.1386458477395838
t2m_min_feb,Capitan Sarmiento,16.940478706499288,0.8885245895647195
t2m_min_feb,Carlos Casares,15.850207866845798,1.0343130390634239
t2m_min_feb,Carlos Tejedor,15.986165241958853,1.0430852851309476
t2m_min_feb,Carmen De Areco,16.410618661257605,1.000783349003432
t2m_min_feb,Caseros,17.41188460964323,0.9586322927135826
t2m_min_feb,Castellanos,18.646242722794447,0.9367483295405293
t2m_min_feb,Castelli,17.965278904665315,0.7955000590870344
t2m_min_feb,Catrilo,15.912328498449188,1.0332212176226545
t2m_min_feb,Chacabuco,16.437043990147785,0.9252714057467424
t2m_min_feb,Chapaleufu,16.188642153413088,1.1790446735106554
t2m_min_feb,Chascomus,16.590576893472907,0.9606710522648271
t2m_min_feb,Chicligasta,20.769601174687384,0.9775492032588741
t2m_min_feb,Chivilcoy,16.09314300641887,1.0651235996392274
t2m_min_feb,Choya,19.657070607553365,0.7987451402764187
t2m_min_feb,Colon,16.715387375458352,0.9361709912337264
t2m_min_feb,Comandante Fernandez,21.4086672567734,1.269529399738348
t2m_min_feb,Concordia,19.187574316290128,1.1592712434720915
t2m_min_feb,Conhelo,15.819746657283602,1.1734846692856427
t2m_min_feb,Copo,20.308430127041742,1.0600366638525482
t2m_min_feb,Coronel Dorrego,14.370159186279876,1.051227277268467
t2m_min_feb,Coronel Pringles,13.747835068314899,1.0510768964287869
t2m_min_feb,Coronel Suarez,13.84935303776683,0.938739081184644
t2m_min_feb,Cruz Alta,20.586901569056742,1.00288502741885
t2m_min_feb,Curuzu Cuatia,19.36484869809993,1.061719988041438
t2m_min_feb,Daireaux,15.307789936664323,1.0049080018304004
t2m_min_feb,Diamante,19.496785714285714,0.9497449906969517
t2m_min_feb,Dolores,16.326164879745,0.8947016811834353
t2m_min_feb,El Alto,17.316522402064273,0.935844641172124
t2m_min_feb,El Carmen,18.3307881773399,0.9431609716755408
t2m_min_feb,Esquina,19.67503767024051,0.9956194877906903
t2m_min_feb,Exaltacion De La Cruz,16.3016868189282,1.0715880334889603
t2m_min_feb,Famailla,15.202572352216748,0.8509728510631345
t2m_min_feb,Federacion,19.57717227695676,1.0118144383850476
t2m_min_feb,Federal,18.995658427163967,1.1439767429296177
t2m_min_feb,Feliciano,19.50241995073892,0.8499269513761474
t2m_min_feb,Figueroa,21.568583743842364,1.34719127289678
t2m_min_feb,Florentino Ameghino,16.13516513658755,0.9610212235607593
t2m_min_feb,Fray Justo Santa Maria De Oro,20.6278263546798,1.1778037174249978
t2m_min_feb,Garay,18.057987684729063,0.9421378708803727
t2m_min_feb,General Alvarado,17.92798316912972,0.98283860630977
t2m_min_feb,General Alvear,15.490370689655172,0.9835897230021422
t2m_min_feb,General Arenales,16.652971602434075,0.9962294409406514
t2m_min_feb,General Belgrano,15.73096307678402,1.0440122012928603
t2m_min_feb,General Donovan,20.684586466165413,1.0895040389524087
t2m_min_feb,General Guemes,17.5077705208391,0.9152591484805184
t2m_min_feb,General Jose De San Martin,11.93117302955665,0.8277234293927078
t2m_min_feb,General Juan Madariaga,17.490062068965518,0.910252129360063
t2m_min_feb,General La Madrid,13.882622205380825,0.9894962998811568
t2m_min_feb,General Las Heras,16.923453012504737,1.0511121267566257
t2m_min_feb,General Lopez,16.796498357963877,1.0156503206591827
t2m_min_feb,General Manuel Belgrano,20.628108990147783,1.0542763487476203
t2m_min_feb,General Obligado,20.803677339901476,1.1054577193164383
t2m_min_feb,General Paz,14.279672765657986,1.0983736992077269
t2m_min_feb,General Pinto,16.09410210479176,0.9858223760839786
t2m_min_feb,General Pueyrredon,16.746301955049262,0.8681608185836855
t2m_min_feb,General Roca,17.60650171667413,0.9986035084052123
t2m_min_feb,General Rodriguez,17.563539901477835,0.9666576805495191
t2m_min_feb,General San Martin,16.33028055726601,1.0522573923843683
t2m_min_feb,General Taboada,20.805242332750677,1.0897574624192883
t2m_min_feb,General Viamonte,20.902564935064937,0.9562192233430608
t2m_min_feb,General Villegas,16.318396775638156,1.1392173146642874
t2m_min_feb,Graneros,17.875070575975748,0.7769545507336143
t2m_min_feb,Gualeguay,17.79180955029398,0.9582943016401455
t2m_min_feb,Gualeguaychu,18.03054761904762,0.9894410340413339
t2m_min_feb,Guamini,15.378942939244665,0.9951538767097872
t2m_min_feb,Guarani,20.212800776809395,1.0710437509436317
t2m_min_feb,Guasayan,19.619267681210413,0.8309728885645657
t2m_min_feb,Guatrache,15.323728008444757,1.0110257436288943
t2m_min_feb,Hipolito Yrigoyen,13.857413419913419,1.1102440554938673
t2m_min_feb,Independencia,21.95151554802956,1.042239125209288
t2m_min_feb,Iriondo,17.39317407997682,0.9489392404818081
t2m_min_feb,Ischilin,15.229635467980295,0.9046470269515071
t2m_min_feb,Ituzaingo,22.095908737360645,1.0128368225675597
t2m_min_feb,Jimenez,20.583877111189306,0.9007575772988566
t2m_min_feb,Juan Bautista Alberdi,17.942888700738916,0.8894183690059411
t2m_min_feb,Juan F. Ibarra,20.366268472906402,1.0063059153157403
t2m_min_feb,Juarez Celman,16.15453455520139,1.1916682980176827
t2m_min_feb,Junin,16.606053366174056,0.9848972958513028
t2m_min_feb,La Candelaria,17.09920566502463,0.9526627409532564
t2m_min_feb,La Capital,18.04956434729064,0.9265233322201798
t2m_min_feb,La Cocha,16.55358297413793,0.8872714284850125
t2m_min_feb,La Paz,19.396320043103447,1.0454889131032559
t2m_min_feb,Laishi,21.526230230749288,1.0128281325835637
t2m_min_feb,Laprida,13.691338259441707,1.0750428633685887
t2m_min_feb,Las Colonias,18.686394704433496,0.8920636202839429
t2m_min_feb,Las Flores,15.341119777412882,1.0021183153645767
t2m_min_feb,Leales,20.660302671466464,0.9974117771812617
t2m_min_feb,Leandro N. Alem,16.689608634899585,0.9638358772866829
t2m_min_feb,Libertador General San Martin,21.30580944917152,1.295594557770399
t2m_min_feb,Lincoln,16.07374653633005,1.0247607091295323
t2m_min_feb,Loberia,16.740683497536946,0.8498031577305132
t2m_min_feb,Lobos,16.362361919689505,1.026379042703712
t2m_min_feb,Lujan,16.60634012539185,0.9839435390503123
t2m_min_feb,Lules,15.347233800682078,0.784707374978491
t2m_min_feb,Magdalena,20.105303145130733,1.0125642812013953
t2m_min_feb,Maipu,21.711758347016968,1.3552879659188042
t2m_min_feb,Mar Chiquita,15.873888003477255,0.7925620786162615
t2m_min_feb,Maraco,15.212751014198783,1.2225990080024087
t2m_min_feb,Marcos Juarez,17.10514778325123,1.0420923330519452
t2m_min_feb,Marcos Paz,17.021530306275434,0.9849869098807247
t2m_min_feb,Mayor Luis J. Fontana,,
t2m_min_feb,Mercedes,16.67195281977238,1.0246233119225896
t2m_min_feb,Metan,17.484345238095237,0.9264724968302384
t2m_min_feb,Mitre,20.607588845883182,0.9564003908765659
t2m_min_feb,Monte,16.098512315270934,1.0338874629896795
t2m_min_feb,Monteros,15.302465106732347,0.9312824199446217
t2m_min_feb,Moreno,21.42448412698413,1.4465158818637374
t2m_min_feb,Navarro,16.198318369617034,0.9806639810660174
t2m_min_feb,Necochea,15.473231811292155,0.8130870471567803
t2m_min_feb,Nogoya,18.129198737684728,0.9557493089141396
t2m_min_feb,O'Higgins,21.9254631288252,1.0366844921826754
t2m_min_feb,Obera,20.235892053973014,1.1345139091297058
t2m_min_feb,Olavarria,14.041526006954506,1.0067337350785086
t2m_min_feb,Oran,21.322160945197044,0.8930040992722633
t2m_min_feb,Parana,19.609845463213095,0.9455895417308837
t2m_min_feb,Pehuajo,15.657941176470588,1.0026145072030415
t2m_min_feb,Pellegrini,20.147494612068964,0.9621915902379263
t2m_min_feb,Pergamino,16.739617107030902,0.9332957895669918
t2m_min_feb,Pilagas,22.471144088669952,1.1530037059034315
t2m_min_feb,Pilar,17.575085357567524,1.0155033714402222
t2m_min_feb,Pilcomayo,22.63245981332642,1.1899150140369077
t2m_min_feb,Pirane,22.208944405348344,1.3414301507937703
t2m_min_feb,Pocho,17.09545062695925,0.9082597466782704
t2m_min_feb,Presidencia De La Plaza,20.491588054187194,1.2418873954470548
t2m_min_feb,Presidente Roque Saenz Pena,16.328375833091858,1.12366007683213
t2m_min_feb,Puan,17.514801587301587,1.0211136614126106
t2m_min_feb,Quemu Quemu,16.026267024051002,1.1381711953274876
t2m_min_feb,Quitilipi,20.79135016420361,1.2323314040437574
t2m_min_feb,Ramallo,17.525245535714287,0.9710666842791451
t2m_min_feb,Rancul,15.918379222378606,1.1874525062399308
t2m_min_feb,Rauch,13.993060344827587,0.9865388228505183
t2m_min_feb,Realico,15.82092857142857,1.1631970704325387
t2m_min_feb,Rio Chico,17.976508107553368,0.873135105330275
t2m_min_feb,Rio Cuarto,15.498874692118227,1.1005201134433589
t2m_min_feb,Rio Hondo,20.26121753246753,0.8529686642339662
t2m_min_feb,Rio Primero,16.962549261083744,1.0233330406155197
t2m_min_feb,Rio Seco,13.971681233116161,1.0156168556345886
t2m_min_feb,Rio Segundo,18.23248343808391,0.925878089486384
t2m_min_feb,Rivadavia,17.443307045690787,0.9892699390124695
t2m_min_feb,Robles,21.08520935960591,0.9797953484540095
t2m_min_feb,Rojas,16.74458635178209,0.9484492533695814
t2m_min_feb,Roque Perez,16.056261253609648,0.9901085469490714
t2m_min_feb,Rosario,18.1117209597966,0.9755863966866288
t2m_min_feb,Rosario De La Frontera,17.0401359078114,0.9680941693282438
t2m_min_feb,Saavedra,14.403244827586207,1.134173632583014
t2m_min_feb,Saladillo,15.880785868226601,1.007206840843271
t2m_min_feb,Salliquelo,15.58517058930852,0.9320262965218611
t2m_min_feb,Salto,16.443320271682342,0.9701868877491546
t2m_min_feb,San Alberto,15.547189655172414,0.8170729507961545
t2m_min_feb,San Andres De Giles,16.639807433945364,1.030641998846934
t2m_min_feb,San Antonio De Areco,17.37383602030154,0.9699998725406412
t2m_min_feb,San Cayetano,14.308301477832513,0.8971447854304333
t2m_min_feb,San Cristobal,19.153821309391386,1.011786469238876
t2m_min_feb,San Fernando,21.810075815886698,1.0188039655208903
t2m_min_feb,San Javier,19.882791597599983,1.24205111870557
t2m_min_feb,San Jeronimo,20.72229287953426,1.0459495490281305
t2m_min_feb,San Justo,15.238536330049262,0.9771930723123365
t2m_min_feb,San Lorenzo,18.805434466607444,0.9379383503404655
t2m_min_feb,San Martin,19.71754033697437,0.8584686159506097
t2m_min_feb,San Nicolas,17.556450216450216,0.9724380886823459
t2m_min_feb,San Pedro,17.71691855037343,0.9602356885914168
t2m_min_feb,San Salvador,18.97349856321839,0.7421856235261298
t2m_min_feb,Santa Barbara,11.076380849753695,0.7715038772546693
t2m_min_feb,Santa Maria,15.320170602723849,0.984397817490041
t2m_min_feb,Santa Rosa,17.265799671592777,0.8754693158774308
t2m_min_feb,Santo Tome,20.456492610837437,1.094946587877146
t2m_min_feb,Sargento Cabral,21.943364532019704,1.0647343802180382
t2m_min_feb,Sauce,19.024542575650948,1.3294488298740315
t2m_min_feb,Silipica,20.290021551724138,0.664430575055106
t2m_min_feb,Simoca,18.060381773399016,0.8186369567864421
t2m_min_feb,Sobremonte,15.245998096730856,0.9276114354141787
t2m_min_feb,Suipacha,16.094221674876845,1.053602019893709
t2m_min_feb,Tafi Viejo,18.345480295566503,0.8896200201029846
t2m_min_feb,Tala,19.283631362889984,1.0661577497216885
t2m_min_feb,Tandil,13.39548775936707,1.1424814919889243
t2m_min_feb,Tapalque,15.006068007662837,0.9172691835563531
t2m_min_feb,Tercero Arriba,15.377853320876508,1.0683330361543986
t2m_min_feb,Toay,15.779406814449917,1.120977214590836
t2m_min_feb,Tornquist,14.501928879310345,1.085977779457314
t2m_min_feb,Totoral,15.357870577698163,1.0350909337576562
t2m_min_feb,Trenel,15.56020844736362,1.1703123159478226
t2m_min_feb,Trenque Lauquen,15.78135507706976,1.0064555397478632
t2m_min_feb,Tres Arroyos,14.280633762788936,1.0133395719611888
t2m_min_feb,Tres Lomas,16.034812030075187,1.0028149489894105
t2m_min_feb,Tulumba,15.19704688296246,1.0156131483615873
t2m_min_feb,Union,16.10652431272843,1.0793083947426252
t2m_min_feb,Uruguay,19.643197997775307,0.943272803078664
t2m_min_feb,Utracan,16.459627949183304,1.1713921528994409
t2m_min_feb,Vera,20.163484102104793,1.1674344408401538
t2m_min_feb,Victoria,18.0991013584117,0.9553000964483223
t2m_min_feb,Villa Constitucion,17.32215853112405,0.9362805739652525
t2m_min_feb,Villaguay,18.438752184967424,1.0281207483130235
t2m_min_feb,Zarate,18.01245745633677,0.9863351919577927
t2m_min_mar,12 De Octubre,20.170826612903227,1.448189064138235
t2m_min_mar,2 De Abril,19.899629032258066,1.4597758721686975
t2m_min_mar,25 De Mayo,13.87228100958294,1.2341140838433324
t2m_min_mar,9 De Julio,13.664160724391625,1.2577157078935814
t2m_min_mar,Adolfo Alsina,16.000013440860215,1.1940510274737313
t2m_min_mar,Adolfo Gonzales Chaves,11.644677419354839,1.1116513884740489
t2m_min_mar,Aguirre,19.645601173020527,1.1975090325807058
t2m_min_mar,Alberdi,18.65290322580645,1.362812058503823
t2m_min_mar,Alberti,19.384383301707782,0.8345668458458422
t2m_min_mar,Almirante Brown,20.619366359447007,1.4556543249932936
t2m_min_mar,Anta,19.96635150166852,1.1063604613185622
t2m_min_mar,Arrecifes,14.851451612903226,1.3613863906211539
t2m_min_mar,Atreuco,12.659877641824249,1.1805501315718876
t2m_min_mar,Ayacucho,12.35198511166253,1.130890981757343
t2m_min_mar,Azul,11.83205376344086,1.1841813642709251
t2m_min_mar,Balcarce,12.360322580645162,1.0807150775118057
t2m_min_mar,Banda,18.388709677419353,1.2276338412615755
t2m_min_mar,Baradero,15.192414467253178,1.3216567709489435
t2m_min_mar,Belgrano,15.546173424089968,1.4545777166624732
t2m_min_mar,Bella Vista,19.323225806451614,1.693304813513273
t2m_min_mar,Benito Juarez,11.599413489736069,1.1376500925966333
t2m_min_mar,Bermejo,20.047215619694395,1.550672239286309
t2m_min_mar,Bolivar,19.323579604578562,0.8118654168734366
t2m_min_mar,Bragado,13.953108504398827,1.2236090098406447
t2m_min_mar,Brandsen,15.851786600496277,1.082377191778552
t2m_min_mar,Burruyacu,16.71458781362007,1.0304921710381052
t2m_min_mar,Cainguas,19.121070967741936,1.3049643988270465
t2m_min_mar,Calamuchita,13.791821631878559,1.2040076653878478
t2m_min_mar,Campana,15.893413111342351,1.2089890995791075
t2m_min_mar,Canuelas,14.77190322580645,1.2082111999591079
t2m_min_mar,Capital,12.96932839767319,1.3429814008776186
t2m_min_mar,Capitan Sarmiento,14.771186264308012,1.3466881651413527
t2m_min_mar,Carlos Casares,13.644398826979472,1.253455693663214
t2m_min_mar,Carlos Tejedor,13.818690702087286,1.229371417249997
t2m_min_mar,Carmen De Areco,14.365759013282732,1.2334828174032317
t2m_min_mar,Caseros,15.342658846529815,1.3728215526956433
t2m_min_mar,Castellanos,16.891290322580645,1.432691012738361
t2m_min_mar,Castelli,15.607571157495256,1.139355039167496
t2m_min_mar,Catrilo,13.454109916367981,1.169155032446545
t2m_min_mar,Chacabuco,14.225050322580646,1.289109939706559
t2m_min_mar,Chapaleufu,14.067400921658987,1.19770392018903
t2m_min_mar,Chascomus,14.67530241935484,1.2384698755957748
t2m_min_mar,Chicligasta,19.05272952853598,1.3232987469305248
t2m_min_mar,Chivilcoy,14.065043988269794,1.2284968878251512
t2m_min_mar,Choya,17.572666666666667,1.3337562985536067
t2m_min_mar,Colon,14.541267281105991,1.2770135660161925
t2m_min_mar,Comandante Fernandez,19.715372983870967,1.3508989882028877
t2m_min_mar,Concordia,16.99714126807564,1.4255455813756326
t2m_min_mar,Conhelo,13.557396313364055,1.3343112119029141
t2m_min_mar,Copo,18.222937181663838,1.2804902080029743
t2m_min_mar,Coronel Dorrego,12.509665471923537,1.0558526155242733
t2m_min_mar,Coronel Pringles,11.682483262325015,1.0023139812439716
t2m_min_mar,Coronel Suarez,11.6857311827957,1.1519806128890198
t2m_min_mar,Cruz Alta,19.231875746714454,1.1183388816162176
t2m_min_mar,Curuzu Cuatia,17.526958525345623,1.292269175062312
t2m_min_mar,Daireaux,13.142875576036866,1.2095135609994074
t2m_min_mar,Diamante,17.289743833017077,1.3893654360700056
t2m_min_mar,Dolores,13.863643263757115,1.1770301652662714
t2m_min_mar,El Alto,15.927235023041476,1.1770894525511941
t2m_min_mar,El Carmen,17.249032258064517,0.9670355346085637
t2m_min_mar,Esquina,17.83258064516129,1.0862082853329331
t2m_min_mar,Exaltacion De La Cruz,14.282737047898337,1.2289579636369397
t2m_min_mar,Famailla,13.60508064516129,1.017236368814129
t2m_min_mar,Federacion,17.28467741935484,1.5152393742057428
t2m_min_mar,Federal,16.82311059907834,1.4095919344346433
t2m_min_mar,Feliciano,17.4233137829912,1.5766549471509874
t2m_min_mar,Figueroa,19.444119106699752,1.451289821596147
t2m_min_mar,Florentino Ameghino,13.830850439882699,1.171184275999719
t2m_min_mar,Fray Justo Santa Maria De Oro,18.933064516129033,1.541381304660717
t2m_min_mar,Garay,16.07264516129032,1.3762341677233563
t2m_min_mar,General Alvarado,16.07235483870968,1.132204854889343
t2m_min_mar,General Alvear,13.218075268817206,1.2591955484112498
t2m_min_mar,General Arenales,14.6057779886148,1.2256203654803997
t2m_min_mar,General Belgrano,13.82060372891388,1.227898577081572
t2m_min_mar,General Donovan,19.613870967741935,1.1832988519254017
t2m_min_mar,General Guemes,16.383754983689744,1.0138136286392032
t2m_min_mar,General Jose De San Martin,11.167429435483871,0.8625079393931765
t2m_min_mar,General Juan Madariaga,15.999135483870969,0.9494733178656914
t2m_min_mar,General La Madrid,11.671588089330024,1.0726446022088971
t2m_min_mar,General Las Heras,14.788560794044665,1.2783457352291347
t2m_min_mar,General Lopez,14.660723362658846,1.317478558861086
t2m_min_mar,General Manuel Belgrano,19.3865,1.0242900949107296
t2m_min_mar,General Obligado,18.68510752688172,1.5404345813798148
t2m_min_mar,General Paz,11.901013824884794,1.1719186456517208
t2m_min_mar,General Pinto,14.042453567937438,1.243012169283847
t2m_min_mar,General Pueyrredon,15.53774193548387,0.8445147378777352
t2m_min_mar,General Roca,15.455268817204301,1.4097068320791677
t2m_min_mar,General Rodriguez,15.395870967741935,1.283624442749623
t2m_min_mar,General San Martin,14.69555443548387,1.4081920389153146
t2m_min_mar,General Taboada,19.306316337148804,1.3168700127249116
t2m_min_mar,General Viamonte,19.37839687194526,0.8312028369290742
t2m_min_mar,General Villegas,14.145894428152493,1.2499155311541412
t2m_min_mar,Graneros,16.67287841191067,1.0819344140763636
t2m_min_mar,Gualeguay,15.608272632674298,1.344931241895878
t2m_min_mar,Gualeguaychu,15.899956989247311,1.3096946023556293
t2m_min_mar,Guamini,13.178924731182796,1.1680997788312366
t2m_min_mar,Guarani,18.65833746898263,1.3174599807084957
t2m_min_mar,Guasayan,18.23335253456221,1.2145660052471974
t2m_min_mar,Guatrache,12.64831029185868,1.2708760770316279
t2m_min_mar,Hipolito Yrigoyen,11.881739980449657,1.1488508457301458
t2m_min_mar,Independencia,20.170826612903227,1.448189064138235
t2m_min_mar,Iriondo,15.408757115749525,1.3594158060455848
t2m_min_mar,Ischilin,13.633883870967743,1.2380020677151609
t2m_min_mar,Ituzaingo,21.047843803056026,1.2833829652534499
t2m_min_mar,Jimenez,19.27243087557604,1.2075379837868747
t2m_min_mar,Juan Bautista Alberdi,16.327278225806452,1.093167605660362
t2m_min_mar,Juan F. Ibarra,18.569447004608293,1.1710107448457547
t2m_min_mar,Juarez Celman,14.364212523719164,1.2685900171239468
t2m_min_mar,Junin,14.598827956989247,1.2298499809884837
t2m_min_mar,La Candelaria,16.068536866359448,1.0304766568824189
t2m_min_mar,La Capital,16.03708669354839,1.3597426473526046
t2m_min_mar,La Cocha,14.891834677419356,1.1524778398140993
t2m_min_mar,La Paz,17.438245967741935,1.4771241132405055
t2m_min_mar,Laishi,19.921341256366723,1.1512719757953784
t2m_min_mar,Laprida,11.496129032258064,1.082205957778661
t2m_min_mar,Las Colonias,16.713618951612904,1.503200208645262
t2m_min_mar,Las Flores,13.36520908004779,1.1766708035684466
t2m_min_mar,Leales,19.32212158808933,1.0355974379409905
t2m_min_mar,Leandro N. Alem,14.493790322580644,1.300709173714918
t2m_min_mar,Libertador General San Martin,19.743088954056695,1.3499543804056766
t2m_min_mar,Lincoln,13.977227822580645,1.2713824834472012
t2m_min_mar,Loberia,15.498333333333333,0.854478968456251
t2m_min_mar,Lobos,14.241446725317692,1.2156311847872439
t2m_min_mar,Lujan,14.68432062561095,1.2884974413919834
t2m_min_mar,Lules,13.594689826302728,1.0913782556802372
t2m_min_mar,Magdalena,18.016575682382133,0.9318529884029544
t2m_min_mar,Maipu,19.735017921146955,1.4001899303030478
t2m_min_mar,Mar Chiquita,13.78428842504744,1.0049413086743673
t2m_min_mar,Maraco,12.704895635673623,1.1279473197182508
t2m_min_mar,Marcos Juarez,15.213304007820138,1.3963805506510834
t2m_min_mar,Marcos Paz,14.709004207573633,1.3079334628964623
t2m_min_mar,Mayor Luis J. Fontana,,
t2m_min_mar,Mercedes,14.472908787541714,1.168490337099475
t2m_min_mar,Metan,16.49689247311828,0.9929796939510813
t2m_min_mar,Mitre,18.10705069124424,1.3339128017968238
t2m_min_mar,Monte,14.23558064516129,1.204882570346448
t2m_min_mar,Monteros,13.820672043010752,1.0724404023440886
t2m_min_mar,Moreno,19.776081242532857,1.4527428568890794
t2m_min_mar,Navarro,14.25213319458897,1.2657681361617963
t2m_min_mar,Necochea,13.916302729528535,0.9436767080353321
t2m_min_mar,Nogoya,16.01085685483871,1.4385414422418026
t2m_min_mar,O'Higgins,20.15317693059629,1.4289829692794493
t2m_min_mar,Obera,18.73047685834502,1.35458771892969
t2m_min_mar,Olavarria,11.968681214421252,1.1438708309216397
t2m_min_mar,Oran,20.338679435483872,0.8462990703492097
t2m_min_mar,Parana,17.554099895941725,1.4407167883843892
t2m_min_mar,Pehuajo,13.388130929791272,1.2288601998785171
t2m_min_mar,Pellegrini,18.676915322580644,1.2211688483466354
t2m_min_mar,Pergamino,14.680205278592375,1.3365973955057957
t2m_min_mar,Pilagas,21.11541935483871,1.165672314501098
t2m_min_mar,Pilar,15.423959955506119,1.2166074548702892
t2m_min_mar,Pilcomayo,21.438505942275043,1.1438732127375109
t2m_min_mar,Pirane,20.96242703533026,1.1593204961032988
t2m_min_mar,Pocho,15.246906158357772,1.2649085516794083
t2m_min_mar,Presidencia De La Plaza,19.6268064516129,1.4260951428190898
t2m_min_mar,Presidente Roque Saenz Pena,14.612476280834914,1.3364234083481572
t2m_min_mar,Puan,15.49332138590203,1.252426326245186
t2m_min_mar,Quemu Quemu,13.726907020872865,1.253951868988659
t2m_min_mar,Quitilipi,19.312763440860216,1.3882396969780197
t2m_min_mar,Ramallo,15.419576612903226,1.3731144396315977
t2m_min_mar,Rancul,13.71197004608295,1.1684736294523068
t2m_min_mar,Rauch,12.097655913978494,1.154786396902822
t2m_min_mar,Realico,13.572150537634409,1.2387988077793204
t2m_min_mar,Rio Chico,16.718279569892474,0.9618725077362964
t2m_min_mar,Rio Cuarto,13.739465725806452,1.1707273415287525
t2m_min_mar,Rio Hondo,18.491818181818182,1.1471911113967173
t2m_min_mar,Rio Primero,15.301998207885305,1.2627354899630705
t2m_min_mar,Rio Seco,12.487513007284079,1.2741470420083698
t2m_min_mar,Rio Segundo,16.393125695216906,1.4929782085477712
t2m_min_mar,Rivadavia,15.562562888428529,1.2381184043423312
t2m_min_mar,Robles,18.879539170506913,1.3764009444860759
t2m_min_mar,Rojas,14.59737191650854,1.2868168066886219
t2m_min_mar,Roque Perez,13.895272525027808,1.291498954757687
t2m_min_mar,Rosario,16.03120707596254,1.3617217936394268
t2m_min_mar,Rosario De La Frontera,15.961117511520738,1.0833454573248051
t2m_min_mar,Saavedra,12.19738064516129,1.0814837274424702
t2m_min_mar,Saladillo,13.772439516129033,1.2309586966246315
t2m_min_mar,Salliquelo,13.13721624850657,1.2712763230467743
t2m_min_mar,Salto,14.419090909090908,1.302818757930477
t2m_min_mar,San Alberto,13.864258064516127,1.1515621899397648
t2m_min_mar,San Andres De Giles,14.648387096774195,1.2466616373472386
t2m_min_mar,San Antonio De Areco,15.156930596285434,1.2976046107402421
t2m_min_mar,San Cayetano,12.662206451612903,0.9977285192163141
t2m_min_mar,San Cristobal,17.29814776274714,1.5093557463744962
t2m_min_mar,San Fernando,20.145776209677418,1.4797675683662872
t2m_min_mar,San Javier,18.161641950772054,1.256898543798366
t2m_min_mar,San Jeronimo,18.97003910068426,1.6165832911375353
t2m_min_mar,San Justo,13.831032258064516,1.1968371031945713
t2m_min_mar,San Lorenzo,16.64210999471179,1.3578555208728769
t2m_min_mar,San Martin,17.31186302010285,1.38410954972611
t2m_min_mar,San Nicolas,15.404457478005867,1.3542771408526821
t2m_min_mar,San Pedro,15.547073361082205,1.281947205018503
t2m_min_mar,San Salvador,15.87228494623656,1.1667248163362391
t2m_min_mar,Santa Barbara,10.345282258064517,0.9120752756942698
t2m_min_mar,Santa Maria,13.81388045540797,1.217556928545441
t2m_min_mar,Santa Rosa,16.080462365591398,1.0661249099468926
t2m_min_mar,Santo Tome,19.158596774193548,1.3672684707431204
t2m_min_mar,Sargento Cabral,20.083148387096774,1.4902976691117218
t2m_min_mar,Sauce,17.490714285714287,1.33594314382908
t2m_min_mar,Silipica,18.162177419354837,1.3038223506558761
t2m_min_mar,Simoca,16.1892688172043,1.1697274185827449
t2m_min_mar,Sobremonte,13.704721407624634,1.348154304666336
t2m_min_mar,Suipacha,14.039430107526881,1.1826081066562062
t2m_min_mar,Tafi Viejo,16.69290322580645,1.0876940915595268
t2m_min_mar,Tala,16.95795698924731,1.4041958222274
t2m_min_mar,Tandil,11.68494623655914,1.188894226894752
t2m_min_mar,Tapalque,12.473189964157706,1.2900570452056705
t2m_min_mar,Tercero Arriba,13.860367074527252,1.2732883027261377
t2m_min_mar,Toay,13.133458781362007,1.335532682538731
t2m_min_mar,Tornquist,12.23922379032258,1.0787691509931137
t2m_min_mar,Totoral,13.885024437927663,1.1866237662949874
t2m_min_mar,Trenel,13.377586618876942,1.2450322204231112
t2m_min_mar,Trenque Lauquen,13.578709677419354,1.2166211291541278
t2m_min_mar,Tres Arroyos,12.546488833746897,0.9863566456825796
t2m_min_mar,Tres Lomas,13.423853989813244,1.2158232242152442
t2m_min_mar,Tulumba,13.645417130144605,1.1390914504054217
t2m_min_mar,Union,14.50105098855359,1.4128866915312364
t2m_min_mar,Uruguay,17.414890738813735,1.3823296404267893
t2m_min_mar,Utracan,14.003293718166384,1.2269141410008122
t2m_min_mar,Vera,18.173479960899318,1.600159068652064
t2m_min_mar,Victoria,16.023587487781036,1.3405728187212833
t2m_min_mar,Villa Constitucion,15.210899315738025,1.3395434217704087
t2m_min_mar,Villaguay,16.32904266389178,1.3869370637833878
t2m_min_mar,Zarate,15.897448680351907,1.1921080655637006
rh2m_sep,12 De Octubre,70.8058125,7.89540236929244
rh2m_sep,2 De Abril,68.55151666666667,8.075037349306196
rh2m_sep,25 De Mayo,74.3605620641562,5.201282212609906
rh2m_sep,9 De Julio,71.32949122807017,5.549034902520856
rh2m_sep,Adolfo Alsina,77.97808333333333,4.099027398779131
rh2m_sep,Adolfo Gonzales Chaves,74.12284523809524,5.077118797893043
rh2m_sep,Aguirre,41.0215303030303,5.6359611084037935
rh2m_sep,Alberdi,44.39756060606061,5.789002054513134
rh2m_sep,Alberti,77.80158823529412,3.284429078358445
rh2m_sep,Almirante Brown,48.41190476190476,7.025415854221737
rh2m_sep,Anta,40.26026436781609,5.7519718816089425
rh2m_sep,Arrecifes,71.87909375,5.413494963709695
rh2m_sep,Atreuco,61.96987356321839,7.876258908401434
rh2m_sep,Ayacucho,77.30046153846153,4.3635001741415715
rh2m_sep,Azul,75.55046666666667,5.030759677404674
rh2m_sep,Balcarce,78.83565555555556,4.085775697895338
rh2m_sep,Banda,45.11252777777778,6.01193052736486
rh2m_sep,Baradero,74.28738383838383,4.932784393108753
rh2m_sep,Belgrano,64.49653211009175,7.349228555875815
rh2m_sep,Bella Vista,70.16666666666666,7.504596197220297
rh2m_sep,Benito Juarez,74.57662626262626,4.945548504686348
rh2m_sep,Bermejo,67.71749122807019,7.902248409818203
rh2m_sep,Bolivar,77.66618279569893,3.224309372895004
rh2m_sep,Bragado,70.78356565656566,5.566886212290423
rh2m_sep,Brandsen,79.05323076923077,3.7302272381000154
rh2m_sep,Burruyacu,45.40275308641976,6.274136828698896
rh2m_sep,Cainguas,80.73565333333333,6.446247425814097
rh2m_sep,Calamuchita,54.16725490196079,7.638537959274556
rh2m_sep,Campana,75.76950537634409,4.377055178551128
rh2m_sep,Canuelas,76.58993333333333,4.5663266157476965
rh2m_sep,Capital,60.88944262295082,7.960353722066166
rh2m_sep,Capitan Sarmiento,71.48155913978495,5.378670953413082
rh2m_sep,Carlos Casares,69.43520202020203,6.01871996123772
rh2m_sep,Carlos Tejedor,66.51150980392157,6.624391540947723
rh2m_sep,Carmen De Areco,72.13939215686275,5.260075670277096
rh2m_sep,Caseros,67.99661616161616,6.278263234677033
rh2m_sep,Castellanos,61.93118181818182,8.218879602311862
rh2m_sep,Castelli,81.05496078431372,3.4618428535695345
rh2m_sep,Catrilo,61.74898765432099,7.2762456192604965
rh2m_sep,Chacabuco,70.950444,6.03674592333504
rh2m_sep,Chapaleufu,63.23222857142858,8.197521458579143
rh2m_sep,Chascomus,79.01395833333333,3.8658642657891376
rh2m_sep,Chicligasta,43.86661538461538,7.265045178221222
rh2m_sep,Chivilcoy,73.0849494949495,5.206936596130158
rh2m_sep,Choya,44.7192,6.746876679867015
rh2m_sep,Colon,68.62917418546367,6.583723640507429
rh2m_sep,Comandante Fernandez,58.59166666666667,8.167946679148015
rh2m_sep,Concordia,76.52779310344827,4.968359791637184
rh2m_sep,Conhelo,63.501,9.11734532739273
rh2m_sep,Copo,44.1909298245614,6.031906788153699
rh2m_sep,Coronel Dorrego,70.05207407407407,6.760333358829807
rh2m_sep,Coronel Pringles,72.384,5.830816164594725
rh2m_sep,Coronel Suarez,69.69305555555555,5.6169082516231255
rh2m_sep,Cruz Alta,41.56312345679012,6.626189082225393
rh2m_sep,Curuzu Cuatia,78.74821428571428,3.3755505144103193
rh2m_sep,Daireaux,67.3928761904762,6.160960351931877
rh2m_sep,Diamante,68.26173529411764,5.9670871200989914
rh2m_sep,Dolores,80.54745098039216,3.7006410667259453
rh2m_sep,El Alto,44.32857142857143,6.3785479470408
rh2m_sep,El Carmen,41.914625,5.290824819318803
rh2m_sep,Esquina,67.55009803921568,6.549846853346086
rh2m_sep,Exaltacion De La Cruz,74.85373737373737,4.862428367622599
rh2m_sep,Famailla,46.8255,5.194575382782254
rh2m_sep,Federacion,76.3002037037037,5.906908764501306
rh2m_sep,Federal,74.987,6.144804573198269
rh2m_sep,Feliciano,67.23177272727273,6.816294251003092
rh2m_sep,Figueroa,48.67033333333333,7.275552977583878
rh2m_sep,Florentino Ameghino,64.89933333333333,7.759965554524542
rh2m_sep,Fray Justo Santa Maria De Oro,56.71069047619047,8.404015630367514
rh2m_sep,Garay,69.24138888888889,5.912600432807313
rh2m_sep,General Alvarado,78.75803333333333,3.4995609898180007
rh2m_sep,General Alvear,74.83756666666666,5.409179381356612
rh2m_sep,General Arenales,69.29917647058824,6.319471258854134
rh2m_sep,General Belgrano,77.76739449541284,4.584594159277137
rh2m_sep,General Donovan,62.475421052631575,8.601136460829105
rh2m_sep,General Guemes,43.0770936329588,5.626318045126949
rh2m_sep,General Jose De San Martin,45.59352083333333,5.122907838675832
rh2m_sep,General Juan Madariaga,81.82905333333333,2.620354483158225
rh2m_sep,General La Madrid,72.28325641025641,5.028533717194036
rh2m_sep,General Las Heras,76.30166666666666,4.853236165693981
rh2m_sep,General Lopez,67.5489898989899,6.535726846578674
rh2m_sep,General Manuel Belgrano,74.41251666666668,8.539581243739132
rh2m_sep,General Obligado,66.47883333333333,7.65674261680514
rh2m_sep,General Paz,75.99792063492063,3.9659582265194553
rh2m_sep,General Pinto,68.03050505050506,5.979977799290599
rh2m_sep,General Pueyrredon,81.85860416666667,2.782135877159577
rh2m_sep,General Roca,65.70072727272726,7.104404536318059
rh2m_sep,General Rodriguez,75.27066666666667,4.732872507888409
rh2m_sep,General San Martin,65.43428125,6.809356967893244
rh2m_sep,General Taboada,43.387247311827956,6.617341255826037
rh2m_sep,General Viamonte,77.69311111111111,3.0746519842209916
rh2m_sep,General Villegas,64.30279797979797,7.232805825590109
rh2m_sep,Graneros,47.641461538461535,6.2780331237503
rh2m_sep,Gualeguay,73.78960215053763,5.696983920961942
rh2m_sep,Gualeguaychu,76.45152222222222,4.646783465181701
rh2m_sep,Guamini,66.62281944444445,6.487627275178074
rh2m_sep,Guarani,80.59094871794872,5.937695385841443
rh2m_sep,Guasayan,44.97894047619047,6.589426317507205
rh2m_sep,Guatrache,64.11031746031746,6.302733951298164
rh2m_sep,Hipolito Yrigoyen,75.51629292929293,5.054298495640988
rh2m_sep,Independencia,70.8058125,7.89540236929244
rh2m_sep,Iriondo,67.92414705882352,6.894776551727917
rh2m_sep,Ischilin,53.46698666666666,7.4227258279831005
rh2m_sep,Ituzaingo,78.65935087719298,5.508611463223881
rh2m_sep,Jimenez,41.99290476190476,6.837107270328933
rh2m_sep,Juan Bautista Alberdi,45.16645833333333,6.6933967768960905
rh2m_sep,Juan F. Ibarra,44.23551190476191,6.9484128616648375
rh2m_sep,Juarez Celman,65.29927450980392,6.874956264064419
rh2m_sep,Junin,70.08029444444445,6.054069665478712
rh2m_sep,La Candelaria,47.267119047619055,6.844426868191889
rh2m_sep,La Capital,69.19595833333334,5.919878290397387
rh2m_sep,La Cocha,47.0208125,6.162180884946197
rh2m_sep,La Paz,69.78252083333334,6.114139931625266
rh2m_sep,Laishi,67.33591228070176,7.495154504573829
rh2m_sep,Laprida,74.31202469135803,5.5551277312477705
rh2m_sep,Las Colonias,66.28025,7.239876463331475
rh2m_sep,Las Flores,76.26350617283951,4.9763345153128276
rh2m_sep,Leales,42.150089743589746,6.546314937297977
rh2m_sep,Leandro N. Alem,68.95951923076923,6.382170485787652
rh2m_sep,Libertador General San Martin,63.40801346801347,7.953211273863543
rh2m_sep,Lincoln,69.62861458333333,5.754960987887773
rh2m_sep,Loberia,81.76444444444445,2.5992546254490465
rh2m_sep,Lobos,75.32762626262625,4.684146890901132
rh2m_sep,Lujan,73.94920202020202,4.953823400596892
rh2m_sep,Lules,46.71192307692308,5.539925278868085
rh2m_sep,Magdalena,80.3591282051282,3.480257527025256
rh2m_sep,Maipu,54.181777777777775,7.650448145629367
rh2m_sep,Mar Chiquita,81.71349019607842,3.1698719657758674
rh2m_sep,Maraco,61.428186274509805,8.200572596905186
rh2m_sep,Marcos Juarez,65.44326262626262,6.90408710613864
rh2m_sep,Marcos Paz,76.96701449275362,4.613225744802403
rh2m_sep,Mayor Luis J. Fontana,,
rh2m_sep,Mercedes,74.23655747126438,4.66490609830421
rh2m_sep,Metan,44.17203333333334,6.150698506480749
rh2m_sep,Mitre,44.26030952380952,6.338954295740905
rh2m_sep,Monte,77.63252222222222,5.073500827723834
rh2m_sep,Monteros,47.98488888888889,6.039018313314854
rh2m_sep,Moreno,49.022925925925925,6.923022420171657
rh2m_sep,Navarro,74.93197849462366,4.547578342888365
rh2m_sep,Necochea,77.53983333333333,3.6187786242199342
rh2m_sep,Nogoya,70.92279166666667,6.006993655695826
rh2m_sep,O'Higgins,70.59596969696969,7.8639975558287665
rh2m_sep,Obera,80.9748115942029,5.578706488887225
rh2m_sep,Olavarria,74.66430392156862,5.507964315864134
rh2m_sep,Oran,40.94625,7.257446882155723
rh2m_sep,Parana,67.59917204301075,6.2043963307217735
rh2m_sep,Pehuajo,67.86000000000001,6.414126577394755
rh2m_sep,Pellegrini,45.01240178571429,6.690021713178483
rh2m_sep,Pergamino,69.93642424242424,5.808676538325573
rh2m_sep,Pilagas,59.837533333333326,8.409515568583343
rh2m_sep,Pilar,75.34516091954023,4.450406462282887
rh2m_sep,Pilcomayo,60.05115789473684,7.77976598188811
rh2m_sep,Pirane,58.25888888888889,8.068713754257749
rh2m_sep,Pocho,58.49801515151515,7.514582332683575
rh2m_sep,Presidencia De La Plaza,64.0168,7.320945820082596
rh2m_sep,Presidente Roque Saenz Pena,65.0136568627451,6.802449386789559
rh2m_sep,Puan,75.52988888888889,4.521435956763194
rh2m_sep,Quemu Quemu,61.662627450980395,7.583726544035709
rh2m_sep,Quitilipi,64.09487777777778,7.947525641824534
rh2m_sep,Ramallo,71.99975,5.525184884433141
rh2m_sep,Rancul,62.70845238095238,8.137685468464399
rh2m_sep,Rauch,75.79690000000001,4.46332464451954
rh2m_sep,Realico,63.14311111111111,8.864980670804766
rh2m_sep,Rio Chico,46.32775,6.305779706182141
rh2m_sep,Rio Cuarto,59.3491875,7.624697451868296
rh2m_sep,Rio Hondo,45.5995,6.624730118292493
rh2m_sep,Rio Primero,57.87957407407407,7.549491091693703
rh2m_sep,Rio Seco,57.04190322580645,8.231452072608812
rh2m_sep,Rio Segundo,61.27368965517241,7.865066125985167
rh2m_sep,Rivadavia,75.67955351681957,4.2297224354691965
rh2m_sep,Robles,41.65640476190476,5.746011636739714
rh2m_sep,Rojas,69.98473529411766,6.110396625512413
rh2m_sep,Roque Perez,76.46580459770115,4.845394455020151
rh2m_sep,Rosario,69.54769892473118,5.549452703315179
rh2m_sep,Rosario De La Frontera,47.00864285714285,6.6238026953978855
rh2m_sep,Saavedra,66.3312,7.034668995740285
rh2m_sep,Saladillo,74.05835416666666,5.361620296166898
rh2m_sep,Salliquelo,65.29158024691358,6.804099057771787
rh2m_sep,Salto,72.57998989898991,5.179871174586437
rh2m_sep,San Alberto,54.4929,8.981902353950774
rh2m_sep,San Andres De Giles,73.92514141414142,4.938356446136643
rh2m_sep,San Antonio De Areco,74.36580808080808,4.9690825919646375
rh2m_sep,San Cayetano,74.9674,3.921755332614324
rh2m_sep,San Cristobal,64.12033333333333,7.33751428896331
rh2m_sep,San Fernando,70.04945833333333,7.561680234546688
rh2m_sep,San Javier,80.98871563981042,3.9716727165555157
rh2m_sep,San Jeronimo,66.39188888888889,7.2356377975934505
rh2m_sep,San Justo,53.8647,7.899337590141674
rh2m_sep,San Lorenzo,68.30465300546447,6.579761895206237
rh2m_sep,San Martin,67.58708695652174,6.914821916722859
rh2m_sep,San Nicolas,71.86421212121213,5.493624070619771
rh2m_sep,San Pedro,73.53721639784946,5.370073703243146
rh2m_sep,San Salvador,75.73491666666666,6.07881549154957
rh2m_sep,Santa Barbara,47.638972222222215,5.621176101358137
rh2m_sep,Santa Maria,54.22645098039215,8.083111324612355
rh2m_sep,Santa Rosa,45.309066666666666,6.714258097226274
rh2m_sep,Santo Tome,79.84843333333333,3.862429183059809
rh2m_sep,Sargento Cabral,68.74932,8.312570131968142
rh2m_sep,Sauce,72.23788095238095,6.491960841374047
rh2m_sep,Silipica,43.385999999999996,6.388626521270657
rh2m_sep,Simoca,45.97408888888889,6.304908257412753
rh2m_sep,Sobremonte,53.27534848484848,7.742279258130038
rh2m_sep,Suipacha,72.62556666666666,5.245149567536062
rh2m_sep,Tafi Viejo,43.371766666666666,6.889849304109152
rh2m_sep,Tala,76.6129111111111,4.837012221734158
rh2m_sep,Tandil,75.67538383838384,4.102372286353562
rh2m_sep,Tapalque,76.24924074074073,5.233021796404186
rh2m_sep,Tercero Arriba,54.63271264367816,7.252987152389783
rh2m_sep,Toay,61.57361111111111,7.239829011856222
rh2m_sep,Tornquist,68.0078125,6.409564213311998
rh2m_sep,Totoral,53.780797979797974,7.987163235353977
rh2m_sep,Trenel,63.184925925925924,9.327828103181744
rh2m_sep,Trenque Lauquen,66.10425806451613,7.128537932641497
rh2m_sep,Tres Arroyos,72.97288461538461,4.501589426899798
rh2m_sep,Tres Lomas,61.52321052631579,7.5100504767340235
rh2m_sep,Tulumba,52.98872413793104,8.137942624964497
rh2m_sep,Union,65.71972043010753,6.554927164098987
rh2m_sep,Uruguay,67.7766559139785,6.22702005093089
rh2m_sep,Utracan,61.83264912280702,8.540242970402087
rh2m_sep,Vera,66.11196969696971,7.28011808577327
rh2m_sep,Victoria,69.11039393939394,5.847341769303847
rh2m_sep,Villa Constitucion,69.67851515151516,5.821051006482913
rh2m_sep,Villaguay,75.5960752688172,5.702871127910321
rh2m_sep,Zarate,76.05125252525252,4.25191508897127
rh2m_oct,12 De Octubre,70.75337701612904,7.024497978535831
rh2m_oct,2 De Abril,69.64129032258066,7.571997046604203
rh2m_oct,25 De Mayo,72.99663517343771,5.397469762369923
rh2m_oct,9 De Julio,70.47600565930956,5.917834383798212
rh2m_oct,Adolfo Alsina,76.23235215053764,4.2768519817301955
rh2m_oct,Adolfo Gonzales Chaves,72.65091013824885,4.764133642230522
rh2m_oct,Aguirre,46.83903225806452,4.654653354382296
rh2m_oct,Alberdi,46.34815249266862,5.728076755664435
rh2m_oct,Alberti,77.16287476280836,3.4715465131457512
rh2m_oct,Almirante Brown,52.869585253456215,7.190480694427038
rh2m_oct,Anta,44.722580645161294,4.290352362947114
rh2m_oct,Arrecifes,70.66265120967742,5.708280700511743
rh2m_oct,Atreuco,58.70884315906563,8.680436726994134
rh2m_oct,Ayacucho,74.99605459057072,4.938302898878143
rh2m_oct,Azul,73.82847311827958,5.0738644059815226
rh2m_oct,Balcarce,76.4336559139785,4.57660776992912
rh2m_oct,Banda,46.28548387096774,5.78072133462009
rh2m_oct,Baradero,72.52399804496578,5.312000014997671
rh2m_oct,Belgrano,64.17489789878663,6.997933153203554
rh2m_oct,Bella Vista,67.70231499051233,8.521154040628648
rh2m_oct,Benito Juarez,72.68114369501465,4.857930412975611
rh2m_oct,Bermejo,69.30899830220714,7.496139082449308
rh2m_oct,Bolivar,76.83675338189386,3.4441688705273394
rh2m_oct,Bragado,70.53182795698925,6.016673243928983
rh2m_oct,Brandsen,77.20741935483872,3.19315803794451
rh2m_oct,Burruyacu,49.444611708482675,5.545188892150954
rh2m_oct,Cainguas,81.39443870967742,4.824698207445108
rh2m_oct,Calamuchita,55.359440227703985,7.312480202770705
rh2m_oct,Campana,74.39540062434965,4.710206252507073
rh2m_oct,Canuelas,75.18464516129032,4.623519076313687
rh2m_oct,Capital,59.74765027322404,9.007293114513688
rh2m_oct,Capitan Sarmiento,70.5305098855359,5.9671900685104795
rh2m_oct,Carlos Casares,68.67998044965788,6.492713135621234
rh2m_oct,Carlos Tejedor,65.36551233396584,7.375616839871588
rh2m_oct,Carmen De Areco,71.31728652751424,5.61541445610877
rh2m_oct,Caseros,66.73134897360704,6.613847806975169
rh2m_oct,Castellanos,61.588240469208216,7.209786252557226
rh2m_oct,Castelli,78.06603415559772,3.8069030482795077
rh2m_oct,Catrilo,60.66229390681004,8.558754209105981
rh2m_oct,Chacabuco,69.9300335483871,6.056972448021666
rh2m_oct,Chapaleufu,62.02995391705069,8.67763176455491
rh2m_oct,Chascomus,76.82895161290323,4.334517964784905
rh2m_oct,Chicligasta,46.55853598014888,6.156018766937469
rh2m_oct,Chivilcoy,72.53910068426198,5.451494247824476
rh2m_oct,Choya,46.50225806451613,5.5483027897892345
rh2m_oct,Colon,67.84945428086344,6.689640988819381
rh2m_oct,Comandante Fernandez,60.20665322580645,7.636998396297585
rh2m_oct,Concordia,74.23894327030033,5.828957993717807
rh2m_oct,Conhelo,61.57155529953917,9.534166411580372
rh2m_oct,Copo,47.408692699490665,5.296060669347388
rh2m_oct,Coronel Dorrego,67.86935483870968,6.655270345003607
rh2m_oct,Coronel Pringles,70.39828362751065,5.1188729999030285
rh2m_oct,Coronel Suarez,67.69439784946238,5.887220600269258
rh2m_oct,Cruz Alta,45.09436081242533,6.118134916858655
rh2m_oct,Curuzu Cuatia,74.62684331797234,6.175374806527761
rh2m_oct,Daireaux,66.34294930875576,6.645678947221319
rh2m_oct,Diamante,66.38575901328274,6.727364246005641
rh2m_oct,Dolores,77.15986717267552,4.180296157367821
rh2m_oct,El Alto,48.357142857142854,5.237285782263163
rh2m_oct,El Carmen,45.973427419354834,3.9694675181462866
rh2m_oct,Esquina,66.73398481973435,6.660039299011332
rh2m_oct,Exaltacion De La Cruz,74.06663734115347,5.055095666981019
rh2m_oct,Famailla,53.058991935483874,5.12753147431763
rh2m_oct,Federacion,75.55763440860215,6.329658323113498
rh2m_oct,Federal,73.3994930875576,6.427652290407596
rh2m_oct,Feliciano,66.40557184750733,7.304435660605336
rh2m_oct,Figueroa,52.70796526054591,6.883772957582224
rh2m_oct,Florentino Ameghino,65.21124633431086,7.962961524394785
rh2m_oct,Fray Justo Santa Maria De Oro,58.255172811059914,7.2617642552292345
rh2m_oct,Garay,67.39860215053764,6.260153031160092
rh2m_oct,General Alvarado,76.84319354838709,4.188813661817625
rh2m_oct,General Alvear,72.66289247311828,5.2518682096956155
rh2m_oct,General Arenales,68.74481973434536,6.669847019414458
rh2m_oct,General Belgrano,74.65717667949097,5.496855947157778
rh2m_oct,General Donovan,64.60847198641765,8.223824083881707
rh2m_oct,General Guemes,48.16014498006524,4.276703568315897
rh2m_oct,General Jose De San Martin,52.206068548387094,4.4059934305919315
rh2m_oct,General Juan Madariaga,79.90747096774194,3.3095190763124323
rh2m_oct,General La Madrid,70.5530893300248,5.526251708835895
rh2m_oct,General Las Heras,74.86251861042184,4.814035100858041
rh2m_oct,General Lopez,66.49700879765396,7.0907688737594965
rh2m_oct,General Manuel Belgrano,78.09246774193548,4.978963288560143
rh2m_oct,General Obligado,66.35306451612902,6.757184830091358
rh2m_oct,General Paz,74.05122887864823,3.6381070360297594
rh2m_oct,General Pinto,67.53929618768329,6.917111876789007
rh2m_oct,General Pueyrredon,80.78306451612903,3.3398979049527893
rh2m_oct,General Roca,64.28477028347996,7.152254488076545
rh2m_oct,General Rodriguez,74.05472258064516,4.767513197911988
rh2m_oct,General San Martin,63.529717741935485,6.663402688935883
rh2m_oct,General Taboada,46.26166493236213,5.5341758318049985
rh2m_oct,General Viamonte,77.14507331378299,3.427108605716218
rh2m_oct,General Villegas,63.50197458455523,8.108234959561393
rh2m_oct,Graneros,50.40854838709678,5.123180960396153
rh2m_oct,Gualeguay,70.78771071800207,6.254557005282335
rh2m_oct,Gualeguaychu,73.32397849462365,5.802943280323621
rh2m_oct,Guamini,65.17883064516128,7.074250975434418
rh2m_oct,Guarani,81.31258064516129,4.429149937115771
rh2m_oct,Guasayan,46.65252304147465,5.001664883377147
rh2m_oct,Guatrache,61.89878648233486,8.672995082039286
rh2m_oct,Hipolito Yrigoyen,73.34168132942325,4.882930294869298
rh2m_oct,Independencia,70.75337701612904,7.024497978535831
rh2m_oct,Iriondo,66.50018026565465,6.623144787627766
rh2m_oct,Ischilin,56.063896774193545,6.4261681833721935
rh2m_oct,Ituzaingo,77.60285229202037,6.2581070928078635
rh2m_oct,Jimenez,45.610288018433174,5.268591701954569
rh2m_oct,Juan Bautista Alberdi,49.304495967741936,6.1649979256912415
rh2m_oct,Juan F. Ibarra,44.817983870967744,5.890103008560949
rh2m_oct,Juarez Celman,63.79372865275142,7.232096414076481
rh2m_oct,Junin,69.54852688172042,6.552242491785857
rh2m_oct,La Candelaria,50.455264976958524,4.918429038805253
rh2m_oct,La Capital,67.52448588709677,6.399883155423274
rh2m_oct,La Cocha,50.51693548387097,5.924143631464022
rh2m_oct,La Paz,68.45325604838709,6.20124399003912
rh2m_oct,Laishi,69.74713073005094,6.446894739726766
rh2m_oct,Laprida,72.05861409796893,5.491761210903945
rh2m_oct,Las Colonias,65.22574596774193,7.26745733143055
rh2m_oct,Las Flores,74.15039426523298,5.12617209633748
rh2m_oct,Leales,45.648300248138966,6.118390353402544
rh2m_oct,Leandro N. Alem,67.68049317617866,6.385652521397868
rh2m_oct,Libertador General San Martin,64.1914532420984,6.975983558334834
rh2m_oct,Lincoln,69.30038306451613,6.397537226001206
rh2m_oct,Loberia,80.93480645161291,3.2444982751936253
rh2m_oct,Lobos,74.10893450635386,4.71254438015082
rh2m_oct,Lujan,72.915522971652,5.17764475991447
rh2m_oct,Lules,51.890620347394545,4.5140763373807316
rh2m_oct,Magdalena,78.7465012406948,2.8049126507352216
rh2m_oct,Maipu,57.5050035842294,7.658557377412647
rh2m_oct,Mar Chiquita,78.79110056925997,4.194366103678985
rh2m_oct,Maraco,57.80663187855788,8.408818610111297
rh2m_oct,Marcos Juarez,64.31092864125122,6.972539570553867
rh2m_oct,Marcos Paz,75.3516129032258,4.655822585392027
rh2m_oct,Mayor Luis J. Fontana,,
rh2m_oct,Mercedes,73.55859288097886,4.816461963920633
rh2m_oct,Metan,48.905849462365595,4.593751591171459
rh2m_oct,Mitre,45.611382488479265,6.652031398228817
rh2m_oct,Monte,74.97389247311828,5.409053649165403
rh2m_oct,Monteros,52.346639784946234,4.712056604811327
rh2m_oct,Moreno,52.991816009557944,6.559333329483453
rh2m_oct,Navarro,74.1108220603538,4.928710017923746
rh2m_oct,Necochea,76.87318858560795,3.863124369266378
rh2m_oct,Nogoya,68.40865927419355,6.989737924026935
rh2m_oct,O'Higgins,70.72017595307919,6.91649922139224
rh2m_oct,Obera,81.11273492286115,4.273224454814175
rh2m_oct,Olavarria,72.28028462998103,5.471145536938329
rh2m_oct,Oran,46.50220766129032,4.9045063474554755
rh2m_oct,Parana,65.95700312174819,6.908207485079599
rh2m_oct,Pehuajo,66.38933586337761,6.912477858188771
rh2m_oct,Pellegrini,46.10575460829493,5.483210849127409
rh2m_oct,Pergamino,69.0909090909091,6.190790792597635
rh2m_oct,Pilagas,62.608564516129036,7.122192606241485
rh2m_oct,Pilar,74.18659621802001,4.61585225139796
rh2m_oct,Pilcomayo,62.8876570458404,7.599867806690978
rh2m_oct,Pirane,60.91620583717358,6.672602232301712
rh2m_oct,Pocho,58.17175953079179,6.456686492550325
rh2m_oct,Presidencia De La Plaza,65.81995161290322,7.443210801399177
rh2m_oct,Presidente Roque Saenz Pena,63.534430740037955,6.505093745172836
rh2m_oct,Puan,73.71692951015531,4.355708121439833
rh2m_oct,Quemu Quemu,60.330664136622396,8.698295517980332
rh2m_oct,Quitilipi,64.96062365591398,7.053924279232888
rh2m_oct,Ramallo,70.11344758064516,5.7037513938922535
rh2m_oct,Rancul,62.25130184331797,8.532115341648865
rh2m_oct,Rauch,73.91678494623656,4.7148604006106725
rh2m_oct,Realico,62.024086021505376,9.252972349104304
rh2m_oct,Rio Chico,49.88649193548387,6.348962144499519
rh2m_oct,Rio Cuarto,59.156754032258064,7.572504000896511
rh2m_oct,Rio Hondo,46.45384164222874,5.201025741789
rh2m_oct,Rio Primero,58.305573476702506,5.877953424171821
rh2m_oct,Rio Seco,59.665348595213324,6.117254305751574
rh2m_oct,Rio Segundo,60.822858731924356,6.742386229901758
rh2m_oct,Rivadavia,74.22890204202427,4.61634829228778
rh2m_oct,Robles,44.020829493087554,6.2542549233326215
rh2m_oct,Rojas,69.33609108159393,5.989840381455811
rh2m_oct,Roque Perez,74.53152391546163,4.966618763220568
rh2m_oct,Rosario,68.00031217481789,6.228934734976526
rh2m_oct,Rosario De La Frontera,50.55247695852535,4.842419873500038
rh2m_oct,Saavedra,63.77754838709678,7.412173632526668
rh2m_oct,Saladillo,72.82534274193549,5.418969555414835
rh2m_oct,Salliquelo,63.110549581839905,7.479642261605897
rh2m_oct,Salto,71.69159335288369,5.464819893713762
rh2m_oct,San Alberto,55.24761290322581,7.754198756890106
rh2m_oct,San Andres De Giles,72.94727272727272,5.192156043383428
rh2m_oct,San Antonio De Areco,72.89736070381231,5.341853842472682
rh2m_oct,San Cayetano,73.81887741935483,4.218345097726152
rh2m_oct,San Cristobal,64.17134235171696,7.093506704829822
rh2m_oct,San Fernando,70.1266431451613,7.308422065643624
rh2m_oct,San Javier,79.90207919278399,3.1644131304864462
rh2m_oct,San Jeronimo,66.3897751710655,6.50129701273879
rh2m_oct,San Justo,55.41258333333334,6.961180498870507
rh2m_oct,San Lorenzo,66.83679270227393,6.844724220601612
rh2m_oct,San Martin,66.56716222533895,6.480932926348462
rh2m_oct,San Nicolas,69.82205278592374,5.858173022399384
rh2m_oct,San Pedro,70.95908428720082,5.5894982043672385
rh2m_oct,San Salvador,73.55916666666667,7.067814241655073
rh2m_oct,Santa Barbara,55.186236559139786,4.041183303286666
rh2m_oct,Santa Maria,55.64132827324478,6.715172771109465
rh2m_oct,Santa Rosa,48.02875268817204,5.048408344145554
rh2m_oct,Santo Tome,78.72385483870968,4.332869422096536
rh2m_oct,Sargento Cabral,69.83069677419354,7.4026161746089025
rh2m_oct,Sauce,71.03085253456221,7.217853159775869
rh2m_oct,Silipica,45.369838709677424,7.19607702029888
rh2m_oct,Simoca,49.85612903225807,5.790525700197174
rh2m_oct,Sobremonte,56.72016129032258,6.232505542969419
rh2m_oct,Suipacha,72.00316129032258,5.412760929292713
rh2m_oct,Tafi Viejo,49.905806451612904,6.096092897777837
rh2m_oct,Tala,74.07802150537636,6.009894771342174
rh2m_oct,Tandil,73.39239491691104,4.800518393593697
rh2m_oct,Tapalque,73.49224014336917,5.37922041493143
rh2m_oct,Tercero Arriba,55.883459399332594,6.810412374845544
rh2m_oct,Toay,61.11173835125448,10.29997843307668
rh2m_oct,Tornquist,64.54215725806452,6.499872604281629
rh2m_oct,Totoral,56.05746823069404,6.238690898994953
rh2m_oct,Trenel,61.8373715651135,9.48317943652211
rh2m_oct,Trenque Lauquen,65.2076795005203,7.309708730878166
rh2m_oct,Tres Arroyos,71.93099255583127,4.5907825634226
rh2m_oct,Tres Lomas,61.998845500848894,9.207416771372683
rh2m_oct,Tulumba,55.52137931034483,7.144657480805913
rh2m_oct,Union,64.0755775234131,6.946163830569129
rh2m_oct,Uruguay,65.9075338189386,6.9026484310592915
rh2m_oct,Utracan,61.29499151103566,8.5483002033647
rh2m_oct,Vera,65.81046920821115,6.332432393132872
rh2m_oct,Victoria,67.23743890518085,6.511345340616418
rh2m_oct,Villa Constitucion,68.48714565004889,6.195805407765189
rh2m_oct,Villaguay,72.95760665972945,6.488276738728281
rh2m_oct,Zarate,74.3533137829912,4.700482128497811
rh2m_nov,12 De Octubre,68.78927083333333,9.818703049437264
rh2m_nov,2 De Abril,68.01256666666667,10.130744617455004
rh2m_nov,25 De Mayo,67.77897629009763,6.6716868183218665
rh2m_nov,9 De Julio,65.31380584795322,6.739612065595701
rh2m_nov,Adolfo Alsina,70.66295833333334,4.573912420886214
rh2m_nov,Adolfo Gonzales Chaves,66.62484523809523,6.7157113191743685
rh2m_nov,Aguirre,51.37331818181818,6.073568510315411
rh2m_nov,Alberdi,48.650939393939396,6.547588485060508
rh2m_nov,Alberti,73.39192156862745,3.5229577755930626
rh2m_nov,Almirante Brown,56.103880952380955,8.928090937472124
rh2m_nov,Anta,50.64520689655173,6.1426732033089
rh2m_nov,Arrecifes,66.43610416666667,5.544922016404808
rh2m_nov,Atreuco,50.071379310344824,8.208433048330342
rh2m_nov,Ayacucho,68.60026923076923,5.942185287906315
rh2m_nov,Azul,67.29574444444444,6.5680972709016325
rh2m_nov,Balcarce,70.26308888888889,5.088351993997152
rh2m_nov,Banda,49.35263888888889,4.966566530375295
rh2m_nov,Baradero,68.03392929292929,5.583192187119885
rh2m_nov,Belgrano,61.135327217125386,5.42279500901876
rh2m_nov,Bella Vista,65.76547058823529,12.64348739693177
rh2m_nov,Benito Juarez,66.14256565656565,6.399571730725456
rh2m_nov,Bermejo,67.53921052631578,10.113419508904634
rh2m_nov,Bolivar,72.91508602150537,3.5765576973850197
rh2m_nov,Bragado,65.46490909090909,6.575985023528543
rh2m_nov,Brandsen,72.46033333333334,4.069362651434359
rh2m_nov,Burruyacu,56.17762962962963,7.033925718359272
rh2m_nov,Cainguas,78.25135999999999,7.995635249656876
rh2m_nov,Calamuchita,57.29962745098039,6.779066750806009
rh2m_nov,Campana,69.51062365591397,5.047888869867568
rh2m_nov,Canuelas,69.77326666666666,5.489201589243769
rh2m_nov,Capital,52.25119489981785,8.609233726596713
rh2m_nov,Capitan Sarmiento,66.12775268817205,6.151214694235266
rh2m_nov,Carlos Casares,63.64320202020202,6.930552333357886
rh2m_nov,Carlos Tejedor,59.99104901960784,7.177935053378574
rh2m_nov,Carmen De Areco,66.47392156862745,5.915970149959425
rh2m_nov,Caseros,63.22237373737373,4.941675084842168
rh2m_nov,Castellanos,59.72943434343434,6.222284148461909
rh2m_nov,Castelli,71.48088235294118,3.9660922429689647
rh2m_nov,Catrilo,52.95841975308642,6.961548069677636
rh2m_nov,Chacabuco,64.812612,6.750450000247014
rh2m_nov,Chapaleufu,57.63507619047619,7.87938131885242
rh2m_nov,Chascomus,70.93491666666667,5.62306630402827
rh2m_nov,Chicligasta,49.187564102564096,5.210140222369465
rh2m_nov,Chivilcoy,67.51830303030303,6.076058827688
rh2m_nov,Choya,48.27271111111111,5.248894964379639
rh2m_nov,Colon,63.06441729323308,6.753969126451373
rh2m_nov,Comandante Fernandez,62.2721875,9.761229891197075
rh2m_nov,Concordia,69.4395632183908,5.760307780924534
rh2m_nov,Conhelo,54.13572619047619,8.973457922957634
rh2m_nov,Copo,50.039631578947365,5.943113724256099
rh2m_nov,Coronel Dorrego,59.156827160493826,7.064090143728427
rh2m_nov,Coronel Pringles,62.60119496855346,7.187233474637411
rh2m_nov,Coronel Suarez,60.66388888888889,7.130523997410711
rh2m_nov,Cruz Alta,51.31469135802469,6.934525711032711
rh2m_nov,Curuzu Cuatia,66.83416666666668,10.488608546589473
rh2m_nov,Daireaux,60.848076190476185,6.776606024383482
rh2m_nov,Diamante,62.82317647058823,5.60357480250251
rh2m_nov,Dolores,69.90882352941176,4.6744074031986695
rh2m_nov,El Alto,50.501603174603176,5.35080538861939
rh2m_nov,El Carmen,51.63743055555556,6.936531183850688
rh2m_nov,Esquina,63.37921568627451,9.703301529305758
rh2m_nov,Exaltacion De La Cruz,68.96187878787879,5.914384688350338
rh2m_nov,Famailla,58.16520833333333,5.670469896101433
rh2m_nov,Federacion,70.41485185185185,6.388914476334099
rh2m_nov,Federal,68.15370238095238,6.742030622621997
rh2m_nov,Feliciano,62.75962121212121,5.833273427624783
rh2m_nov,Figueroa,56.14871794871795,9.03002340225645
rh2m_nov,Florentino Ameghino,59.77204545454546,6.652732838867703
rh2m_nov,Fray Justo Santa Maria De Oro,59.9085119047619,9.688394454119758
rh2m_nov,Garay,63.54417777777778,5.0414372674957
rh2m_nov,General Alvarado,71.14436666666667,5.229915453445834
rh2m_nov,General Alvear,66.49695555555556,6.606412836984171
rh2m_nov,General Arenales,64.21714705882353,6.7975262004446755
rh2m_nov,General Belgrano,67.6347370030581,6.134694493027731
rh2m_nov,General Donovan,65.37257894736842,10.360305263176313
rh2m_nov,General Guemes,54.940913857677906,6.447916200377538
rh2m_nov,General Jose De San Martin,59.33509375,5.43394386188827
rh2m_nov,General Juan Madariaga,74.99184,3.5161224001153024
rh2m_nov,General La Madrid,63.178628205128206,7.26574699521402
rh2m_nov,General Las Heras,69.42170512820513,5.708864457881401
rh2m_nov,General Lopez,62.77549494949495,5.980045233432378
rh2m_nov,General Manuel Belgrano,76.8984,6.143667380662021
rh2m_nov,General Obligado,64.17907777777778,9.66960114424381
rh2m_nov,General Paz,67.46284126984126,5.483203174361018
rh2m_nov,General Pinto,62.68230303030303,7.030080954352337
rh2m_nov,General Pueyrredon,76.50339583333333,3.2924086904901495
rh2m_nov,General Roca,60.68909090909091,5.936655565842563
rh2m_nov,General Rodriguez,69.13682666666666,5.291135018017296
rh2m_nov,General San Martin,62.52432291666666,5.863832319652931
rh2m_nov,General Taboada,49.11681720430107,6.1829359296305455
rh2m_nov,General Viamonte,73.3608282828283,3.5182292787404017
rh2m_nov,General Villegas,58.615050505050505,7.433000107030776
rh2m_nov,Graneros,56.67564102564102,5.350989578197936
rh2m_nov,Gualeguay,66.5398064516129,6.072862154410843
rh2m_nov,Gualeguaychu,68.27973333333333,5.5356942321101545
rh2m_nov,Guamini,58.115125,6.492180393292995
rh2m_nov,Guarani,77.30555128205128,7.894483237154246
rh2m_nov,Guasayan,50.362964285714284,5.354947024240489
rh2m_nov,Guatrache,52.97725396825397,7.480614944942518
rh2m_nov,Hipolito Yrigoyen,66.65217171717171,6.503956581660081
rh2m_nov,Independencia,68.78927083333333,9.818703049437264
rh2m_nov,Iriondo,62.43021568627451,5.592651028611326
rh2m_nov,Ischilin,57.400013333333334,5.633125429661255
rh2m_nov,Ituzaingo,73.88985964912281,8.950304710528355
rh2m_nov,Jimenez,51.30840476190476,5.461475254320643
rh2m_nov,Juan Bautista Alberdi,54.84222916666667,5.622690668300088
rh2m_nov,Juan F. Ibarra,49.24332142857143,6.503991468670942
rh2m_nov,Juarez Celman,61.85325490196078,6.394523910936151
rh2m_nov,Junin,65.35966111111111,6.182177921651817
rh2m_nov,La Candelaria,57.18230952380952,6.683640410991979
rh2m_nov,La Capital,63.84682291666667,5.103316275077629
rh2m_nov,La Cocha,54.1004375,5.385786891465143
rh2m_nov,La Paz,65.87577083333333,6.310179653355085
rh2m_nov,Laishi,67.86843859649123,9.21077521238009
rh2m_nov,Laprida,64.42941975308642,6.840747121810021
rh2m_nov,Las Colonias,62.35696875,5.5870188236580605
rh2m_nov,Las Flores,67.41283950617284,6.230722611349005
rh2m_nov,Leales,52.157730769230774,6.58500886088612
rh2m_nov,Leandro N. Alem,63.30759615384615,6.434254693764875
rh2m_nov,Libertador General San Martin,65.02600336700337,8.707480281688706
rh2m_nov,Lincoln,64.50840625,6.711338527954433
rh2m_nov,Loberia,76.76050000000001,3.227921605430435
rh2m_nov,Lobos,69.3590404040404,5.824526331336103
rh2m_nov,Lujan,68.1539393939394,5.497764743040871
rh2m_nov,Lules,57.88961538461538,5.797480592410228
rh2m_nov,Magdalena,74.71976923076923,3.1798153405056504
rh2m_nov,Maipu,60.15146666666667,9.496243561786368
rh2m_nov,Mar Chiquita,72.03666666666666,4.621065476585339
rh2m_nov,Maraco,49.720068627450985,7.804410449860709
rh2m_nov,Marcos Juarez,61.0600202020202,5.607404114414878
rh2m_nov,Marcos Paz,70.12523188405797,5.6975872276353074
rh2m_nov,Mayor Luis J. Fontana,,
rh2m_nov,Mercedes,68.39713793103448,5.279901760868559
rh2m_nov,Metan,55.65901111111111,6.5506055696686705
rh2m_nov,Mitre,47.76709523809524,4.724693958213485
rh2m_nov,Monte,68.46502222222222,5.999606379127716
rh2m_nov,Monteros,59.36116666666666,4.926693476984501
rh2m_nov,Moreno,55.96175308641975,8.448490608929351
rh2m_nov,Navarro,69.31378494623655,5.951300446462278
rh2m_nov,Necochea,72.36116666666666,4.357749640710341
rh2m_nov,Nogoya,64.3165625,6.37351235994874
rh2m_nov,O'Higgins,68.97083838383838,9.72019118186226
rh2m_nov,Obera,77.61308695652174,7.192814805796036
rh2m_nov,Olavarria,65.56467647058824,6.772281173988884
rh2m_nov,Oran,52.93276041666667,7.930594695023438
rh2m_nov,Parana,62.639268817204304,5.86289982695288
rh2m_nov,Pehuajo,60.95333333333333,7.011164937762611
rh2m_nov,Pellegrini,49.44659523809524,5.581215871605631
rh2m_nov,Pergamino,64.94746464646465,5.604002702644405
rh2m_nov,Pilagas,63.68738333333333,8.963462355308312
rh2m_nov,Pilar,69.27111494252873,5.102883270935419
rh2m_nov,Pilcomayo,63.10743859649123,9.703178373288809
rh2m_nov,Pirane,61.793142857142854,8.605266412411147
rh2m_nov,Pocho,58.55681818181818,6.127477368964076
rh2m_nov,Presidencia De La Plaza,66.63118333333333,8.830067909824095
rh2m_nov,Presidente Roque Saenz Pena,61.90025490196078,6.130075487453444
rh2m_nov,Puan,68.64971604938272,4.484837854222171
rh2m_nov,Quemu Quemu,54.21387254901961,7.830457317731374
rh2m_nov,Quitilipi,66.43357777777777,8.75997357889494
rh2m_nov,Ramallo,66.25836458333333,5.290205402411972
rh2m_nov,Rancul,57.579571428571434,7.544116819296103
rh2m_nov,Rauch,67.80106666666667,6.4541320806861835
rh2m_nov,Realico,57.580666666666666,8.380112494329925
rh2m_nov,Rio Chico,56.40127777777778,6.59627183435624
rh2m_nov,Rio Cuarto,59.928416666666664,7.124296981728863
rh2m_nov,Rio Hondo,49.44974242424243,5.950253374118594
rh2m_nov,Rio Primero,58.70576851851851,5.906898410921662
rh2m_nov,Rio Seco,61.399956989247315,5.9241747159207865
rh2m_nov,Rio Segundo,59.28197701149425,5.662526167941941
rh2m_nov,Rivadavia,69.23427828746178,5.678424123447315
rh2m_nov,Robles,46.19021428571428,5.41396924174394
rh2m_nov,Rojas,64.60496078431372,5.687939204051668
rh2m_nov,Roque Perez,68.8204827586207,6.743607057026165
rh2m_nov,Rosario,64.353311827957,4.983306708911029
rh2m_nov,Rosario De La Frontera,57.65185714285714,6.852158210025114
rh2m_nov,Saavedra,54.8474,6.2546274173310765
rh2m_nov,Saladillo,68.07711458333333,6.555845835106805
rh2m_nov,Salliquelo,56.31666666666666,7.11819986607101
rh2m_nov,Salto,67.1100101010101,5.573951545959147
rh2m_nov,San Alberto,57.18073333333333,6.59983754593615
rh2m_nov,San Andres De Giles,68.17061616161617,5.510849580424417
rh2m_nov,San Antonio De Areco,68.23166666666667,5.706909024253947
rh2m_nov,San Cayetano,68.66208,5.62398504034942
rh2m_nov,San Cristobal,62.20478494623656,6.191047444165968
rh2m_nov,San Fernando,69.05470833333334,9.186311060173457
rh2m_nov,San Javier,76.0349131121643,5.294124444634048
rh2m_nov,San Jeronimo,64.61952525252525,9.06786550286164
rh2m_nov,San Justo,58.28675833333333,5.840892148827465
rh2m_nov,San Lorenzo,62.496784153005464,5.973135377248288
rh2m_nov,San Martin,62.56787439613527,5.581923482993704
rh2m_nov,San Nicolas,65.89460606060607,5.610549958470196
rh2m_nov,San Pedro,66.45102822580645,6.226550163671735
rh2m_nov,San Salvador,68.08702777777778,5.310203295502185
rh2m_nov,Santa Barbara,61.88579166666667,5.440784653034937
rh2m_nov,Santa Maria,57.770382352941176,6.415337438150522
rh2m_nov,Santa Rosa,51.19767777777778,4.976067724221693
rh2m_nov,Santo Tome,74.37911666666666,6.173158460896116
rh2m_nov,Sargento Cabral,67.51214666666667,9.686308270344698
rh2m_nov,Sauce,66.53871428571429,10.72213730197223
rh2m_nov,Silipica,46.56627777777778,4.140143726664701
rh2m_nov,Simoca,55.04644444444445,5.738113899330782
rh2m_nov,Sobremonte,58.2124696969697,5.844758002023062
rh2m_nov,Suipacha,66.99975555555555,5.84914669804704
rh2m_nov,Tafi Viejo,55.90763333333333,5.019380674624125
rh2m_nov,Tala,68.83081111111112,6.999324504180015
rh2m_nov,Tandil,67.74428282828282,5.8338336583776105
rh2m_nov,Tapalque,66.14394444444444,6.887703773482268
rh2m_nov,Tercero Arriba,57.52940229885058,7.009635429337018
rh2m_nov,Toay,53.65859259259259,8.359945280456653
rh2m_nov,Tornquist,56.36572916666667,6.541499634844464
rh2m_nov,Totoral,57.71266666666667,6.424673751444504
rh2m_nov,Trenel,56.16032098765432,8.669147541605938
rh2m_nov,Trenque Lauquen,59.68834408602151,7.083126252912293
rh2m_nov,Tres Arroyos,65.1705641025641,6.309957365426826
rh2m_nov,Tres Lomas,53.24226315789473,6.702924381671537
rh2m_nov,Tulumba,57.55106896551724,6.005734688928912
rh2m_nov,Union,62.70731182795699,6.087145983887008
rh2m_nov,Uruguay,62.55575268817205,5.839039901399152
rh2m_nov,Utracan,55.573175438596486,7.673556992564052
rh2m_nov,Vera,65.09293939393939,7.902110510742679
rh2m_nov,Victoria,63.412222222222226,5.609182943735771
rh2m_nov,Villa Constitucion,64.62923232323232,5.1902948940017195
rh2m_nov,Villaguay,68.37325806451612,5.8892405941366714
rh2m_nov,Zarate,69.55,5.181265082406676
rh2m_dic,12 De Octubre,65.38372983870968,11.431562133064084
rh2m_dic,2 De Abril,66.46248387096774,10.969499768800787
rh2m_dic,25 De Mayo,62.7084424348765,8.36428483492447
rh2m_dic,9 De Julio,61.17328126768535,8.212524061989193
rh2m_dic,Adolfo Alsina,65.59133064516129,5.6567331504514184
rh2m_dic,Adolfo Gonzales Chaves,61.14764976958526,6.439060069918174
rh2m_dic,Aguirre,57.37483870967742,5.931618247990089
rh2m_dic,Alberdi,54.83146627565982,7.932537738002948
rh2m_dic,Alberti,69.78675521821631,3.932521219467001
rh2m_dic,Almirante Brown,58.8893202764977,9.070592713295856
rh2m_dic,Anta,57.150778642936594,5.088799960870093
rh2m_dic,Arrecifes,61.14190524193548,7.750721473285292
rh2m_dic,Atreuco,44.56773081201335,8.698439257800777
rh2m_dic,Ayacucho,62.253908188585605,5.188692786241316
rh2m_dic,Azul,60.90870967741935,6.226448529196587
rh2m_dic,Balcarce,64.29429032258064,4.2633756307638
rh2m_dic,Banda,54.36841397849462,6.378621467503371
rh2m_dic,Baradero,62.41531769305963,7.35162341562877
rh2m_dic,Belgrano,60.484229061852616,7.500204693233157
rh2m_dic,Bella Vista,62.62140417457305,11.862203281877592
rh2m_dic,Benito Juarez,60.10962854349952,5.7543439712125055
rh2m_dic,Bermejo,64.79782682512734,11.186845001384672
rh2m_dic,Bolivar,69.92327783558794,3.970090691381297
rh2m_dic,Bragado,61.51844574780059,8.690449502096062
rh2m_dic,Brandsen,64.14429280397022,4.748347992812878
rh2m_dic,Burruyacu,63.22756272401434,6.486379024529987
rh2m_dic,Cainguas,76.47645161290323,9.252147913663208
rh2m_dic,Calamuchita,60.8946963946869,7.242328493077838
rh2m_dic,Campana,64.18567117585847,6.853567586521564
rh2m_dic,Canuelas,63.51784946236559,6.6137505517181845
rh2m_dic,Capital,48.004551383747575,8.341434077675405
rh2m_dic,Capitan Sarmiento,61.168876170655565,7.997769421026343
rh2m_dic,Carlos Casares,59.47548387096774,8.81090138525018
rh2m_dic,Carlos Tejedor,55.7699715370019,8.546216771787474
rh2m_dic,Carmen De Areco,61.360218216318785,7.591646814578638
rh2m_dic,Caseros,60.47873900293255,7.372500824087325
rh2m_dic,Castellanos,59.65332355816226,8.292159175285587
rh2m_dic,Castelli,65.40360531309298,4.159901314246244
rh2m_dic,Catrilo,49.92034647550776,9.031241297754105
rh2m_dic,Chacabuco,61.3636735483871,8.30073143900554
rh2m_dic,Chapaleufu,55.55428571428572,9.37626127683313
rh2m_dic,Chascomus,64.18495967741936,5.838211853349499
rh2m_dic,Chicligasta,59.327071960297765,5.874288920091578
rh2m_dic,Chivilcoy,62.70830889540567,8.361735758958332
rh2m_dic,Choya,53.688903225806456,6.669495925488226
rh2m_dic,Colon,59.86040504487024,8.270388652435827
rh2m_dic,Comandante Fernandez,63.42377016129032,9.991582376900952
rh2m_dic,Concordia,62.35236929922136,7.862859029664687
rh2m_dic,Conhelo,50.42458525345622,9.718714134053354
rh2m_dic,Copo,56.02050933786079,7.014717403672869
rh2m_dic,Coronel Dorrego,53.4326284348865,6.57604307448175
rh2m_dic,Coronel Pringles,56.06180158247109,6.789251351417695
rh2m_dic,Coronel Suarez,54.726569892473115,7.7670529170145635
rh2m_dic,Cruz Alta,58.16874551971326,7.297404989558437
rh2m_dic,Curuzu Cuatia,60.528456221198155,11.544520992368
rh2m_dic,Daireaux,55.77301382488479,8.057315482094895
rh2m_dic,Diamante,59.94595825426945,7.3986985457667105
rh2m_dic,Dolores,63.20218216318786,4.708436993533915
rh2m_dic,El Alto,55.45953917050691,5.420051297962362
rh2m_dic,El Carmen,62.03948924731183,4.648659317665523
rh2m_dic,Esquina,60.40254269449715,10.472100981077629
rh2m_dic,Exaltacion De La Cruz,63.69695992179864,7.8224267157412175
rh2m_dic,Famailla,65.91653225806452,5.720726549235446
rh2m_dic,Federacion,64.24896057347671,8.93748398247633
rh2m_dic,Federal,61.507119815668204,9.625692809381256
rh2m_dic,Feliciano,60.7558211143695,8.590799390369575
rh2m_dic,Figueroa,56.57808933002481,8.382137801406923
rh2m_dic,Florentino Ameghino,55.225131964809385,8.991597242387952
rh2m_dic,Fray Justo Santa Maria De Oro,63.75809907834101,9.949945643915411
rh2m_dic,Garay,59.9242688172043,7.023063157114467
rh2m_dic,General Alvarado,66.24007526881721,5.121145978651049
rh2m_dic,General Alvear,60.18240860215054,7.279272576879358
rh2m_dic,General Arenales,60.42600569259963,8.545483901415642
rh2m_dic,General Belgrano,60.70495116898491,6.569011091202188
rh2m_dic,General Donovan,66.26237691001698,9.759287376921339
rh2m_dic,General Guemes,62.52457412105835,4.911926040881443
rh2m_dic,General Jose De San Martin,67.1214818548387,3.8747832945773943
rh2m_dic,General Juan Madariaga,70.71647741935485,3.3644739503948973
rh2m_dic,General La Madrid,57.677084367245655,7.867638458487497
rh2m_dic,General Las Heras,62.581538461538464,6.486332735877946
rh2m_dic,General Lopez,60.00510263929619,7.861888041765798
rh2m_dic,General Manuel Belgrano,78.17862903225806,5.709154489472597
rh2m_dic,General Obligado,60.810161290322576,11.546840227603822
rh2m_dic,General Paz,60.36076804915514,6.112092930784785
rh2m_dic,General Pinto,59.14822091886608,8.448440879335736
rh2m_dic,General Pueyrredon,73.14463709677419,3.156975675611217
rh2m_dic,General Roca,59.71251221896383,7.647869783493334
rh2m_dic,General Rodriguez,63.6102064516129,6.623895770435463
rh2m_dic,General San Martin,63.745131048387094,5.937641494323975
rh2m_dic,General Taboada,54.339063475546304,7.342133648304983
rh2m_dic,General Viamonte,70.06703812316715,3.9525034031635777
rh2m_dic,General Villegas,56.373958944281526,9.009538091444014
rh2m_dic,Graneros,63.44657568238214,5.017598960708706
rh2m_dic,Gualeguay,60.80303850156088,7.746455391958694
rh2m_dic,Gualeguaychu,61.57054838709677,8.506954252015168
rh2m_dic,Guamini,52.731142473118275,7.8218250834366625
rh2m_dic,Guarani,75.61715880893301,9.292461365376084
rh2m_dic,Guasayan,55.992603686635945,5.984552271917598
rh2m_dic,Guatrache,46.319431643625194,7.324008345901169
rh2m_dic,Hipolito Yrigoyen,60.33797653958945,6.379982196139236
rh2m_dic,Independencia,65.38372983870968,11.431562133064084
rh2m_dic,Iriondo,60.05773244781784,7.435957975603976
rh2m_dic,Ischilin,59.898309677419356,6.690165158893899
rh2m_dic,Ituzaingo,67.3351443123939,9.4769534109325
rh2m_dic,Jimenez,58.29771889400922,6.906544175539085
rh2m_dic,Juan Bautista Alberdi,61.809153225806455,7.627974924911689
rh2m_dic,Juan F. Ibarra,54.597972350230414,7.441905571139032
rh2m_dic,Juarez Celman,61.204857685009486,7.101943550043611
rh2m_dic,Junin,61.91371505376344,7.7931411868491045
rh2m_dic,La Candelaria,65.58748847926267,4.9605514271868465
rh2m_dic,La Capital,60.38142137096774,7.113968030265583
rh2m_dic,La Cocha,60.06739919354839,7.094554145883738
rh2m_dic,La Paz,62.041068548387095,8.539636365878703
rh2m_dic,Laishi,65.35502546689304,9.843042224463908
rh2m_dic,Laprida,58.052293906810036,6.4778001735092055
rh2m_dic,Las Colonias,60.23444556451613,8.131913329502412
rh2m_dic,Las Flores,61.10744324970132,7.477667781873089
rh2m_dic,Leales,59.02424317617866,6.551301464106899
rh2m_dic,Leandro N. Alem,59.83575372208437,8.060171852892058
rh2m_dic,Libertador General San Martin,65.2324698598892,9.002446654486237
rh2m_dic,Lincoln,61.15678427419355,8.821367913684377
rh2m_dic,Loberia,73.37287096774193,3.1256372742581835
rh2m_dic,Lobos,63.96664711632454,7.627375035231046
rh2m_dic,Lujan,62.85500488758554,7.342597802929521
rh2m_dic,Lules,67.15838709677419,5.298875734002281
rh2m_dic,Magdalena,68.63612903225807,3.7193430881385594
rh2m_dic,Maipu,62.2588458781362,9.350201786774258
rh2m_dic,Mar Chiquita,65.82939278937383,4.442595814240712
rh2m_dic,Maraco,44.04000948766603,8.20754715105059
rh2m_dic,Marcos Juarez,60.231358748778106,6.8658414788562805
rh2m_dic,Marcos Paz,63.13340813464235,6.553653111243199
rh2m_dic,Mayor Luis J. Fontana,,
rh2m_dic,Mercedes,62.88183537263626,6.993568293378392
rh2m_dic,Metan,63.221311827956995,4.479682456379645
rh2m_dic,Mitre,54.834170506912436,6.107643540745991
rh2m_dic,Monte,61.65947311827957,7.143181278013147
rh2m_dic,Monteros,68.07516129032258,5.2841177223883165
rh2m_dic,Moreno,59.37318996415771,9.503931177310132
rh2m_dic,Navarro,64.31308012486993,7.781421594954436
rh2m_dic,Necochea,68.32633995037222,4.094684049938717
rh2m_dic,Nogoya,60.219415322580645,8.135433082135592
rh2m_dic,O'Higgins,65.31202346041056,11.259064046658965
rh2m_dic,Obera,75.9218793828892,8.63710828295871
rh2m_dic,Olavarria,58.81688804554079,6.779148121985067
rh2m_dic,Oran,60.24409274193548,7.125251126435208
rh2m_dic,Parana,60.19103017689907,7.856388672855727
rh2m_dic,Pehuajo,56.333472485768496,8.280948105725109
rh2m_dic,Pellegrini,55.44375,7.137849084175952
rh2m_dic,Pergamino,60.54490713587488,7.966051419181498
rh2m_dic,Pilagas,64.35272580645162,10.99573958265424
rh2m_dic,Pilar,63.3206340378198,6.480261462058462
rh2m_dic,Pilcomayo,63.868539898132425,12.357151222121455
rh2m_dic,Pirane,62.968064516129026,9.542670037049598
rh2m_dic,Pocho,60.52215542521994,6.309751938834092
rh2m_dic,Presidencia De La Plaza,68.01596774193548,8.505384994418568
rh2m_dic,Presidente Roque Saenz Pena,62.66313092979127,6.433365283602112
rh2m_dic,Puan,63.1247192353644,6.833034048766309
rh2m_dic,Quemu Quemu,51.20106261859582,9.403003135991382
rh2m_dic,Quitilipi,66.71897849462366,9.168001947062447
rh2m_dic,Ramallo,61.481431451612906,7.355989439315071
rh2m_dic,Rancul,54.96225806451613,9.064310442527459
rh2m_dic,Rauch,61.96525806451613,6.217220402983394
rh2m_dic,Realico,55.23935483870968,9.86197497189396
rh2m_dic,Rio Chico,61.712446236559146,7.353943834069041
rh2m_dic,Rio Cuarto,60.60984879032258,7.132755459827242
rh2m_dic,Rio Hondo,54.83913489736071,6.93208403818047
rh2m_dic,Rio Primero,61.55463261648745,7.627793240508757
rh2m_dic,Rio Seco,64.90194588969823,8.136945823161113
rh2m_dic,Rio Segundo,60.29513904338153,7.5788204980851654
rh2m_dic,Rivadavia,63.74958271678012,6.579882819961778
rh2m_dic,Robles,53.05744239631337,7.894156575336511
rh2m_dic,Rojas,60.69027514231499,7.89176444055012
rh2m_dic,Roque Perez,62.81242491657397,7.736756342543367
rh2m_dic,Rosario,61.18977107180021,6.500130691710782
rh2m_dic,Rosario De La Frontera,65.38536866359446,5.152778297730759
rh2m_dic,Saavedra,48.99098064516129,7.055163787540679
rh2m_dic,Saladillo,62.960745967741936,8.31916937382818
rh2m_dic,Salliquelo,50.589868578255675,7.647703360841313
rh2m_dic,Salto,61.86405669599218,7.819308934223914
rh2m_dic,San Alberto,61.61067741935484,6.777668225936134
rh2m_dic,San Andres De Giles,62.48230694037146,7.009870151460046
rh2m_dic,San Antonio De Areco,62.525777126099705,7.391915727435729
rh2m_dic,San Cayetano,65.05625806451613,5.065937311726291
rh2m_dic,San Cristobal,61.189209157128,8.881008181823956
rh2m_dic,San Fernando,66.47640120967742,10.782267334838531
rh2m_dic,San Javier,73.47331447790857,6.987929348525186
rh2m_dic,San Jeronimo,61.00296187683284,10.460855071943344
rh2m_dic,San Justo,62.1439435483871,7.295506231896481
rh2m_dic,San Lorenzo,59.87395822316235,7.470573791238222
rh2m_dic,San Martin,60.172230014025246,7.768630155108
rh2m_dic,San Nicolas,61.23312805474096,7.379310674055205
rh2m_dic,San Pedro,61.405953433922996,6.906539204854314
rh2m_dic,San Salvador,61.18822580645161,9.93019774399724
rh2m_dic,Santa Barbara,71.61181451612903,4.389218205431695
rh2m_dic,Santa Maria,61.22771347248577,7.636375872136818
rh2m_dic,Santa Rosa,55.830602150537636,4.967719036779876
rh2m_dic,Santo Tome,68.51051612903225,7.33668691718959
rh2m_dic,Sargento Cabral,65.49750967741936,10.809591138202007
rh2m_dic,Sauce,62.69135944700461,10.461846444496926
rh2m_dic,Silipica,53.83709677419355,6.163347658233932
rh2m_dic,Simoca,62.23692473118279,6.426138880906934
rh2m_dic,Sobremonte,60.969457478005864,8.185428413778592
rh2m_dic,Suipacha,61.973129032258065,8.00267176273877
rh2m_dic,Tafi Viejo,66.012,5.267041295614848
rh2m_dic,Tala,61.950860215053766,9.245223246345072
rh2m_dic,Tandil,61.991857282502444,5.70065891379635
rh2m_dic,Tapalque,58.35245519713261,7.3000770103785335
rh2m_dic,Tercero Arriba,60.15213570634038,7.265381483568661
rh2m_dic,Toay,48.303924731182796,9.112926840660576
rh2m_dic,Tornquist,49.64504032258065,6.932065724851082
rh2m_dic,Totoral,61.57746823069404,7.968116190489314
rh2m_dic,Trenel,53.55401433691756,10.020593483380704
rh2m_dic,Trenque Lauquen,55.22918834547347,8.259619957205521
rh2m_dic,Tres Arroyos,60.86856079404466,6.090918664262214
rh2m_dic,Tres Lomas,47.86843803056027,8.15685246779229
rh2m_dic,Tulumba,60.308453837597334,6.524396178849246
rh2m_dic,Union,63.39726326742976,5.938065551718287
rh2m_dic,Uruguay,59.84081165452653,7.781008307415062
rh2m_dic,Utracan,54.12312393887945,9.185649975716801
rh2m_dic,Vera,62.54845552297166,10.062427361814587
rh2m_dic,Victoria,60.05149560117302,7.253902926915627
rh2m_dic,Villa Constitucion,60.652649071358745,7.372667614199352
rh2m_dic,Villaguay,61.62699271592092,8.898159329193195
rh2m_dic,Zarate,63.78727272727273,6.922063991450517
rh2m_ene,12 De Octubre,64.64655241935483,9.39884865841412
rh2m_ene,2 De Abril,65.75579032258065,9.322729379133825
rh2m_ene,25 De Mayo,60.19517208800107,7.126693122800692
rh2m_ene,9 De Julio,60.23899603848331,6.909565427144786
rh2m_ene,Adolfo Alsina,64.54754032258064,3.9495330116841947
rh2m_ene,Adolfo Gonzales Chaves,59.73052995391705,5.94153100104739
rh2m_ene,Aguirre,61.43546920821114,6.172917839013848
rh2m_ene,Alberdi,60.04602639296188,6.593716400884046
rh2m_ene,Alberti,69.2049430740038,3.0061536260856836
rh2m_ene,Almirante Brown,58.83089861751152,7.680004805646557
rh2m_ene,Anta,64.9169744160178,6.025788611967616
rh2m_ene,Arrecifes,61.17911290322581,6.125794867653116
rh2m_ene,Atreuco,43.88943270300334,6.8528053593915645
rh2m_ene,Ayacucho,60.916662531017366,4.162099067708992
rh2m_ene,Azul,59.01359139784947,5.432232555599294
rh2m_ene,Balcarce,63.64340860215054,4.040332928064598
rh2m_ene,Banda,59.727405913978494,7.611446701111056
rh2m_ene,Baradero,61.69720430107527,6.070917214589253
rh2m_ene,Belgrano,59.20868304232021,6.50496824709004
rh2m_ene,Bella Vista,62.66314990512334,10.456152020189892
rh2m_ene,Benito Juarez,58.929345063538605,5.493972952006413
rh2m_ene,Bermejo,65.2081663837012,9.502133724788726
rh2m_ene,Bolivar,69.06673257023932,2.924197628524619
rh2m_ene,Bragado,61.204760508308894,7.14987321925681
rh2m_ene,Brandsen,63.88992555831265,4.763843341731762
rh2m_ene,Burruyacu,70.44548387096773,6.482828983099085
rh2m_ene,Cainguas,74.99452903225806,9.59959671083909
rh2m_ene,Calamuchita,63.703529411764706,5.797854451620826
rh2m_ene,Campana,62.701789802289284,5.696219522576708
rh2m_ene,Canuelas,61.77303225806452,5.232914160423003
rh2m_ene,Capital,47.519363652388506,7.935161748053019
rh2m_ene,Capitan Sarmiento,60.78686784599376,6.465047701618895
rh2m_ene,Carlos Casares,58.92038123167155,6.843914459132576
rh2m_ene,Carlos Tejedor,55.491034155597724,7.28534499395082
rh2m_ene,Carmen De Areco,61.13195445920304,6.279726656277765
rh2m_ene,Caseros,59.814692082111435,6.6232971080691145
rh2m_ene,Castellanos,58.97185728250244,7.372106045651002
rh2m_ene,Castelli,65.017779886148,2.138014772045146
rh2m_ene,Catrilo,49.227431302270006,6.793685739624108
rh2m_ene,Chacabuco,61.24627741935484,7.2152638249892505
rh2m_ene,Chapaleufu,56.17840552995392,9.207013513561865
rh2m_ene,Chascomus,62.223387096774196,4.764793719108949
rh2m_ene,Chicligasta,64.89846153846155,6.663266673092394
rh2m_ene,Chivilcoy,61.60462365591398,6.841224941463712
rh2m_ene,Choya,58.866516129032256,5.146614229650306
rh2m_ene,Colon,59.38220713073005,7.131346540506619
rh2m_ene,Comandante Fernandez,62.47302419354838,7.826084804579299
rh2m_ene,Concordia,60.563770856507226,9.305456271439771
rh2m_ene,Conhelo,51.05248847926267,8.67171685790252
rh2m_ene,Copo,59.76680814940577,6.441425970893286
rh2m_ene,Coronel Dorrego,51.98375149342891,5.459404643059252
rh2m_ene,Coronel Pringles,54.37140596469872,5.600519511161664
rh2m_ene,Coronel Suarez,54.476462365591395,6.66474664334954
rh2m_ene,Cruz Alta,65.70547192353644,7.191939377899431
rh2m_ene,Curuzu Cuatia,60.74089861751152,11.22634192070118
rh2m_ene,Daireaux,55.177023041474655,6.4678314890078
rh2m_ene,Diamante,57.858434535104365,7.191779077956675
rh2m_ene,Dolores,62.80237191650855,2.471161498397047
rh2m_ene,El Alto,59.705023041474654,5.699839946610463
rh2m_ene,El Carmen,69.54981182795699,6.035807980302753
rh2m_ene,Esquina,59.93462998102467,9.926583451837297
rh2m_ene,Exaltacion De La Cruz,62.22041055718474,6.207880805908644
rh2m_ene,Famailla,71.95951612903225,5.660802260615034
rh2m_ene,Federacion,62.10960573476703,10.104148345071922
rh2m_ene,Federal,60.160599078341015,10.125895656060868
rh2m_ene,Feliciano,59.60714076246334,7.610521924616647
rh2m_ene,Figueroa,60.42441687344913,3.7923257995918553
rh2m_ene,Florentino Ameghino,56.03016129032258,7.807291890736646
rh2m_ene,Fray Justo Santa Maria De Oro,62.49514976958525,8.188580053932782
rh2m_ene,Garay,59.822580645161295,6.282056224401761
rh2m_ene,General Alvarado,63.96480645161291,4.348814312240866
rh2m_ene,General Alvear,58.184010752688174,5.878575912064773
rh2m_ene,General Arenales,60.56929791271347,7.5850934767845715
rh2m_ene,General Belgrano,59.253586860017755,5.312611868375215
rh2m_ene,General Donovan,65.1953480475382,7.559309595452511
rh2m_ene,General Guemes,71.97400144980065,5.542392457987402
rh2m_ene,General Jose De San Martin,75.65840725806451,3.433590202681976
rh2m_ene,General Juan Madariaga,70.1804,2.287176402378021
rh2m_ene,General La Madrid,56.503312655086845,6.72963696695713
rh2m_ene,General Las Heras,61.04012406947891,5.239363617278713
rh2m_ene,General Lopez,60.129413489736066,7.435866362553132
rh2m_ene,General Manuel Belgrano,75.94358064516129,7.6702749532588665
rh2m_ene,General Obligado,60.50660215053764,10.859334737450219
rh2m_ene,General Paz,59.57416282642089,6.36276145465738
rh2m_ene,General Pinto,58.90778103616813,7.376239309158699
rh2m_ene,General Pueyrredon,72.96114919354838,2.973597438955337
rh2m_ene,General Roca,58.83704789833823,7.032300833660086
rh2m_ene,General Rodriguez,62.3713935483871,5.530495683671641
rh2m_ene,General San Martin,65.17503024193549,4.87701864442204
rh2m_ene,General Taboada,57.82445369406868,7.458964076055744
rh2m_ene,General Viamonte,69.41662756598241,2.9927161566188643
rh2m_ene,General Villegas,56.34250244379277,8.701704588977906
rh2m_ene,Graneros,69.81315136476427,6.23235866632735
rh2m_ene,Gualeguay,59.488657648283045,7.245305856090227
rh2m_ene,Gualeguaychu,60.245731182795694,7.985057683596602
rh2m_ene,Guamini,52.64643817204301,5.975830761216018
rh2m_ene,Guarani,74.09657568238214,9.046265311150488
rh2m_ene,Guasayan,60.56352534562212,6.738448700733989
rh2m_ene,Guatrache,45.59046082949309,6.08529348604956
rh2m_ene,Hipolito Yrigoyen,58.6463440860215,5.442165990936897
rh2m_ene,Independencia,64.64655241935483,9.39884865841412
rh2m_ene,Iriondo,59.35462049335863,6.833890520464975
rh2m_ene,Ischilin,63.232219354838705,6.005472908119403
rh2m_ene,Ituzaingo,66.6909337860781,9.173358050224438
rh2m_ene,Jimenez,64.87426267281106,6.1279159640902785
rh2m_ene,Juan Bautista Alberdi,68.919375,5.912834653960365
rh2m_ene,Juan F. Ibarra,58.88649769585253,7.487893402960037
rh2m_ene,Juarez Celman,62.84629032258064,6.799951761237748
rh2m_ene,Junin,62.10451612903226,6.572573951768823
rh2m_ene,La Candelaria,72.77701612903226,6.635447700775956
rh2m_ene,La Capital,59.644939516129035,6.179943960166133
rh2m_ene,La Cocha,66.63175403225806,5.8957843348958985
rh2m_ene,La Paz,60.364213709677415,9.266371888744496
rh2m_ene,Laishi,62.80840407470289,7.431425654109537
rh2m_ene,Laprida,56.516929510155315,5.849468455889317
rh2m_ene,Las Colonias,58.303457661290324,7.450320757387921
rh2m_ene,Las Flores,59.447144563918755,5.65660887980425
rh2m_ene,Leales,65.33997518610421,7.202863621724193
rh2m_ene,Leandro N. Alem,59.60051799007444,6.9910274610742995
rh2m_ene,Libertador General San Martin,63.94689475399153,7.517887010217738
rh2m_ene,Lincoln,61.04003024193548,7.56522013784195
rh2m_ene,Loberia,72.92747311827956,3.0528235164529507
rh2m_ene,Lobos,62.50642228739003,6.016515773569756
rh2m_ene,Lujan,61.963822091886605,5.909268733624233
rh2m_ene,Lules,71.75387096774193,6.136887888720437
rh2m_ene,Magdalena,68.7516129032258,3.074747180174491
rh2m_ene,Maipu,60.37987813620072,7.705021372694303
rh2m_ene,Mar Chiquita,65.36134724857686,3.2280665635566645
rh2m_ene,Maraco,43.79940227703985,6.877744334979326
rh2m_ene,Marcos Juarez,59.94086021505376,6.232483120073801
rh2m_ene,Marcos Paz,61.577335203366054,5.184965649314823
rh2m_ene,Mayor Luis J. Fontana,,
rh2m_ene,Mercedes,62.07097330367075,5.456484673004502
rh2m_ene,Metan,72.06595698924731,5.284319601271171
rh2m_ene,Mitre,60.1223271889401,7.644143683444398
rh2m_ene,Monte,59.58913978494624,5.641076573573444
rh2m_ene,Monteros,73.1330376344086,6.2792422562000825
rh2m_ene,Moreno,59.88804062126643,7.4496816919585145
rh2m_ene,Navarro,62.75027055150885,6.140048758675237
rh2m_ene,Necochea,66.9885111662531,4.177175903307785
rh2m_ene,Nogoya,58.70023185483871,7.803344260446087
rh2m_ene,O'Higgins,64.57989247311828,9.25874827251474
rh2m_ene,Obera,74.04534361851333,9.377475349971625
rh2m_ene,Olavarria,57.29105313092979,5.973692286095382
rh2m_ene,Oran,67.93601814516128,7.3217164166164235
rh2m_ene,Parana,58.27144640998959,7.696687011498674
rh2m_ene,Pehuajo,55.74204933586338,6.268252848655787
rh2m_ene,Pellegrini,60.022995391705074,7.2636759109146425
rh2m_ene,Pergamino,60.78956989247312,6.474417478320048
rh2m_ene,Pilagas,61.947741935483876,8.507728010790002
rh2m_ene,Pilar,62.28149054505006,5.72107943087849
rh2m_ene,Pilcomayo,61.021256366723264,9.708017090265654
rh2m_ene,Pirane,61.902027649769586,8.133378630134757
rh2m_ene,Pocho,63.098313782991205,6.31195413058048
rh2m_ene,Presidencia De La Plaza,65.77020967741936,7.387052017772796
rh2m_ene,Presidente Roque Saenz Pena,64.24245730550285,5.84332484061222
rh2m_ene,Puan,62.56215053763441,5.290745158786967
rh2m_ene,Quemu Quemu,51.15388045540797,7.92778455635824
rh2m_ene,Quitilipi,66.66439784946236,6.457553327134774
rh2m_ene,Ramallo,61.22642137096774,6.145611843591278
rh2m_ene,Rancul,55.87928571428571,9.05889065964938
rh2m_ene,Rauch,59.936634408602146,4.988891321632792
rh2m_ene,Realico,57.05144086021505,8.973520412325868
rh2m_ene,Rio Chico,68.48408602150538,5.928255349479857
rh2m_ene,Rio Cuarto,63.47308467741936,7.021926463826358
rh2m_ene,Rio Hondo,59.62988269794721,7.325199929130863
rh2m_ene,Rio Primero,63.46784946236559,6.256328135279242
rh2m_ene,Rio Seco,67.08979188345474,6.422328495640822
rh2m_ene,Rio Segundo,59.80716351501669,6.529434667966399
rh2m_ene,Rivadavia,62.478588339745485,5.5203627139318625
rh2m_ene,Robles,58.640898617511525,6.824451856304286
rh2m_ene,Rojas,60.47462998102466,6.318078359805533
rh2m_ene,Roque Perez,59.947708565072304,5.702795934693592
rh2m_ene,Rosario,59.90586888657648,6.122698885869684
rh2m_ene,Rosario De La Frontera,73.16828341013824,5.7562671626003805
rh2m_ene,Saavedra,48.68358709677419,5.4221221519751825
rh2m_ene,Saladillo,60.73610887096774,6.700410983973339
rh2m_ene,Salliquelo,51.256236559139786,6.792018587816032
rh2m_ene,Salto,61.677331378299115,6.055667707994795
rh2m_ene,San Alberto,63.717596774193545,6.9350478304710075
rh2m_ene,San Andres De Giles,61.76439882697947,5.804348961706642
rh2m_ene,San Antonio De Areco,61.51607038123167,6.037790915821342
rh2m_ene,San Cayetano,63.3097935483871,5.360847071172569
rh2m_ene,San Cristobal,60.256992715920916,8.048904765124963
rh2m_ene,San Fernando,65.08284274193548,8.671026807361285
rh2m_ene,San Javier,72.84879529123987,7.785562764766181
rh2m_ene,San Jeronimo,60.07515151515152,10.474052316101297
rh2m_ene,San Justo,64.47655645161291,5.945129571849274
rh2m_ene,San Lorenzo,57.76205446853516,6.769826200586596
rh2m_ene,San Martin,57.889375876577844,7.594259121354726
rh2m_ene,San Nicolas,60.91602150537634,6.306168759985241
rh2m_ene,San Pedro,60.27186654526535,6.128765195671584
rh2m_ene,San Salvador,59.88161290322581,9.762214827142644
rh2m_ene,Santa Barbara,77.69067204301075,3.42364095328022
rh2m_ene,Santa Maria,63.75757115749526,6.006486700643564
rh2m_ene,Santa Rosa,59.9556559139785,5.772734441165966
rh2m_ene,Santo Tome,67.77487096774193,8.813984399932048
rh2m_ene,Sargento Cabral,64.96043870967742,9.339501988730587
rh2m_ene,Sauce,64.33232718894008,9.418018245509714
rh2m_ene,Silipica,58.642822580645166,6.961668629257304
rh2m_ene,Simoca,68.88464516129032,6.218196143522825
rh2m_ene,Sobremonte,63.549780058651024,6.170974385285183
rh2m_ene,Suipacha,61.077075268817204,6.78418031373091
rh2m_ene,Tafi Viejo,69.68958064516129,6.5720231415599235
rh2m_ene,Tala,59.90230107526882,9.143905856246162
rh2m_ene,Tandil,61.21937438905181,5.536850902556402
rh2m_ene,Tapalque,57.0473835125448,4.4109677459443795
rh2m_ene,Tercero Arriba,63.725817575083425,6.295870142357873
rh2m_ene,Toay,46.02274193548387,7.5452691806203065
rh2m_ene,Tornquist,49.354435483870965,5.667019906901898
rh2m_ene,Totoral,63.98239491691104,5.820014044290903
rh2m_ene,Trenel,55.159139784946234,8.955872789189952
rh2m_ene,Trenque Lauquen,54.911540062434966,6.537534525115769
rh2m_ene,Tres Arroyos,59.60873449131513,5.748776930355636
rh2m_ene,Tres Lomas,48.956281833616295,6.447644721735413
rh2m_ene,Tulumba,63.701690767519466,5.919356479020843
rh2m_ene,Union,64.9580437044745,5.080898021313394
rh2m_ene,Uruguay,58.094786680541105,7.736614187418068
rh2m_ene,Utracan,54.530220713073,9.478225522105772
rh2m_ene,Vera,60.5027468230694,10.227385388722082
rh2m_ene,Victoria,59.274301075268816,6.444495377677771
rh2m_ene,Villa Constitucion,60.43117302052786,6.174352891530456
rh2m_ene,Villaguay,59.63290322580645,9.045456097844747
rh2m_ene,Zarate,62.319833822091894,5.7768162391208016
rh2m_feb,12 De Octubre,68.09555341748768,8.912399738749297
rh2m_feb,2 De Abril,68.93326293103448,9.424976907410949
rh2m_feb,25 De Mayo,65.25289223365006,6.2910304452128525
rh2m_feb,9 De Julio,65.30986803214934,6.424459307436265
rh2m_feb,Adolfo Alsina,70.23775143678161,5.766336848658476
rh2m_feb,Adolfo Gonzales Chaves,65.18992083040112,5.539548049844927
rh2m_feb,Aguirre,66.58129590237348,7.621022790742584
rh2m_feb,Alberdi,64.27752854903717,8.945162660641678
rh2m_feb,Alberti,72.1524815270936,4.083234378265356
rh2m_feb,Almirante Brown,62.15790684377199,8.329050674967966
rh2m_feb,Anta,70.29479488703923,5.464131084115319
rh2m_feb,Arrecifes,67.42552070504927,6.800844188828235
rh2m_feb,Atreuco,49.81808985901139,7.638733495533583
rh2m_feb,Ayacucho,66.87297840090943,5.353873745174291
rh2m_feb,Azul,65.28983866995074,5.398814736360004
rh2m_feb,Balcarce,68.5812040229885,5.17951706627803
rh2m_feb,Banda,65.98120227832511,7.100453057905441
rh2m_feb,Baradero,67.83137221973428,6.576103557689399
rh2m_feb,Belgrano,66.01928356758711,7.834310387986358
rh2m_feb,Bella Vista,70.36641915386843,9.008025627701805
rh2m_feb,Benito Juarez,64.8952828780415,5.041403968302195
rh2m_feb,Bermejo,69.98155496499871,9.05867276593416
rh2m_feb,Bolivar,71.89628356904497,4.295918794241624
rh2m_feb,Bragado,67.25582251082251,6.264257536676885
rh2m_feb,Brandsen,68.84690697233802,6.518524322189453
rh2m_feb,Burruyacu,75.57783935413246,6.850459876268742
rh2m_feb,Cainguas,78.25980147783251,8.68955171552563
rh2m_feb,Calamuchita,67.91420421616922,7.1218124457639975
rh2m_feb,Campana,68.30348522167488,6.485712693276722
rh2m_feb,Canuelas,68.40572331691298,6.008685950624924
rh2m_feb,Capital,53.795906350103635,8.432216060747344
rh2m_feb,Capitan Sarmiento,67.0690040521214,7.135818515034413
rh2m_feb,Carlos Casares,64.6356459919391,6.270561744291275
rh2m_feb,Carlos Tejedor,61.14829361054767,7.59539273903965
rh2m_feb,Carmen De Areco,67.6843338887279,6.401237273727337
rh2m_feb,Caseros,67.034855202269,6.92206008771523
rh2m_feb,Castellanos,64.32505635169427,8.665167967926566
rh2m_feb,Castelli,70.66008258475803,4.813000758283907
rh2m_feb,Catrilo,55.97186872833425,8.094073364481705
rh2m_feb,Chacabuco,66.96164591133005,7.2482712479465725
rh2m_feb,Chapaleufu,60.0347793807178,8.44092732466164
rh2m_feb,Chascomus,67.93913870073892,6.304252963174094
rh2m_feb,Chicligasta,68.2685989010989,6.278183456784377
rh2m_feb,Chivilcoy,67.78119570085087,5.9174175929332655
rh2m_feb,Choya,63.346269293924465,7.027537671169928
rh2m_feb,Colon,65.86053983480869,7.551946889160463
rh2m_feb,Comandante Fernandez,65.42428148091133,8.619311624988285
rh2m_feb,Concordia,67.5191638355699,8.794936782154476
rh2m_feb,Conhelo,54.81954477480647,8.367022992586334
rh2m_feb,Copo,65.3568615504278,7.540117665331312
rh2m_feb,Coronel Dorrego,58.35092957489509,5.495851445884118
rh2m_feb,Coronel Pringles,60.90953225206803,5.550921553743986
rh2m_feb,Coronel Suarez,60.783268062397376,5.46033072932626
rh2m_feb,Cruz Alta,71.05226053639846,7.706843435341375
rh2m_feb,Curuzu Cuatia,69.71060080928923,7.330448813059343
rh2m_feb,Daireaux,60.398326178747354,6.26767931512156
rh2m_feb,Diamante,64.43799405969284,7.493104609336145
rh2m_feb,Dolores,69.16178136771951,5.643957536640649
rh2m_feb,El Alto,65.38443349753695,6.322500572323143
rh2m_feb,El Carmen,74.52572557471264,6.642834558143264
rh2m_feb,Esquina,68.50536728484497,7.662845164877011
rh2m_feb,Exaltacion De La Cruz,68.26757911628602,5.752179111402883
rh2m_feb,Famailla,77.53708974753694,5.318908943018503
rh2m_feb,Federacion,68.86676382047071,8.164015553189857
rh2m_feb,Federal,67.18021859605912,8.787489190187875
rh2m_feb,Feliciano,65.38034930586655,6.384850435996331
rh2m_feb,Figueroa,64.35645414929897,6.61535588550315
rh2m_feb,Florentino Ameghino,62.78689151365875,8.698185956238747
rh2m_feb,Fray Justo Santa Maria De Oro,64.86718068261787,8.844823548024817
rh2m_feb,Garay,65.96640763546797,6.821851760865272
rh2m_feb,General Alvarado,68.49339285714287,5.138351971804973
rh2m_feb,General Alvear,64.64932307060755,7.181179078976273
rh2m_feb,General Arenales,66.33959576934222,7.129829028618855
rh2m_feb,General Belgrano,66.44750598815926,6.695719053400261
rh2m_feb,General Donovan,69.24817928441794,8.335973709345136
rh2m_feb,General Guemes,76.63055446393979,5.855055355657947
rh2m_feb,General Jose De San Martin,78.3890324815271,3.9844487595612366
rh2m_feb,General Juan Madariaga,73.8842330049261,3.262579243548446
rh2m_feb,General La Madrid,63.69450407351269,4.982322108894783
rh2m_feb,General Las Heras,67.27804992421372,5.443803202342142
rh2m_feb,General Lopez,64.89789558143006,7.919351733446161
rh2m_feb,General Manuel Belgrano,78.55448891625616,8.311726680776971
rh2m_feb,General Obligado,67.99943349753694,8.025849678976774
rh2m_feb,General Paz,66.8306790992259,6.401658901661157
rh2m_feb,General Pinto,64.31756829377518,6.970752231319465
rh2m_feb,General Pueyrredon,75.55820350985222,3.50867424673753
rh2m_feb,General Roca,65.18629720853859,8.513492671534529
rh2m_feb,General Rodriguez,69.00091674876847,6.096345791042163
rh2m_feb,General San Martin,70.32397629310344,5.073603418331205
rh2m_feb,General Taboada,61.9305978865406,7.850619696879976
rh2m_feb,General Viamonte,72.48225481415136,4.148228260609931
rh2m_feb,General Villegas,60.958986789072995,8.41825079142685
rh2m_feb,Graneros,75.07795803334596,5.797550591425659
rh2m_feb,Gualeguay,66.57796122675988,7.223380804898961
rh2m_feb,Gualeguaychu,67.43396018062397,8.244992626053875
rh2m_feb,Guamini,58.76495381773399,6.5144828316383165
rh2m_feb,Guarani,77.67096911708981,8.79571092652544
rh2m_feb,Guasayan,66.48394132653061,6.468739084416707
rh2m_feb,Guatrache,52.54392681210415,7.646932878025115
rh2m_feb,Hipolito Yrigoyen,65.2470331392745,5.11670058429495
rh2m_feb,Independencia,68.09555341748768,8.912399738749297
rh2m_feb,Iriondo,66.29346892205159,7.724964189311597
rh2m_feb,Ischilin,68.54298817733991,6.490985690163226
rh2m_feb,Ituzaingo,72.36231851179673,6.5364695654801945
rh2m_feb,Jimenez,69.85197220267418,6.079351723123856
rh2m_feb,Juan Bautista Alberdi,74.75583051108374,6.267341236918592
rh2m_feb,Juan F. Ibarra,63.67689611189303,8.346767497833387
rh2m_feb,Juarez Celman,67.60592835410026,6.264383699498221
rh2m_feb,Junin,67.1023066502463,7.063378143444328
rh2m_feb,La Candelaria,77.38885687895848,6.50651216865071
rh2m_feb,La Capital,66.14576162253694,6.636450387707498
rh2m_feb,La Cocha,72.3648506773399,5.894618158413164
rh2m_feb,La Paz,66.83666025246305,8.502121687091256
rh2m_feb,Laishi,66.80868615504278,7.99781900890906
rh2m_feb,Laprida,63.822299762817,5.847780141985086
rh2m_feb,Las Colonias,65.39134813731528,7.797897636964224
rh2m_feb,Las Flores,66.70945128626164,6.442508560614414
rh2m_feb,Leales,70.53649062144751,7.523286872144541
rh2m_feb,Leandro N. Alem,66.03533511746875,7.772538434516951
rh2m_feb,Libertador General San Martin,67.47678857540927,7.328553847706733
rh2m_feb,Lincoln,66.6941979679803,6.555350892591711
rh2m_feb,Loberia,75.51385632183909,3.6012298282096498
rh2m_feb,Lobos,68.44705366472608,5.690210389134354
rh2m_feb,Lujan,68.09667599641737,6.158882788626268
rh2m_feb,Lules,76.71612921561197,5.589239672820464
rh2m_feb,Magdalena,72.16323228495642,4.956166654939647
rh2m_feb,Maipu,62.24512123700055,8.832695307645155
rh2m_feb,Mar Chiquita,70.6009620399884,4.848365249788289
rh2m_feb,Maraco,49.68080157925239,7.102086893450938
rh2m_feb,Marcos Juarez,65.7809945514256,7.766399706111841
rh2m_feb,Marcos Paz,67.86103448275863,5.526799929982238
rh2m_feb,Mayor Luis J. Fontana,,
rh2m_feb,Mercedes,68.7522471122813,6.215505667022539
rh2m_feb,Metan,77.2912393267652,6.053283168665196
rh2m_feb,Mitre,63.757271287825475,7.572839577511445
rh2m_feb,Monte,67.06394170771758,6.467170272253264
rh2m_feb,Monteros,76.53522064860427,5.692968924837058
rh2m_feb,Moreno,62.40529511038132,9.618383296691096
rh2m_feb,Navarro,68.45045645955824,5.782150471622598
rh2m_feb,Necochea,69.99631110269041,4.046817919291318
rh2m_feb,Nogoya,64.95482604679803,8.269843855726162
rh2m_feb,O'Higgins,68.01813404985819,8.783305099662584
rh2m_feb,Obera,76.8810232383808,8.941735066464608
rh2m_feb,Olavarria,63.4983910460736,6.210468039548988
rh2m_feb,Oran,72.56102678571429,6.763696436700025
rh2m_feb,Parana,64.65599118067695,7.730499595574907
rh2m_feb,Pehuajo,61.07764524775427,6.9246341287129844
rh2m_feb,Pellegrini,65.4002227744546,7.471841374472701
rh2m_feb,Pergamino,67.22980892670547,6.979638345299668
rh2m_feb,Pilagas,64.04491502463054,8.0740777970753
rh2m_feb,Pilar,69.11666850687956,6.133665218691029
rh2m_feb,Pilcomayo,63.038641431164116,7.716275278393204
rh2m_feb,Pirane,63.39930037532254,8.06062675225989
rh2m_feb,Pocho,69.14640450067174,6.342844090192397
rh2m_feb,Presidencia De La Plaza,69.5767327586207,7.6858079465434805
rh2m_feb,Presidente Roque Saenz Pena,69.16678752535498,6.54736696199783
rh2m_feb,Puan,68.44152025177887,6.093792497638348
rh2m_feb,Quemu Quemu,55.779073456968995,7.546949574367009
rh2m_feb,Quitilipi,69.42979885057471,7.276690451778159
rh2m_feb,Ramallo,67.3934236453202,6.71253684385365
rh2m_feb,Rancul,60.92919554890921,9.146431663194194
rh2m_feb,Rauch,66.14669663382594,4.98318427479146
rh2m_feb,Realico,61.14788341543514,8.687728542244091
rh2m_feb,Rio Chico,72.96259390394088,6.551603557801215
rh2m_feb,Rio Cuarto,67.60376039100986,7.2435628532386795
rh2m_feb,Rio Hondo,64.68556370353784,7.211704250348991
rh2m_feb,Rio Primero,67.82388170498083,6.683791599244479
rh2m_feb,Rio Seco,71.8687410614969,6.872399169080081
rh2m_feb,Rio Segundo,65.55641880414473,8.099697701452792
rh2m_feb,Rivadavia,68.31266077642698,5.4223862704181665
rh2m_feb,Robles,62.80232670654469,7.077145623632732
rh2m_feb,Rojas,66.77885866415532,7.305208208201827
rh2m_feb,Roque Perez,66.35707193816884,6.592174686327822
rh2m_feb,Rosario,66.59341013824886,6.610389135263288
rh2m_feb,Rosario De La Frontera,78.26858638282899,6.25934638324666
rh2m_feb,Saavedra,55.347640394088664,5.961507202602244
rh2m_feb,Saladillo,66.01567926416256,6.370296029037101
rh2m_feb,Salliquelo,56.10738551359241,7.269714957386203
rh2m_feb,Salto,67.93602403343783,6.344340191336374
rh2m_feb,San Alberto,69.3531065270936,6.74014266056802
rh2m_feb,San Andres De Giles,68.2319196895059,6.153046479311128
rh2m_feb,San Antonio De Areco,67.72778996865205,6.608986026228141
rh2m_feb,San Cayetano,68.40013743842364,3.8087435506542957
rh2m_feb,San Cristobal,66.20916494517718,7.8967892521728
rh2m_feb,San Fernando,68.69872306034483,8.762205765135821
rh2m_feb,San Javier,75.01107125347279,8.044287014140329
rh2m_feb,San Jeronimo,66.39925735184356,9.011110347047087
rh2m_feb,San Justo,68.77553243021346,6.626771699228189
rh2m_feb,San Lorenzo,64.46710490188161,7.795033146428823
rh2m_feb,San Martin,65.2277153387592,7.6898042984634625
rh2m_feb,San Nicolas,67.10002985520228,6.818410437610954
rh2m_feb,San Pedro,66.42734551287144,7.090636797358119
rh2m_feb,San Salvador,67.32893575533662,8.714917455554264
rh2m_feb,Santa Barbara,80.70174876847291,3.5068922607837094
rh2m_feb,Santa Maria,68.45309403071575,6.851341233775821
rh2m_feb,Santa Rosa,65.22374466338259,6.175531895874129
rh2m_feb,Santo Tome,73.56494334975369,6.940339624211132
rh2m_feb,Sargento Cabral,68.16720738916256,9.189097553196303
rh2m_feb,Sauce,69.80209711470795,9.66305893300631
rh2m_feb,Silipica,64.05512725779967,7.63758030144303
rh2m_feb,Simoca,74.07739162561576,6.519860938589123
rh2m_feb,Sobremonte,68.45367163009405,6.4640266068355015
rh2m_feb,Suipacha,67.54211535303777,6.351876970027695
rh2m_feb,Tafi Viejo,74.2224224137931,5.227836837518674
rh2m_feb,Tala,67.02357676518884,8.993239831994487
rh2m_feb,Tandil,66.28375055978505,5.143026774810574
rh2m_feb,Tapalque,64.28743500273673,6.856632175396149
rh2m_feb,Tercero Arriba,68.06298666553423,7.326068176346512
rh2m_feb,Toay,52.23246100164204,8.804548604699757
rh2m_feb,Tornquist,54.920154710591135,5.734854547927288
rh2m_feb,Totoral,68.11357739961188,6.851086072948978
rh2m_feb,Trenel,59.012459405218024,8.310212891745037
rh2m_feb,Trenque Lauquen,59.18257746702686,7.414473508578809
rh2m_feb,Tres Arroyos,65.958735790072,4.381020299322446
rh2m_feb,Tres Lomas,55.76800557428053,8.151487950135957
rh2m_feb,Tulumba,69.58448955325294,6.400693882213346
rh2m_feb,Union,69.90153464166535,5.325775077157424
rh2m_feb,Uruguay,64.91766168758939,7.285898203171809
rh2m_feb,Utracan,60.23099235156858,9.256182948238331
rh2m_feb,Vera,66.90954694730557,9.050439505913353
rh2m_feb,Victoria,65.74121473354232,6.933027229277619
rh2m_feb,Villa Constitucion,67.10451485296312,6.791186000092265
rh2m_feb,Villaguay,66.97934689337359,8.58978776170851
rh2m_feb,Zarate,68.23360688162413,6.400263107914677
rh2m_mar,12 De Octubre,72.09068548387097,7.710651467232996
rh2m_mar,2 De Abril,73.08301612903226,7.2601370730941515
rh2m_mar,25 De Mayo,70.52745309758402,6.884346956356665
rh2m_mar,9 De Julio,70.06339671760045,7.135351877584595
rh2m_mar,Adolfo Alsina,73.57135752688173,5.5443602440706385
rh2m_mar,Adolfo Gonzales Chaves,69.70379032258064,5.327053329198056
rh2m_mar,Aguirre,68.15344574780057,5.502615786189804
rh2m_mar,Alberdi,67.95957478005865,7.129117783047513
rh2m_mar,Alberti,73.83833965844403,3.8786730537943885
rh2m_mar,Almirante Brown,65.96573732718893,7.791839307744962
rh2m_mar,Anta,73.43480533926585,5.456479720531727
rh2m_mar,Arrecifes,71.53128024193548,6.682611291691108
rh2m_mar,Atreuco,57.845528364849834,8.710671671243555
rh2m_mar,Ayacucho,71.67763027295285,5.088979790120676
rh2m_mar,Azul,71.26707526881721,5.806704520467505
rh2m_mar,Balcarce,73.33013978494623,4.834655950959587
rh2m_mar,Banda,68.1510752688172,6.896685472913671
rh2m_mar,Baradero,72.0260899315738,6.320720101885846
rh2m_mar,Belgrano,70.38253921278485,7.07976868608827
rh2m_mar,Bella Vista,71.74698292220114,8.02164875349956
rh2m_mar,Benito Juarez,71.02349951124145,5.286262618416868
rh2m_mar,Bermejo,72.9704753820034,7.778199339311014
rh2m_mar,Bolivar,73.40432882414152,3.9453505372928763
rh2m_mar,Bragado,71.59645161290322,6.65243726021077
rh2m_mar,Brandsen,72.01573200992556,5.530008607465684
rh2m_mar,Burruyacu,77.92955794504181,5.188947826075007
rh2m_mar,Cainguas,76.9818193548387,8.347234537136679
rh2m_mar,Calamuchita,71.58964895635674,7.093036525899454
rh2m_mar,Campana,72.09421436004162,6.144383152797079
rh2m_mar,Canuelas,72.00150537634408,6.206017978009179
rh2m_mar,Capital,61.78542570068746,9.203523275957362
rh2m_mar,Capitan Sarmiento,70.925889698231,6.874767467687506
rh2m_mar,Carlos Casares,70.06765395894428,6.9821952984313285
rh2m_mar,Carlos Tejedor,68.60398481973435,7.822616192795391
rh2m_mar,Carmen De Areco,71.39531309297912,6.692068957675754
rh2m_mar,Caseros,71.2879569892473,6.760755643290146
rh2m_mar,Castellanos,68.79071358748777,7.503681165521571
rh2m_mar,Castelli,75.00020872865275,4.85255445262349
rh2m_mar,Catrilo,62.749557945041815,7.3285971354230055
rh2m_mar,Chacabuco,70.8095329032258,7.519239204498711
rh2m_mar,Chapaleufu,67.05967741935484,8.374521335716743
rh2m_mar,Chascomus,72.65089717741935,5.756009526549473
rh2m_mar,Chicligasta,70.75717121588089,5.886570203514615
rh2m_mar,Chivilcoy,71.88761485826002,6.407710146630156
rh2m_mar,Choya,67.02122580645161,6.083078915216111
rh2m_mar,Colon,69.88377273829737,7.936901175243274
rh2m_mar,Comandante Fernandez,69.55294354838709,8.076484445098023
rh2m_mar,Concordia,71.56141268075639,7.730544130236253
rh2m_mar,Conhelo,62.68908986175115,10.231410002827545
rh2m_mar,Copo,67.7357894736842,6.838375502819293
rh2m_mar,Coronel Dorrego,64.30479091995221,5.272545759626041
rh2m_mar,Coronel Pringles,65.70031040779062,5.96349556051291
rh2m_mar,Coronel Suarez,67.07062365591398,5.7117915600624585
rh2m_mar,Cruz Alta,73.15326164874553,6.062322558339787
rh2m_mar,Curuzu Cuatia,71.64465437788019,7.960525478655952
rh2m_mar,Daireaux,66.57783410138249,6.839377540949839
rh2m_mar,Diamante,69.49354838709678,6.1147298910881895
rh2m_mar,Dolores,74.33878557874763,5.1753353301519365
rh2m_mar,El Alto,68.0115668202765,5.666917025806424
rh2m_mar,El Carmen,75.45654569892473,5.16052812962552
rh2m_mar,Esquina,70.0785009487666,9.363066699929602
rh2m_mar,Exaltacion De La Cruz,72.5950146627566,6.1495206893893855
rh2m_mar,Famailla,79.08225806451613,5.132263841632832
rh2m_mar,Federacion,72.17148745519712,8.426162743090208
rh2m_mar,Federal,72.02473502304147,7.640275133055593
rh2m_mar,Feliciano,70.73936950146627,4.8640015837316
rh2m_mar,Figueroa,67.38962779156329,9.141653541920578
rh2m_mar,Florentino Ameghino,68.57972140762463,7.974050600043708
rh2m_mar,Fray Justo Santa Maria De Oro,69.91024193548387,6.960181590516174
rh2m_mar,Garay,70.50068817204301,6.752354307322501
rh2m_mar,General Alvarado,73.088688172043,5.458488967797849
rh2m_mar,General Alvear,70.61323655913978,7.098784902982166
rh2m_mar,General Arenales,70.23471537001899,7.533448426379245
rh2m_mar,General Belgrano,71.98633915359574,6.143963038893233
rh2m_mar,General Donovan,71.7265365025467,7.035113606583325
rh2m_mar,General Guemes,78.45557448350851,5.059830210728043
rh2m_mar,General Jose De San Martin,78.67149193548387,3.9895491531461817
rh2m_mar,General Juan Madariaga,76.23682580645162,3.12023821414444
rh2m_mar,General La Madrid,69.98937965260546,4.287055500102854
rh2m_mar,General Las Heras,72.03842431761787,6.413205119347547
rh2m_mar,General Lopez,69.86831867057674,8.415749045084372
rh2m_mar,General Manuel Belgrano,75.35206451612903,7.000152853987428
rh2m_mar,General Obligado,71.74355913978495,7.706249284833489
rh2m_mar,General Paz,70.16986175115207,5.660020712863701
rh2m_mar,General Pinto,70.50285434995112,6.813751296133004
rh2m_mar,General Pueyrredon,77.54880040322581,3.1628265218142952
rh2m_mar,General Roca,69.7991788856305,7.9919215040448135
rh2m_mar,General Rodriguez,72.57793548387097,6.1982664524253765
rh2m_mar,General San Martin,73.73646169354839,5.04240142003043
rh2m_mar,General Taboada,65.04298647242456,7.223872498474246
rh2m_mar,General Viamonte,74.10485826001954,3.856749608145232
rh2m_mar,General Villegas,68.4082697947214,7.823179138153596
rh2m_mar,Graneros,77.00491315136478,5.299799057159235
rh2m_mar,Gualeguay,71.18198751300729,6.781896846451765
rh2m_mar,Gualeguaychu,71.78790322580646,6.782907380773475
rh2m_mar,Guamini,65.0016129032258,6.224092274678568
rh2m_mar,Guarani,76.46749379652604,7.741586554130231
rh2m_mar,Guasayan,68.96614055299538,5.945990538820381
rh2m_mar,Guatrache,59.9257757296467,7.062802332928071
rh2m_mar,Hipolito Yrigoyen,71.36754643206255,5.852526428974336
rh2m_mar,Independencia,72.09068548387097,7.710651467232996
rh2m_mar,Iriondo,70.37032258064517,7.8121998915776185
rh2m_mar,Ischilin,71.68203870967741,7.305252273280825
rh2m_mar,Ituzaingo,71.696519524618,7.658812953600403
rh2m_mar,Jimenez,72.47244239631337,5.517629978380367
rh2m_mar,Juan Bautista Alberdi,76.72762096774194,5.533230267721517
rh2m_mar,Juan F. Ibarra,67.09365207373271,7.041066616158301
rh2m_mar,Juarez Celman,72.82684060721063,4.910793401759472
rh2m_mar,Junin,71.07374193548387,7.202661627592712
rh2m_mar,La Candelaria,80.30117511520737,5.08368230794405
rh2m_mar,La Capital,70.59527217741936,6.5647606249147215
rh2m_mar,La Cocha,74.53745967741935,5.161262329057145
rh2m_mar,La Paz,71.34502016129032,7.653171714133244
rh2m_mar,Laishi,70.46816638370119,7.012189798491024
rh2m_mar,Laprida,69.90774193548387,5.205247286307782
rh2m_mar,Las Colonias,70.20645161290322,6.3175266549882885
rh2m_mar,Las Flores,71.7526045400239,5.920267620798947
rh2m_mar,Leales,72.81292803970224,6.015639454903261
rh2m_mar,Leandro N. Alem,69.45770781637717,8.06134167410944
rh2m_mar,Libertador General San Martin,71.16920495275333,6.391832865851533
rh2m_mar,Lincoln,71.7080443548387,6.593507163772841
rh2m_mar,Loberia,77.36833333333334,3.183643492063007
rh2m_mar,Lobos,72.69848484848485,6.113969955698041
rh2m_mar,Lujan,71.86483870967743,6.1948417951813495
rh2m_mar,Lules,78.57923076923076,4.969180572198309
rh2m_mar,Magdalena,73.9320347394541,3.9843059302507142
rh2m_mar,Maipu,67.2354982078853,8.67990288979493
rh2m_mar,Mar Chiquita,74.77337760910817,4.656530665325662
rh2m_mar,Maraco,57.84689753320683,8.320619900584429
rh2m_mar,Marcos Juarez,69.85200391006842,7.798053626388181
rh2m_mar,Marcos Paz,73.08706872370267,6.055472480929769
rh2m_mar,Mayor Luis J. Fontana,,
rh2m_mar,Mercedes,71.7920912124583,6.437090535121886
rh2m_mar,Metan,79.9686559139785,4.289620902486901
rh2m_mar,Mitre,66.85412442396314,7.215078911178037
rh2m_mar,Monte,71.81847311827957,6.214418946978496
rh2m_mar,Monteros,78.98954301075268,4.5741629601166425
rh2m_mar,Moreno,66.59102747909199,7.824560932756477
rh2m_mar,Navarro,72.395098855359,5.851644712139458
rh2m_mar,Necochea,73.135,3.928009513849847
rh2m_mar,Nogoya,70.36063508064517,7.011421279177
rh2m_mar,O'Higgins,72.289403714565,7.674590467708502
rh2m_mar,Obera,75.89830294530155,8.066195492133527
rh2m_mar,Olavarria,70.5985294117647,6.262205824154194
rh2m_mar,Oran,76.0690625,5.792501248021493
rh2m_mar,Parana,69.83324661810613,6.1295703673996424
rh2m_mar,Pehuajo,67.76975332068311,7.577805228342735
rh2m_mar,Pellegrini,68.3172926267281,6.506685518223892
rh2m_mar,Pergamino,71.23596285434995,7.179432517650833
rh2m_mar,Pilagas,67.31840322580645,7.571348026756864
rh2m_mar,Pilar,72.76543937708566,6.156238110485208
rh2m_mar,Pilcomayo,65.18045840407471,7.690249451129729
rh2m_mar,Pirane,68.06760368663595,6.9698458282540106
rh2m_mar,Pocho,72.44898826979471,7.773748586163092
rh2m_mar,Presidencia De La Plaza,73.57029032258065,5.123777393638481
rh2m_mar,Presidente Roque Saenz Pena,72.84798861480077,6.50527491178632
rh2m_mar,Puan,71.08547192353643,6.584081973342496
rh2m_mar,Quemu Quemu,63.66887096774194,7.73896554155194
rh2m_mar,Quitilipi,73.46415053763441,6.071164074359445
rh2m_mar,Ramallo,71.55283266129032,6.468473640033698
rh2m_mar,Rancul,68.9359331797235,8.912526982027863
rh2m_mar,Rauch,71.44894623655914,5.328022951909665
rh2m_mar,Realico,68.33505376344085,9.448249343354123
rh2m_mar,Rio Chico,75.48619623655914,5.301243084226539
rh2m_mar,Rio Cuarto,71.73953629032258,5.551341231287971
rh2m_mar,Rio Hondo,68.22268328445749,7.049269558755013
rh2m_mar,Rio Primero,71.54514336917562,6.696972674018307
rh2m_mar,Rio Seco,74.93325702393341,7.096482726348411
rh2m_mar,Rio Segundo,69.07800889877642,7.904753385742539
rh2m_mar,Rivadavia,71.97237052382361,5.78982476359253
rh2m_mar,Robles,65.41244239631337,6.604835224477623
rh2m_mar,Rojas,70.58632827324479,7.754461883948244
rh2m_mar,Roque Perez,71.709510567297,6.586683692381218
rh2m_mar,Rosario,70.92301768990635,6.527494966256309
rh2m_mar,Rosario De La Frontera,81.2984331797235,4.1882332014935315
rh2m_mar,Saavedra,61.65496774193549,6.245393395641288
rh2m_mar,Saladillo,70.8623185483871,6.724461560583546
rh2m_mar,Salliquelo,62.13339307048985,7.500585980667967
rh2m_mar,Salto,71.68763440860215,6.673253140487063
rh2m_mar,San Alberto,71.98532258064516,7.881822742155454
rh2m_mar,San Andres De Giles,72.03351906158358,6.302606464501938
rh2m_mar,San Antonio De Areco,71.90648093841642,6.388279448872056
rh2m_mar,San Cayetano,71.5756,3.8220001281897007
rh2m_mar,San Cristobal,70.70908428720084,6.455085874960666
rh2m_mar,San Fernando,71.67941532258064,7.719635226715727
rh2m_mar,San Javier,76.18409723283902,7.429688448821625
rh2m_mar,San Jeronimo,70.01764418377321,9.124526723391744
rh2m_mar,San Justo,72.42656720430108,6.492336855237605
rh2m_mar,San Lorenzo,68.95759386567954,7.323747675779487
rh2m_mar,San Martin,69.43713417484805,6.695444182362039
rh2m_mar,San Nicolas,71.48910068426198,6.377119529802055
rh2m_mar,San Pedro,70.45559053069718,7.089576049760556
rh2m_mar,San Salvador,70.91790322580646,8.10204565287271
rh2m_mar,Santa Barbara,80.9230376344086,2.841108805324501
rh2m_mar,Santa Maria,71.80243833017077,7.033430884645762
rh2m_mar,Santa Rosa,68.04666666666667,5.374469188618436
rh2m_mar,Santo Tome,73.73925806451612,7.338317400736157
rh2m_mar,Sargento Cabral,71.3667741935484,8.161178811554906
rh2m_mar,Sauce,71.96062211981567,9.147796386645162
rh2m_mar,Silipica,67.53153225806452,6.9761864587221565
rh2m_mar,Simoca,76.92045161290322,5.52503505689886
rh2m_mar,Sobremonte,72.80541055718476,5.553288488931079
rh2m_mar,Suipacha,71.38207526881722,6.895104665866061
rh2m_mar,Tafi Viejo,78.62764516129032,5.007744713122346
rh2m_mar,Tala,72.06486021505377,7.207246744783859
rh2m_mar,Tandil,71.91214076246334,5.03038095342079
rh2m_mar,Tapalque,71.01643369175628,7.703195875327813
rh2m_mar,Tercero Arriba,72.02084538375973,6.43006337640855
rh2m_mar,Toay,60.85869175627241,9.256910167753384
rh2m_mar,Tornquist,62.27778225806452,6.449841030229306
rh2m_mar,Totoral,71.63249266862171,7.079344874854783
rh2m_mar,Trenel,66.41879330943847,10.121496769301332
rh2m_mar,Trenque Lauquen,66.5646201873049,7.841663693306761
rh2m_mar,Tres Arroyos,69.86321339950372,3.8999922308210127
rh2m_mar,Tres Lomas,61.89806451612903,7.784719084192711
rh2m_mar,Tulumba,71.83362625139044,7.493958483700534
rh2m_mar,Union,73.9733402705515,4.946623811779565
rh2m_mar,Uruguay,70.11060353798126,5.771541990303264
rh2m_mar,Utracan,65.65617996604415,9.416744432108954
rh2m_mar,Vera,71.02823069403715,8.109647711519328
rh2m_mar,Victoria,70.48353861192571,6.493174443728682
rh2m_mar,Villa Constitucion,71.34236559139784,6.833553612844631
rh2m_mar,Villaguay,71.47163371488033,7.525913144409834
rh2m_mar,Zarate,72.05466275659825,6.067941287332314
allsky_sfc_sw_dwn_sep,12 De Octubre,16.65758888888889,1.9575104990510972
allsky_sfc_sw_dwn_sep,2 De Abril,16.246616666666664,1.9717928264867974
allsky_sfc_sw_dwn_sep,25 De Mayo,16.092975975975975,1.0220114929037556
allsky_sfc_sw_dwn_sep,9 De Julio,16.08340476190476,0.9903440388138555
allsky_sfc_sw_dwn_sep,Adolfo Alsina,16.042416666666664,1.0927448453785764
allsky_sfc_sw_dwn_sep,Adolfo Gonzales Chaves,15.38020987654321,1.0424915919157052
allsky_sfc_sw_dwn_sep,Aguirre,17.870863636363637,1.9986019099050456
allsky_sfc_sw_dwn_sep,Alberdi,18.518924242424244,1.6301774400509246
allsky_sfc_sw_dwn_sep,Alberti,16.266655913978493,1.1763519109514144
allsky_sfc_sw_dwn_sep,Almirante Brown,17.499785714285714,1.709998248535396
allsky_sfc_sw_dwn_sep,Anta,18.91228205128205,1.6284487197392836
allsky_sfc_sw_dwn_sep,Arrecifes,16.464988505747126,1.144362200136504
allsky_sfc_sw_dwn_sep,Atreuco,16.155261904761904,1.1019520702278145
allsky_sfc_sw_dwn_sep,Ayacucho,15.373807692307691,1.026181895452287
allsky_sfc_sw_dwn_sep,Azul,15.92387356321839,1.008921368928668
allsky_sfc_sw_dwn_sep,Balcarce,15.519574712643678,1.1390518296405803
allsky_sfc_sw_dwn_sep,Banda,18.692317460317458,1.2583691539104207
allsky_sfc_sw_dwn_sep,Baradero,16.80951111111111,1.2608226613593168
allsky_sfc_sw_dwn_sep,Belgrano,17.363326860841422,1.2458570367217023
allsky_sfc_sw_dwn_sep,Bella Vista,16.419666666666664,1.7492457603660867
allsky_sfc_sw_dwn_sep,Benito Juarez,15.557066666666666,0.9897241320040973
allsky_sfc_sw_dwn_sep,Bermejo,16.51740350877193,1.749165496193377
allsky_sfc_sw_dwn_sep,Bolivar,16.265494623655915,1.214922365667767
allsky_sfc_sw_dwn_sep,Bragado,16.107022222222223,1.0806731261669327
allsky_sfc_sw_dwn_sep,Brandsen,15.930166666666668,1.3608930006651005
allsky_sfc_sw_dwn_sep,Burruyacu,18.875402777777776,1.1504226527637351
allsky_sfc_sw_dwn_sep,Cainguas,15.144636363636364,1.5304308205183579
allsky_sfc_sw_dwn_sep,Calamuchita,18.607655913978494,1.2211112015484884
allsky_sfc_sw_dwn_sep,Campana,16.27687356321839,1.2153776910308587
allsky_sfc_sw_dwn_sep,Canuelas,15.712690476190476,1.0643743343823853
allsky_sfc_sw_dwn_sep,Capital,16.445785185185187,1.1273979378790413
allsky_sfc_sw_dwn_sep,Capitan Sarmiento,17.00977380952381,1.092314125418629
allsky_sfc_sw_dwn_sep,Carlos Casares,16.5063,1.1051279128822225
allsky_sfc_sw_dwn_sep,Carlos Tejedor,16.515913978494623,1.1703692990066625
allsky_sfc_sw_dwn_sep,Carmen De Areco,16.880817204301074,1.2100654247347917
allsky_sfc_sw_dwn_sep,Caseros,17.07582222222222,1.217611885182393
allsky_sfc_sw_dwn_sep,Castellanos,17.78657777777778,1.3312180805687723
allsky_sfc_sw_dwn_sep,Castelli,15.181529411764707,1.0721090524109187
allsky_sfc_sw_dwn_sep,Catrilo,16.380384615384614,1.2150762269359727
allsky_sfc_sw_dwn_sep,Chacabuco,16.391479076479076,1.1965709833854885
allsky_sfc_sw_dwn_sep,Chapaleufu,16.743197916666666,1.1248043903517884
allsky_sfc_sw_dwn_sep,Chascomus,15.908999999999999,1.0926803278409358
allsky_sfc_sw_dwn_sep,Chicligasta,19.263358974358972,1.3796498446099266
allsky_sfc_sw_dwn_sep,Chivilcoy,16.427222222222223,1.2110077571984788
allsky_sfc_sw_dwn_sep,Choya,18.71131111111111,1.6825191688177445
allsky_sfc_sw_dwn_sep,Colon,17.03652091767881,1.2414175732351318
allsky_sfc_sw_dwn_sep,Comandante Fernandez,17.115433333333332,1.8876144022065589
allsky_sfc_sw_dwn_sep,Concordia,16.365576923076922,1.654283857296812
allsky_sfc_sw_dwn_sep,Conhelo,16.372530864197532,1.121430067092142
allsky_sfc_sw_dwn_sep,Copo,18.792912280701756,1.7575011400593579
allsky_sfc_sw_dwn_sep,Coronel Dorrego,15.556530864197532,0.9558093686632482
allsky_sfc_sw_dwn_sep,Coronel Pringles,15.810803921568628,0.9639752075568723
allsky_sfc_sw_dwn_sep,Coronel Suarez,15.923724137931035,0.9873946962900041
allsky_sfc_sw_dwn_sep,Cruz Alta,20.786569444444442,0.8435439931608453
allsky_sfc_sw_dwn_sep,Curuzu Cuatia,16.276611111111112,1.8208200551950964
allsky_sfc_sw_dwn_sep,Daireaux,16.098828282828283,0.9652950042791061
allsky_sfc_sw_dwn_sep,Diamante,17.128010752688173,1.2278539347437505
allsky_sfc_sw_dwn_sep,Dolores,15.181529411764707,1.0721090524109187
allsky_sfc_sw_dwn_sep,El Alto,19.9125873015873,1.348160664282851
allsky_sfc_sw_dwn_sep,El Carmen,21.99120634920635,0.7766991658164021
allsky_sfc_sw_dwn_sep,Esquina,17.243214285714284,1.385764675864643
allsky_sfc_sw_dwn_sep,Exaltacion De La Cruz,15.977,1.221185069176689
allsky_sfc_sw_dwn_sep,Famailla,19.53675,1.330462974278475
allsky_sfc_sw_dwn_sep,Federacion,16.434685185185188,1.6151127663426181
allsky_sfc_sw_dwn_sep,Federal,16.497703703703703,1.58823222250167
allsky_sfc_sw_dwn_sep,Feliciano,17.381121212121215,1.3143396657998103
allsky_sfc_sw_dwn_sep,Figueroa,17.75725641025641,1.6674097129971235
allsky_sfc_sw_dwn_sep,Florentino Ameghino,16.630636363636366,1.270661627886423
allsky_sfc_sw_dwn_sep,Fray Justo Santa Maria De Oro,17.81565476190476,1.7991163914478914
allsky_sfc_sw_dwn_sep,Garay,17.06137037037037,1.2831286561168167
allsky_sfc_sw_dwn_sep,General Alvarado,16.1629,1.1740613668388231
allsky_sfc_sw_dwn_sep,General Alvear,15.882298850574712,1.056271633928266
allsky_sfc_sw_dwn_sep,General Arenales,16.740430107526883,1.1370790656034842
allsky_sfc_sw_dwn_sep,General Belgrano,15.715239482200648,1.1206507878341796
allsky_sfc_sw_dwn_sep,General Donovan,17.20082456140351,1.7327467966608776
allsky_sfc_sw_dwn_sep,General Guemes,18.70714457831325,1.3665161122633211
allsky_sfc_sw_dwn_sep,General Jose De San Martin,21.54077011494253,0.9762101001071313
allsky_sfc_sw_dwn_sep,General Juan Madariaga,15.3576,1.0174190840516963
allsky_sfc_sw_dwn_sep,General La Madrid,15.84752,0.9931106763878613
allsky_sfc_sw_dwn_sep,General Las Heras,16.239820512820515,1.1962889440293418
allsky_sfc_sw_dwn_sep,General Lopez,16.632533333333335,1.1625777133007507
allsky_sfc_sw_dwn_sep,General Manuel Belgrano,16.156117647058824,1.7289545289196862
allsky_sfc_sw_dwn_sep,General Obligado,16.79369135802469,1.7501261662113075
allsky_sfc_sw_dwn_sep,General Paz,16.07378431372549,1.301440291567899
allsky_sfc_sw_dwn_sep,General Pinto,16.693077777777777,1.167018734015347
allsky_sfc_sw_dwn_sep,General Pueyrredon,15.051548387096775,1.2382127069957853
allsky_sfc_sw_dwn_sep,General Roca,17.30366666666667,1.280763311177853
allsky_sfc_sw_dwn_sep,General Rodriguez,16.32348,1.2728628896805527
allsky_sfc_sw_dwn_sep,General San Martin,17.58851724137931,1.3027819762601527
allsky_sfc_sw_dwn_sep,General Taboada,18.719392857142857,1.6487349535152627
allsky_sfc_sw_dwn_sep,General Viamonte,16.234655555555555,1.1825604388119733
allsky_sfc_sw_dwn_sep,General Villegas,16.69301111111111,1.1330985202431725
allsky_sfc_sw_dwn_sep,Graneros,19.09169565217391,1.1603708955688548
allsky_sfc_sw_dwn_sep,Gualeguay,16.706369047619045,1.2343350431212952
allsky_sfc_sw_dwn_sep,Gualeguaychu,16.701814814814814,1.213815916756771
allsky_sfc_sw_dwn_sep,Guamini,16.009958333333334,1.0432049294162935
allsky_sfc_sw_dwn_sep,Guarani,15.15327536231884,1.5827027568967666
allsky_sfc_sw_dwn_sep,Guasayan,18.570053333333334,1.469680264673364
allsky_sfc_sw_dwn_sep,Guatrache,16.017793650793653,1.0840950730970178
allsky_sfc_sw_dwn_sep,Hipolito Yrigoyen,15.92811111111111,1.0304788134308043
allsky_sfc_sw_dwn_sep,Independencia,15.950177777777778,1.9575460608455826
allsky_sfc_sw_dwn_sep,Iriondo,17.332451612903228,1.2968265641154415
allsky_sfc_sw_dwn_sep,Ischilin,18.55805797101449,1.4070348062438103
allsky_sfc_sw_dwn_sep,Ituzaingo,15.408395833333334,1.582662212006976
allsky_sfc_sw_dwn_sep,Jimenez,18.582773333333336,1.4498973869183271
allsky_sfc_sw_dwn_sep,Juan Bautista Alberdi,19.3550625,1.1549315273514587
allsky_sfc_sw_dwn_sep,Juan F. Ibarra,18.707493333333332,1.6220549869658376
allsky_sfc_sw_dwn_sep,Juarez Celman,17.41794623655914,1.2875801624718048
allsky_sfc_sw_dwn_sep,Junin,16.345,1.165478744723608
allsky_sfc_sw_dwn_sep,La Candelaria,20.84328,1.1442899329893368
allsky_sfc_sw_dwn_sep,La Capital,16.839862068965516,1.2654241353002276
allsky_sfc_sw_dwn_sep,La Cocha,19.3550625,1.1549315273514587
allsky_sfc_sw_dwn_sep,La Paz,17.24467816091954,1.484272539692555
allsky_sfc_sw_dwn_sep,Laishi,15.297185185185185,1.8287594324372993
allsky_sfc_sw_dwn_sep,Laprida,15.590197530864199,1.0523405588442099
allsky_sfc_sw_dwn_sep,Las Colonias,17.865724137931036,1.2953654815171183
allsky_sfc_sw_dwn_sep,Las Flores,15.758000000000001,0.9249553638531821
allsky_sfc_sw_dwn_sep,Leales,19.140739130434785,1.0979075321063136
allsky_sfc_sw_dwn_sep,Leandro N. Alem,16.55684782608696,1.0797097283380155
allsky_sfc_sw_dwn_sep,Libertador General San Martin,16.424010989010988,1.9245295628151584
allsky_sfc_sw_dwn_sep,Lincoln,16.733908045977014,1.1656644739570847
allsky_sfc_sw_dwn_sep,Loberia,15.334310344827585,1.044686631570833
allsky_sfc_sw_dwn_sep,Lobos,15.976433333333334,1.2212614957478067
allsky_sfc_sw_dwn_sep,Lujan,16.87211111111111,1.2358383765588985
allsky_sfc_sw_dwn_sep,Lules,21.0285641025641,1.2052768806271683
allsky_sfc_sw_dwn_sep,Magdalena,15.786666666666667,1.3812213149917927
allsky_sfc_sw_dwn_sep,Maipu,17.29254814814815,1.800456951508418
allsky_sfc_sw_dwn_sep,Mar Chiquita,14.825313725490197,1.0641013910454382
allsky_sfc_sw_dwn_sep,Maraco,16.292591397849463,1.1368446381026711
allsky_sfc_sw_dwn_sep,Marcos Juarez,17.108155555555552,1.2892926711287498
allsky_sfc_sw_dwn_sep,Marcos Paz,16.249057971014494,1.2248778692042752
allsky_sfc_sw_dwn_sep,Mayor Luis J. Fontana,,
allsky_sfc_sw_dwn_sep,Mercedes,16.733628205128205,1.0597796697345967
allsky_sfc_sw_dwn_sep,Metan,19.164098765432097,1.3523976044301846
allsky_sfc_sw_dwn_sep,Mitre,18.810476190476187,1.735335361141706
allsky_sfc_sw_dwn_sep,Monte,15.814916666666665,1.1665180950372709
allsky_sfc_sw_dwn_sep,Monteros,19.41922222222222,1.543042876871968
allsky_sfc_sw_dwn_sep,Moreno,17.67130864197531,1.8481557171738652
allsky_sfc_sw_dwn_sep,Navarro,16.07167857142857,1.100570717947202
allsky_sfc_sw_dwn_sep,Necochea,15.095346666666666,1.193347565402407
allsky_sfc_sw_dwn_sep,Nogoya,17.13322988505747,1.2798960743507573
allsky_sfc_sw_dwn_sep,O'Higgins,15.99316129032258,1.9394660984900853
allsky_sfc_sw_dwn_sep,Obera,15.274033333333332,1.6506501710339785
allsky_sfc_sw_dwn_sep,Olavarria,15.884860215053765,1.0207248941014766
allsky_sfc_sw_dwn_sep,Oran,18.522528735632182,1.4367954851021252
allsky_sfc_sw_dwn_sep,Parana,17.442869047619048,1.2954435830504352
allsky_sfc_sw_dwn_sep,Pehuajo,16.49083870967742,1.0899578172978297
allsky_sfc_sw_dwn_sep,Pellegrini,18.702813725490195,1.4342762594774472
allsky_sfc_sw_dwn_sep,Pergamino,16.825033333333334,1.2460649274609554
allsky_sfc_sw_dwn_sep,Pilagas,15.339098039215685,1.6546558754546126
allsky_sfc_sw_dwn_sep,Pilar,16.300833333333333,1.2470702706744317
allsky_sfc_sw_dwn_sep,Pilcomayo,15.379041666666666,1.6559575181301758
allsky_sfc_sw_dwn_sep,Pirane,16.063166666666667,1.888195255668601
allsky_sfc_sw_dwn_sep,Pocho,18.365859649122807,1.5702069978968751
allsky_sfc_sw_dwn_sep,Presidencia De La Plaza,16.60408333333333,1.9268437964925627
allsky_sfc_sw_dwn_sep,Presidente Roque Saenz Pena,17.84351612903226,1.3701427090816864
allsky_sfc_sw_dwn_sep,Puan,16.09624,1.0667654881306698
allsky_sfc_sw_dwn_sep,Quemu Quemu,16.39567741935484,1.1276564340320403
allsky_sfc_sw_dwn_sep,Quitilipi,17.130916666666668,1.8118913489191524
allsky_sfc_sw_dwn_sep,Ramallo,16.857206896551723,1.255375386259795
allsky_sfc_sw_dwn_sep,Rancul,16.502234567901237,1.1913010406095483
allsky_sfc_sw_dwn_sep,Rauch,15.76661111111111,1.1255852052503241
allsky_sfc_sw_dwn_sep,Realico,16.52109195402299,1.1400625710221557
allsky_sfc_sw_dwn_sep,Rio Chico,18.989971014492756,1.0790421346799115
allsky_sfc_sw_dwn_sep,Rio Cuarto,17.513954022988507,1.3146153029065248
allsky_sfc_sw_dwn_sep,Rio Hondo,18.766789473684213,1.6875325665281002
allsky_sfc_sw_dwn_sep,Rio Primero,18.288020202020203,1.3026654057360039
allsky_sfc_sw_dwn_sep,Rio Seco,18.782500000000002,1.1717305070817499
allsky_sfc_sw_dwn_sep,Rio Segundo,17.792410256410257,1.4560907398699585
allsky_sfc_sw_dwn_sep,Rivadavia,16.10989644012945,1.042112179791805
allsky_sfc_sw_dwn_sep,Robles,18.88204761904762,1.500165226553298
allsky_sfc_sw_dwn_sep,Rojas,16.33563440860215,1.149910764186246
allsky_sfc_sw_dwn_sep,Roque Perez,16.082505747126437,1.093229635836928
allsky_sfc_sw_dwn_sep,Rosario,16.805035714285715,1.2870264620059637
allsky_sfc_sw_dwn_sep,Rosario De La Frontera,19.102639999999997,1.3884975857219042
allsky_sfc_sw_dwn_sep,Saavedra,16.02070666666667,1.031632508499316
allsky_sfc_sw_dwn_sep,Saladillo,16.112355555555556,1.0865860591121907
allsky_sfc_sw_dwn_sep,Salliquelo,16.039533333333335,1.0554904599810986
allsky_sfc_sw_dwn_sep,Salto,16.433788888888888,1.1373697373380904
allsky_sfc_sw_dwn_sep,San Alberto,18.934098039215684,1.1838743233125275
allsky_sfc_sw_dwn_sep,San Andres De Giles,16.884766666666668,1.2305485682926953
allsky_sfc_sw_dwn_sep,San Antonio De Areco,16.88698888888889,1.2102755377462289
allsky_sfc_sw_dwn_sep,San Cayetano,15.270533333333333,1.1972476112286008
allsky_sfc_sw_dwn_sep,San Cristobal,18.10725,1.3590645191763162
allsky_sfc_sw_dwn_sep,San Fernando,16.02471264367816,1.9450984484084848
allsky_sfc_sw_dwn_sep,San Javier,15.429246453900708,1.5977503506938875
allsky_sfc_sw_dwn_sep,San Jeronimo,16.881877777777778,1.765624545127033
allsky_sfc_sw_dwn_sep,San Justo,18.759203703703704,1.1071194123560673
allsky_sfc_sw_dwn_sep,San Lorenzo,17.00294827586207,1.2696234046251187
allsky_sfc_sw_dwn_sep,San Martin,17.400351282051282,1.3300577337248987
allsky_sfc_sw_dwn_sep,San Nicolas,16.89902222222222,1.254623171383
allsky_sfc_sw_dwn_sep,San Pedro,16.672396755162243,1.3092456768611274
allsky_sfc_sw_dwn_sep,San Salvador,16.738944444444446,1.5380173045048062
allsky_sfc_sw_dwn_sep,Santa Barbara,18.65128787878788,1.4741812230044096
allsky_sfc_sw_dwn_sep,Santa Maria,18.592827956989247,1.2500988668189341
allsky_sfc_sw_dwn_sep,Santa Rosa,19.920506172839506,1.2775945659560506
allsky_sfc_sw_dwn_sep,Santo Tome,15.212549019607843,1.637349725679583
allsky_sfc_sw_dwn_sep,Sargento Cabral,16.317986666666666,2.006582112190519
allsky_sfc_sw_dwn_sep,Sauce,16.68974358974359,1.2892171264551595
allsky_sfc_sw_dwn_sep,Silipica,19.075416666666666,1.2844148306021328
allsky_sfc_sw_dwn_sep,Simoca,19.363155555555558,1.188868862611337
allsky_sfc_sw_dwn_sep,Sobremonte,18.649136363636362,1.3943636338783525
allsky_sfc_sw_dwn_sep,Suipacha,17.050543209876544,1.0976410414917441
allsky_sfc_sw_dwn_sep,Tafi Viejo,21.07,1.08936454463651
allsky_sfc_sw_dwn_sep,Tala,16.38911111111111,1.636376983606966
allsky_sfc_sw_dwn_sep,Tandil,15.537744444444446,0.9996858344942061
allsky_sfc_sw_dwn_sep,Tapalque,15.640018518518518,1.1009797566138506
allsky_sfc_sw_dwn_sep,Tercero Arriba,18.119153846153846,1.2806405453895824
allsky_sfc_sw_dwn_sep,Toay,16.401907407407407,1.2957081986390047
allsky_sfc_sw_dwn_sep,Tornquist,15.73403448275862,0.867190717680929
allsky_sfc_sw_dwn_sep,Totoral,18.587979166666667,1.2303938260954936
allsky_sfc_sw_dwn_sep,Trenel,16.437371794871794,1.1510688996731995
allsky_sfc_sw_dwn_sep,Trenque Lauquen,16.416452380952382,1.1351074357313309
allsky_sfc_sw_dwn_sep,Tres Arroyos,15.411782051282053,1.1245027777933483
allsky_sfc_sw_dwn_sep,Tres Lomas,16.006035087719297,1.022781887219319
allsky_sfc_sw_dwn_sep,Tulumba,18.70897435897436,1.3657941439912107
allsky_sfc_sw_dwn_sep,Union,17.17213095238095,1.2701412556786107
allsky_sfc_sw_dwn_sep,Uruguay,17.436904761904763,1.2932919041892692
allsky_sfc_sw_dwn_sep,Utracan,16.734473684210524,1.14507559357876
allsky_sfc_sw_dwn_sep,Vera,17.630433333333333,1.470237667210404
allsky_sfc_sw_dwn_sep,Victoria,17.142511111111112,1.2461418581059007
allsky_sfc_sw_dwn_sep,Villa Constitucion,16.825033333333334,1.2460649274609554
allsky_sfc_sw_dwn_sep,Villaguay,17.108261904761907,1.3973306514356236
allsky_sfc_sw_dwn_sep,Zarate,16.88698888888889,1.2102755377462289
allsky_sfc_sw_dwn_oct,12 De Octubre,19.961053763440862,1.8029866219104729
allsky_sfc_sw_dwn_oct,2 De Abril,19.607983870967743,2.339434536401222
allsky_sfc_sw_dwn_oct,25 De Mayo,19.854354838709675,1.6620341669894918
allsky_sfc_sw_dwn_oct,9 De Julio,19.88519403347077,1.6591457913454366
allsky_sfc_sw_dwn_oct,Adolfo Alsina,19.957943548387096,1.736841686939706
allsky_sfc_sw_dwn_oct,Adolfo Gonzales Chaves,19.648124253285545,1.411876784314617
allsky_sfc_sw_dwn_oct,Aguirre,20.16208211143695,1.5420206955330993
allsky_sfc_sw_dwn_oct,Alberdi,21.333739002932553,1.610641992977814
allsky_sfc_sw_dwn_oct,Alberti,19.97137356919875,1.6940461899565056
allsky_sfc_sw_dwn_oct,Almirante Brown,20.000046082949307,1.6425342102788993
allsky_sfc_sw_dwn_oct,Anta,20.372431761786604,1.3830082527241758
allsky_sfc_sw_dwn_oct,Arrecifes,19.97340378197998,1.6238746537013253
allsky_sfc_sw_dwn_oct,Atreuco,20.585391705069124,1.5858679686503412
allsky_sfc_sw_dwn_oct,Ayacucho,19.551426799007444,1.8257040829127433
allsky_sfc_sw_dwn_oct,Azul,19.844304783092326,1.5979667665805035
allsky_sfc_sw_dwn_oct,Balcarce,19.51337041156841,1.7480276629581208
allsky_sfc_sw_dwn_oct,Banda,20.929692780337945,1.96791238943429
allsky_sfc_sw_dwn_oct,Baradero,20.31909677419355,1.8312062194138654
allsky_sfc_sw_dwn_oct,Belgrano,20.63040087691826,1.5826625771177365
allsky_sfc_sw_dwn_oct,Bella Vista,20.019591397849464,2.007155100890011
allsky_sfc_sw_dwn_oct,Benito Juarez,19.72959139784946,1.7076289529494137
allsky_sfc_sw_dwn_oct,Bermejo,19.534499151103564,2.2190427373742714
allsky_sfc_sw_dwn_oct,Bolivar,20.070489073881376,1.720136758332634
allsky_sfc_sw_dwn_oct,Bragado,19.712225806451613,1.6329851167338907
allsky_sfc_sw_dwn_oct,Brandsen,19.71106451612903,1.4415940119113417
allsky_sfc_sw_dwn_oct,Burruyacu,20.79853494623656,1.6062967193534012
allsky_sfc_sw_dwn_oct,Cainguas,18.889076246334312,1.9061567795584977
allsky_sfc_sw_dwn_oct,Calamuchita,21.649375650364203,1.863798859198881
allsky_sfc_sw_dwn_oct,Campana,19.950144605116794,1.7492203567859514
allsky_sfc_sw_dwn_oct,Canuelas,19.672442396313365,1.6813388323684602
allsky_sfc_sw_dwn_oct,Capital,20.718602150537635,1.679110267340356
allsky_sfc_sw_dwn_oct,Capitan Sarmiento,20.468548387096774,1.7888886407720104
allsky_sfc_sw_dwn_oct,Carlos Casares,20.25804301075269,1.493825921771048
allsky_sfc_sw_dwn_oct,Carlos Tejedor,20.122393340270552,1.6427126491109258
allsky_sfc_sw_dwn_oct,Carmen De Areco,20.548491155046825,1.7139092815056851
allsky_sfc_sw_dwn_oct,Caseros,20.322741935483872,1.7026459595238
allsky_sfc_sw_dwn_oct,Castellanos,21.00106451612903,1.6542610191677245
allsky_sfc_sw_dwn_oct,Castelli,19.257817836812144,1.9422612473568077
allsky_sfc_sw_dwn_oct,Catrilo,20.47073200992556,1.5096255093300166
allsky_sfc_sw_dwn_oct,Chacabuco,20.02281664571987,1.6290866064225407
allsky_sfc_sw_dwn_oct,Chapaleufu,20.57900201612903,1.7344947886516666
allsky_sfc_sw_dwn_oct,Chascomus,19.74135483870968,1.6500565643245675
allsky_sfc_sw_dwn_oct,Chicligasta,20.911712158808935,1.8244092187075676
allsky_sfc_sw_dwn_oct,Chivilcoy,19.79143010752688,1.6988914045979624
allsky_sfc_sw_dwn_oct,Choya,21.545483870967743,1.6234681542692082
allsky_sfc_sw_dwn_oct,Colon,20.443063863131776,1.6632538168561528
allsky_sfc_sw_dwn_oct,Comandante Fernandez,20.400193548387097,1.8089298204570863
allsky_sfc_sw_dwn_oct,Concordia,19.86791563275434,2.1702087869189306
allsky_sfc_sw_dwn_oct,Conhelo,20.603500597371564,1.6837314639067182
allsky_sfc_sw_dwn_oct,Copo,21.016061120543295,1.725237606244184
allsky_sfc_sw_dwn_oct,Coronel Dorrego,20.12222222222222,1.6982977345495007
allsky_sfc_sw_dwn_oct,Coronel Pringles,20.055351043643263,1.3794088151068433
allsky_sfc_sw_dwn_oct,Coronel Suarez,20.178843159065625,1.5347651464261303
allsky_sfc_sw_dwn_oct,Cruz Alta,22.58059139784946,1.150044290465688
allsky_sfc_sw_dwn_oct,Curuzu Cuatia,19.861102150537636,2.1065334014665758
allsky_sfc_sw_dwn_oct,Daireaux,20.248729227761487,1.5322502545204055
allsky_sfc_sw_dwn_oct,Diamante,20.394037460978147,1.7961118426885847
allsky_sfc_sw_dwn_oct,Dolores,19.257817836812144,1.9422612473568077
allsky_sfc_sw_dwn_oct,El Alto,22.147188940092164,1.5367831049241132
allsky_sfc_sw_dwn_oct,El Carmen,23.42748079877112,1.2561147033455802
allsky_sfc_sw_dwn_oct,Esquina,20.281612903225806,2.180939516451033
allsky_sfc_sw_dwn_oct,Exaltacion De La Cruz,19.66068817204301,1.5232956027062678
allsky_sfc_sw_dwn_oct,Famailla,20.96006048387097,1.8802529044390281
allsky_sfc_sw_dwn_oct,Federacion,19.93326164874552,2.3571274336560757
allsky_sfc_sw_dwn_oct,Federal,19.97416965352449,2.15317519280655
allsky_sfc_sw_dwn_oct,Feliciano,20.576231671554254,1.6999336124008422
allsky_sfc_sw_dwn_oct,Figueroa,20.442630272952854,2.1262925547885745
allsky_sfc_sw_dwn_oct,Florentino Ameghino,20.242448680351906,1.787686047071664
allsky_sfc_sw_dwn_oct,Fray Justo Santa Maria De Oro,20.76298387096774,1.8958680948939937
allsky_sfc_sw_dwn_oct,Garay,20.420692951015532,1.8831497049368915
allsky_sfc_sw_dwn_oct,General Alvarado,20.002913978494625,1.7581030651310074
allsky_sfc_sw_dwn_oct,General Alvear,20.111968854282537,1.6787588575506829
allsky_sfc_sw_dwn_oct,General Arenales,20.210884495317377,1.6762238481044704
allsky_sfc_sw_dwn_oct,General Belgrano,19.573542123394926,1.6335462574794428
allsky_sfc_sw_dwn_oct,General Donovan,20.593820033955854,1.9377806123852435
allsky_sfc_sw_dwn_oct,General Guemes,20.19454333462884,1.5882880246605204
allsky_sfc_sw_dwn_oct,General Jose De San Martin,23.04802002224694,1.2134164418311686
allsky_sfc_sw_dwn_oct,General Juan Madariaga,19.461716129032258,1.7917746139185304
allsky_sfc_sw_dwn_oct,General La Madrid,20.047974193548388,1.5696781748713216
allsky_sfc_sw_dwn_oct,General Las Heras,20.073598014888336,1.7317210790024637
allsky_sfc_sw_dwn_oct,General Lopez,20.079666666666665,1.7010482454012374
allsky_sfc_sw_dwn_oct,General Manuel Belgrano,18.97639468690702,1.9190369492622847
allsky_sfc_sw_dwn_oct,General Obligado,19.908709677419353,1.880951864549804
allsky_sfc_sw_dwn_oct,General Paz,19.39316888045541,1.1354229114140566
allsky_sfc_sw_dwn_oct,General Pinto,20.02479569892473,1.7077074316453724
allsky_sfc_sw_dwn_oct,General Pueyrredon,19.495712799167535,1.5124856708638579
allsky_sfc_sw_dwn_oct,General Roca,20.599854318418316,1.6233638244115134
allsky_sfc_sw_dwn_oct,General Rodriguez,20.109806451612904,1.7838331749482033
allsky_sfc_sw_dwn_oct,General San Martin,20.78921023359288,1.566317879301778
allsky_sfc_sw_dwn_oct,General Taboada,20.940195852534565,1.7244057253761345
allsky_sfc_sw_dwn_oct,General Viamonte,19.916225806451614,1.6646284984834692
allsky_sfc_sw_dwn_oct,General Villegas,20.53315053763441,1.6339758416464538
allsky_sfc_sw_dwn_oct,Graneros,21.102875175315567,1.5570024549489598
allsky_sfc_sw_dwn_oct,Gualeguay,20.224262672811058,1.9325588478207207
allsky_sfc_sw_dwn_oct,Gualeguaychu,20.23206690561529,1.8408634359616125
allsky_sfc_sw_dwn_oct,Guamini,20.512043010752688,1.6130795742770971
allsky_sfc_sw_dwn_oct,Guarani,19.043744740532958,1.8794981002583024
allsky_sfc_sw_dwn_oct,Guasayan,20.871638709677416,1.695535845895718
allsky_sfc_sw_dwn_oct,Guatrache,20.46715821812596,1.7050257736632166
allsky_sfc_sw_dwn_oct,Hipolito Yrigoyen,19.973709677419357,1.638009558844508
allsky_sfc_sw_dwn_oct,Independencia,19.446924731182794,1.9931832063506483
allsky_sfc_sw_dwn_oct,Iriondo,20.713735691987512,1.6495587544719454
allsky_sfc_sw_dwn_oct,Ischilin,21.5881206171108,1.7245246497902318
allsky_sfc_sw_dwn_oct,Ituzaingo,18.853608870967744,2.3473439761133497
allsky_sfc_sw_dwn_oct,Jimenez,20.61610322580645,1.5540225569556192
allsky_sfc_sw_dwn_oct,Juan Bautista Alberdi,21.31858870967742,1.7696622286185673
allsky_sfc_sw_dwn_oct,Juan F. Ibarra,21.720632258064516,1.4836952048780596
allsky_sfc_sw_dwn_oct,Juarez Celman,20.585972944849114,1.7418960108450114
allsky_sfc_sw_dwn_oct,Junin,19.820310633213857,1.6709457883100929
allsky_sfc_sw_dwn_oct,La Candelaria,22.487019354838708,1.3099420659305299
allsky_sfc_sw_dwn_oct,La Capital,20.19300333704116,1.7569264276014016
allsky_sfc_sw_dwn_oct,La Cocha,21.31858870967742,1.7696622286185673
allsky_sfc_sw_dwn_oct,La Paz,20.47774193548387,1.9737666777437364
allsky_sfc_sw_dwn_oct,Laishi,19.08810035842294,1.8596420731886152
allsky_sfc_sw_dwn_oct,Laprida,19.7715651135006,1.5766499077446843
allsky_sfc_sw_dwn_oct,Las Colonias,20.889866518353724,1.679053290786784
allsky_sfc_sw_dwn_oct,Las Flores,19.90385752688172,1.6969785644740916
allsky_sfc_sw_dwn_oct,Leales,20.95318373071529,1.7193569963187831
allsky_sfc_sw_dwn_oct,Leandro N. Alem,20.313572931276298,1.6557305107825857
allsky_sfc_sw_dwn_oct,Libertador General San Martin,19.708543069833393,1.9015639791497805
allsky_sfc_sw_dwn_oct,Lincoln,20.125372636262515,1.6450249543125937
allsky_sfc_sw_dwn_oct,Loberia,19.248720800889878,1.4742928464444036
allsky_sfc_sw_dwn_oct,Lobos,19.75169892473118,1.6363187232206156
allsky_sfc_sw_dwn_oct,Lujan,20.46349462365591,1.7727833713863521
allsky_sfc_sw_dwn_oct,Lules,22.796253101736973,1.1265160943810075
allsky_sfc_sw_dwn_oct,Magdalena,19.609129032258064,1.431964370175365
allsky_sfc_sw_dwn_oct,Maipu,20.252974910394265,1.9357543086271032
allsky_sfc_sw_dwn_oct,Mar Chiquita,19.145578747628086,1.7942343662519002
allsky_sfc_sw_dwn_oct,Maraco,20.70935483870968,1.5716830192526996
allsky_sfc_sw_dwn_oct,Marcos Juarez,20.4154623655914,1.6929144381202166
allsky_sfc_sw_dwn_oct,Marcos Paz,20.073814866760166,1.840955318636471
allsky_sfc_sw_dwn_oct,Mayor Luis J. Fontana,,
allsky_sfc_sw_dwn_oct,Mercedes,20.412090570719606,1.7747744014849056
allsky_sfc_sw_dwn_oct,Metan,20.649510155316605,1.5048940794719086
allsky_sfc_sw_dwn_oct,Mitre,21.62246543778802,1.932075027918391
allsky_sfc_sw_dwn_oct,Monte,19.61475806451613,1.5960734632396505
allsky_sfc_sw_dwn_oct,Monteros,20.9316935483871,1.6957288190885993
allsky_sfc_sw_dwn_oct,Moreno,20.341481481481484,1.650736610011794
allsky_sfc_sw_dwn_oct,Navarro,19.730967741935483,1.6006462785023718
allsky_sfc_sw_dwn_oct,Necochea,19.452916129032257,1.4427517429359462
allsky_sfc_sw_dwn_oct,Nogoya,20.531156840934372,1.8609961481889117
allsky_sfc_sw_dwn_oct,O'Higgins,19.393798126951094,1.9818801265469936
allsky_sfc_sw_dwn_oct,Obera,19.07774193548387,1.9306688323776215
allsky_sfc_sw_dwn_oct,Olavarria,19.96206035379813,1.580935754892965
allsky_sfc_sw_dwn_oct,Oran,19.57778642936596,1.4451265649736225
allsky_sfc_sw_dwn_oct,Parana,20.575610599078342,1.7009935100346467
allsky_sfc_sw_dwn_oct,Pehuajo,20.318938605619145,1.5073448508668978
allsky_sfc_sw_dwn_oct,Pellegrini,21.12933586337761,1.6062408011193903
allsky_sfc_sw_dwn_oct,Pergamino,20.15277419354839,1.7403737934220662
allsky_sfc_sw_dwn_oct,Pilagas,19.068861480075903,1.6271951678988885
allsky_sfc_sw_dwn_oct,Pilar,19.97307692307692,1.6622170098928923
allsky_sfc_sw_dwn_oct,Pilcomayo,19.040685483870966,1.5968975378666834
allsky_sfc_sw_dwn_oct,Pirane,19.32625448028674,1.8651402477974897
allsky_sfc_sw_dwn_oct,Pocho,21.492359932088288,1.5203755334330877
allsky_sfc_sw_dwn_oct,Presidencia De La Plaza,19.342016129032256,2.010664806820604
allsky_sfc_sw_dwn_oct,Presidente Roque Saenz Pena,21.071758584807494,1.7342787714248775
allsky_sfc_sw_dwn_oct,Puan,20.110193548387098,1.7356389036162154
allsky_sfc_sw_dwn_oct,Quemu Quemu,20.466285119667013,1.546182460217487
allsky_sfc_sw_dwn_oct,Quitilipi,20.123456221198158,1.839694347124032
allsky_sfc_sw_dwn_oct,Ramallo,20.265917686318133,1.6550881053613313
allsky_sfc_sw_dwn_oct,Rancul,20.345209080047788,1.7437493329609912
allsky_sfc_sw_dwn_oct,Rauch,19.867301075268816,1.6167301706455794
allsky_sfc_sw_dwn_oct,Realico,20.58555061179088,1.8578248160865596
allsky_sfc_sw_dwn_oct,Rio Chico,20.906816269284715,1.6726152961464598
allsky_sfc_sw_dwn_oct,Rio Cuarto,20.8087319243604,1.891518113966875
allsky_sfc_sw_dwn_oct,Rio Hondo,21.0946519524618,1.5666562656601537
allsky_sfc_sw_dwn_oct,Rio Primero,21.240566959921797,1.5844929467245892
allsky_sfc_sw_dwn_oct,Rio Seco,21.9558064516129,1.6007616284425508
allsky_sfc_sw_dwn_oct,Rio Segundo,21.091724565756824,1.587969568409959
allsky_sfc_sw_dwn_oct,Rivadavia,20.074234262449107,1.6761074357367172
allsky_sfc_sw_dwn_oct,Robles,21.779953917050694,1.7492948430396464
allsky_sfc_sw_dwn_oct,Rojas,19.832747138397504,1.685757810471864
allsky_sfc_sw_dwn_oct,Roque Perez,19.791401557285873,1.6505112822272654
allsky_sfc_sw_dwn_oct,Rosario,20.082603686635945,1.7780051051223313
allsky_sfc_sw_dwn_oct,Rosario De La Frontera,20.734154838709678,1.5174679609425021
allsky_sfc_sw_dwn_oct,Saavedra,20.560851612903225,1.5600839221847822
allsky_sfc_sw_dwn_oct,Saladillo,19.822763440860214,1.630876152639765
allsky_sfc_sw_dwn_oct,Salliquelo,20.320709677419355,1.5374558810564078
allsky_sfc_sw_dwn_oct,Salto,19.86194623655914,1.708426896918453
allsky_sfc_sw_dwn_oct,San Alberto,22.105806451612903,1.9042470127964028
allsky_sfc_sw_dwn_oct,San Andres De Giles,20.567946236559138,1.739723973092747
allsky_sfc_sw_dwn_oct,San Antonio De Areco,20.462752688172042,1.753077165683703
allsky_sfc_sw_dwn_oct,San Cayetano,19.53258064516129,1.501132628229038
allsky_sfc_sw_dwn_oct,San Cristobal,20.893410138248846,1.770998520837644
allsky_sfc_sw_dwn_oct,San Fernando,19.414716351501667,2.069120011412514
allsky_sfc_sw_dwn_oct,San Javier,18.87509608785175,2.162176089326836
allsky_sfc_sw_dwn_oct,San Jeronimo,20.00579569892473,1.8782775876343865
allsky_sfc_sw_dwn_oct,San Justo,21.62952210274791,1.7364904880680039
allsky_sfc_sw_dwn_oct,San Lorenzo,20.35674360400445,1.7148129733058342
allsky_sfc_sw_dwn_oct,San Martin,20.698727047146402,1.6652954797930912
allsky_sfc_sw_dwn_oct,San Nicolas,20.298698924731184,1.6361832812686352
allsky_sfc_sw_dwn_oct,San Pedro,20.377425064230657,1.8365776824035862
allsky_sfc_sw_dwn_oct,San Salvador,20.618467741935483,2.333210661678438
allsky_sfc_sw_dwn_oct,Santa Barbara,19.52060117302053,1.5339629848476317
allsky_sfc_sw_dwn_oct,Santa Maria,21.697918834547345,1.7349675528851853
allsky_sfc_sw_dwn_oct,Santa Rosa,22.122604540023893,1.5962801599979128
allsky_sfc_sw_dwn_oct,Santo Tome,18.567571157495255,2.3076831251965584
allsky_sfc_sw_dwn_oct,Sargento Cabral,19.598670967741935,1.9984304570612472
allsky_sfc_sw_dwn_oct,Sauce,20.140669975186103,2.2737476321068697
allsky_sfc_sw_dwn_oct,Silipica,21.996048387096774,1.8976286309648718
allsky_sfc_sw_dwn_oct,Simoca,21.134838709677418,1.7249421497399435
allsky_sfc_sw_dwn_oct,Sobremonte,21.636876832844575,1.6361104953544259
allsky_sfc_sw_dwn_oct,Suipacha,20.687037037037037,1.7019085745897768
allsky_sfc_sw_dwn_oct,Tafi Viejo,22.579709677419352,1.2798542599891403
allsky_sfc_sw_dwn_oct,Tala,19.843512544802866,2.1236231616868997
allsky_sfc_sw_dwn_oct,Tandil,19.810387096774193,1.7653997425601973
allsky_sfc_sw_dwn_oct,Tapalque,19.889086021505378,1.8591465403460672
allsky_sfc_sw_dwn_oct,Tercero Arriba,21.20575682382134,1.8118106446907858
allsky_sfc_sw_dwn_oct,Toay,20.511720430107527,1.6875005122432059
allsky_sfc_sw_dwn_oct,Tornquist,20.48766407119021,1.5532479640455354
allsky_sfc_sw_dwn_oct,Totoral,21.617862903225806,1.833739403438981
allsky_sfc_sw_dwn_oct,Trenel,20.48516129032258,1.8104093557479781
allsky_sfc_sw_dwn_oct,Trenque Lauquen,20.093214285714286,1.4887125406117643
allsky_sfc_sw_dwn_oct,Tres Arroyos,19.621935483870967,1.403012863338403
allsky_sfc_sw_dwn_oct,Tres Lomas,20.251103565365025,1.7005112549865997
allsky_sfc_sw_dwn_oct,Tulumba,21.629143920595535,1.925732030641374
allsky_sfc_sw_dwn_oct,Union,20.436255760368663,1.6956260461204757
allsky_sfc_sw_dwn_oct,Uruguay,20.58684331797235,1.7055353068716133
allsky_sfc_sw_dwn_oct,Utracan,20.43516129032258,1.50309150722246
allsky_sfc_sw_dwn_oct,Vera,20.722602150537632,2.011053969168475
allsky_sfc_sw_dwn_oct,Victoria,20.443021505376343,1.8056334880338882
allsky_sfc_sw_dwn_oct,Villa Constitucion,20.15277419354839,1.7403737934220662
allsky_sfc_sw_dwn_oct,Villaguay,20.547338709677422,1.971856588056473
allsky_sfc_sw_dwn_oct,Zarate,20.462752688172042,1.753077165683703
allsky_sfc_sw_dwn_nov,12 De Octubre,23.679844444444445,1.8145860694165379
allsky_sfc_sw_dwn_nov,2 De Abril,23.716383333333333,1.9401223427842793
allsky_sfc_sw_dwn_nov,25 De Mayo,24.299987987987986,1.4656372363765355
allsky_sfc_sw_dwn_nov,9 De Julio,24.30866165413534,1.4098289358948175
allsky_sfc_sw_dwn_nov,Adolfo Alsina,24.456722222222222,1.5451269968494215
allsky_sfc_sw_dwn_nov,Adolfo Gonzales Chaves,24.950888888888887,1.3738697048162778
allsky_sfc_sw_dwn_nov,Aguirre,22.78839393939394,1.777089242566669
allsky_sfc_sw_dwn_nov,Alberdi,23.537909090909093,2.0762882637786486
allsky_sfc_sw_dwn_nov,Alberti,24.335838709677418,1.5245507604755004
allsky_sfc_sw_dwn_nov,Almirante Brown,23.01066666666667,1.5197744878195456
allsky_sfc_sw_dwn_nov,Anta,22.279500000000002,1.590702053951162
allsky_sfc_sw_dwn_nov,Arrecifes,24.190045977011497,1.403629452764426
allsky_sfc_sw_dwn_nov,Atreuco,26.063904761904762,1.4539320401673
allsky_sfc_sw_dwn_nov,Ayacucho,24.236628205128206,1.3613802982908538
allsky_sfc_sw_dwn_nov,Azul,24.650080459770116,1.355334447845713
allsky_sfc_sw_dwn_nov,Balcarce,24.18394252873563,1.3707425894671448
allsky_sfc_sw_dwn_nov,Banda,23.596555555555558,1.7870344128171096
allsky_sfc_sw_dwn_nov,Baradero,24.515333333333334,1.468688731501102
allsky_sfc_sw_dwn_nov,Belgrano,24.651197411003235,1.3720740644821638
allsky_sfc_sw_dwn_nov,Bella Vista,23.08791111111111,2.2264248174427235
allsky_sfc_sw_dwn_nov,Benito Juarez,24.54748888888889,1.2953076048028227
allsky_sfc_sw_dwn_nov,Bermejo,23.739105263157896,1.9247948297032185
allsky_sfc_sw_dwn_nov,Bolivar,24.46222580645161,1.5313029755301146
allsky_sfc_sw_dwn_nov,Bragado,24.382944444444444,1.2950578030660445
allsky_sfc_sw_dwn_nov,Brandsen,24.063866666666666,1.1939132172693165
allsky_sfc_sw_dwn_nov,Burruyacu,22.908486111111113,2.1293440167872593
allsky_sfc_sw_dwn_nov,Cainguas,22.579727272727272,2.774770893133253
allsky_sfc_sw_dwn_nov,Calamuchita,24.604053763440863,1.635668981038542
allsky_sfc_sw_dwn_nov,Campana,24.327448275862068,1.527601271617213
allsky_sfc_sw_dwn_nov,Canuelas,24.00182142857143,1.5284543807689224
allsky_sfc_sw_dwn_nov,Capital,26.12908333333333,1.3824268139227756
allsky_sfc_sw_dwn_nov,Capitan Sarmiento,24.580119047619046,1.3533408356365846
allsky_sfc_sw_dwn_nov,Carlos Casares,24.630966666666666,1.5299822810934018
allsky_sfc_sw_dwn_nov,Carlos Tejedor,24.774655913978492,1.6453444387430696
allsky_sfc_sw_dwn_nov,Carmen De Areco,24.551602150537633,1.331922329565512
allsky_sfc_sw_dwn_nov,Caseros,24.429066666666664,1.68064699136331
allsky_sfc_sw_dwn_nov,Castellanos,24.8668,1.3926013905458337
allsky_sfc_sw_dwn_nov,Castelli,24.106254901960785,1.3511253001840304
allsky_sfc_sw_dwn_nov,Catrilo,25.778333333333332,1.6323818616433536
allsky_sfc_sw_dwn_nov,Chacabuco,24.318836940836942,1.3713705182834008
allsky_sfc_sw_dwn_nov,Chapaleufu,25.313604166666668,1.6529970943160206
allsky_sfc_sw_dwn_nov,Chascomus,24.0913,1.586161827708056
allsky_sfc_sw_dwn_nov,Chicligasta,23.13874358974359,2.4003614394265793
allsky_sfc_sw_dwn_nov,Chivilcoy,24.275222222222222,1.3681783490800612
allsky_sfc_sw_dwn_nov,Choya,23.884622222222223,2.110920287031478
allsky_sfc_sw_dwn_nov,Colon,24.60148717948718,1.6138860166379363
allsky_sfc_sw_dwn_nov,Comandante Fernandez,23.650022222222223,1.4308050327122621
allsky_sfc_sw_dwn_nov,Concordia,24.140538461538462,1.9018240766331511
allsky_sfc_sw_dwn_nov,Conhelo,26.004444444444445,1.5883084535409813
allsky_sfc_sw_dwn_nov,Copo,23.367561403508773,1.9621056623636255
allsky_sfc_sw_dwn_nov,Coronel Dorrego,25.51696296296296,1.3725963896946722
allsky_sfc_sw_dwn_nov,Coronel Pringles,25.214875816993462,1.3542432244382172
allsky_sfc_sw_dwn_nov,Coronel Suarez,25.28487356321839,1.5019450971033
allsky_sfc_sw_dwn_nov,Cruz Alta,23.874972222222222,1.6162572794570003
allsky_sfc_sw_dwn_nov,Curuzu Cuatia,24.217277777777777,2.901542856159107
allsky_sfc_sw_dwn_nov,Daireaux,24.939434343434346,1.4057962267500872
allsky_sfc_sw_dwn_nov,Diamante,24.494881720430108,1.3760175831897319
allsky_sfc_sw_dwn_nov,Dolores,24.106254901960785,1.3511253001840304
allsky_sfc_sw_dwn_nov,El Alto,24.675507936507934,1.558488671826537
allsky_sfc_sw_dwn_nov,El Carmen,24.751349206349204,1.7747104348352802
allsky_sfc_sw_dwn_nov,Esquina,24.129404761904762,2.3933530467675066
allsky_sfc_sw_dwn_nov,Exaltacion De La Cruz,24.242088888888887,1.3416083043873215
allsky_sfc_sw_dwn_nov,Famailla,23.1211875,2.154701072225135
allsky_sfc_sw_dwn_nov,Federacion,24.205055555555557,2.7579341616270105
allsky_sfc_sw_dwn_nov,Federal,24.071037037037037,2.1835297765087343
allsky_sfc_sw_dwn_nov,Feliciano,24.744666666666664,1.3583861728937747
allsky_sfc_sw_dwn_nov,Figueroa,23.736102564102566,1.670968129140705
allsky_sfc_sw_dwn_nov,Florentino Ameghino,24.61128787878788,1.510909408674703
allsky_sfc_sw_dwn_nov,Fray Justo Santa Maria De Oro,23.82803571428571,1.6436450242541543
allsky_sfc_sw_dwn_nov,Garay,24.489160493827164,1.3902450634686288
allsky_sfc_sw_dwn_nov,General Alvarado,24.440266666666666,1.5722313849969245
allsky_sfc_sw_dwn_nov,General Alvear,24.698034482758622,1.4108522060021642
allsky_sfc_sw_dwn_nov,General Arenales,24.308290322580646,1.4343888871466808
allsky_sfc_sw_dwn_nov,General Belgrano,24.141679611650485,1.5235981441448645
allsky_sfc_sw_dwn_nov,General Donovan,23.667578947368423,1.4828051778914006
allsky_sfc_sw_dwn_nov,General Guemes,21.535096385542168,1.7739049956764785
allsky_sfc_sw_dwn_nov,General Jose De San Martin,24.168850574712643,1.528613897979762
allsky_sfc_sw_dwn_nov,General Juan Madariaga,23.85448,1.5551828881374536
allsky_sfc_sw_dwn_nov,General La Madrid,25.467493333333334,1.4786431972639036
allsky_sfc_sw_dwn_nov,General Las Heras,24.243371794871795,1.4136513740489296
allsky_sfc_sw_dwn_nov,General Lopez,24.349155555555555,1.5016771944808933
allsky_sfc_sw_dwn_nov,General Manuel Belgrano,22.348882352941175,2.3759745571881083
allsky_sfc_sw_dwn_nov,General Obligado,23.884493827160494,2.1482790873984676
allsky_sfc_sw_dwn_nov,General Paz,24.852666666666668,1.0425107047145583
allsky_sfc_sw_dwn_nov,General Pinto,24.321144444444442,1.4759991814971753
allsky_sfc_sw_dwn_nov,General Pueyrredon,24.16784946236559,1.3694701512269463
allsky_sfc_sw_dwn_nov,General Roca,24.78820430107527,1.4500770111794947
allsky_sfc_sw_dwn_nov,General Rodriguez,24.29717333333333,1.4227993960785479
allsky_sfc_sw_dwn_nov,General San Martin,24.68906896551724,1.4391021902983503
allsky_sfc_sw_dwn_nov,General Taboada,23.47325,1.7255048754213598
allsky_sfc_sw_dwn_nov,General Viamonte,24.271766666666668,1.546717453957082
allsky_sfc_sw_dwn_nov,General Villegas,25.461322222222222,1.6171289337520478
allsky_sfc_sw_dwn_nov,Graneros,22.618376811594203,1.9664502713623067
allsky_sfc_sw_dwn_nov,Gualeguay,24.32807142857143,1.477494354211026
allsky_sfc_sw_dwn_nov,Gualeguaychu,24.4929012345679,1.583589023389092
allsky_sfc_sw_dwn_nov,Guamini,25.856958333333335,1.2910140990653458
allsky_sfc_sw_dwn_nov,Guarani,23.012217391304347,2.5151847123942153
allsky_sfc_sw_dwn_nov,Guasayan,23.323293333333332,2.0143485858175567
allsky_sfc_sw_dwn_nov,Guatrache,25.88563492063492,1.2814711506908407
allsky_sfc_sw_dwn_nov,Hipolito Yrigoyen,24.75412222222222,1.3253695486487211
allsky_sfc_sw_dwn_nov,Independencia,23.540399999999998,1.965006736459064
allsky_sfc_sw_dwn_nov,Iriondo,24.791440860215054,1.3919867799156636
allsky_sfc_sw_dwn_nov,Ischilin,24.71986956521739,1.4259746329898764
allsky_sfc_sw_dwn_nov,Ituzaingo,23.426229166666666,2.428801398400118
allsky_sfc_sw_dwn_nov,Jimenez,22.473213333333334,1.8579544104959842
allsky_sfc_sw_dwn_nov,Juan Bautista Alberdi,22.9391875,2.195489382613057
allsky_sfc_sw_dwn_nov,Juan F. Ibarra,23.429333333333332,1.9599544590325264
allsky_sfc_sw_dwn_nov,Juarez Celman,24.671365591397848,1.5352505799931084
allsky_sfc_sw_dwn_nov,Junin,24.009635802469138,1.4669613672886817
allsky_sfc_sw_dwn_nov,La Candelaria,23.667546666666667,1.6227310195629625
allsky_sfc_sw_dwn_nov,La Capital,24.357080459770113,1.5721617072588978
allsky_sfc_sw_dwn_nov,La Cocha,22.9391875,2.195489382613057
allsky_sfc_sw_dwn_nov,La Paz,24.155505747126437,1.836325347726783
allsky_sfc_sw_dwn_nov,Laishi,23.225148148148147,1.7322668710994813
allsky_sfc_sw_dwn_nov,Laprida,24.927913580246916,1.294136225119851
allsky_sfc_sw_dwn_nov,Las Colonias,24.773241379310345,1.301634359993423
allsky_sfc_sw_dwn_nov,Las Flores,24.583819444444444,1.5073085107762834
allsky_sfc_sw_dwn_nov,Leales,22.73823188405797,1.862455361636545
allsky_sfc_sw_dwn_nov,Leandro N. Alem,24.466594202898552,1.2729682347016489
allsky_sfc_sw_dwn_nov,Libertador General San Martin,23.114978021978025,1.5967926678823885
allsky_sfc_sw_dwn_nov,Lincoln,24.393183908045977,1.4474560019801324
allsky_sfc_sw_dwn_nov,Loberia,23.873183908045977,1.540820623930192
allsky_sfc_sw_dwn_nov,Lobos,24.09322222222222,1.3176680182753524
allsky_sfc_sw_dwn_nov,Lujan,24.57656666666667,1.3410460552204098
allsky_sfc_sw_dwn_nov,Lules,23.89653846153846,1.8781548497398015
allsky_sfc_sw_dwn_nov,Magdalena,23.81406666666667,1.3468600594542424
allsky_sfc_sw_dwn_nov,Maipu,23.558585185185187,1.3625416914544626
allsky_sfc_sw_dwn_nov,Mar Chiquita,23.92162745098039,1.3441153941572341
allsky_sfc_sw_dwn_nov,Maraco,26.022086021505377,1.3998290582616308
allsky_sfc_sw_dwn_nov,Marcos Juarez,24.51833333333333,1.6388111006930572
allsky_sfc_sw_dwn_nov,Marcos Paz,24.109565217391303,1.4406315409274417
allsky_sfc_sw_dwn_nov,Mayor Luis J. Fontana,,
allsky_sfc_sw_dwn_nov,Mercedes,24.50571794871795,1.3539608535557024
allsky_sfc_sw_dwn_nov,Metan,22.283222222222225,1.833578671230047
allsky_sfc_sw_dwn_nov,Mitre,23.713380952380952,2.055966933524475
allsky_sfc_sw_dwn_nov,Monte,24.170214285714284,1.552533591650756
allsky_sfc_sw_dwn_nov,Monteros,22.451277777777776,2.2529727290504686
allsky_sfc_sw_dwn_nov,Moreno,23.045493827160495,1.4958125121624122
allsky_sfc_sw_dwn_nov,Navarro,24.157130952380953,1.3956184591251695
allsky_sfc_sw_dwn_nov,Necochea,24.325066666666668,1.3117073444207772
allsky_sfc_sw_dwn_nov,Nogoya,24.60434482758621,1.5090559476168426
allsky_sfc_sw_dwn_nov,O'Higgins,23.507892473118282,1.9404386128591624
allsky_sfc_sw_dwn_nov,Obera,22.9941,2.5130997450668304
allsky_sfc_sw_dwn_nov,Olavarria,24.66489247311828,1.4521144312298193
allsky_sfc_sw_dwn_nov,Oran,21.1991724137931,1.707699205467602
allsky_sfc_sw_dwn_nov,Parana,24.686761904761905,1.3397573235728255
allsky_sfc_sw_dwn_nov,Pehuajo,24.624408602150538,1.5047095541312627
allsky_sfc_sw_dwn_nov,Pellegrini,23.298019607843138,1.9419021998100554
allsky_sfc_sw_dwn_nov,Pergamino,24.318922222222223,1.5588916553037728
allsky_sfc_sw_dwn_nov,Pilagas,23.094176470588234,1.5429458122085058
allsky_sfc_sw_dwn_nov,Pilar,24.258602564102564,1.4266280057666074
allsky_sfc_sw_dwn_nov,Pilcomayo,23.219666666666665,1.4671609369168794
allsky_sfc_sw_dwn_nov,Pirane,22.872296296296295,1.6039732076425555
allsky_sfc_sw_dwn_nov,Pocho,25.151964912280704,1.414577714306134
allsky_sfc_sw_dwn_nov,Presidencia De La Plaza,22.980866666666667,1.5218323919669228
allsky_sfc_sw_dwn_nov,Presidente Roque Saenz Pena,24.92162365591398,1.5911084623083216
allsky_sfc_sw_dwn_nov,Puan,24.49404,1.556721157504523
allsky_sfc_sw_dwn_nov,Quemu Quemu,25.70951612903226,1.5485294047333344
allsky_sfc_sw_dwn_nov,Quitilipi,23.57097619047619,1.4687356000269736
allsky_sfc_sw_dwn_nov,Ramallo,24.382505747126437,1.5463881923482363
allsky_sfc_sw_dwn_nov,Rancul,25.499160493827162,1.6829659141298212
allsky_sfc_sw_dwn_nov,Rauch,24.62702222222222,1.4114212584617687
allsky_sfc_sw_dwn_nov,Realico,25.267758620689655,1.688853736598709
allsky_sfc_sw_dwn_nov,Rio Chico,22.230333333333334,1.7547459627933024
allsky_sfc_sw_dwn_nov,Rio Cuarto,24.907080459770114,1.7504628631760542
allsky_sfc_sw_dwn_nov,Rio Hondo,23.56457894736842,2.1505371101769466
allsky_sfc_sw_dwn_nov,Rio Primero,24.692585858585858,1.5488340014666921
allsky_sfc_sw_dwn_nov,Rio Seco,24.902766666666665,1.4613620087745718
allsky_sfc_sw_dwn_nov,Rio Segundo,24.768371794871793,1.5308769957900992
allsky_sfc_sw_dwn_nov,Rivadavia,24.228582524271843,1.509419989687743
allsky_sfc_sw_dwn_nov,Robles,24.593,1.8871359704430875
allsky_sfc_sw_dwn_nov,Rojas,24.292139784946237,1.365277350127733
allsky_sfc_sw_dwn_nov,Roque Perez,24.044367816091953,1.3130491514658913
allsky_sfc_sw_dwn_nov,Rosario,24.238095238095237,1.5673591373679772
allsky_sfc_sw_dwn_nov,Rosario De La Frontera,22.405586666666668,1.8519180179438792
allsky_sfc_sw_dwn_nov,Saavedra,25.869706666666666,1.2653258082846137
allsky_sfc_sw_dwn_nov,Saladillo,24.065577777777776,1.2954313145346157
allsky_sfc_sw_dwn_nov,Salliquelo,25.41188,1.4345578486457466
allsky_sfc_sw_dwn_nov,Salto,24.11021111111111,1.446874812832892
allsky_sfc_sw_dwn_nov,San Alberto,24.828705882352942,1.6319618471607225
allsky_sfc_sw_dwn_nov,San Andres De Giles,24.505755555555556,1.329580387623095
allsky_sfc_sw_dwn_nov,San Antonio De Areco,24.608366666666665,1.355058374419453
allsky_sfc_sw_dwn_nov,San Cayetano,24.544733333333333,1.3699261402096214
allsky_sfc_sw_dwn_nov,San Cristobal,24.488666666666667,1.357505370625
allsky_sfc_sw_dwn_nov,San Fernando,23.491655172413793,1.9092662379363132
allsky_sfc_sw_dwn_nov,San Javier,22.746991134751774,2.4076844363699035
allsky_sfc_sw_dwn_nov,San Jeronimo,23.866755555555553,2.0166907929274682
allsky_sfc_sw_dwn_nov,San Justo,24.375293209876546,1.4748636769061403
allsky_sfc_sw_dwn_nov,San Lorenzo,24.59526724137931,1.3678127659674866
allsky_sfc_sw_dwn_nov,San Martin,24.823402564102565,1.3755744224594462
allsky_sfc_sw_dwn_nov,San Nicolas,24.46478888888889,1.5849204132534176
allsky_sfc_sw_dwn_nov,San Pedro,24.434339233038347,1.5527055202315825
allsky_sfc_sw_dwn_nov,San Salvador,24.6455,2.267958275051315
allsky_sfc_sw_dwn_nov,Santa Barbara,21.646515151515153,1.6816578546098906
allsky_sfc_sw_dwn_nov,Santa Maria,24.52168817204301,1.5801398787952738
allsky_sfc_sw_dwn_nov,Santa Rosa,24.39746913580247,1.5438103550864992
allsky_sfc_sw_dwn_nov,Santo Tome,23.01745098039216,2.6171350428505478
allsky_sfc_sw_dwn_nov,Sargento Cabral,23.699653333333334,1.8803473341478796
allsky_sfc_sw_dwn_nov,Sauce,24.03846153846154,2.734786258620932
allsky_sfc_sw_dwn_nov,Silipica,24.798777777777776,1.839450199662126
allsky_sfc_sw_dwn_nov,Simoca,22.992,2.261549760111486
allsky_sfc_sw_dwn_nov,Sobremonte,24.351242424242425,1.5167775999263333
allsky_sfc_sw_dwn_nov,Suipacha,24.632530864197534,1.265385628391866
allsky_sfc_sw_dwn_nov,Tafi Viejo,23.824966666666665,1.6359547704967603
allsky_sfc_sw_dwn_nov,Tala,24.142456790123454,1.9066439082112876
allsky_sfc_sw_dwn_nov,Tandil,24.526333333333334,1.268271590624898
allsky_sfc_sw_dwn_nov,Tapalque,24.977074074074075,1.2825470958268157
allsky_sfc_sw_dwn_nov,Tercero Arriba,24.504628205128203,1.7633504985350361
allsky_sfc_sw_dwn_nov,Toay,26.18272222222222,1.3103416420744058
allsky_sfc_sw_dwn_nov,Tornquist,25.503574712643676,1.3633093515662065
allsky_sfc_sw_dwn_nov,Totoral,24.54510416666667,1.5455333571213903
allsky_sfc_sw_dwn_nov,Trenel,25.37596153846154,1.7191677814232558
allsky_sfc_sw_dwn_nov,Trenque Lauquen,24.741071428571427,1.6712275061837154
allsky_sfc_sw_dwn_nov,Tres Arroyos,25.085397435897434,1.4158160929512802
allsky_sfc_sw_dwn_nov,Tres Lomas,25.50133333333333,1.5409424405013545
allsky_sfc_sw_dwn_nov,Tulumba,24.728820512820512,1.4563961556016556
allsky_sfc_sw_dwn_nov,Union,24.47602380952381,1.667100948181774
allsky_sfc_sw_dwn_nov,Uruguay,24.689833333333333,1.3419784684847003
allsky_sfc_sw_dwn_nov,Utracan,25.39121052631579,1.8487632676692376
allsky_sfc_sw_dwn_nov,Vera,23.948633333333337,1.5516818643156125
allsky_sfc_sw_dwn_nov,Victoria,24.53032222222222,1.385075929100712
allsky_sfc_sw_dwn_nov,Villa Constitucion,24.318922222222223,1.5588916553037728
allsky_sfc_sw_dwn_nov,Villaguay,24.426535714285713,1.5619162398288309
allsky_sfc_sw_dwn_nov,Zarate,24.608366666666665,1.355058374419453
allsky_sfc_sw_dwn_dic,12 De Octubre,24.26052688172043,1.4195560366128142
allsky_sfc_sw_dwn_dic,2 De Abril,24.187532258064515,1.5766238868218663
allsky_sfc_sw_dwn_dic,25 De Mayo,26.443275210694566,1.6340628754488113
allsky_sfc_sw_dwn_dic,9 De Julio,26.446652922629152,1.581516723256247
allsky_sfc_sw_dwn_dic,Adolfo Alsina,26.564959677419353,1.532579317655441
allsky_sfc_sw_dwn_dic,Adolfo Gonzales Chaves,27.45485065710872,1.6896770936226413
allsky_sfc_sw_dwn_dic,Aguirre,23.089780058651026,1.6874245932645855
allsky_sfc_sw_dwn_dic,Alberdi,24.006114369501464,1.7634292602291832
allsky_sfc_sw_dwn_dic,Alberti,26.513496357960456,1.4730797823164687
allsky_sfc_sw_dwn_dic,Almirante Brown,23.255460829493085,1.5619398560240554
allsky_sfc_sw_dwn_dic,Anta,22.879640198511165,1.7210934000789755
allsky_sfc_sw_dwn_dic,Arrecifes,26.21285873192436,1.5755409705289196
allsky_sfc_sw_dwn_dic,Atreuco,28.423490783410138,1.6565266172336803
allsky_sfc_sw_dwn_dic,Ayacucho,26.73016129032258,1.5368551120747815
allsky_sfc_sw_dwn_dic,Azul,26.793503893214684,1.5658494074816054
allsky_sfc_sw_dwn_dic,Balcarce,26.699076751946606,1.5950516723299413
allsky_sfc_sw_dwn_dic,Banda,23.941182795698925,1.660528720926308
allsky_sfc_sw_dwn_dic,Baradero,26.0567311827957,1.6476094213409391
allsky_sfc_sw_dwn_dic,Belgrano,25.637344190416535,1.8647860544958568
allsky_sfc_sw_dwn_dic,Bella Vista,24.406430107526884,1.0614969926561106
allsky_sfc_sw_dwn_dic,Benito Juarez,26.957763440860216,1.5971213989395023
allsky_sfc_sw_dwn_dic,Bermejo,24.17804753820034,1.683298768713673
allsky_sfc_sw_dwn_dic,Bolivar,26.456701352757545,1.470943040515287
allsky_sfc_sw_dwn_dic,Bragado,26.595666666666666,1.5640790203537054
allsky_sfc_sw_dwn_dic,Brandsen,26.854387096774197,1.3532463350872173
allsky_sfc_sw_dwn_dic,Burruyacu,23.107755376344087,1.924442600828911
allsky_sfc_sw_dwn_dic,Cainguas,23.435645161290324,1.8238195203562138
allsky_sfc_sw_dwn_dic,Calamuchita,25.664068678459937,1.980002040307374
allsky_sfc_sw_dwn_dic,Campana,26.516907675194663,1.5129698198947337
allsky_sfc_sw_dwn_dic,Canuelas,26.432246543778803,1.4807308562050348
allsky_sfc_sw_dwn_dic,Capital,28.243302867383516,1.7477311091477576
allsky_sfc_sw_dwn_dic,Capitan Sarmiento,26.56814516129032,1.5790029618735444
allsky_sfc_sw_dwn_dic,Carlos Casares,26.728967741935485,1.8665980989937185
allsky_sfc_sw_dwn_dic,Carlos Tejedor,26.846389177939646,1.8298096779839708
allsky_sfc_sw_dwn_dic,Carmen De Areco,26.718397502601455,1.41246493050586
allsky_sfc_sw_dwn_dic,Caseros,26.080924731182794,1.7649568028531646
allsky_sfc_sw_dwn_dic,Castellanos,25.802870967741935,1.6604666475430074
allsky_sfc_sw_dwn_dic,Castelli,27.195237191650854,1.1519035366152168
allsky_sfc_sw_dwn_dic,Catrilo,27.90290322580645,1.8532594657096608
allsky_sfc_sw_dwn_dic,Chacabuco,26.237276916631753,1.4594504575801943
allsky_sfc_sw_dwn_dic,Chapaleufu,27.376401209677418,1.892673489413131
allsky_sfc_sw_dwn_dic,Chascomus,26.229075268817205,1.4560469561133933
allsky_sfc_sw_dwn_dic,Chicligasta,22.101786600496276,2.3404689809014023
allsky_sfc_sw_dwn_dic,Chivilcoy,26.255505376344086,1.4962143647670272
allsky_sfc_sw_dwn_dic,Choya,24.639870967741935,1.770367704917241
allsky_sfc_sw_dwn_dic,Colon,26.1215684994123,1.614583227246976
allsky_sfc_sw_dwn_dic,Comandante Fernandez,24.161139784946236,1.61985063634273
allsky_sfc_sw_dwn_dic,Concordia,25.306761786600497,1.6731843573558989
allsky_sfc_sw_dwn_dic,Conhelo,28.25256869772999,1.851811262149629
allsky_sfc_sw_dwn_dic,Copo,24.214685908319186,1.8020952796735983
allsky_sfc_sw_dwn_dic,Coronel Dorrego,27.943166069295103,1.7103561648072518
allsky_sfc_sw_dwn_dic,Coronel Pringles,27.627805186590766,1.5294292502457287
allsky_sfc_sw_dwn_dic,Coronel Suarez,27.55234705228031,1.5775517903952165
allsky_sfc_sw_dwn_dic,Cruz Alta,23.240712365591396,1.4739420054150807
allsky_sfc_sw_dwn_dic,Curuzu Cuatia,24.940107526881718,1.5656884704794405
allsky_sfc_sw_dwn_dic,Daireaux,27.147761485826003,1.5556960537407594
allsky_sfc_sw_dwn_dic,Diamante,25.573069719042664,1.7327829461915685
allsky_sfc_sw_dwn_dic,Dolores,27.195237191650854,1.1519035366152168
allsky_sfc_sw_dwn_dic,El Alto,24.981981566820277,1.6089212306344285
allsky_sfc_sw_dwn_dic,El Carmen,23.347511520737328,1.6249896506285573
allsky_sfc_sw_dwn_dic,Esquina,24.94205069124424,1.553667524301415
allsky_sfc_sw_dwn_dic,Exaltacion De La Cruz,26.665075268817205,1.5751738270899023
allsky_sfc_sw_dwn_dic,Famailla,23.00703629032258,1.879348889170159
allsky_sfc_sw_dwn_dic,Federacion,25.302060931899643,1.80049390005262
allsky_sfc_sw_dwn_dic,Federal,25.174767025089608,1.6045645546428708
allsky_sfc_sw_dwn_dic,Feliciano,25.685659824046922,1.7820899983376377
allsky_sfc_sw_dwn_dic,Figueroa,23.830322580645163,1.984289137674714
allsky_sfc_sw_dwn_dic,Florentino Ameghino,26.845557184750735,1.678312216383601
allsky_sfc_sw_dwn_dic,Fray Justo Santa Maria De Oro,24.4153801843318,1.751868291323382
allsky_sfc_sw_dwn_dic,Garay,25.603393070489844,1.783652516632937
allsky_sfc_sw_dwn_dic,General Alvarado,26.32195698924731,1.3300935882698321
allsky_sfc_sw_dwn_dic,General Alvear,27.05797552836485,1.6696786054752049
allsky_sfc_sw_dwn_dic,General Arenales,26.414859521331945,1.5135462144093412
allsky_sfc_sw_dwn_dic,General Belgrano,26.343056686501725,1.4193309553541282
allsky_sfc_sw_dwn_dic,General Donovan,24.349303904923598,1.5848599802295662
allsky_sfc_sw_dwn_dic,General Guemes,22.21241741158181,1.7609957845139919
allsky_sfc_sw_dwn_dic,General Jose De San Martin,23.48745272525028,1.6003941658656058
allsky_sfc_sw_dwn_dic,General Juan Madariaga,26.737006451612903,1.4246866665392686
allsky_sfc_sw_dwn_dic,General La Madrid,27.674812903225806,1.6449457662958993
allsky_sfc_sw_dwn_dic,General Las Heras,26.81287841191067,1.3058234026793332
allsky_sfc_sw_dwn_dic,General Lopez,26.314967741935487,1.6416176334808412
allsky_sfc_sw_dwn_dic,General Manuel Belgrano,22.567666034155597,1.8432636006483665
allsky_sfc_sw_dwn_dic,General Obligado,24.70774193548387,1.69310538693748
allsky_sfc_sw_dwn_dic,General Paz,27.246982922201138,1.4283665571579993
allsky_sfc_sw_dwn_dic,General Pinto,26.250569892473116,1.6730409887636117
allsky_sfc_sw_dwn_dic,General Pueyrredon,26.44767950052029,1.6067106053249447
allsky_sfc_sw_dwn_dic,General Roca,25.798865764828303,1.8774273858435324
allsky_sfc_sw_dwn_dic,General Rodriguez,26.793083870967745,1.3353972560349219
allsky_sfc_sw_dwn_dic,General San Martin,25.936206896551724,1.842252820879008
allsky_sfc_sw_dwn_dic,General Taboada,24.08528801843318,1.5949043547715818
allsky_sfc_sw_dwn_dic,General Viamonte,26.371387096774193,1.418909724294709
allsky_sfc_sw_dwn_dic,General Villegas,27.33336559139785,1.9421554771810783
allsky_sfc_sw_dwn_dic,Graneros,22.414642356241234,2.264729906400864
allsky_sfc_sw_dwn_dic,Gualeguay,26.083963133640555,1.668310422758061
allsky_sfc_sw_dwn_dic,Gualeguaychu,26.101254480286737,1.7058090661108234
allsky_sfc_sw_dwn_dic,Guamini,28.298642473118278,1.452544111411032
allsky_sfc_sw_dwn_dic,Guarani,23.64273492286115,1.9009515286583798
allsky_sfc_sw_dwn_dic,Guasayan,23.75276129032258,1.8830721007422497
allsky_sfc_sw_dwn_dic,Guatrache,28.222549923195082,1.4689431451316122
allsky_sfc_sw_dwn_dic,Hipolito Yrigoyen,27.000032258064515,1.5430959799288118
allsky_sfc_sw_dwn_dic,Independencia,24.208139784946237,1.5996751901356212
allsky_sfc_sw_dwn_dic,Iriondo,25.76372528616025,1.8717435188819687
allsky_sfc_sw_dwn_dic,Ischilin,25.83704067321178,1.7125460017413703
allsky_sfc_sw_dwn_dic,Ituzaingo,24.495262096774194,1.5988421570195046
allsky_sfc_sw_dwn_dic,Jimenez,23.093432258064517,2.00403108085035
allsky_sfc_sw_dwn_dic,Juan Bautista Alberdi,23.23842741935484,2.0679669576283195
allsky_sfc_sw_dwn_dic,Juan F. Ibarra,24.11176774193548,1.841363238321611
allsky_sfc_sw_dwn_dic,Juarez Celman,26.242622268470342,1.9530316122032554
allsky_sfc_sw_dwn_dic,Junin,26.23140979689367,1.4231752121895347
allsky_sfc_sw_dwn_dic,La Candelaria,23.04069677419355,1.307298035514237
allsky_sfc_sw_dwn_dic,La Capital,26.000700778642937,1.6253373918053367
allsky_sfc_sw_dwn_dic,La Cocha,23.23842741935484,2.0679669576283195
allsky_sfc_sw_dwn_dic,La Paz,25.26284760845384,1.4281697136550944
allsky_sfc_sw_dwn_dic,Laishi,23.827132616487454,1.3440339466192959
allsky_sfc_sw_dwn_dic,Laprida,27.41237753882915,1.6283900219114351
allsky_sfc_sw_dwn_dic,Las Colonias,25.87624026696329,1.755014492237569
allsky_sfc_sw_dwn_dic,Las Flores,26.684825268817207,1.6052342320027373
allsky_sfc_sw_dwn_dic,Leales,22.33685834502104,2.226110715353686
allsky_sfc_sw_dwn_dic,Leandro N. Alem,26.390508415147263,1.5162854642865728
allsky_sfc_sw_dwn_dic,Libertador General San Martin,23.879276852180077,1.5166525012131615
allsky_sfc_sw_dwn_dic,Lincoln,26.22654060066741,1.697377960899606
allsky_sfc_sw_dwn_dic,Loberia,26.532235817575085,1.5457900597935998
allsky_sfc_sw_dwn_dic,Lobos,26.565193548387096,1.6011288478753551
allsky_sfc_sw_dwn_dic,Lujan,26.614322580645158,1.5567224789235732
allsky_sfc_sw_dwn_dic,Lules,23.16086848635236,1.2412946145990735
allsky_sfc_sw_dwn_dic,Magdalena,26.598903225806453,1.2166250017811382
allsky_sfc_sw_dwn_dic,Maipu,24.030136200716843,1.6195552836106015
allsky_sfc_sw_dwn_dic,Mar Chiquita,27.037248576850093,1.2399624520055235
allsky_sfc_sw_dwn_dic,Maraco,28.444734651404787,1.6678844355565556
allsky_sfc_sw_dwn_dic,Marcos Juarez,26.080258064516126,1.7962271059073427
allsky_sfc_sw_dwn_dic,Marcos Paz,26.80145862552595,1.3080124772041948
allsky_sfc_sw_dwn_dic,Mayor Luis J. Fontana,,
allsky_sfc_sw_dwn_dic,Mercedes,26.69090570719603,1.3629376198100576
allsky_sfc_sw_dwn_dic,Metan,22.594038231780164,1.926666556416536
allsky_sfc_sw_dwn_dic,Mitre,23.890552995391708,1.4776997004952854
allsky_sfc_sw_dwn_dic,Monte,26.36476958525346,1.4672571136125612
allsky_sfc_sw_dwn_dic,Monteros,22.004327956989247,2.29500472819914
allsky_sfc_sw_dwn_dic,Moreno,23.546021505376345,1.6834442834281824
allsky_sfc_sw_dwn_dic,Navarro,26.46402073732719,1.618510467058468
allsky_sfc_sw_dwn_dic,Necochea,26.751690322580643,1.5606640786168948
allsky_sfc_sw_dwn_dic,Nogoya,25.70757508342603,1.7723293067465262
allsky_sfc_sw_dwn_dic,O'Higgins,24.196534859521332,1.5741146484892923
allsky_sfc_sw_dwn_dic,Obera,23.497290322580646,1.9599832662182677
allsky_sfc_sw_dwn_dic,Olavarria,26.93554630593132,1.6573473584386125
allsky_sfc_sw_dwn_dic,Oran,21.540133481646272,1.5774789046585673
allsky_sfc_sw_dwn_dic,Parana,25.638905529953917,1.6011336633445734
allsky_sfc_sw_dwn_dic,Pehuajo,26.72136316337149,1.835712822256595
allsky_sfc_sw_dwn_dic,Pellegrini,23.995986717267552,1.9003476099039418
allsky_sfc_sw_dwn_dic,Pergamino,26.018043010752688,1.5998907394189106
allsky_sfc_sw_dwn_dic,Pilagas,23.837722960151805,1.3948772388006014
allsky_sfc_sw_dwn_dic,Pilar,26.66177419354839,1.3952525757941272
allsky_sfc_sw_dwn_dic,Pilcomayo,23.755463709677418,1.4707901442908786
allsky_sfc_sw_dwn_dic,Pirane,23.645448028673837,1.2780306306261282
allsky_sfc_sw_dwn_dic,Pocho,25.890305602716467,1.5502920535154074
allsky_sfc_sw_dwn_dic,Presidencia De La Plaza,23.773112903225805,1.3020935266585332
allsky_sfc_sw_dwn_dic,Presidente Roque Saenz Pena,26.217044745057233,1.7830205095103475
allsky_sfc_sw_dwn_dic,Puan,26.6145935483871,1.4706572585454374
allsky_sfc_sw_dwn_dic,Quemu Quemu,27.788668054110303,1.7896685926357367
allsky_sfc_sw_dwn_dic,Quitilipi,24.037937788018432,1.6190599514908788
allsky_sfc_sw_dwn_dic,Ramallo,26.01320355951057,1.6279861059585095
allsky_sfc_sw_dwn_dic,Rancul,27.46151732377539,2.1323294995876254
allsky_sfc_sw_dwn_dic,Rauch,26.877086021505374,1.6538393521875885
allsky_sfc_sw_dwn_dic,Realico,27.52042269187987,2.0681788094374776
allsky_sfc_sw_dwn_dic,Rio Chico,22.627419354838707,2.2030672068221264
allsky_sfc_sw_dwn_dic,Rio Cuarto,26.654015572858732,1.8975836887999842
allsky_sfc_sw_dwn_dic,Rio Hondo,23.917572156196943,1.83741868898876
allsky_sfc_sw_dwn_dic,Rio Primero,25.801388074291303,1.7275075266736633
allsky_sfc_sw_dwn_dic,Rio Seco,25.7142688172043,1.7620853606273557
allsky_sfc_sw_dwn_dic,Rio Segundo,25.904789081885855,1.8193815776857047
allsky_sfc_sw_dwn_dic,Rivadavia,26.467209520826806,1.5011914046673251
allsky_sfc_sw_dwn_dic,Robles,24.820092165898618,1.4497345963593047
allsky_sfc_sw_dwn_dic,Rojas,26.247918834547345,1.4716923390729295
allsky_sfc_sw_dwn_dic,Roque Perez,26.4972191323693,1.5848044106989698
allsky_sfc_sw_dwn_dic,Rosario,25.875910138248848,1.5576489301652112
allsky_sfc_sw_dwn_dic,Rosario De La Frontera,22.55861935483871,1.8882856137618027
allsky_sfc_sw_dwn_dic,Saavedra,28.220451612903226,1.4852519374586242
allsky_sfc_sw_dwn_dic,Saladillo,26.545505376344085,1.5795394237642857
allsky_sfc_sw_dwn_dic,Salliquelo,27.6968,1.5718113528326207
allsky_sfc_sw_dwn_dic,Salto,26.218645161290322,1.5484625500711007
allsky_sfc_sw_dwn_dic,San Alberto,25.091574952561672,1.7016582239888536
allsky_sfc_sw_dwn_dic,San Andres De Giles,26.7637311827957,1.4134871627255834
allsky_sfc_sw_dwn_dic,San Antonio De Areco,26.658623655913978,1.5650491069120023
allsky_sfc_sw_dwn_dic,San Cayetano,27.135432258064515,1.6299464476263401
allsky_sfc_sw_dwn_dic,San Cristobal,25.595288018433177,1.6419078527725228
allsky_sfc_sw_dwn_dic,San Fernando,24.134505005561735,1.6002823689878052
allsky_sfc_sw_dwn_dic,San Javier,23.88161976664379,1.8879226375892433
allsky_sfc_sw_dwn_dic,San Jeronimo,24.88910752688172,1.5742207725798627
allsky_sfc_sw_dwn_dic,San Justo,25.437204301075273,2.0543172682120763
allsky_sfc_sw_dwn_dic,San Lorenzo,25.60348998887653,1.6865140571399937
allsky_sfc_sw_dwn_dic,San Martin,25.838439205955332,1.5078391800251538
allsky_sfc_sw_dwn_dic,San Nicolas,26.01662365591398,1.5997808228663397
allsky_sfc_sw_dwn_dic,San Pedro,26.052009705966313,1.516500630437072
allsky_sfc_sw_dwn_dic,San Salvador,25.885241935483872,1.6186107059002035
allsky_sfc_sw_dwn_dic,Santa Barbara,21.129222873900293,1.4171208492934946
allsky_sfc_sw_dwn_dic,Santa Maria,25.552913631633714,2.033337531171419
allsky_sfc_sw_dwn_dic,Santa Rosa,24.81958183990442,1.6797915675334012
allsky_sfc_sw_dwn_dic,Santo Tome,24.5241935483871,1.5396340506385062
allsky_sfc_sw_dwn_dic,Sargento Cabral,24.162116129032256,1.5150068429893457
allsky_sfc_sw_dwn_dic,Sauce,24.88280397022332,1.680422174672287
allsky_sfc_sw_dwn_dic,Silipica,24.375994623655913,1.3535547432144424
allsky_sfc_sw_dwn_dic,Simoca,23.02040860215054,1.9666016733488136
allsky_sfc_sw_dwn_dic,Sobremonte,25.547785923753665,1.9222611418541262
allsky_sfc_sw_dwn_dic,Suipacha,26.69669056152927,1.461541528242855
allsky_sfc_sw_dwn_dic,Tafi Viejo,23.083322580645163,1.2897554044674477
allsky_sfc_sw_dwn_dic,Tala,25.36409796893668,1.761998507437802
allsky_sfc_sw_dwn_dic,Tandil,27.008720430107527,1.6721028855102915
allsky_sfc_sw_dwn_dic,Tapalque,27.72236559139785,1.3394632843747227
allsky_sfc_sw_dwn_dic,Tercero Arriba,26.221228287841193,1.858879015070075
allsky_sfc_sw_dwn_dic,Toay,28.275430107526883,1.800883864290208
allsky_sfc_sw_dwn_dic,Tornquist,28.086084538375975,1.7674463317968672
allsky_sfc_sw_dwn_dic,Totoral,25.45880040322581,1.971337919997417
allsky_sfc_sw_dwn_dic,Trenel,27.513672456575684,2.1038745488231063
allsky_sfc_sw_dwn_dic,Trenque Lauquen,26.739400921658987,1.874906385996772
allsky_sfc_sw_dwn_dic,Tres Arroyos,27.545148883374686,1.7257402929273082
allsky_sfc_sw_dwn_dic,Tres Lomas,28.176112054329373,1.4684606711355277
allsky_sfc_sw_dwn_dic,Tulumba,25.83290322580645,1.7577024545794282
allsky_sfc_sw_dwn_dic,Union,26.1209331797235,1.851208489172447
allsky_sfc_sw_dwn_dic,Uruguay,25.706244239631335,1.5858450693777508
allsky_sfc_sw_dwn_dic,Utracan,27.77996604414261,1.8624896712208958
allsky_sfc_sw_dwn_dic,Vera,24.999989247311827,1.4465943491687372
allsky_sfc_sw_dwn_dic,Victoria,25.572548387096774,1.7624028405253418
allsky_sfc_sw_dwn_dic,Villa Constitucion,26.018043010752688,1.5998907394189106
allsky_sfc_sw_dwn_dic,Villaguay,25.495599078341012,1.6211217856612818
allsky_sfc_sw_dwn_dic,Zarate,26.658623655913978,1.5650491069120023
allsky_sfc_sw_dwn_ene,12 De Octubre,24.222403746097815,1.6129326036866662
allsky_sfc_sw_dwn_ene,2 De Abril,24.381919354838708,1.5202832638757573
allsky_sfc_sw_dwn_ene,25 De Mayo,26.126665251839277,1.2984662196956538
allsky_sfc_sw_dwn_ene,9 De Julio,26.11822170087977,1.3143208920243623
allsky_sfc_sw_dwn_ene,Adolfo Alsina,25.913561827956986,1.1864785171188532
allsky_sfc_sw_dwn_ene,Adolfo Gonzales Chaves,26.987085253456222,1.0645798521246024
allsky_sfc_sw_dwn_ene,Aguirre,23.145425219941348,1.446727558894613
allsky_sfc_sw_dwn_ene,Alberdi,23.59510263929619,1.877930699406157
allsky_sfc_sw_dwn_ene,Alberti,26.239193548387096,1.3250157780662342
allsky_sfc_sw_dwn_ene,Almirante Brown,23.271578341013825,1.2759992206781023
allsky_sfc_sw_dwn_ene,Anta,22.95661887694146,1.6381705346133018
allsky_sfc_sw_dwn_ene,Arrecifes,25.780709677419352,1.271042285070565
allsky_sfc_sw_dwn_ene,Atreuco,27.98783092324805,1.1735565791945322
allsky_sfc_sw_dwn_ene,Ayacucho,26.013300248138957,0.9829680007672016
allsky_sfc_sw_dwn_ene,Azul,26.35959139784946,1.2079033633707061
allsky_sfc_sw_dwn_ene,Balcarce,26.124935483870967,1.069437587585511
allsky_sfc_sw_dwn_ene,Banda,23.951627565982406,2.0366105720149923
allsky_sfc_sw_dwn_ene,Baradero,25.896108220603537,1.3538476788522797
allsky_sfc_sw_dwn_ene,Belgrano,25.564811059907836,1.3566873385301084
allsky_sfc_sw_dwn_ene,Bella Vista,23.858752688172043,1.5105009957014155
allsky_sfc_sw_dwn_ene,Benito Juarez,26.46840790842872,1.0558286628766762
allsky_sfc_sw_dwn_ene,Bermejo,24.324516129032258,1.3543324920481048
allsky_sfc_sw_dwn_ene,Bolivar,26.22970863683663,1.347813394325515
allsky_sfc_sw_dwn_ene,Bragado,26.091706555671177,1.2818756478330677
allsky_sfc_sw_dwn_ene,Brandsen,26.000263929618768,1.5201040466208937
allsky_sfc_sw_dwn_ene,Burruyacu,23.316206451612903,1.90495188559652
allsky_sfc_sw_dwn_ene,Cainguas,23.032089761570827,1.8791936191639114
allsky_sfc_sw_dwn_ene,Calamuchita,25.129909274193547,1.3536642901405171
allsky_sfc_sw_dwn_ene,Campana,26.197440860215053,1.3593544874606658
allsky_sfc_sw_dwn_ene,Canuelas,25.785784204671856,1.4221112869062078
allsky_sfc_sw_dwn_ene,Capital,27.869277278335975,1.3274338051789936
allsky_sfc_sw_dwn_ene,Capitan Sarmiento,26.166062291434926,1.2060669141314242
allsky_sfc_sw_dwn_ene,Carlos Casares,26.53232049947971,1.4733543490763197
allsky_sfc_sw_dwn_ene,Carlos Tejedor,26.599112903225805,1.5028898705970553
allsky_sfc_sw_dwn_ene,Carmen De Areco,26.14651209677419,1.1849109786422376
allsky_sfc_sw_dwn_ene,Caseros,25.75950052029136,1.4895479619787666
allsky_sfc_sw_dwn_ene,Castellanos,25.511779396462018,1.4281226767887107
allsky_sfc_sw_dwn_ene,Castelli,25.817666034155597,0.887424789278542
allsky_sfc_sw_dwn_ene,Catrilo,27.274456391875745,1.4078986001266238
allsky_sfc_sw_dwn_ene,Chacabuco,25.930376569037655,1.274385157950493
allsky_sfc_sw_dwn_ene,Chapaleufu,27.231554252199413,1.5657349414771464
allsky_sfc_sw_dwn_ene,Chascomus,25.785952133194588,1.4353362612006204
allsky_sfc_sw_dwn_ene,Chicligasta,22.37669975186104,2.1083442367496716
allsky_sfc_sw_dwn_ene,Chivilcoy,25.87149843912591,1.2541327022620126
allsky_sfc_sw_dwn_ene,Choya,23.720387096774193,1.6900463470774427
allsky_sfc_sw_dwn_ene,Colon,25.961155702311405,1.3828618190471837
allsky_sfc_sw_dwn_ene,Comandante Fernandez,23.972195629552548,1.5412745814905173
allsky_sfc_sw_dwn_ene,Concordia,25.04046594982079,1.785787608760202
allsky_sfc_sw_dwn_ene,Conhelo,27.560276497695856,1.4962147450600631
allsky_sfc_sw_dwn_ene,Copo,23.75018675721562,1.791003158819387
allsky_sfc_sw_dwn_ene,Coronel Dorrego,27.345065710872163,1.208366637440635
allsky_sfc_sw_dwn_ene,Coronel Pringles,26.8480523432745,1.2089414882372798
allsky_sfc_sw_dwn_ene,Coronel Suarez,26.690344086021508,1.384694758925016
allsky_sfc_sw_dwn_ene,Cruz Alta,22.7637935483871,1.5544588565806234
allsky_sfc_sw_dwn_ene,Curuzu Cuatia,24.709032258064514,1.8695504187714342
allsky_sfc_sw_dwn_ene,Daireaux,26.48865275142315,1.2506001169613223
allsky_sfc_sw_dwn_ene,Diamante,25.37015120967742,1.337164144226296
allsky_sfc_sw_dwn_ene,Dolores,25.817666034155597,0.887424789278542
allsky_sfc_sw_dwn_ene,El Alto,24.23811059907834,1.4660294841313735
allsky_sfc_sw_dwn_ene,El Carmen,22.738020527859238,1.370506047840968
allsky_sfc_sw_dwn_ene,Esquina,24.7878064516129,1.4518520960126393
allsky_sfc_sw_dwn_ene,Exaltacion De La Cruz,26.040114464099897,1.2325022067113298
allsky_sfc_sw_dwn_ene,Famailla,22.699254032258064,1.943458088184743
allsky_sfc_sw_dwn_ene,Federacion,25.370322580645162,1.9111821665328645
allsky_sfc_sw_dwn_ene,Federal,24.962315668202766,1.7875009981825618
allsky_sfc_sw_dwn_ene,Feliciano,25.263592375366567,1.4746024242327438
allsky_sfc_sw_dwn_ene,Figueroa,23.12230769230769,1.3699457218142617
allsky_sfc_sw_dwn_ene,Florentino Ameghino,26.435043988269797,1.448987680932493
allsky_sfc_sw_dwn_ene,Fray Justo Santa Maria De Oro,24.104135944700463,1.5367075108231436
allsky_sfc_sw_dwn_ene,Garay,25.28434331797235,1.3930013431402508
allsky_sfc_sw_dwn_ene,General Alvarado,26.30111827956989,1.2890023355072813
allsky_sfc_sw_dwn_ene,General Alvear,26.276,1.1831608761113712
allsky_sfc_sw_dwn_ene,General Arenales,26.051774193548386,1.5130523568138918
allsky_sfc_sw_dwn_ene,General Belgrano,25.672537634408602,1.3038761176485416
allsky_sfc_sw_dwn_ene,General Donovan,23.828760611205432,1.413999637043611
allsky_sfc_sw_dwn_ene,General Guemes,22.085935483870966,1.840247546030807
allsky_sfc_sw_dwn_ene,General Jose De San Martin,22.839698924731184,1.537047135478705
allsky_sfc_sw_dwn_ene,General Juan Madariaga,25.810193548387097,1.0780413382385174
allsky_sfc_sw_dwn_ene,General La Madrid,26.718647642679905,1.4776657465180432
allsky_sfc_sw_dwn_ene,General Las Heras,26.398709677419355,1.3044811073439402
allsky_sfc_sw_dwn_ene,General Lopez,25.98344432882414,1.511483983385139
allsky_sfc_sw_dwn_ene,General Manuel Belgrano,23.344498207885305,1.959292496136348
allsky_sfc_sw_dwn_ene,General Obligado,24.615748847926266,1.552158899291474
allsky_sfc_sw_dwn_ene,General Paz,26.487062818336163,1.4432251971754966
allsky_sfc_sw_dwn_ene,General Pinto,25.959417273673257,1.4849253977328805
allsky_sfc_sw_dwn_ene,General Pueyrredon,25.87546370967742,1.1093501136779118
allsky_sfc_sw_dwn_ene,General Roca,25.71765120967742,1.39916866380694
allsky_sfc_sw_dwn_ene,General Rodriguez,26.32650322580645,1.3343847376844162
allsky_sfc_sw_dwn_ene,General San Martin,25.689602150537635,1.3286948384359796
allsky_sfc_sw_dwn_ene,General Taboada,23.827030033370413,2.0385643566945677
allsky_sfc_sw_dwn_ene,General Viamonte,26.04728407908429,1.2404275352330616
allsky_sfc_sw_dwn_ene,General Villegas,27.214422476586886,1.5396065490911948
allsky_sfc_sw_dwn_ene,Graneros,22.60318548387097,2.0268291348276453
allsky_sfc_sw_dwn_ene,Gualeguay,25.82710789766407,1.3549759626625044
allsky_sfc_sw_dwn_ene,Gualeguaychu,26.013248847926267,1.2917465855831174
allsky_sfc_sw_dwn_ene,Guamini,27.293602150537634,1.3213181833091463
allsky_sfc_sw_dwn_ene,Guarani,23.261639784946237,1.9875026768832702
allsky_sfc_sw_dwn_ene,Guasayan,23.893436724565756,1.996763556055479
allsky_sfc_sw_dwn_ene,Guatrache,27.892872503840245,1.1707593785326171
allsky_sfc_sw_dwn_ene,Hipolito Yrigoyen,26.341342351716964,1.1433216909739372
allsky_sfc_sw_dwn_ene,Independencia,24.093142559833506,1.596754475750403
allsky_sfc_sw_dwn_ene,Iriondo,25.70202620967742,1.3947694895577594
allsky_sfc_sw_dwn_ene,Ischilin,25.131753155680222,1.546252930573101
allsky_sfc_sw_dwn_ene,Ituzaingo,23.39719165085389,1.8306929074514806
allsky_sfc_sw_dwn_ene,Jimenez,23.307903225806452,1.8989715936325944
allsky_sfc_sw_dwn_ene,Juan Bautista Alberdi,22.463629032258066,1.9625385123399792
allsky_sfc_sw_dwn_ene,Juan F. Ibarra,24.19055831265509,1.945960384853421
allsky_sfc_sw_dwn_ene,Juarez Celman,26.064667338709675,1.5992967681533627
allsky_sfc_sw_dwn_ene,Junin,25.734510368663596,1.2549659420168553
allsky_sfc_sw_dwn_ene,La Candelaria,22.785459057071957,1.5779522733882567
allsky_sfc_sw_dwn_ene,La Capital,25.691344086021505,1.2997719049111078
allsky_sfc_sw_dwn_ene,La Cocha,22.463629032258066,1.9625385123399792
allsky_sfc_sw_dwn_ene,La Paz,25.038698924731182,1.5432734908131178
allsky_sfc_sw_dwn_ene,Laishi,23.663174872665536,1.9582395192713054
allsky_sfc_sw_dwn_ene,Laprida,26.58890083632019,1.116273231334152
allsky_sfc_sw_dwn_ene,Las Colonias,25.54656989247312,1.50767856436248
allsky_sfc_sw_dwn_ene,Las Flores,26.03747096774194,1.3715706317644865
allsky_sfc_sw_dwn_ene,Leales,22.840604838709677,2.0748239960099886
allsky_sfc_sw_dwn_ene,Leandro N. Alem,26.23172043010753,1.4535181314548407
allsky_sfc_sw_dwn_ene,Libertador General San Martin,24.02362731640357,1.5623194448611017
allsky_sfc_sw_dwn_ene,Lincoln,26.003258064516128,1.489765420196185
allsky_sfc_sw_dwn_ene,Loberia,25.789053763440858,1.1097536607967333
allsky_sfc_sw_dwn_ene,Lobos,26.053683662851196,1.3173960477707092
allsky_sfc_sw_dwn_ene,Lujan,26.081519250780435,1.22333133872142
allsky_sfc_sw_dwn_ene,Lules,22.85617866004963,1.5863397248439561
allsky_sfc_sw_dwn_ene,Magdalena,25.61448680351906,1.7205012909271853
allsky_sfc_sw_dwn_ene,Maipu,24.20835842293907,1.6002603902249557
allsky_sfc_sw_dwn_ene,Mar Chiquita,25.79624288425047,0.6776401132343113
allsky_sfc_sw_dwn_ene,Maraco,28.004334677419354,1.1248902793738234
allsky_sfc_sw_dwn_ene,Marcos Juarez,25.898074921956297,1.4215389731780514
allsky_sfc_sw_dwn_ene,Marcos Paz,26.338008415147264,1.378395523294217
allsky_sfc_sw_dwn_ene,Mayor Luis J. Fontana,,
allsky_sfc_sw_dwn_ene,Mercedes,26.223231780167264,1.0424060101287072
allsky_sfc_sw_dwn_ene,Metan,22.702223502304147,1.7830718174250277
allsky_sfc_sw_dwn_ene,Mitre,23.87979262672811,1.7849331735718819
allsky_sfc_sw_dwn_ene,Monte,25.708928571428572,1.3223823380588362
allsky_sfc_sw_dwn_ene,Monteros,22.456908602150538,1.8051455503681864
allsky_sfc_sw_dwn_ene,Moreno,23.21916367980884,1.5678617479650703
allsky_sfc_sw_dwn_ene,Navarro,25.9606340378198,1.336956582075268
allsky_sfc_sw_dwn_ene,Necochea,26.04799007444169,1.0631703881097916
allsky_sfc_sw_dwn_ene,Nogoya,25.691935483870967,1.2845812005246409
allsky_sfc_sw_dwn_ene,O'Higgins,24.023377016129032,1.619608066035075
allsky_sfc_sw_dwn_ene,Obera,23.446282642089095,1.9591649738036507
allsky_sfc_sw_dwn_ene,Olavarria,26.221078629032256,1.2343798155272419
allsky_sfc_sw_dwn_ene,Oran,21.72595698924731,1.8832816091942983
allsky_sfc_sw_dwn_ene,Parana,25.50659621802002,1.5258934942344564
allsky_sfc_sw_dwn_ene,Pehuajo,26.568004032258063,1.4633844900106407
allsky_sfc_sw_dwn_ene,Pellegrini,23.9692574558734,1.9381552998519513
allsky_sfc_sw_dwn_ene,Pergamino,25.66245577523413,1.288007766853249
allsky_sfc_sw_dwn_ene,Pilagas,23.404121863799283,1.7269369421745293
allsky_sfc_sw_dwn_ene,Pilar,26.21064516129032,1.2273611956887929
allsky_sfc_sw_dwn_ene,Pilcomayo,23.274459203036056,1.7891920807190547
allsky_sfc_sw_dwn_ene,Pirane,23.57830220713073,1.8298477660883914
allsky_sfc_sw_dwn_ene,Pocho,25.88817741935484,1.6138895533425766
allsky_sfc_sw_dwn_ene,Presidencia De La Plaza,23.705774193548386,1.3225163548082939
allsky_sfc_sw_dwn_ene,Presidente Roque Saenz Pena,25.813114919354838,1.4684271504547453
allsky_sfc_sw_dwn_ene,Puan,25.933058064516125,1.1643458276569905
allsky_sfc_sw_dwn_ene,Quemu Quemu,27.26436491935484,1.3543182439789108
allsky_sfc_sw_dwn_ene,Quitilipi,23.903959955506117,1.405749176934014
allsky_sfc_sw_dwn_ene,Ramallo,25.66235483870968,1.3100264639235288
allsky_sfc_sw_dwn_ene,Rancul,27.18996543778802,1.6133210697452587
allsky_sfc_sw_dwn_ene,Rauch,26.212440860215054,1.3007217534084563
allsky_sfc_sw_dwn_ene,Realico,27.225268817204302,1.597270340854302
allsky_sfc_sw_dwn_ene,Rio Chico,22.473323983169706,1.947300726524554
allsky_sfc_sw_dwn_ene,Rio Cuarto,26.27621505376344,1.5459151219955327
allsky_sfc_sw_dwn_ene,Rio Hondo,24.142032258064518,2.082820024143021
allsky_sfc_sw_dwn_ene,Rio Primero,25.669999999999998,1.5555700246934705
allsky_sfc_sw_dwn_ene,Rio Seco,25.447721123829343,1.6348191687256328
allsky_sfc_sw_dwn_ene,Rio Segundo,25.42377538829152,1.3742573664243738
allsky_sfc_sw_dwn_ene,Rivadavia,26.141619047619045,1.334237882376639
allsky_sfc_sw_dwn_ene,Robles,24.070069124423963,1.7551002905799826
allsky_sfc_sw_dwn_ene,Rojas,25.873770161290324,1.206932389965501
allsky_sfc_sw_dwn_ene,Roque Perez,26.147219132369298,1.303599901290467
allsky_sfc_sw_dwn_ene,Rosario,25.73610678531702,1.285775209777182
allsky_sfc_sw_dwn_ene,Rosario De La Frontera,22.61610421836228,1.7391578665225955
allsky_sfc_sw_dwn_ene,Saavedra,27.257458064516126,1.2485293579857628
allsky_sfc_sw_dwn_ene,Saladillo,26.08984391259105,1.3091727929537764
allsky_sfc_sw_dwn_ene,Salliquelo,27.03031017369727,1.4050530764361386
allsky_sfc_sw_dwn_ene,Salto,25.748709677419356,1.2623156792536043
allsky_sfc_sw_dwn_ene,San Alberto,25.302043010752687,1.6942199120429968
allsky_sfc_sw_dwn_ene,San Andres De Giles,26.134110301768988,1.2023845857755298
allsky_sfc_sw_dwn_ene,San Antonio De Areco,26.16024973985432,1.1695010178107013
allsky_sfc_sw_dwn_ene,San Cayetano,26.413703225806454,0.9880793352793626
allsky_sfc_sw_dwn_ene,San Cristobal,25.26935483870968,1.5819146200163763
allsky_sfc_sw_dwn_ene,San Fernando,24.004182795698924,1.5543696265144697
allsky_sfc_sw_dwn_ene,San Javier,23.474047813983955,1.8325497284631558
allsky_sfc_sw_dwn_ene,San Jeronimo,24.636940686784598,1.7337528159212892
allsky_sfc_sw_dwn_ene,San Justo,25.177235023041476,1.3740021258223964
allsky_sfc_sw_dwn_ene,San Lorenzo,25.445595954073266,1.2231663182394008
allsky_sfc_sw_dwn_ene,San Martin,25.730164928450158,1.363035935869082
allsky_sfc_sw_dwn_ene,San Nicolas,25.693683662851196,1.2997653801842275
allsky_sfc_sw_dwn_ene,San Pedro,25.916282772820864,1.3123150048111003
allsky_sfc_sw_dwn_ene,San Salvador,25.763118279569895,1.4329298333021763
allsky_sfc_sw_dwn_ene,Santa Barbara,21.926129032258064,2.1956517745824806
allsky_sfc_sw_dwn_ene,Santa Maria,25.18460685483871,1.3828101691280494
allsky_sfc_sw_dwn_ene,Santa Rosa,24.495057603686636,1.7226411935303754
allsky_sfc_sw_dwn_ene,Santo Tome,23.630358422939068,1.9062155396620932
allsky_sfc_sw_dwn_ene,Sargento Cabral,24.213587096774194,1.748087802022429
allsky_sfc_sw_dwn_ene,Sauce,24.59442396313364,1.6858812165523058
allsky_sfc_sw_dwn_ene,Silipica,24.06236559139785,1.7761464716031374
allsky_sfc_sw_dwn_ene,Simoca,22.360473118279568,1.9923871905855186
allsky_sfc_sw_dwn_ene,Sobremonte,25.110865102639295,1.5855761713389294
allsky_sfc_sw_dwn_ene,Suipacha,26.233099078341013,1.1755926791600737
allsky_sfc_sw_dwn_ene,Tafi Viejo,23.003677419354837,1.7730451689120679
allsky_sfc_sw_dwn_ene,Tala,25.133940092165897,1.6230280856885049
allsky_sfc_sw_dwn_ene,Tandil,26.504412070759624,1.1628978491131772
allsky_sfc_sw_dwn_ene,Tapalque,26.507921146953404,1.1480206076944068
allsky_sfc_sw_dwn_ene,Tercero Arriba,25.24585424133811,1.3566491498919437
allsky_sfc_sw_dwn_ene,Toay,28.013494623655916,1.3289553285982965
allsky_sfc_sw_dwn_ene,Tornquist,27.717354838709678,1.2569204215625092
allsky_sfc_sw_dwn_ene,Totoral,25.13462365591398,1.3731442866513457
allsky_sfc_sw_dwn_ene,Trenel,27.207228195937873,1.6842795851038879
allsky_sfc_sw_dwn_ene,Trenque Lauquen,26.68408231368187,1.5810785972920793
allsky_sfc_sw_dwn_ene,Tres Arroyos,26.943734491315134,1.1240558759522894
allsky_sfc_sw_dwn_ene,Tres Lomas,27.161324278438027,1.3301644483901578
allsky_sfc_sw_dwn_ene,Tulumba,25.17956989247312,1.4820556162829588
allsky_sfc_sw_dwn_ene,Union,25.863192436040045,1.449205680294156
allsky_sfc_sw_dwn_ene,Uruguay,25.535784204671856,1.5399734541270642
allsky_sfc_sw_dwn_ene,Utracan,27.028539898132426,1.7526693691465212
allsky_sfc_sw_dwn_ene,Vera,24.84685744016649,1.5814246903066977
allsky_sfc_sw_dwn_ene,Victoria,25.335525494276794,1.3446052427022182
allsky_sfc_sw_dwn_ene,Villa Constitucion,25.66245577523413,1.288007766853249
allsky_sfc_sw_dwn_ene,Villaguay,25.254582869855394,1.5269013578640793
allsky_sfc_sw_dwn_ene,Zarate,26.16024973985432,1.1695010178107013
allsky_sfc_sw_dwn_feb,12 De Octubre,21.702598919434294,1.559845748322202
allsky_sfc_sw_dwn_feb,2 De Abril,21.76189039408867,1.7024184150186126
allsky_sfc_sw_dwn_feb,25 De Mayo,22.849150138276727,1.724465117275604
allsky_sfc_sw_dwn_feb,9 De Julio,22.84172789968652,1.7676351812878455
allsky_sfc_sw_dwn_feb,Adolfo Alsina,22.44197711412151,2.005080521934275
allsky_sfc_sw_dwn_feb,Adolfo Gonzales Chaves,23.20722378606615,1.5256000021249174
allsky_sfc_sw_dwn_feb,Aguirre,20.74923477384684,1.528530247858789
allsky_sfc_sw_dwn_feb,Alberdi,21.909529780564263,2.1158441222014335
allsky_sfc_sw_dwn_feb,Alberti,22.798246228448278,1.9837348387557832
allsky_sfc_sw_dwn_feb,Almirante Brown,21.23416564039409,1.5329366548961405
allsky_sfc_sw_dwn_feb,Anta,21.04438013136289,1.413063817661211
allsky_sfc_sw_dwn_feb,Arrecifes,22.4713329228243,1.9755262076321234
allsky_sfc_sw_dwn_feb,Atreuco,24.231722439272975,1.362485957997996
allsky_sfc_sw_dwn_feb,Ayacucho,22.645062997347477,1.4874776080195011
allsky_sfc_sw_dwn_feb,Azul,22.976137931034483,1.5078280296783755
allsky_sfc_sw_dwn_feb,Balcarce,22.755630541871923,1.4851705385520753
allsky_sfc_sw_dwn_feb,Banda,21.385889498432604,1.765957631010922
allsky_sfc_sw_dwn_feb,Baradero,22.201319323057366,1.930666612710253
allsky_sfc_sw_dwn_feb,Belgrano,22.109009500351867,1.7277598035963733
allsky_sfc_sw_dwn_feb,Bella Vista,21.41672331691297,1.8116988032315144
allsky_sfc_sw_dwn_feb,Benito Juarez,23.045332115048467,1.376770586468305
allsky_sfc_sw_dwn_feb,Bermejo,21.657704174228673,1.5114580361016101
allsky_sfc_sw_dwn_feb,Bolivar,22.887440807246143,2.0484758403765877
allsky_sfc_sw_dwn_feb,Bragado,22.594168520578418,1.6733741054676639
allsky_sfc_sw_dwn_feb,Brandsen,22.866922301836095,2.3933870491662743
allsky_sfc_sw_dwn_feb,Burruyacu,21.157491625615762,1.731057799880785
allsky_sfc_sw_dwn_feb,Cainguas,21.248748661383594,1.8347244200899555
allsky_sfc_sw_dwn_feb,Calamuchita,21.712310267857145,1.956771091505246
allsky_sfc_sw_dwn_feb,Campana,22.784505336617407,2.040537914088976
allsky_sfc_sw_dwn_feb,Canuelas,22.229777051129606,1.907517533574459
allsky_sfc_sw_dwn_feb,Capital,24.026236035963283,1.4292016653709065
allsky_sfc_sw_dwn_feb,Capitan Sarmiento,22.935062001019194,2.0137561710266842
allsky_sfc_sw_dwn_feb,Carlos Casares,23.11687708565072,1.881722228265604
allsky_sfc_sw_dwn_feb,Carlos Tejedor,22.989616687192118,1.7856806731707533
allsky_sfc_sw_dwn_feb,Carmen De Areco,22.960943657635468,1.9488000609742684
allsky_sfc_sw_dwn_feb,Caseros,22.350505720641983,1.726224764798308
allsky_sfc_sw_dwn_feb,Castellanos,22.226426982361353,1.7448797455158984
allsky_sfc_sw_dwn_feb,Castelli,22.176954505940305,1.7302446542741883
allsky_sfc_sw_dwn_feb,Catrilo,23.553783524904215,1.4264605809867155
allsky_sfc_sw_dwn_feb,Chacabuco,22.624863759094747,2.008895315698149
allsky_sfc_sw_dwn_feb,Chapaleufu,23.58804672339155,1.6624221526073686
allsky_sfc_sw_dwn_feb,Chascomus,22.427312490068328,1.9202116277332746
allsky_sfc_sw_dwn_feb,Chicligasta,19.854444865479348,1.9235487918159833
allsky_sfc_sw_dwn_feb,Chivilcoy,22.413133243286193,1.8829068292380282
allsky_sfc_sw_dwn_feb,Choya,21.44149096880131,1.9819611971700732
allsky_sfc_sw_dwn_feb,Colon,22.523721830029867,1.7150384242580508
allsky_sfc_sw_dwn_feb,Comandante Fernandez,21.844022723661208,1.7428660768054927
allsky_sfc_sw_dwn_feb,Concordia,21.478336526181355,1.7099872842610473
allsky_sfc_sw_dwn_feb,Conhelo,24.22558409570725,1.3637250933170855
allsky_sfc_sw_dwn_feb,Copo,21.395334456831733,1.8947155117491608
allsky_sfc_sw_dwn_feb,Coronel Dorrego,23.538469257434777,1.1022988843304549
allsky_sfc_sw_dwn_feb,Coronel Pringles,23.462386374198346,1.559784933621441
allsky_sfc_sw_dwn_feb,Coronel Suarez,23.519888752052548,1.5104836167792368
allsky_sfc_sw_dwn_feb,Cruz Alta,20.924916748768474,1.3079268556181045
allsky_sfc_sw_dwn_feb,Curuzu Cuatia,21.684420155993433,1.98564432987321
allsky_sfc_sw_dwn_feb,Daireaux,23.416892205157925,1.6040110677693418
allsky_sfc_sw_dwn_feb,Diamante,21.73309421182266,1.7197534352073793
allsky_sfc_sw_dwn_feb,Dolores,22.176954505940305,1.7302446542741883
allsky_sfc_sw_dwn_feb,El Alto,21.552161623269996,1.582341854357632
allsky_sfc_sw_dwn_feb,El Carmen,21.082888490819524,1.5514015577127085
allsky_sfc_sw_dwn_feb,Esquina,21.78976108374384,1.551679581128382
allsky_sfc_sw_dwn_feb,Exaltacion De La Cruz,22.46315668202765,1.6847080204870126
allsky_sfc_sw_dwn_feb,Famailla,20.000270166256158,1.8172286812583496
allsky_sfc_sw_dwn_feb,Federacion,22.03011220580186,1.6899001590583458
allsky_sfc_sw_dwn_feb,Federal,21.696059113300493,1.7120322536511872
allsky_sfc_sw_dwn_feb,Feliciano,21.94690326914465,1.471161041185546
allsky_sfc_sw_dwn_feb,Figueroa,21.432985032209167,1.7626569917198245
allsky_sfc_sw_dwn_feb,Florentino Ameghino,22.706326130765788,1.97620627598154
allsky_sfc_sw_dwn_feb,Fray Justo Santa Maria De Oro,22.223116643209007,1.9266632137101753
allsky_sfc_sw_dwn_feb,Garay,21.727305594651654,1.8166053811241194
allsky_sfc_sw_dwn_feb,General Alvarado,23.16606896551724,1.8396510739827392
allsky_sfc_sw_dwn_feb,General Alvear,23.15284688013136,1.7054419547407824
allsky_sfc_sw_dwn_feb,General Arenales,22.77612338362069,1.958689249043948
allsky_sfc_sw_dwn_feb,General Belgrano,22.18823997185081,1.7465753870999132
allsky_sfc_sw_dwn_feb,General Donovan,21.47852735286492,1.9094417626091233
allsky_sfc_sw_dwn_feb,General Guemes,20.427390611416982,1.5610262405665143
allsky_sfc_sw_dwn_feb,General Jose De San Martin,21.553959770114943,1.5950321206472429
allsky_sfc_sw_dwn_feb,General Juan Madariaga,22.399433497536947,1.6070457507121512
allsky_sfc_sw_dwn_feb,General La Madrid,23.260145888594163,1.3971148519946583
allsky_sfc_sw_dwn_feb,General Las Heras,22.896960970064416,1.9190297287462807
allsky_sfc_sw_dwn_feb,General Lopez,22.76390195455268,2.0139063297649744
allsky_sfc_sw_dwn_feb,General Manuel Belgrano,21.25276204159825,1.5183975395630664
allsky_sfc_sw_dwn_feb,General Obligado,21.7335054539057,1.8257666973614388
allsky_sfc_sw_dwn_feb,General Paz,22.539617578428828,1.886013035476792
allsky_sfc_sw_dwn_feb,General Pinto,22.600030986810744,1.8408064419182397
allsky_sfc_sw_dwn_feb,General Pueyrredon,22.470215902093596,1.4202654838054154
allsky_sfc_sw_dwn_feb,General Roca,22.241625615763546,1.755102832094742
allsky_sfc_sw_dwn_feb,General Rodriguez,22.71709064039409,2.1254365031681686
allsky_sfc_sw_dwn_feb,General San Martin,22.237038998357963,1.7974787321944516
allsky_sfc_sw_dwn_feb,General Taboada,21.8757711907593,1.805308733613974
allsky_sfc_sw_dwn_feb,General Viamonte,22.611151676465916,1.9102549859819993
allsky_sfc_sw_dwn_feb,General Villegas,23.42560861274432,1.5670781605421251
allsky_sfc_sw_dwn_feb,Graneros,20.587779659277505,1.9856832600246543
allsky_sfc_sw_dwn_feb,Gualeguay,22.100161797180228,1.9649951043243488
allsky_sfc_sw_dwn_feb,Gualeguaychu,22.250182529908518,2.0076155541394463
allsky_sfc_sw_dwn_feb,Guamini,23.73612325533662,1.2223206182740094
allsky_sfc_sw_dwn_feb,Guarani,21.471416769293924,1.779096666458416
allsky_sfc_sw_dwn_feb,Guasayan,21.59420092838196,1.8329000827495445
allsky_sfc_sw_dwn_feb,Guatrache,23.931063218390804,1.304224243778502
allsky_sfc_sw_dwn_feb,Hipolito Yrigoyen,22.989725091371366,1.562459084238284
allsky_sfc_sw_dwn_feb,Independencia,21.909837517877005,1.5808280541831934
allsky_sfc_sw_dwn_feb,Iriondo,22.23372306034483,1.7498363301408673
allsky_sfc_sw_dwn_feb,Ischilin,21.46462358106661,2.0243958590285573
allsky_sfc_sw_dwn_feb,Ituzaingo,21.76100043465662,1.3741149715936731
allsky_sfc_sw_dwn_feb,Jimenez,21.207018283440696,1.7100082058515902
allsky_sfc_sw_dwn_feb,Juan Bautista Alberdi,19.75245766625616,1.7765064942861406
allsky_sfc_sw_dwn_feb,Juan F. Ibarra,21.923979253505117,1.9940878701373979
allsky_sfc_sw_dwn_feb,Juarez Celman,22.61096597906404,1.8369453517427234
allsky_sfc_sw_dwn_feb,Junin,22.486567558057708,2.013827660894901
allsky_sfc_sw_dwn_feb,La Candelaria,21.00193776051535,1.4583093656232626
allsky_sfc_sw_dwn_feb,La Capital,22.21631855500821,1.927465624286092
allsky_sfc_sw_dwn_feb,La Cocha,19.75245766625616,1.7765064942861406
allsky_sfc_sw_dwn_feb,La Paz,22.252600985221672,1.7361762761971749
allsky_sfc_sw_dwn_feb,Laishi,21.422105263157892,1.8058192549385736
allsky_sfc_sw_dwn_feb,Laprida,23.136866447728515,1.3951314586024393
allsky_sfc_sw_dwn_feb,Las Colonias,22.097743021346467,1.6891382873941425
allsky_sfc_sw_dwn_feb,Las Flores,22.712502955665027,1.4146797422723572
allsky_sfc_sw_dwn_feb,Leales,20.61661894499179,1.6999935004676103
allsky_sfc_sw_dwn_feb,Leandro N. Alem,22.93161317220854,2.046130294770337
allsky_sfc_sw_dwn_feb,Libertador General San Martin,21.58506000419243,1.6670540608543172
allsky_sfc_sw_dwn_feb,Lincoln,22.53527011494253,1.8360063303724046
allsky_sfc_sw_dwn_feb,Loberia,22.331031609195403,1.4898064782738756
allsky_sfc_sw_dwn_feb,Lobos,22.514313125695217,1.751331164289229
allsky_sfc_sw_dwn_feb,Lujan,22.983593675512473,1.983342463519741
allsky_sfc_sw_dwn_feb,Lules,20.575010420613868,1.4563514328363145
allsky_sfc_sw_dwn_feb,Magdalena,22.72744961934617,2.363673525055147
allsky_sfc_sw_dwn_feb,Maipu,21.80996989600438,1.6096258802048438
allsky_sfc_sw_dwn_feb,Mar Chiquita,22.004526224282817,1.5832604836581867
allsky_sfc_sw_dwn_feb,Maraco,24.19964978448276,1.3149157083083751
allsky_sfc_sw_dwn_feb,Marcos Juarez,22.45727554425552,1.7559617835870263
allsky_sfc_sw_dwn_feb,Marcos Paz,22.815162240308418,1.9972450817651832
allsky_sfc_sw_dwn_feb,Mayor Luis J. Fontana,,
allsky_sfc_sw_dwn_feb,Mercedes,22.832561804415256,2.042194657648557
allsky_sfc_sw_dwn_feb,Metan,21.06655172413793,1.6572821518457046
allsky_sfc_sw_dwn_feb,Mitre,21.860989619985926,1.977926490892742
allsky_sfc_sw_dwn_feb,Monte,22.118540200562986,1.6401969387860034
allsky_sfc_sw_dwn_feb,Monteros,20.14224856321839,1.9085076655385045
allsky_sfc_sw_dwn_feb,Moreno,21.360947819740925,1.8446897681544068
allsky_sfc_sw_dwn_feb,Navarro,22.490467980295566,1.6924344743109818
allsky_sfc_sw_dwn_feb,Necochea,22.62914835164835,1.2670347389613743
allsky_sfc_sw_dwn_feb,Nogoya,22.040091133004925,1.9275059405216592
allsky_sfc_sw_dwn_feb,O'Higgins,21.842677416871922,1.6008557735650761
allsky_sfc_sw_dwn_feb,Obera,21.805238095238096,1.6169955200192099
allsky_sfc_sw_dwn_feb,Olavarria,23.166427032019705,1.6472441035918746
allsky_sfc_sw_dwn_feb,Oran,20.17061740558292,1.8081526023235426
allsky_sfc_sw_dwn_feb,Parana,22.14184771530491,1.9189532531276912
allsky_sfc_sw_dwn_feb,Pehuajo,23.226517087438424,1.9522618716672488
allsky_sfc_sw_dwn_feb,Pellegrini,21.566627474672366,1.6981888775532947
allsky_sfc_sw_dwn_feb,Pergamino,22.262521849674243,1.912449568648099
allsky_sfc_sw_dwn_feb,Pilagas,21.66591680350301,1.6481892376342293
allsky_sfc_sw_dwn_feb,Pilar,22.573086571793468,2.004577921125295
allsky_sfc_sw_dwn_feb,Pilcomayo,21.764920312952768,1.5336561742762405
allsky_sfc_sw_dwn_feb,Pirane,21.801334586466165,1.686372785050167
allsky_sfc_sw_dwn_feb,Pocho,22.217133620689655,1.8640826730677484
allsky_sfc_sw_dwn_feb,Presidencia De La Plaza,21.35255233990148,1.7205031157599966
allsky_sfc_sw_dwn_feb,Presidente Roque Saenz Pena,22.41061922721675,1.8086655041260709
allsky_sfc_sw_dwn_feb,Puan,22.63440197044335,1.9174268767886298
allsky_sfc_sw_dwn_feb,Quemu Quemu,23.65875115455665,1.4257492686986475
allsky_sfc_sw_dwn_feb,Quitilipi,21.65385680312553,1.6093073729863714
allsky_sfc_sw_dwn_feb,Ramallo,22.235772577996716,1.9392361070780382
allsky_sfc_sw_dwn_feb,Rancul,23.547005190007038,1.5748745761390266
allsky_sfc_sw_dwn_feb,Rauch,22.926135878489326,1.532776260555962
allsky_sfc_sw_dwn_feb,Realico,23.647401888341545,1.6562007721510685
allsky_sfc_sw_dwn_feb,Rio Chico,20.929818483615335,1.8068164567895129
allsky_sfc_sw_dwn_feb,Rio Cuarto,22.953142857142858,1.7350703161316672
allsky_sfc_sw_dwn_feb,Rio Hondo,21.65298460591133,1.833917003105771
allsky_sfc_sw_dwn_feb,Rio Primero,22.3671062735439,1.8241325480992183
allsky_sfc_sw_dwn_feb,Rio Seco,21.824638884474812,1.627508795440877
allsky_sfc_sw_dwn_feb,Rio Segundo,22.02322614486408,1.75960929836935
allsky_sfc_sw_dwn_feb,Rivadavia,22.78977117053718,1.8634273331273339
allsky_sfc_sw_dwn_feb,Robles,21.692984693877552,1.8868278194463817
allsky_sfc_sw_dwn_feb,Rojas,22.62563577586207,2.0177626896594334
allsky_sfc_sw_dwn_feb,Roque Perez,22.667036266349584,1.7014426332737511
allsky_sfc_sw_dwn_feb,Rosario,22.26463945982674,1.976996654372435
allsky_sfc_sw_dwn_feb,Rosario De La Frontera,20.935929329291397,1.6416229468129726
allsky_sfc_sw_dwn_feb,Saavedra,23.760695566502463,1.2450238784962946
allsky_sfc_sw_dwn_feb,Saladillo,22.62004171301446,1.7424391707517441
allsky_sfc_sw_dwn_feb,Salliquelo,23.41545140204623,1.6733423649142958
allsky_sfc_sw_dwn_feb,Salto,22.505783012871444,1.9517696432482126
allsky_sfc_sw_dwn_feb,San Alberto,21.695976327312536,2.0884208111681377
allsky_sfc_sw_dwn_feb,San Andres De Giles,22.97203082790402,1.9799876267748522
allsky_sfc_sw_dwn_feb,San Antonio De Areco,22.91322819005244,1.9571279913944097
allsky_sfc_sw_dwn_feb,San Cayetano,22.715367980295568,1.0680896761091365
allsky_sfc_sw_dwn_feb,San Cristobal,22.19251019194836,1.687711577599741
allsky_sfc_sw_dwn_feb,San Fernando,21.888367816091954,1.6134303567940005
allsky_sfc_sw_dwn_feb,San Javier,21.66454746067865,1.6801758330642287
allsky_sfc_sw_dwn_feb,San Jeronimo,21.93047036389639,1.7732319973247808
allsky_sfc_sw_dwn_feb,San Justo,21.668489619985927,1.9902946052469352
allsky_sfc_sw_dwn_feb,San Lorenzo,21.757686190197877,1.7025818841106093
allsky_sfc_sw_dwn_feb,San Martin,22.065905403903848,1.8117609428489077
allsky_sfc_sw_dwn_feb,San Nicolas,22.26609327824567,1.9141007846505562
allsky_sfc_sw_dwn_feb,San Pedro,22.354055182894875,2.0221239796459636
allsky_sfc_sw_dwn_feb,San Salvador,21.7061288998358,1.5601762202819733
allsky_sfc_sw_dwn_feb,Santa Barbara,20.058421406180027,1.4462956932639448
allsky_sfc_sw_dwn_feb,Santa Maria,21.719162946428572,1.9629046764732876
allsky_sfc_sw_dwn_feb,Santa Rosa,21.850185168895145,1.6242703537026444
allsky_sfc_sw_dwn_feb,Santo Tome,21.33409482758621,1.7565001347147953
allsky_sfc_sw_dwn_feb,Sargento Cabral,22.151485221674875,1.7370764124203215
allsky_sfc_sw_dwn_feb,Sauce,21.797513194933146,1.7619998834439936
allsky_sfc_sw_dwn_feb,Silipica,21.580604474548437,1.8329602040969968
allsky_sfc_sw_dwn_feb,Simoca,19.870447454844005,1.922749510763599
allsky_sfc_sw_dwn_feb,Sobremonte,21.442755821764443,2.062975806868874
allsky_sfc_sw_dwn_feb,Suipacha,22.845413001407458,1.9627288007947823
allsky_sfc_sw_dwn_feb,Tafi Viejo,20.9210775862069,1.169242747513434
allsky_sfc_sw_dwn_feb,Tala,21.581636611541168,1.6723227010645956
allsky_sfc_sw_dwn_feb,Tandil,23.080730573653263,1.4358911946625725
allsky_sfc_sw_dwn_feb,Tapalque,23.021776819923375,1.5018835033306535
allsky_sfc_sw_dwn_feb,Tercero Arriba,22.133046889253787,1.9164374573545437
allsky_sfc_sw_dwn_feb,Toay,24.109537493158186,1.1987825066069577
allsky_sfc_sw_dwn_feb,Tornquist,24.07797003284072,1.2798920896594739
allsky_sfc_sw_dwn_feb,Totoral,21.781277056277055,1.9695252072349256
allsky_sfc_sw_dwn_feb,Trenel,23.724044426199598,1.4637625649561712
allsky_sfc_sw_dwn_feb,Trenque Lauquen,23.010677339901477,1.8628657103759927
allsky_sfc_sw_dwn_feb,Tres Arroyos,23.034846059113303,1.2198424312997467
allsky_sfc_sw_dwn_feb,Tres Lomas,23.322816308011408,1.5395015307526945
allsky_sfc_sw_dwn_feb,Tulumba,21.333294563035945,1.8250334957674612
allsky_sfc_sw_dwn_feb,Union,22.349760064549006,1.7625933546203636
allsky_sfc_sw_dwn_feb,Uruguay,22.07315313402412,1.8867577211737931
allsky_sfc_sw_dwn_feb,Utracan,23.486029297381386,1.5175351774094477
allsky_sfc_sw_dwn_feb,Vera,22.31746980772287,1.6329753649487586
allsky_sfc_sw_dwn_feb,Victoria,21.713349753694583,1.7444902152909671
allsky_sfc_sw_dwn_feb,Villa Constitucion,22.262521849674243,1.912449568648099
allsky_sfc_sw_dwn_feb,Villaguay,21.86451503312383,2.0230018725036634
allsky_sfc_sw_dwn_feb,Zarate,22.91322819005244,1.9571279913944097
allsky_sfc_sw_dwn_mar,12 De Octubre,18.709261186264307,1.208074333317989
allsky_sfc_sw_dwn_mar,2 De Abril,18.810419354838707,1.3246498497272776
allsky_sfc_sw_dwn_mar,25 De Mayo,18.491035653650254,1.2399774247342674
allsky_sfc_sw_dwn_mar,9 De Julio,18.485792375366568,1.2446232697740265
allsky_sfc_sw_dwn_mar,Adolfo Alsina,18.75586021505376,1.6053115379399305
allsky_sfc_sw_dwn_mar,Adolfo Gonzales Chaves,18.384481566820277,1.0045752672271298
allsky_sfc_sw_dwn_mar,Aguirre,17.742991202346044,1.5401316605263948
allsky_sfc_sw_dwn_mar,Alberdi,17.41631964809384,1.8559183277812608
allsky_sfc_sw_dwn_mar,Alberti,18.871542338709677,1.4846635460430013
allsky_sfc_sw_dwn_mar,Almirante Brown,18.398940092165898,1.3530861648384926
allsky_sfc_sw_dwn_mar,Anta,17.643882915173236,1.5071633630889365
allsky_sfc_sw_dwn_mar,Arrecifes,18.500978494623656,1.3749959782125583
allsky_sfc_sw_dwn_mar,Atreuco,19.177441601779755,1.282063582419759
allsky_sfc_sw_dwn_mar,Ayacucho,18.2090570719603,1.0798082985915518
allsky_sfc_sw_dwn_mar,Azul,18.472408602150537,1.3116944356029663
allsky_sfc_sw_dwn_mar,Balcarce,18.17920430107527,1.1140888100099022
allsky_sfc_sw_dwn_mar,Banda,17.776656891495602,2.0116349704661136
allsky_sfc_sw_dwn_mar,Baradero,18.727721123829344,1.5548467383353237
allsky_sfc_sw_dwn_mar,Belgrano,18.76973271889401,1.6226641903968209
allsky_sfc_sw_dwn_mar,Bella Vista,18.386215053763443,1.3166750441150057
allsky_sfc_sw_dwn_mar,Benito Juarez,18.34566077003122,1.2330854280348305
allsky_sfc_sw_dwn_mar,Bermejo,18.871443123938878,1.5214787085638204
allsky_sfc_sw_dwn_mar,Bolivar,19.121821019771073,1.4641265327756716
allsky_sfc_sw_dwn_mar,Bragado,18.39277835587929,1.2337078750246393
allsky_sfc_sw_dwn_mar,Brandsen,18.56542521994135,1.1663348216062106
allsky_sfc_sw_dwn_mar,Burruyacu,17.43596129032258,1.896065767053825
allsky_sfc_sw_dwn_mar,Cainguas,18.37295932678822,1.5312650977740896
allsky_sfc_sw_dwn_mar,Calamuchita,18.534183467741936,1.6084405493733833
allsky_sfc_sw_dwn_mar,Campana,18.845817204301074,1.488017250836636
allsky_sfc_sw_dwn_mar,Canuelas,18.290834260289213,1.2850377907517678
allsky_sfc_sw_dwn_mar,Capital,19.241075268817205,1.3752489252955993
allsky_sfc_sw_dwn_mar,Capitan Sarmiento,19.136484983314794,1.441529023797932
allsky_sfc_sw_dwn_mar,Carlos Casares,18.742976066597294,1.3700669898873172
allsky_sfc_sw_dwn_mar,Carlos Tejedor,18.57908266129032,1.440252284500461
allsky_sfc_sw_dwn_mar,Carmen De Areco,19.0975,1.4014475126611714
allsky_sfc_sw_dwn_mar,Caseros,18.77047866805411,1.4177430752707267
allsky_sfc_sw_dwn_mar,Castellanos,18.96853277835588,1.632362013432603
allsky_sfc_sw_dwn_mar,Castelli,18.092846299810248,1.4567965700662837
allsky_sfc_sw_dwn_mar,Catrilo,18.830119474313022,1.3131915723017362
allsky_sfc_sw_dwn_mar,Chacabuco,18.69573221757322,1.3739167444735518
allsky_sfc_sw_dwn_mar,Chapaleufu,18.961769305962854,1.593726204901251
allsky_sfc_sw_dwn_mar,Chascomus,18.323933402705514,1.317697993290462
allsky_sfc_sw_dwn_mar,Chicligasta,16.6187841191067,1.6370914781091626
allsky_sfc_sw_dwn_mar,Chivilcoy,18.518928199791883,1.3559871972601811
allsky_sfc_sw_dwn_mar,Choya,17.182215053763443,1.3743931610430307
allsky_sfc_sw_dwn_mar,Colon,18.963507747015495,1.4238849025018665
allsky_sfc_sw_dwn_mar,Comandante Fernandez,18.914797086368367,1.2529461548239857
allsky_sfc_sw_dwn_mar,Concordia,18.432317801672642,1.7987090478089973
allsky_sfc_sw_dwn_mar,Conhelo,19.188306451612902,1.4321857770326036
allsky_sfc_sw_dwn_mar,Copo,17.627334465195247,1.9427811446595549
allsky_sfc_sw_dwn_mar,Coronel Dorrego,18.476511350059738,0.9579575515605208
allsky_sfc_sw_dwn_mar,Coronel Pringles,18.7703712720633,1.0465877351095725
allsky_sfc_sw_dwn_mar,Coronel Suarez,18.486817204301076,1.127980115931959
allsky_sfc_sw_dwn_mar,Cruz Alta,18.46505806451613,1.4725570571312714
allsky_sfc_sw_dwn_mar,Curuzu Cuatia,18.933360215053764,1.6017372584098812
allsky_sfc_sw_dwn_mar,Daireaux,18.594620493358633,1.3192978229454224
allsky_sfc_sw_dwn_mar,Diamante,18.60650201612903,1.516089186514228
allsky_sfc_sw_dwn_mar,Dolores,18.092846299810248,1.4567965700662837
allsky_sfc_sw_dwn_mar,El Alto,18.25654377880184,1.6068928048871522
allsky_sfc_sw_dwn_mar,El Carmen,19.50325513196481,1.2241403541468279
allsky_sfc_sw_dwn_mar,Esquina,19.44984946236559,1.495343736186223
allsky_sfc_sw_dwn_mar,Exaltacion De La Cruz,18.27146722164412,1.263715112321886
allsky_sfc_sw_dwn_mar,Famailla,16.93135080645161,1.8720618610975246
allsky_sfc_sw_dwn_mar,Federacion,19.227706093189965,1.876242883696077
allsky_sfc_sw_dwn_mar,Federal,18.814942396313366,1.6441481314727688
allsky_sfc_sw_dwn_mar,Feliciano,18.883841642228738,1.3881564127087065
allsky_sfc_sw_dwn_mar,Figueroa,18.307667493796526,1.1982980050086047
allsky_sfc_sw_dwn_mar,Florentino Ameghino,18.789105571847507,1.50865043755222
allsky_sfc_sw_dwn_mar,Fray Justo Santa Maria De Oro,18.846797235023043,1.3522456009638273
allsky_sfc_sw_dwn_mar,Garay,18.62548387096774,1.6232516575239875
allsky_sfc_sw_dwn_mar,General Alvarado,18.925989247311826,1.5855604573998416
allsky_sfc_sw_dwn_mar,General Alvear,18.465010752688173,1.3198042176550522
allsky_sfc_sw_dwn_mar,General Arenales,18.597923387096774,1.3158228126592086
allsky_sfc_sw_dwn_mar,General Belgrano,18.202924731182794,1.2673025399409843
allsky_sfc_sw_dwn_mar,General Donovan,18.879609507640065,1.4034975906983833
allsky_sfc_sw_dwn_mar,General Guemes,17.11074383301708,1.4917047141851538
allsky_sfc_sw_dwn_mar,General Jose De San Martin,18.889494623655917,1.5542872008545265
allsky_sfc_sw_dwn_mar,General Juan Madariaga,18.30607741935484,1.3146275026372491
allsky_sfc_sw_dwn_mar,General La Madrid,18.412369727047146,1.1474230710571567
allsky_sfc_sw_dwn_mar,General Las Heras,18.87710918114144,1.5560913237841971
allsky_sfc_sw_dwn_mar,General Lopez,18.635941727367328,1.4012381616021974
allsky_sfc_sw_dwn_mar,General Manuel Belgrano,19.38924731182796,1.3114921667684991
allsky_sfc_sw_dwn_mar,General Obligado,18.69233870967742,1.493482761550095
allsky_sfc_sw_dwn_mar,General Paz,18.681578947368422,1.3713541217908376
allsky_sfc_sw_dwn_mar,General Pinto,18.50221644120708,1.2615684970642087
allsky_sfc_sw_dwn_mar,General Pueyrredon,17.644183467741936,1.0493770863576457
allsky_sfc_sw_dwn_mar,General Roca,18.881491935483872,1.582068843758236
allsky_sfc_sw_dwn_mar,General Rodriguez,18.77073548387097,1.5780633471144527
allsky_sfc_sw_dwn_mar,General San Martin,18.6454623655914,1.5039736664926253
allsky_sfc_sw_dwn_mar,General Taboada,17.759555061179086,1.8829525182332303
allsky_sfc_sw_dwn_mar,General Viamonte,18.826264308012487,1.4826674309789898
allsky_sfc_sw_dwn_mar,General Villegas,18.7818418314256,1.5700684896027148
allsky_sfc_sw_dwn_mar,Graneros,16.94818548387097,1.7665302785701658
allsky_sfc_sw_dwn_mar,Gualeguay,18.73706340378198,1.6047804364864915
allsky_sfc_sw_dwn_mar,Gualeguaychu,18.770576036866363,1.6630665206501267
allsky_sfc_sw_dwn_mar,Guamini,18.793548387096774,1.1957968889073214
allsky_sfc_sw_dwn_mar,Guarani,18.758494623655913,1.52333729346931
allsky_sfc_sw_dwn_mar,Guasayan,17.682158808933004,2.044490195723577
allsky_sfc_sw_dwn_mar,Guatrache,19.044807987711213,1.2464431681105506
allsky_sfc_sw_dwn_mar,Hipolito Yrigoyen,18.56621227887617,1.2188571663679608
allsky_sfc_sw_dwn_mar,Independencia,18.665754422476585,1.284287170061278
allsky_sfc_sw_dwn_mar,Iriondo,18.926754032258064,1.624037084406937
allsky_sfc_sw_dwn_mar,Ischilin,18.604474053295935,1.556173884036845
allsky_sfc_sw_dwn_mar,Ituzaingo,18.870113851992407,1.6335045163568027
allsky_sfc_sw_dwn_mar,Jimenez,17.43060794044665,1.931243779946241
allsky_sfc_sw_dwn_mar,Juan Bautista Alberdi,16.69810483870968,1.7137273147732486
allsky_sfc_sw_dwn_mar,Juan F. Ibarra,17.607121588089328,2.0231805457476075
allsky_sfc_sw_dwn_mar,Juarez Celman,18.70828629032258,1.4689023472832081
allsky_sfc_sw_dwn_mar,Junin,18.425915898617514,1.356859873880369
allsky_sfc_sw_dwn_mar,La Candelaria,18.388387096774196,1.2946947506646282
allsky_sfc_sw_dwn_mar,La Capital,18.629698924731183,1.5162742361379318
allsky_sfc_sw_dwn_mar,La Cocha,16.69810483870968,1.7137273147732486
allsky_sfc_sw_dwn_mar,La Paz,19.079548387096775,1.6260953505877376
allsky_sfc_sw_dwn_mar,Laishi,18.51268251273345,1.6664598243228044
allsky_sfc_sw_dwn_mar,Laprida,18.649808841099166,1.0923773026981496
allsky_sfc_sw_dwn_mar,Las Colonias,18.87463440860215,1.5908555503443138
allsky_sfc_sw_dwn_mar,Las Flores,18.27887741935484,1.2649422597766478
allsky_sfc_sw_dwn_mar,Leales,16.93784946236559,1.8113793705008598
allsky_sfc_sw_dwn_mar,Leandro N. Alem,18.837305107526884,1.3667069705808514
allsky_sfc_sw_dwn_mar,Libertador General San Martin,18.857594371997255,1.3835536576620144
allsky_sfc_sw_dwn_mar,Lincoln,18.4557311827957,1.2558419964508891
allsky_sfc_sw_dwn_mar,Loberia,17.940172043010755,1.0538344412453706
allsky_sfc_sw_dwn_mar,Lobos,18.246045785639957,1.2507950491850561
allsky_sfc_sw_dwn_mar,Lujan,19.094089490114463,1.3696534658917134
allsky_sfc_sw_dwn_mar,Lules,18.72880893300248,1.2503371060153046
allsky_sfc_sw_dwn_mar,Magdalena,18.508768328445747,1.1196039958656872
allsky_sfc_sw_dwn_mar,Maipu,19.088387096774195,1.221909712129571
allsky_sfc_sw_dwn_mar,Mar Chiquita,17.720132827324477,1.146941704672953
allsky_sfc_sw_dwn_mar,Maraco,19.246985887096773,1.2474451393601644
allsky_sfc_sw_dwn_mar,Marcos Juarez,18.82829344432882,1.484891155130385
allsky_sfc_sw_dwn_mar,Marcos Paz,18.69274894810659,1.5578288100295563
allsky_sfc_sw_dwn_mar,Mayor Luis J. Fontana,,
allsky_sfc_sw_dwn_mar,Mercedes,19.05617682198327,1.4744537520294638
allsky_sfc_sw_dwn_mar,Metan,17.44708525345622,1.6248122101728923
allsky_sfc_sw_dwn_mar,Mitre,17.86221198156682,1.7751597047087135
allsky_sfc_sw_dwn_mar,Monte,18.293847926267283,1.2617538036514095
allsky_sfc_sw_dwn_mar,Monteros,16.761989247311828,1.7315507538382027
allsky_sfc_sw_dwn_mar,Moreno,18.114289127837516,1.5030677128946208
allsky_sfc_sw_dwn_mar,Navarro,18.27145717463849,1.2359383740670593
allsky_sfc_sw_dwn_mar,Necochea,17.993114143920597,0.9562437480366442
allsky_sfc_sw_dwn_mar,Nogoya,18.958387096774192,1.6616079267015962
allsky_sfc_sw_dwn_mar,O'Higgins,18.60681451612903,1.3066569917318884
allsky_sfc_sw_dwn_mar,Obera,18.813855606758835,1.4957405339193937
allsky_sfc_sw_dwn_mar,Olavarria,18.552993951612905,1.321354542540053
allsky_sfc_sw_dwn_mar,Oran,16.870397849462368,1.6117987935804392
allsky_sfc_sw_dwn_mar,Parana,18.959733036707455,1.5962786971958236
allsky_sfc_sw_dwn_mar,Pehuajo,18.79751008064516,1.3826420911876247
allsky_sfc_sw_dwn_mar,Pellegrini,17.52906877662812,1.9271353183668951
allsky_sfc_sw_dwn_mar,Pergamino,18.62511966701353,1.491006829240474
allsky_sfc_sw_dwn_mar,Pilagas,18.262562724014337,1.5242579867395218
allsky_sfc_sw_dwn_mar,Pilar,18.771600955794504,1.5717103693121877
allsky_sfc_sw_dwn_mar,Pilcomayo,18.424686907020874,1.4695514727925918
allsky_sfc_sw_dwn_mar,Pirane,18.798947368421054,1.5411867374288575
allsky_sfc_sw_dwn_mar,Pocho,18.952983870967742,1.5108940103820871
allsky_sfc_sw_dwn_mar,Presidencia De La Plaza,18.652758064516128,1.5609644402879854
allsky_sfc_sw_dwn_mar,Presidente Roque Saenz Pena,19.010796370967743,1.6524011211476015
allsky_sfc_sw_dwn_mar,Puan,18.9088,1.6784062246910043
allsky_sfc_sw_dwn_mar,Quemu Quemu,18.73945564516129,1.409994198191816
allsky_sfc_sw_dwn_mar,Quitilipi,18.774349276974416,1.1764651635773657
allsky_sfc_sw_dwn_mar,Ramallo,18.606838709677422,1.512958292861418
allsky_sfc_sw_dwn_mar,Rancul,18.541440092165896,1.5960165067706287
allsky_sfc_sw_dwn_mar,Rauch,18.426688172043008,1.2740591329767739
allsky_sfc_sw_dwn_mar,Realico,18.750440860215054,1.6213202965450413
allsky_sfc_sw_dwn_mar,Rio Chico,17.11406732117812,1.8640529382832587
allsky_sfc_sw_dwn_mar,Rio Cuarto,18.66747311827957,1.4079757028853714
allsky_sfc_sw_dwn_mar,Rio Hondo,17.324774193548386,1.8399650365644484
allsky_sfc_sw_dwn_mar,Rio Primero,18.926356736242884,1.7130650782945298
allsky_sfc_sw_dwn_mar,Rio Seco,18.46127991675338,1.6819068499731538
allsky_sfc_sw_dwn_mar,Rio Segundo,18.758028673835128,1.720377631281989
allsky_sfc_sw_dwn_mar,Rivadavia,18.98384639016897,1.4211530001609258
allsky_sfc_sw_dwn_mar,Robles,17.64811059907834,1.112910726461888
allsky_sfc_sw_dwn_mar,Rojas,18.641612903225806,1.4417990586513227
allsky_sfc_sw_dwn_mar,Roque Perez,18.320433815350388,1.258301449613394
allsky_sfc_sw_dwn_mar,Rosario,18.562958843159066,1.5003911091840518
allsky_sfc_sw_dwn_mar,Rosario De La Frontera,17.377022332506204,1.6653196792793716
allsky_sfc_sw_dwn_mar,Saavedra,18.800670967741937,1.195470589322086
allsky_sfc_sw_dwn_mar,Saladillo,18.331259105098855,1.2813001232850179
allsky_sfc_sw_dwn_mar,Salliquelo,18.654937965260544,1.4440570976608689
allsky_sfc_sw_dwn_mar,Salto,18.543506763787722,1.3724655694958297
allsky_sfc_sw_dwn_mar,San Alberto,18.80584229390681,1.3587019867517651
allsky_sfc_sw_dwn_mar,San Andres De Giles,19.045775234131114,1.3932176338738573
allsky_sfc_sw_dwn_mar,San Antonio De Areco,19.077460978147762,1.4184597244494073
allsky_sfc_sw_dwn_mar,San Cayetano,18.339406451612902,0.8638425983280126
allsky_sfc_sw_dwn_mar,San Cristobal,18.743592880978866,1.6436814495598013
allsky_sfc_sw_dwn_mar,San Fernando,18.801043010752686,1.3134434630195853
allsky_sfc_sw_dwn_mar,San Javier,18.671259210741773,1.4551322612861557
allsky_sfc_sw_dwn_mar,San Jeronimo,18.8159209157128,1.44481268968638
allsky_sfc_sw_dwn_mar,San Justo,18.477747695852536,1.5462041542057137
allsky_sfc_sw_dwn_mar,San Lorenzo,18.792509568069985,1.5956946787935156
allsky_sfc_sw_dwn_mar,San Martin,19.059929662866843,1.5262846725555794
allsky_sfc_sw_dwn_mar,San Nicolas,18.618876170655568,1.489037703981226
allsky_sfc_sw_dwn_mar,San Pedro,18.99157446808511,1.4902983106110193
allsky_sfc_sw_dwn_mar,San Salvador,19.27486559139785,1.6210248101789944
allsky_sfc_sw_dwn_mar,Santa Barbara,17.010146627565984,1.4384281778683328
allsky_sfc_sw_dwn_mar,Santa Maria,18.525312500000002,1.6098195766646464
allsky_sfc_sw_dwn_mar,Santa Rosa,18.39421658986175,1.7903934650278353
allsky_sfc_sw_dwn_mar,Santo Tome,18.58252688172043,1.8356619945051529
allsky_sfc_sw_dwn_mar,Sargento Cabral,18.90796129032258,1.4160441248702684
allsky_sfc_sw_dwn_mar,Sauce,19.09193548387097,1.663572539209577
allsky_sfc_sw_dwn_mar,Silipica,17.82505376344086,1.4790846646317037
allsky_sfc_sw_dwn_mar,Simoca,16.54268817204301,1.6486717569042593
allsky_sfc_sw_dwn_mar,Sobremonte,18.293064516129032,1.2309260932824242
allsky_sfc_sw_dwn_mar,Suipacha,19.023502304147463,1.46114132211388
allsky_sfc_sw_dwn_mar,Tafi Viejo,18.251677419354838,1.1857018920286495
allsky_sfc_sw_dwn_mar,Tala,18.367880184331796,1.6715931984444778
allsky_sfc_sw_dwn_mar,Tandil,18.35156087408949,1.2361597048094066
allsky_sfc_sw_dwn_mar,Tapalque,18.522544802867387,1.3673053073472263
allsky_sfc_sw_dwn_mar,Tercero Arriba,18.554456391875746,1.4812811255157035
allsky_sfc_sw_dwn_mar,Toay,19.00043010752688,1.3330366067164299
allsky_sfc_sw_dwn_mar,Tornquist,18.79579569892473,1.1177520572611772
allsky_sfc_sw_dwn_mar,Totoral,18.597155425219942,1.6077790770029308
allsky_sfc_sw_dwn_mar,Trenel,18.859223416965353,1.5053595125885624
allsky_sfc_sw_dwn_mar,Trenque Lauquen,18.608264738598443,1.4234830816158124
allsky_sfc_sw_dwn_mar,Tres Arroyos,18.333163771712158,0.8046870088811339
allsky_sfc_sw_dwn_mar,Tres Lomas,18.710016977928692,1.5300982645564187
allsky_sfc_sw_dwn_mar,Tulumba,18.643751493428912,1.6401876410533
allsky_sfc_sw_dwn_mar,Union,18.676996662958842,1.399791124874246
allsky_sfc_sw_dwn_mar,Uruguay,18.93459399332592,1.5937047854537023
allsky_sfc_sw_dwn_mar,Utracan,19.515687606112056,1.562126417212172
allsky_sfc_sw_dwn_mar,Vera,19.00270551508845,1.4238026367821974
allsky_sfc_sw_dwn_mar,Victoria,18.613038501560872,1.5406917843267716
allsky_sfc_sw_dwn_mar,Villa Constitucion,18.62511966701353,1.491006829240474
allsky_sfc_sw_dwn_mar,Villaguay,18.770355951056732,1.7209949625012173
allsky_sfc_sw_dwn_mar,Zarate,19.077460978147762,1.4184597244494073
oni_mean_octfeb,12 De Octubre,0.020249999999999987,1.145639672001854
oni_mean_octfeb,2 De Abril,-0.04790000000000001,1.1959617094733075
oni_mean_octfeb,25 De Mayo,0.058351464435146425,1.0943995139444258
oni_mean_octfeb,9 De Julio,0.004638596491228058,1.0420168143858388
oni_mean_octfeb,Adolfo Alsina,0.05674999999999999,1.0965927962874666
oni_mean_octfeb,Adolfo Gonzales Chaves,0.009928571428571425,1.0569688992436124
oni_mean_octfeb,Aguirre,0.12009090909090907,1.132791995746662
oni_mean_octfeb,Alberdi,0.07699999999999997,1.1719108937360139
oni_mean_octfeb,Alberti,0.07341176470588236,1.1170291257331588
oni_mean_octfeb,Almirante Brown,-0.008285714285714297,1.1200936090888534
oni_mean_octfeb,Anta,0.0953103448275862,1.130939719987898
oni_mean_octfeb,Arrecifes,0.13956249999999998,1.1045111876797253
oni_mean_octfeb,Atreuco,-0.052482758620689664,1.0864146347599932
oni_mean_octfeb,Ayacucho,0.10584615384615384,1.0530594714341037
oni_mean_octfeb,Azul,0.028133333333333326,1.071872346147983
oni_mean_octfeb,Balcarce,0.02553333333333332,1.0737021590910496
oni_mean_octfeb,Banda,0.10116666666666664,1.1556819054855305
oni_mean_octfeb,Baradero,0.08533333333333334,1.130870534883046
oni_mean_octfeb,Belgrano,0.15425688073394495,1.0726817587819388
oni_mean_octfeb,Bella Vista,0.1161176470588235,1.2688196228361688
oni_mean_octfeb,Benito Juarez,0.12169696969696966,1.0977247060638793
oni_mean_octfeb,Bermejo,-0.06073684210526318,1.212551618241708
oni_mean_octfeb,Bolivar,-0.0019354838709677328,1.0832898638094322
oni_mean_octfeb,Bragado,0.10296969696969695,1.1207645962926516
oni_mean_octfeb,Brandsen,0.1863076923076923,1.2341031415982069
oni_mean_octfeb,Burruyacu,0.03511111111111111,1.1622174208526272
oni_mean_octfeb,Cainguas,0.13351999999999997,1.1743493631226896
oni_mean_octfeb,Calamuchita,-0.018647058823529426,1.0791359866663517
oni_mean_octfeb,Campana,0.09380645161290323,1.118910583837536
oni_mean_octfeb,Canuelas,-0.01840000000000002,1.045780144363445
oni_mean_octfeb,Capital,-0.020360655737704937,1.0940885546707295
oni_mean_octfeb,Capitan Sarmiento,0.10683870967741935,1.1134411254237675
oni_mean_octfeb,Carlos Casares,0.06575757575757574,1.1294078932759144
oni_mean_octfeb,Carlos Tejedor,0.06576470588235292,1.1121640128343706
oni_mean_octfeb,Carmen De Areco,0.03141176470588234,1.0932383398583243
oni_mean_octfeb,Caseros,0.1373333333333333,1.0871916421067018
oni_mean_octfeb,Castellanos,0.043030303030303016,1.0021531970228057
oni_mean_octfeb,Castelli,0.033999999999999975,1.0476459325554601
oni_mean_octfeb,Catrilo,-0.019925925925925948,1.093731577459828
oni_mean_octfeb,Chacabuco,0.033919999999999985,1.094156861950889
oni_mean_octfeb,Chapaleufu,0.038114285714285705,1.107830412043621
oni_mean_octfeb,Chascomus,0.028124999999999994,1.0321998978067464
oni_mean_octfeb,Chicligasta,-0.004307692307692354,1.1296801453372678
oni_mean_octfeb,Chivilcoy,0.10296969696969695,1.1207645962926516
oni_mean_octfeb,Choya,0.1270666666666667,1.277970459454402
oni_mean_octfeb,Colon,0.001646616541353369,1.0781171056600536
oni_mean_octfeb,Comandante Fernandez,0.020249999999999987,1.145639672001854
oni_mean_octfeb,Concordia,0.05027586206896548,1.015414021701483
oni_mean_octfeb,Conhelo,0.050499999999999975,0.943229695916779
oni_mean_octfeb,Copo,0.0015789473684210248,1.165431647063271
oni_mean_octfeb,Coronel Dorrego,0.011999999999999981,1.1274129678161413
oni_mean_octfeb,Coronel Pringles,0.06486792452830187,1.0618842838184437
oni_mean_octfeb,Coronel Suarez,-0.028400000000000016,1.0779786191981158
oni_mean_octfeb,Cruz Alta,0.03511111111111111,1.1622174208526272
oni_mean_octfeb,Curuzu Cuatia,-0.27285714285714285,1.1381774133129792
oni_mean_octfeb,Daireaux,-0.011314285714285733,1.050418733632634
oni_mean_octfeb,Diamante,0.08476470588235295,1.1136092579188799
oni_mean_octfeb,Dolores,0.033999999999999975,1.0476459325554601
oni_mean_octfeb,El Alto,0.10866666666666666,1.1448705312537892
oni_mean_octfeb,El Carmen,0.14766666666666664,1.0574799686320167
oni_mean_octfeb,Esquina,-0.04388235294117649,1.2238513942853184
oni_mean_octfeb,Exaltacion De La Cruz,0.10296969696969695,1.1207645962926516
oni_mean_octfeb,Famailla,-0.14200000000000002,1.0893494082861264
oni_mean_octfeb,Federacion,-0.048111111111111125,1.0249867654175082
oni_mean_octfeb,Federal,-0.07664285714285715,0.9929326639466924
oni_mean_octfeb,Feliciano,0.004272727272727272,1.0788500571847073
oni_mean_octfeb,Figueroa,0.1569230769230769,1.3680020992636464
oni_mean_octfeb,Florentino Ameghino,-0.06645454545454549,1.153435767290086
oni_mean_octfeb,Fray Justo Santa Maria De Oro,0.03557142857142855,1.122436418345161
oni_mean_octfeb,Garay,0.009599999999999982,1.0240990523213647
oni_mean_octfeb,General Alvarado,0.0591333333333333,1.1093348965229923
oni_mean_octfeb,General Alvear,-0.09360000000000003,1.0983948665023069
oni_mean_octfeb,General Arenales,0.03141176470588234,1.0932383398583243
oni_mean_octfeb,General Belgrano,0.07423853211009174,1.0929058013954138
oni_mean_octfeb,General Donovan,-0.21263157894736848,1.133471766571199
oni_mean_octfeb,General Guemes,0.13368539325842693,1.10419233744836
oni_mean_octfeb,General Jose De San Martin,0.08931249999999999,1.1314634097400789
oni_mean_octfeb,General Juan Madariaga,-0.021840000000000023,1.096365498666693
oni_mean_octfeb,General La Madrid,-0.03592307692307693,1.12314907017998
oni_mean_octfeb,General Las Heras,-0.05684615384615387,1.1571360747053976
oni_mean_octfeb,General Lopez,0.1427272727272727,1.0822120654222325
oni_mean_octfeb,General Manuel Belgrano,0.08619999999999998,1.1423788476591061
oni_mean_octfeb,General Obligado,0.10959999999999999,1.1382348584995314
oni_mean_octfeb,General Paz,-0.0581904761904762,1.0909091446608934
oni_mean_octfeb,General Pinto,0.1292121212121212,1.1061062267469997
oni_mean_octfeb,General Pueyrredon,-0.044312500000000005,1.0797292503365177
oni_mean_octfeb,General Roca,0.032242424242424246,1.123211551487047
oni_mean_octfeb,General Rodriguez,-0.04600000000000001,1.1177095627517315
oni_mean_octfeb,General San Martin,0.11912499999999998,1.0910203495928967
oni_mean_octfeb,General Taboada,0.11967741935483871,1.0702401097291758
oni_mean_octfeb,General Viamonte,0.1292121212121212,1.1061062267469997
oni_mean_octfeb,General Villegas,0.10472727272727268,1.1164438877728942
oni_mean_octfeb,Graneros,0.1618461538461538,1.1376773423887
oni_mean_octfeb,Gualeguay,0.05199999999999998,1.028027885484306
oni_mean_octfeb,Gualeguaychu,0.07839999999999997,1.0388889821541951
oni_mean_octfeb,Guamini,0.07291666666666669,1.09774852258638
oni_mean_octfeb,Guarani,-0.010769230769230783,1.085954411849496
oni_mean_octfeb,Guasayan,0.16335714285714284,1.0832082736118498
oni_mean_octfeb,Guatrache,0.10961904761904762,1.1559547774973933
oni_mean_octfeb,Hipolito Yrigoyen,0.09575757575757575,1.1266048284087637
oni_mean_octfeb,Independencia,0.020249999999999987,1.145639672001854
oni_mean_octfeb,Iriondo,0.01711764705882351,0.9983522413762401
oni_mean_octfeb,Ischilin,0.06408,1.1705161938221957
oni_mean_octfeb,Ituzaingo,-0.11989473684210529,1.102815079428643
oni_mean_octfeb,Jimenez,0.09657142857142857,1.111216998129176
oni_mean_octfeb,Juan Bautista Alberdi,-0.034625000000000024,1.252552959625527
oni_mean_octfeb,Juan F. Ibarra,0.09699999999999999,1.1194805012114293
oni_mean_octfeb,Juarez Celman,0.08476470588235295,1.1136092579188799
oni_mean_octfeb,Junin,0.17926666666666663,1.046707831066444
oni_mean_octfeb,La Candelaria,0.06299999999999997,1.0893917433000722
oni_mean_octfeb,La Capital,0.06181249999999998,1.0128330575269326
oni_mean_octfeb,La Cocha,-0.034625000000000024,1.252552959625527
oni_mean_octfeb,La Paz,0.07118749999999997,1.010416823522879
oni_mean_octfeb,Laishi,-0.04726315789473683,1.0640165434232507
oni_mean_octfeb,Laprida,0.038222222222222206,1.100001165500548
oni_mean_octfeb,Las Colonias,0.06181249999999998,1.0128330575269326
oni_mean_octfeb,Las Flores,0.1842962962962963,1.0879489105232982
oni_mean_octfeb,Leales,0.11207692307692309,1.1326776036658242
oni_mean_octfeb,Leandro N. Alem,0.04428846153846151,1.1143173945460518
oni_mean_octfeb,Libertador General San Martin,-0.03488888888888889,1.036186226356831
oni_mean_octfeb,Lincoln,0.13118749999999996,1.1237459085289183
oni_mean_octfeb,Loberia,0.05173333333333333,1.0456794172585404
oni_mean_octfeb,Lobos,0.09078787878787879,1.1195657572686317
oni_mean_octfeb,Lujan,0.08442424242424243,1.0840311062852115
oni_mean_octfeb,Lules,0.04861538461538457,1.067507809375146
oni_mean_octfeb,Magdalena,0.1863076923076923,1.2341031415982069
oni_mean_octfeb,Maipu,0.016311111111111092,1.088569328532282
oni_mean_octfeb,Mar Chiquita,0.033999999999999975,1.0476459325554601
oni_mean_octfeb,Maraco,-0.0011764705882353116,1.099458833012949
oni_mean_octfeb,Marcos Juarez,0.14775757575757573,1.0780175969778691
oni_mean_octfeb,Marcos Paz,0.05956521739130431,1.1720682506534008
oni_mean_octfeb,Mayor Luis J. Fontana,0.0886,1.1608159021225932
oni_mean_octfeb,Mercedes,0.12917241379310343,1.0754904574834363
oni_mean_octfeb,Metan,0.03713333333333333,1.1560524607274631
oni_mean_octfeb,Mitre,0.08742857142857138,1.1468470298562532
oni_mean_octfeb,Monte,0.07660000000000002,1.1337483939083024
oni_mean_octfeb,Monteros,0.03666666666666662,1.1095621850190471
oni_mean_octfeb,Moreno,0.03970370370370369,1.1075649942663486
oni_mean_octfeb,Navarro,0.1496774193548387,1.0860999458949983
oni_mean_octfeb,Necochea,0.05384615384615384,1.084368191798623
oni_mean_octfeb,Nogoya,0.03843749999999997,1.04394780914843
oni_mean_octfeb,O'Higgins,0.04703030303030303,1.13804307049559
oni_mean_octfeb,Obera,-0.014347826086956549,1.1243732237318083
oni_mean_octfeb,Olavarria,0.006529411764705878,1.107698384593002
oni_mean_octfeb,Oran,0.08931249999999999,1.1314634097400789
oni_mean_octfeb,Parana,0.061096774193548364,1.0531746089748115
oni_mean_octfeb,Pehuajo,0.03729411764705882,1.1244796649713353
oni_mean_octfeb,Pellegrini,0.079875,1.0842698471097274
oni_mean_octfeb,Pergamino,0.1373333333333333,1.0871916421067018
oni_mean_octfeb,Pilagas,0.13120000000000004,1.1552617201765423
oni_mean_octfeb,Pilar,0.10620689655172412,1.1335479503157442
oni_mean_octfeb,Pilcomayo,0.09473684210526317,1.0091497434367025
oni_mean_octfeb,Pirane,0.1223809523809524,1.1267348612779526
oni_mean_octfeb,Pocho,0.053181818181818157,1.115690289691016
oni_mean_octfeb,Presidencia De La Plaza,-0.025500000000000002,1.1445469570280222
oni_mean_octfeb,Presidente Roque Saenz Pena,0.027764705882352938,1.1068260671663825
oni_mean_octfeb,Puan,0.044222222222222204,1.1320527757924925
oni_mean_octfeb,Quemu Quemu,0.06576470588235292,1.1121640128343706
oni_mean_octfeb,Quitilipi,0.0566,1.1618734158602473
oni_mean_octfeb,Ramallo,0.13956249999999998,1.1045111876797253
oni_mean_octfeb,Rancul,0.02099999999999999,1.1301175946678192
oni_mean_octfeb,Rauch,0.018866666666666657,1.093423813889934
oni_mean_octfeb,Realico,0.011933333333333318,1.0729107663937751
oni_mean_octfeb,Rio Chico,0.10441666666666666,1.1108170090236429
oni_mean_octfeb,Rio Cuarto,0.020249999999999994,1.1154226451974851
oni_mean_octfeb,Rio Hondo,0.07163636363636364,1.1843216481318604
oni_mean_octfeb,Rio Primero,0.019777777777777773,1.098241168183047
oni_mean_octfeb,Rio Seco,0.020645161290322574,1.0276830104134607
oni_mean_octfeb,Rio Segundo,0.04827586206896552,1.1109932138326795
oni_mean_octfeb,Rivadavia,0.1125137614678899,1.1018886615688779
oni_mean_octfeb,Robles,0.07999999999999997,1.3223308093025623
oni_mean_octfeb,Rojas,0.10011764705882352,1.084971491448002
oni_mean_octfeb,Roque Perez,0.1115862068965517,1.081547222311014
oni_mean_octfeb,Rosario,0.19729032258064516,1.0947147632617484
oni_mean_octfeb,Rosario De La Frontera,0.039714285714285716,1.1725825520063997
oni_mean_octfeb,Saavedra,0.004959999999999991,1.114091127332051
oni_mean_octfeb,Saladillo,0.11449999999999999,1.1143279183783465
oni_mean_octfeb,Salliquelo,0.06222222222222223,1.1574221134564298
oni_mean_octfeb,Salto,0.1373333333333333,1.0871916421067018
oni_mean_octfeb,San Alberto,0.2863,1.0579279201394234
oni_mean_octfeb,San Andres De Giles,0.07745454545454544,1.0761918129133943
oni_mean_octfeb,San Antonio De Areco,0.08896969696969698,1.130601402043634
oni_mean_octfeb,San Cayetano,0.08304,1.1317726685749807
oni_mean_octfeb,San Cristobal,0.1467096774193548,1.1093226219499412
oni_mean_octfeb,San Fernando,0.06050000000000001,1.1306296276140608
oni_mean_octfeb,San Javier,0.13138388625592415,1.072673002819222
oni_mean_octfeb,San Jeronimo,0.040121212121212106,1.0046394800367366
oni_mean_octfeb,San Justo,0.11894999999999999,1.0347218020139641
oni_mean_octfeb,San Lorenzo,0.02367213114754097,1.0647669317208954
oni_mean_octfeb,San Martin,0.07105797101449274,1.064696692823699
oni_mean_octfeb,San Nicolas,0.08533333333333334,1.130870534883046
oni_mean_octfeb,San Pedro,0.0796048387096774,1.0435800054766968
oni_mean_octfeb,San Salvador,-0.11650000000000005,0.8929950116932853
oni_mean_octfeb,Santa Barbara,0.06683333333333331,1.0937239007238038
oni_mean_octfeb,Santa Maria,-0.03929411764705882,1.1016559307067335
oni_mean_octfeb,Santa Rosa,0.13813333333333333,1.0781441184878229
oni_mean_octfeb,Santo Tome,0.04829999999999997,1.178192241484698
oni_mean_octfeb,Sargento Cabral,-0.06376000000000002,1.165891121274481
oni_mean_octfeb,Sauce,-0.242,1.1801421035686273
oni_mean_octfeb,Silipica,-0.19083333333333333,0.8873955593690329
oni_mean_octfeb,Simoca,0.0505333333333333,1.2670696151055827
oni_mean_octfeb,Sobremonte,0.008909090909090893,1.1553944248854053
oni_mean_octfeb,Suipacha,0.09879999999999999,1.1251528754366886
oni_mean_octfeb,Tafi Viejo,0.21739999999999998,1.1658046529710235
oni_mean_octfeb,Tala,0.030599999999999978,1.0774643477580383
oni_mean_octfeb,Tandil,0.040363636363636345,1.134628513495216
oni_mean_octfeb,Tapalque,0.08977777777777779,1.043551828277184
oni_mean_octfeb,Tercero Arriba,-0.017379310344827575,1.1201719387727016
oni_mean_octfeb,Toay,0.054888888888888855,1.0366938903177843
oni_mean_octfeb,Tornquist,0.09043749999999999,1.0907921636841909
oni_mean_octfeb,Totoral,-0.03842424242424243,1.0865641671774102
oni_mean_octfeb,Trenel,0.007925925925925904,0.9950570886570326
oni_mean_octfeb,Trenque Lauquen,0.08387096774193548,1.1361031567580906
oni_mean_octfeb,Tres Arroyos,0.06823076923076922,1.1104576824964492
oni_mean_octfeb,Tres Lomas,0.07294736842105261,1.1709588413719478
oni_mean_octfeb,Tulumba,0.08131034482758621,1.0923735985539627
oni_mean_octfeb,Union,0.1520645161290322,1.0927603560245607
oni_mean_octfeb,Uruguay,0.027870967741935454,1.0594633780656908
oni_mean_octfeb,Utracan,-0.01778947368421056,0.9883761979994914
oni_mean_octfeb,Vera,0.16515151515151513,1.0597378249245224
oni_mean_octfeb,Victoria,0.009939393939393939,1.040466540169419
oni_mean_octfeb,Villa Constitucion,0.1373333333333333,1.0871916421067018
oni_mean_octfeb,Villaguay,0.053999999999999986,1.0321454677838133
oni_mean_octfeb,Zarate,0.08896969696969698,1.130601402043634
SPI_3_feb,12 De Octubre,,
SPI_3_feb,2 De Abril,,
SPI_3_feb,25 De Mayo,,
SPI_3_feb,9 De Julio,,
SPI_3_feb,Adolfo Alsina,,
SPI_3_feb,Adolfo Gonzales Chaves,,
SPI_3_feb,Aguirre,,
SPI_3_feb,Alberdi,,
SPI_3_feb,Alberti,,
SPI_3_feb,Almirante Brown,,
SPI_3_feb,Anta,,
SPI_3_feb,Arrecifes,0.1573195828135541,0.9608065856791317
SPI_3_feb,Atreuco,,
SPI_3_feb,Ayacucho,,
SPI_3_feb,Azul,,
SPI_3_feb,Balcarce,,
SPI_3_feb,Banda,,
SPI_3_feb,Baradero,0.1039942977869857,0.9841103348656389
SPI_3_feb,Belgrano,0.20634884176844748,0.9485332535245641
SPI_3_feb,Bella Vista,,
SPI_3_feb,Benito Juarez,,
SPI_3_feb,Bermejo,,
SPI_3_feb,Bolivar,,
SPI_3_feb,Bragado,,
SPI_3_feb,Brandsen,,
SPI_3_feb,Burruyacu,,
SPI_3_feb,Cainguas,,
SPI_3_feb,Calamuchita,,
SPI_3_feb,Campana,,
SPI_3_feb,Canuelas,,
SPI_3_feb,Capital,,
SPI_3_feb,Capitan Sarmiento,0.10129972268985152,0.9928544298986315
SPI_3_feb,Carlos Casares,,
SPI_3_feb,Carlos Tejedor,,
SPI_3_feb,Carmen De Areco,0.1179483528064616,0.9715522198952764
SPI_3_feb,Caseros,0.19221140221164013,0.9087233526319045
SPI_3_feb,Castellanos,,
SPI_3_feb,Castelli,,
SPI_3_feb,Catrilo,,
SPI_3_feb,Chacabuco,0.08629548199582363,1.0003361573847074
SPI_3_feb,Chapaleufu,,
SPI_3_feb,Chascomus,,
SPI_3_feb,Chicligasta,,
SPI_3_feb,Chivilcoy,,
SPI_3_feb,Choya,,
SPI_3_feb,Colon,0.07240335117006583,0.9711692785213757
SPI_3_feb,Comandante Fernandez,,
SPI_3_feb,Concordia,,
SPI_3_feb,Conhelo,,
SPI_3_feb,Copo,,
SPI_3_feb,Coronel Dorrego,,
SPI_3_feb,Coronel Pringles,,
SPI_3_feb,Coronel Suarez,,
SPI_3_feb,Cruz Alta,,
SPI_3_feb,Curuzu Cuatia,,
SPI_3_feb,Daireaux,,
SPI_3_feb,Diamante,,
SPI_3_feb,Dolores,,
SPI_3_feb,El Alto,,
SPI_3_feb,El Carmen,,
SPI_3_feb,Esquina,,
SPI_3_feb,Exaltacion De La Cruz,,
SPI_3_feb,Famailla,,
SPI_3_feb,Federacion,,
SPI_3_feb,Federal,,
SPI_3_feb,Feliciano,,
SPI_3_feb,Figueroa,,
SPI_3_feb,Florentino Ameghino,,
SPI_3_feb,Fray Justo Santa Maria De Oro,,
SPI_3_feb,Garay,,
SPI_3_feb,General Alvarado,,
SPI_3_feb,General Alvear,,
SPI_3_feb,General Arenales,0.13373853446099737,0.9554586288416641
SPI_3_feb,General Belgrano,,
SPI_3_feb,General Donovan,,
SPI_3_feb,General Guemes,,
SPI_3_feb,General Jose De San Martin,,
SPI_3_feb,General Juan Madariaga,,
SPI_3_feb,General La Madrid,,
SPI_3_feb,General Las Heras,,
SPI_3_feb,General Lopez,0.15831765439472276,0.9524208030476335
SPI_3_feb,General Manuel Belgrano,,
SPI_3_feb,General Obligado,,
SPI_3_feb,General Paz,,
SPI_3_feb,General Pinto,,
SPI_3_feb,General Pueyrredon,,
SPI_3_feb,General Roca,,
SPI_3_feb,General Rodriguez,,
SPI_3_feb,General San Martin,0.1521035578753088,0.9429520990210551
SPI_3_feb,General Taboada,,
SPI_3_feb,General Viamonte,,
SPI_3_feb,General Villegas,,
SPI_3_feb,Graneros,,
SPI_3_feb,Gualeguay,,
SPI_3_feb,Gualeguaychu,,
SPI_3_feb,Guamini,,
SPI_3_feb,Guarani,,
SPI_3_feb,Guasayan,,
SPI_3_feb,Guatrache,,
SPI_3_feb,Hipolito Yrigoyen,,
SPI_3_feb,Independencia,,
SPI_3_feb,Iriondo,0.104364033725385,0.9549248926467961
SPI_3_feb,Ischilin,,
SPI_3_feb,Ituzaingo,,
SPI_3_feb,Jimenez,,
SPI_3_feb,Juan Bautista Alberdi,,
SPI_3_feb,Juan F. Ibarra,,
SPI_3_feb,Juarez Celman,0.1321218972764056,0.9576326372388744
SPI_3_feb,Junin,0.23539738926488066,0.930481377596176
SPI_3_feb,La Candelaria,,
SPI_3_feb,La Capital,,
SPI_3_feb,La Cocha,,
SPI_3_feb,La Paz,,
SPI_3_feb,Laishi,,
SPI_3_feb,Laprida,,
SPI_3_feb,Las Colonias,,
SPI_3_feb,Las Flores,,
SPI_3_feb,Leales,,
SPI_3_feb,Leandro N. Alem,0.07464554956684186,1.0155136460120104
SPI_3_feb,Libertador General San Martin,,
SPI_3_feb,Lincoln,,
SPI_3_feb,Loberia,,
SPI_3_feb,Lobos,,
SPI_3_feb,Lujan,,
SPI_3_feb,Lules,,
SPI_3_feb,Magdalena,,
SPI_3_feb,Maipu,,
SPI_3_feb,Mar Chiquita,,
SPI_3_feb,Maraco,,
SPI_3_feb,Marcos Juarez,0.16271284630560562,0.9338300080697736
SPI_3_feb,Marcos Paz,,
SPI_3_feb,Mayor Luis J. Fontana,,
SPI_3_feb,Mercedes,,
SPI_3_feb,Metan,,
SPI_3_feb,Mitre,,
SPI_3_feb,Monte,,
SPI_3_feb,Monteros,,
SPI_3_feb,Moreno,,
SPI_3_feb,Navarro,,
SPI_3_feb,Necochea,,
SPI_3_feb,Nogoya,,
SPI_3_feb,O'Higgins,,
SPI_3_feb,Obera,,
SPI_3_feb,Olavarria,,
SPI_3_feb,Oran,,
SPI_3_feb,Parana,,
SPI_3_feb,Pehuajo,,
SPI_3_feb,Pellegrini,,
SPI_3_feb,Pergamino,0.1633180357091285,0.9322398292890838
SPI_3_feb,Pilagas,,
SPI_3_feb,Pilar,,
SPI_3_feb,Pilcomayo,,
SPI_3_feb,Pirane,,
SPI_3_feb,Pocho,,
SPI_3_feb,Presidencia De La Plaza,,
SPI_3_feb,Presidente Roque Saenz Pena,,
SPI_3_feb,Puan,,
SPI_3_feb,Quemu Quemu,,
SPI_3_feb,Quitilipi,,
SPI_3_feb,Ramallo,0.16871245355678655,0.9445202484994341
SPI_3_feb,Rancul,,
SPI_3_feb,Rauch,,
SPI_3_feb,Realico,,
SPI_3_feb,Rio Chico,,
SPI_3_feb,Rio Cuarto,,
SPI_3_feb,Rio Hondo,,
SPI_3_feb,Rio Primero,,
SPI_3_feb,Rio Seco,,
SPI_3_feb,Rio Segundo,,
SPI_3_feb,Rivadavia,,
SPI_3_feb,Robles,,
SPI_3_feb,Rojas,0.11533669885863779,0.9496298975284644
SPI_3_feb,Roque Perez,,
SPI_3_feb,Rosario,0.25381099205132535,0.9089154503686935
SPI_3_feb,Rosario De La Frontera,,
SPI_3_feb,Saavedra,,
SPI_3_feb,Saladillo,,
SPI_3_feb,Salliquelo,,
SPI_3_feb,Salto,0.13965260432541335,0.9675835810751555
SPI_3_feb,San Alberto,,
SPI_3_feb,San Andres De Giles,,
SPI_3_feb,San Antonio De Areco,,
SPI_3_feb,San Cayetano,,
SPI_3_feb,San Cristobal,,
SPI_3_feb,San Fernando,,
SPI_3_feb,San Javier,,
SPI_3_feb,San Jeronimo,,
SPI_3_feb,San Justo,,
SPI_3_feb,San Lorenzo,0.10803753334812793,0.9759162887210268
SPI_3_feb,San Martin,,
SPI_3_feb,San Nicolas,0.132307221323249,0.9763211209657044
SPI_3_feb,San Pedro,0.09965692812361666,0.9837557776816686
SPI_3_feb,San Salvador,,
SPI_3_feb,Santa Barbara,,
SPI_3_feb,Santa Maria,,
SPI_3_feb,Santa Rosa,,
SPI_3_feb,Santo Tome,,
SPI_3_feb,Sargento Cabral,,
SPI_3_feb,Sauce,,
SPI_3_feb,Silipica,,
SPI_3_feb,Simoca,,
SPI_3_feb,Sobremonte,,
SPI_3_feb,Suipacha,,
SPI_3_feb,Tafi Viejo,,
SPI_3_feb,Tala,,
SPI_3_feb,Tandil,,
SPI_3_feb,Tapalque,,
SPI_3_feb,Tercero Arriba,,
SPI_3_feb,Toay,,
SPI_3_feb,Tornquist,,
SPI_3_feb,Totoral,,
SPI_3_feb,Trenel,,
SPI_3_feb,Trenque Lauquen,,
SPI_3_feb,Tres Arroyos,,
SPI_3_feb,Tres Lomas,,
SPI_3_feb,Tulumba,,
SPI_3_feb,Union,0.20362063407008413,0.9254537206073247
SPI_3_feb,Uruguay,,
SPI_3_feb,Utracan,,
SPI_3_feb,Vera,,
SPI_3_feb,Victoria,,
SPI_3_feb,Villa Constitucion,0.16471251085465155,0.921435905175229
SPI_3_feb,Villaguay,,
SPI_3_feb,Zarate,,
SPI_6_feb,12 De Octubre,,
SPI_6_feb,2 De Abril,,
SPI_6_feb,25 De Mayo,,
SPI_6_feb,9 De Julio,,
SPI_6_feb,Adolfo Alsina,,
SPI_6_feb,Adolfo Gonzales Chaves,,
SPI_6_feb,Aguirre,,
SPI_6_feb,Alberdi,,
SPI_6_feb,Alberti,,
SPI_6_feb,Almirante Brown,,
SPI_6_feb,Anta,,
SPI_6_feb,Arrecifes,0.19220766037169043,0.8828966814489692
SPI_6_feb,Atreuco,,
SPI_6_feb,Ayacucho,,
SPI_6_feb,Azul,,
SPI_6_feb,Balcarce,,
SPI_6_feb,Banda,,
SPI_6_feb,Baradero,0.1376588388555111,0.927542983609107
SPI_6_feb,Belgrano,0.2035224781596793,0.9196200186630278
SPI_6_feb,Bella Vista,,
SPI_6_feb,Benito Juarez,,
SPI_6_feb,Bermejo,,
SPI_6_feb,Bolivar,,
SPI_6_feb,Bragado,,
SPI_6_feb,Brandsen,,
SPI_6_feb,Burruyacu,,
SPI_6_feb,Cainguas,,
SPI_6_feb,Calamuchita,,
SPI_6_feb,Campana,,
SPI_6_feb,Canuelas,,
SPI_6_feb,Capital,,
SPI_6_feb,Capitan Sarmiento,0.1231187606539485,0.9385916941149194
SPI_6_feb,Carlos Casares,,
SPI_6_feb,Carlos Tejedor,,
SPI_6_feb,Carmen De Areco,0.1149677336594644,0.9237905491684948
SPI_6_feb,Caseros,0.22040104236738947,0.8526183934385633
SPI_6_feb,Castellanos,,
SPI_6_feb,Castelli,,
SPI_6_feb,Catrilo,,
SPI_6_feb,Chacabuco,0.120694801431257,0.9208337936737873
SPI_6_feb,Chapaleufu,,
SPI_6_feb,Chascomus,,
SPI_6_feb,Chicligasta,,
SPI_6_feb,Chivilcoy,,
SPI_6_feb,Choya,,
SPI_6_feb,Colon,0.10817993900739123,0.912964235359384
SPI_6_feb,Comandante Fernandez,,
SPI_6_feb,Concordia,,
SPI_6_feb,Conhelo,,
SPI_6_feb,Copo,,
SPI_6_feb,Coronel Dorrego,,
SPI_6_feb,Coronel Pringles,,
SPI_6_feb,Coronel Suarez,,
SPI_6_feb,Cruz Alta,,
SPI_6_feb,Curuzu Cuatia,,
SPI_6_feb,Daireaux,,
SPI_6_feb,Diamante,,
SPI_6_feb,Dolores,,
SPI_6_feb,El Alto,,
SPI_6_feb,El Carmen,,
SPI_6_feb,Esquina,,
SPI_6_feb,Exaltacion De La Cruz,,
SPI_6_feb,Famailla,,
SPI_6_feb,Federacion,,
SPI_6_feb,Federal,,
SPI_6_feb,Feliciano,,
SPI_6_feb,Figueroa,,
SPI_6_feb,Florentino Ameghino,,
SPI_6_feb,Fray Justo Santa Maria De Oro,,
SPI_6_feb,Garay,,
SPI_6_feb,General Alvarado,,
SPI_6_feb,General Alvear,,
SPI_6_feb,General Arenales,0.12332915396712002,0.9201470136375967
SPI_6_feb,General Belgrano,,
SPI_6_feb,General Donovan,,
SPI_6_feb,General Guemes,,
SPI_6_feb,General Jose De San Martin,,
SPI_6_feb,General Juan Madariaga,,
SPI_6_feb,General La Madrid,,
SPI_6_feb,General Las Heras,,
SPI_6_feb,General Lopez,0.22245870358994152,0.8343711443156216
SPI_6_feb,General Manuel Belgrano,,
SPI_6_feb,General Obligado,,
SPI_6_feb,General Paz,,
SPI_6_feb,General Pinto,,
SPI_6_feb,General Pueyrredon,,
SPI_6_feb,General Roca,,
SPI_6_feb,General Rodriguez,,
SPI_6_feb,General San Martin,0.1942216252063196,0.8602446160766576
SPI_6_feb,General Taboada,,
SPI_6_feb,General Viamonte,,
SPI_6_feb,General Villegas,,
SPI_6_feb,Graneros,,
SPI_6_feb,Gualeguay,,
SPI_6_feb,Gualeguaychu,,
SPI_6_feb,Guamini,,
SPI_6_feb,Guarani,,
SPI_6_feb,Guasayan,,
SPI_6_feb,Guatrache,,
SPI_6_feb,Hipolito Yrigoyen,,
SPI_6_feb,Independencia,,
SPI_6_feb,Iriondo,0.1212657595912176,0.8729928374827634
SPI_6_feb,Ischilin,,
SPI_6_feb,Ituzaingo,,
SPI_6_feb,Jimenez,,
SPI_6_feb,Juan Bautista Alberdi,,
SPI_6_feb,Juan F. Ibarra,,
SPI_6_feb,Juarez Celman,0.1595869292219986,0.8896395279280277
SPI_6_feb,Junin,0.2572114916652654,0.8590320423656534
SPI_6_feb,La Candelaria,,
SPI_6_feb,La Capital,,
SPI_6_feb,La Cocha,,
SPI_6_feb,La Paz,,
SPI_6_feb,Laishi,,
SPI_6_feb,Laprida,,
SPI_6_feb,Las Colonias,,
SPI_6_feb,Las Flores,,
SPI_6_feb,Leales,,
SPI_6_feb,Leandro N. Alem,0.11989313572859651,0.9512865402815724
SPI_6_feb,Libertador General San Martin,,
SPI_6_feb,Lincoln,,
SPI_6_feb,Loberia,,
SPI_6_feb,Lobos,,
SPI_6_feb,Lujan,,
SPI_6_feb,Lules,,
SPI_6_feb,Magdalena,,
SPI_6_feb,Maipu,,
SPI_6_feb,Mar Chiquita,,
SPI_6_feb,Maraco,,
SPI_6_feb,Marcos Juarez,0.19199590934611924,0.868927871201708
SPI_6_feb,Marcos Paz,,
SPI_6_feb,Mayor Luis J. Fontana,,
SPI_6_feb,Mercedes,,
SPI_6_feb,Metan,,
SPI_6_feb,Mitre,,
SPI_6_feb,Monte,,
SPI_6_feb,Monteros,,
SPI_6_feb,Moreno,,
SPI_6_feb,Navarro,,
SPI_6_feb,Necochea,,
SPI_6_feb,Nogoya,,
SPI_6_feb,O'Higgins,,
SPI_6_feb,Obera,,
SPI_6_feb,Olavarria,,
SPI_6_feb,Oran,,
SPI_6_feb,Parana,,
SPI_6_feb,Pehuajo,,
SPI_6_feb,Pellegrini,,
SPI_6_feb,Pergamino,0.1910629044022435,0.8856687744313883
SPI_6_feb,Pilagas,,
SPI_6_feb,Pilar,,
SPI_6_feb,Pilcomayo,,
SPI_6_feb,Pirane,,
SPI_6_feb,Pocho,,
SPI_6_feb,Presidencia De La Plaza,,
SPI_6_feb,Presidente Roque Saenz Pena,,
SPI_6_feb,Puan,,
SPI_6_feb,Quemu Quemu,,
SPI_6_feb,Quitilipi,,
SPI_6_feb,Ramallo,0.19779346682969745,0.8867378484573611
SPI_6_feb,Rancul,,
SPI_6_feb,Rauch,,
SPI_6_feb,Realico,,
SPI_6_feb,Rio Chico,,
SPI_6_feb,Rio Cuarto,,
SPI_6_feb,Rio Hondo,,
SPI_6_feb,Rio Primero,,
SPI_6_feb,Rio Seco,,
SPI_6_feb,Rio Segundo,,
SPI_6_feb,Rivadavia,,
SPI_6_feb,Robles,,
SPI_6_feb,Rojas,0.15663137694614734,0.8624275879411856
SPI_6_feb,Roque Perez,,
SPI_6_feb,Rosario,0.28682566382873675,0.8380938281008062
SPI_6_feb,Rosario De La Frontera,,
SPI_6_feb,Saavedra,,
SPI_6_feb,Saladillo,,
SPI_6_feb,Salliquelo,,
SPI_6_feb,Salto,0.17725996806964084,0.8957597390528319
SPI_6_feb,San Alberto,,
SPI_6_feb,San Andres De Giles,,
SPI_6_feb,San Antonio De Areco,,
SPI_6_feb,San Cayetano,,
SPI_6_feb,San Cristobal,,
SPI_6_feb,San Fernando,,
SPI_6_feb,San Javier,,
SPI_6_feb,San Jeronimo,,
SPI_6_feb,San Justo,,
SPI_6_feb,San Lorenzo,0.1153390702915898,0.9476780843736727
SPI_6_feb,San Martin,,
SPI_6_feb,San Nicolas,0.16418011913142064,0.9160279077072475
SPI_6_feb,San Pedro,0.10991302346686983,0.882006216974002
SPI_6_feb,San Salvador,,
SPI_6_feb,Santa Barbara,,
SPI_6_feb,Santa Maria,,
SPI_6_feb,Santa Rosa,,
SPI_6_feb,Santo Tome,,
SPI_6_feb,Sargento Cabral,,
SPI_6_feb,Sauce,,
SPI_6_feb,Silipica,,
SPI_6_feb,Simoca,,
SPI_6_feb,Sobremonte,,
SPI_6_feb,Suipacha,,
SPI_6_feb,Tafi Viejo,,
SPI_6_feb,Tala,,
SPI_6_feb,Tandil,,
SPI_6_feb,Tapalque,,
SPI_6_feb,Tercero Arriba,,
SPI_6_feb,Toay,,
SPI_6_feb,Tornquist,,
SPI_6_feb,Totoral,,
SPI_6_feb,Trenel,,
SPI_6_feb,Trenque Lauquen,,
SPI_6_feb,Tres Arroyos,,
SPI_6_feb,Tres Lomas,,
SPI_6_feb,Tulumba,,
SPI_6_feb,Union,0.23401921298809092,0.8517611236640871
SPI_6_feb,Uruguay,,
SPI_6_feb,Utracan,,
SPI_6_feb,Vera,,
SPI_6_feb,Victoria,,
SPI_6_feb,Villa Constitucion,0.18996618515444952,0.8634622083564538
SPI_6_feb,Villaguay,,
SPI_6_feb,Zarate,,
dias_secos_consec_dic,12 De Octubre,,
dias_secos_consec_dic,2 De Abril,,
dias_secos_consec_dic,25 De Mayo,,
dias_secos_consec_dic,9 De Julio,,
dias_secos_consec_dic,Adolfo Alsina,,
dias_secos_consec_dic,Adolfo Gonzales Chaves,,
dias_secos_consec_dic,Aguirre,,
dias_secos_consec_dic,Alberdi,,
dias_secos_consec_dic,Alberti,,
dias_secos_consec_dic,Almirante Brown,,
dias_secos_consec_dic,Anta,,
dias_secos_consec_dic,Arrecifes,9.375,4.591366371930073
dias_secos_consec_dic,Atreuco,,
dias_secos_consec_dic,Ayacucho,,
dias_secos_consec_dic,Azul,,
dias_secos_consec_dic,Balcarce,,
dias_secos_consec_dic,Banda,,
dias_secos_consec_dic,Baradero,9.454545454545455,4.6036053065159495
dias_secos_consec_dic,Belgrano,8.706422018348624,4.47483240384192
dias_secos_consec_dic,Bella Vista,,
dias_secos_consec_dic,Benito Juarez,,
dias_secos_consec_dic,Bermejo,,
dias_secos_consec_dic,Bolivar,,
dias_secos_consec_dic,Bragado,,
dias_secos_consec_dic,Brandsen,,
dias_secos_consec_dic,Burruyacu,,
dias_secos_consec_dic,Cainguas,,
dias_secos_consec_dic,Calamuchita,,
dias_secos_consec_dic,Campana,,
dias_secos_consec_dic,Canuelas,,
dias_secos_consec_dic,Capital,,
dias_secos_consec_dic,Capitan Sarmiento,8.838709677419354,3.890987656911361
dias_secos_consec_dic,Carlos Casares,,
dias_secos_consec_dic,Carlos Tejedor,,
dias_secos_consec_dic,Carmen De Areco,8.529411764705882,3.1356725064547453
dias_secos_consec_dic,Caseros,9.0,4.873397172404482
dias_secos_consec_dic,Castellanos,,
dias_secos_consec_dic,Castelli,,
dias_secos_consec_dic,Catrilo,,
dias_secos_consec_dic,Chacabuco,9.616,4.29304845770939
dias_secos_consec_dic,Chapaleufu,,
dias_secos_consec_dic,Chascomus,,
dias_secos_consec_dic,Chicligasta,,
dias_secos_consec_dic,Chivilcoy,,
dias_secos_consec_dic,Choya,,
dias_secos_consec_dic,Colon,8.236842105263158,3.2167480047275343
dias_secos_consec_dic,Comandante Fernandez,,
dias_secos_consec_dic,Concordia,,
dias_secos_consec_dic,Conhelo,,
dias_secos_consec_dic,Copo,,
dias_secos_consec_dic,Coronel Dorrego,,
dias_secos_consec_dic,Coronel Pringles,,
dias_secos_consec_dic,Coronel Suarez,,
dias_secos_consec_dic,Cruz Alta,,
dias_secos_consec_dic,Curuzu Cuatia,,
dias_secos_consec_dic,Daireaux,,
dias_secos_consec_dic,Diamante,,
dias_secos_consec_dic,Dolores,,
dias_secos_consec_dic,El Alto,,
dias_secos_consec_dic,El Carmen,,
dias_secos_consec_dic,Esquina,,
dias_secos_consec_dic,Exaltacion De La Cruz,,
dias_secos_consec_dic,Famailla,,
dias_secos_consec_dic,Federacion,,
dias_secos_consec_dic,Federal,,
dias_secos_consec_dic,Feliciano,,
dias_secos_consec_dic,Figueroa,,
dias_secos_consec_dic,Florentino Ameghino,,
dias_secos_consec_dic,Fray Justo Santa Maria De Oro,,
dias_secos_consec_dic,Garay,,
dias_secos_consec_dic,General Alvarado,,
dias_secos_consec_dic,General Alvear,,
dias_secos_consec_dic,General Arenales,8.558823529411764,3.3682220511860934
dias_secos_consec_dic,General Belgrano,,
dias_secos_consec_dic,General Donovan,,
dias_secos_consec_dic,General Guemes,,
dias_secos_consec_dic,General Jose De San Martin,,
dias_secos_consec_dic,General Juan Madariaga,,
dias_secos_consec_dic,General La Madrid,,
dias_secos_consec_dic,General Las Heras,,
dias_secos_consec_dic,General Lopez,8.272727272727273,5.051439938724943
dias_secos_consec_dic,General Manuel Belgrano,,
dias_secos_consec_dic,General Obligado,,
dias_secos_consec_dic,General Paz,,
dias_secos_consec_dic,General Pinto,,
dias_secos_consec_dic,General Pueyrredon,,
dias_secos_consec_dic,General Roca,,
dias_secos_consec_dic,General Rodriguez,,
dias_secos_consec_dic,General San Martin,8.09375,3.604292915310136
dias_secos_consec_dic,General Taboada,,
dias_secos_consec_dic,General Viamonte,,
dias_secos_consec_dic,General Villegas,,
dias_secos_consec_dic,Graneros,,
dias_secos_consec_dic,Gualeguay,,
dias_secos_consec_dic,Gualeguaychu,,
dias_secos_consec_dic,Guamini,,
dias_secos_consec_dic,Guarani,,
dias_secos_consec_dic,Guasayan,,
dias_secos_consec_dic,Guatrache,,
dias_secos_consec_dic,Hipolito Yrigoyen,,
dias_secos_consec_dic,Independencia,,
dias_secos_consec_dic,Iriondo,9.382352941176471,5.146429806229328
dias_secos_consec_dic,Ischilin,,
dias_secos_consec_dic,Ituzaingo,,
dias_secos_consec_dic,Jimenez,,
dias_secos_consec_dic,Juan Bautista Alberdi,,
dias_secos_consec_dic,Juan F. Ibarra,,
dias_secos_consec_dic,Juarez Celman,7.911764705882353,3.458565537809373
dias_secos_consec_dic,Junin,8.683333333333334,3.2390188233249133
dias_secos_consec_dic,La Candelaria,,
dias_secos_consec_dic,La Capital,,
dias_secos_consec_dic,La Cocha,,
dias_secos_consec_dic,La Paz,,
dias_secos_consec_dic,Laishi,,
dias_secos_consec_dic,Laprida,,
dias_secos_consec_dic,Las Colonias,,
dias_secos_consec_dic,Las Flores,,
dias_secos_consec_dic,Leales,,
dias_secos_consec_dic,Leandro N. Alem,8.64423076923077,3.5305003062240266
dias_secos_consec_dic,Libertador General San Martin,,
dias_secos_consec_dic,Lincoln,,
dias_secos_consec_dic,Loberia,,
dias_secos_consec_dic,Lobos,,
dias_secos_consec_dic,Lujan,,
dias_secos_consec_dic,Lules,,
dias_secos_consec_dic,Magdalena,,
dias_secos_consec_dic,Maipu,,
dias_secos_consec_dic,Mar Chiquita,,
dias_secos_consec_dic,Maraco,,
dias_secos_consec_dic,Marcos Juarez,8.545454545454545,3.8656411910809596
dias_secos_consec_dic,Marcos Paz,,
dias_secos_consec_dic,Mayor Luis J. Fontana,,
dias_secos_consec_dic,Mercedes,,
dias_secos_consec_dic,Metan,,
dias_secos_consec_dic,Mitre,,
dias_secos_consec_dic,Monte,,
dias_secos_consec_dic,Monteros,,
dias_secos_consec_dic,Moreno,,
dias_secos_consec_dic,Navarro,,
dias_secos_consec_dic,Necochea,,
dias_secos_consec_dic,Nogoya,,
dias_secos_consec_dic,O'Higgins,,
dias_secos_consec_dic,Obera,,
dias_secos_consec_dic,Olavarria,,
dias_secos_consec_dic,Oran,,
dias_secos_consec_dic,Parana,,
dias_secos_consec_dic,Pehuajo,,
dias_secos_consec_dic,Pellegrini,,
dias_secos_consec_dic,Pergamino,8.545454545454545,3.691975327406972
dias_secos_consec_dic,Pilagas,,
dias_secos_consec_dic,Pilar,,
dias_secos_consec_dic,Pilcomayo,,
dias_secos_consec_dic,Pirane,,
dias_secos_consec_dic,Pocho,,
dias_secos_consec_dic,Presidencia De La Plaza,,
dias_secos_consec_dic,Presidente Roque Saenz Pena,,
dias_secos_consec_dic,Puan,,
dias_secos_consec_dic,Quemu Quemu,,
dias_secos_consec_dic,Quitilipi,,
dias_secos_consec_dic,Ramallo,9.4375,4.696858936669031
dias_secos_consec_dic,Rancul,,
dias_secos_consec_dic,Rauch,,
dias_secos_consec_dic,Realico,,
dias_secos_consec_dic,Rio Chico,,
dias_secos_consec_dic,Rio Cuarto,,
dias_secos_consec_dic,Rio Hondo,,
dias_secos_consec_dic,Rio Primero,,
dias_secos_consec_dic,Rio Seco,,
dias_secos_consec_dic,Rio Segundo,,
dias_secos_consec_dic,Rivadavia,,
dias_secos_consec_dic,Robles,,
dias_secos_consec_dic,Rojas,8.529411764705882,3.258883375577435
dias_secos_consec_dic,Roque Perez,,
dias_secos_consec_dic,Rosario,8.225806451612904,3.593602439700816
dias_secos_consec_dic,Rosario De La Frontera,,
dias_secos_consec_dic,Saavedra,,
dias_secos_consec_dic,Saladillo,,
dias_secos_consec_dic,Salliquelo,,
dias_secos_consec_dic,Salto,8.818181818181818,3.9800639556304986
dias_secos_consec_dic,San Alberto,,
dias_secos_consec_dic,San Andres De Giles,,
dias_secos_consec_dic,San Antonio De Areco,,
dias_secos_consec_dic,San Cayetano,,
dias_secos_consec_dic,San Cristobal,,
dias_secos_consec_dic,San Fernando,,
dias_secos_consec_dic,San Javier,,
dias_secos_consec_dic,San Jeronimo,,
dias_secos_consec_dic,San Justo,,
dias_secos_consec_dic,San Lorenzo,8.87704918032787,3.522250099887336
dias_secos_consec_dic,San Martin,,
dias_secos_consec_dic,San Nicolas,9.454545454545455,4.301823080762599
dias_secos_consec_dic,San Pedro,9.866935483870968,5.127763941559248
dias_secos_consec_dic,San Salvador,,
dias_secos_consec_dic,Santa Barbara,,
dias_secos_consec_dic,Santa Maria,,
dias_secos_consec_dic,Santa Rosa,,
dias_secos_consec_dic,Santo Tome,,
dias_secos_consec_dic,Sargento Cabral,,
dias_secos_consec_dic,Sauce,,
dias_secos_consec_dic,Silipica,,
dias_secos_consec_dic,Simoca,,
dias_secos_consec_dic,Sobremonte,,
dias_secos_consec_dic,Suipacha,,
dias_secos_consec_dic,Tafi Viejo,,
dias_secos_consec_dic,Tala,,
dias_secos_consec_dic,Tandil,,
dias_secos_consec_dic,Tapalque,,
dias_secos_consec_dic,Tercero Arriba,,
dias_secos_consec_dic,Toay,,
dias_secos_consec_dic,Tornquist,,
dias_secos_consec_dic,Totoral,,
dias_secos_consec_dic,Trenel,,
dias_secos_consec_dic,Trenque Lauquen,,
dias_secos_consec_dic,Tres Arroyos,,
dias_secos_consec_dic,Tres Lomas,,
dias_secos_consec_dic,Tulumba,,
dias_secos_consec_dic,Union,8.290322580645162,5.060919207595242
dias_secos_consec_dic,Uruguay,,
dias_secos_consec_dic,Utracan,,
dias_secos_consec_dic,Vera,,
dias_secos_consec_dic,Victoria,,
dias_secos_consec_dic,Villa Constitucion,9.0,4.422951503238533
dias_secos_consec_dic,Villaguay,,
dias_secos_consec_dic,Zarate,,
dias_secos_consec_ene,12 De Octubre,,
dias_secos_consec_ene,2 De Abril,,
dias_secos_consec_ene,25 De Mayo,,
dias_secos_consec_ene,9 De Julio,,
dias_secos_consec_ene,Adolfo Alsina,,
dias_secos_consec_ene,Adolfo Gonzales Chaves,,
dias_secos_consec_ene,Aguirre,,
dias_secos_consec_ene,Alberdi,,
dias_secos_consec_ene,Alberti,,
dias_secos_consec_ene,Almirante Brown,,
dias_secos_consec_ene,Anta,,
dias_secos_consec_ene,Arrecifes,11.40625,5.678819589975003
dias_secos_consec_ene,Atreuco,,
dias_secos_consec_ene,Ayacucho,,
dias_secos_consec_ene,Azul,,
dias_secos_consec_ene,Balcarce,,
dias_secos_consec_ene,Banda,,
dias_secos_consec_ene,Baradero,12.878787878787879,6.34801925681141
dias_secos_consec_ene,Belgrano,12.128440366972477,5.323082018403597
dias_secos_consec_ene,Bella Vista,,
dias_secos_consec_ene,Benito Juarez,,
dias_secos_consec_ene,Bermejo,,
dias_secos_consec_ene,Bolivar,,
dias_secos_consec_ene,Bragado,,
dias_secos_consec_ene,Brandsen,,
dias_secos_consec_ene,Burruyacu,,
dias_secos_consec_ene,Cainguas,,
dias_secos_consec_ene,Calamuchita,,
dias_secos_consec_ene,Campana,,
dias_secos_consec_ene,Canuelas,,
dias_secos_consec_ene,Capital,,
dias_secos_consec_ene,Capitan Sarmiento,11.741935483870968,5.421978371624659
dias_secos_consec_ene,Carlos Casares,,
dias_secos_consec_ene,Carlos Tejedor,,
dias_secos_consec_ene,Carmen De Areco,11.323529411764707,5.813884052149303
dias_secos_consec_ene,Caseros,11.151515151515152,5.0628624075295345
dias_secos_consec_ene,Castellanos,,
dias_secos_consec_ene,Castelli,,
dias_secos_consec_ene,Catrilo,,
dias_secos_consec_ene,Chacabuco,10.068,4.846165212730198
dias_secos_consec_ene,Chapaleufu,,
dias_secos_consec_ene,Chascomus,,
dias_secos_consec_ene,Chicligasta,,
dias_secos_consec_ene,Chivilcoy,,
dias_secos_consec_ene,Choya,,
dias_secos_consec_ene,Colon,10.515037593984962,4.897608137681033
dias_secos_consec_ene,Comandante Fernandez,,
dias_secos_consec_ene,Concordia,,
dias_secos_consec_ene,Conhelo,,
dias_secos_consec_ene,Copo,,
dias_secos_consec_ene,Coronel Dorrego,,
dias_secos_consec_ene,Coronel Pringles,,
dias_secos_consec_ene,Coronel Suarez,,
dias_secos_consec_ene,Cruz Alta,,
dias_secos_consec_ene,Curuzu Cuatia,,
dias_secos_consec_ene,Daireaux,,
dias_secos_consec_ene,Diamante,,
dias_secos_consec_ene,Dolores,,
dias_secos_consec_ene,El Alto,,
dias_secos_consec_ene,El Carmen,,
dias_secos_consec_ene,Esquina,,
dias_secos_consec_ene,Exaltacion De La Cruz,,
dias_secos_consec_ene,Famailla,,
dias_secos_consec_ene,Federacion,,
dias_secos_consec_ene,Federal,,
dias_secos_consec_ene,Feliciano,,
dias_secos_consec_ene,Figueroa,,
dias_secos_consec_ene,Florentino Ameghino,,
dias_secos_consec_ene,Fray Justo Santa Maria De Oro,,
dias_secos_consec_ene,Garay,,
dias_secos_consec_ene,General Alvarado,,
dias_secos_consec_ene,General Alvear,,
dias_secos_consec_ene,General Arenales,10.411764705882353,5.309326539834912
dias_secos_consec_ene,General Belgrano,,
dias_secos_consec_ene,General Donovan,,
dias_secos_consec_ene,General Guemes,,
dias_secos_consec_ene,General Jose De San Martin,,
dias_secos_consec_ene,General Juan Madariaga,,
dias_secos_consec_ene,General La Madrid,,
dias_secos_consec_ene,General Las Heras,,
dias_secos_consec_ene,General Lopez,9.484848484848484,4.80963364068156
dias_secos_consec_ene,General Manuel Belgrano,,
dias_secos_consec_ene,General Obligado,,
dias_secos_consec_ene,General Paz,,
dias_secos_consec_ene,General Pinto,,
dias_secos_consec_ene,General Pueyrredon,,
dias_secos_consec_ene,General Roca,,
dias_secos_consec_ene,General Rodriguez,,
dias_secos_consec_ene,General San Martin,9.9375,4.858896064719016
dias_secos_consec_ene,General Taboada,,
dias_secos_consec_ene,General Viamonte,,
dias_secos_consec_ene,General Villegas,,
dias_secos_consec_ene,Graneros,,
dias_secos_consec_ene,Gualeguay,,
dias_secos_consec_ene,Gualeguaychu,,
dias_secos_consec_ene,Guamini,,
dias_secos_consec_ene,Guarani,,
dias_secos_consec_ene,Guasayan,,
dias_secos_consec_ene,Guatrache,,
dias_secos_consec_ene,Hipolito Yrigoyen,,
dias_secos_consec_ene,Independencia,,
dias_secos_consec_ene,Iriondo,11.205882352941176,3.921807033751428
dias_secos_consec_ene,Ischilin,,
dias_secos_consec_ene,Ituzaingo,,
dias_secos_consec_ene,Jimenez,,
dias_secos_consec_ene,Juan Bautista Alberdi,,
dias_secos_consec_ene,Juan F. Ibarra,,
dias_secos_consec_ene,Juarez Celman,9.205882352941176,3.707318002764065
dias_secos_consec_ene,Junin,10.2,4.653411360296401
dias_secos_consec_ene,La Candelaria,,
dias_secos_consec_ene,La Capital,,
dias_secos_consec_ene,La Cocha,,
dias_secos_consec_ene,La Paz,,
dias_secos_consec_ene,Laishi,,
dias_secos_consec_ene,Laprida,,
dias_secos_consec_ene,Las Colonias,,
dias_secos_consec_ene,Las Flores,,
dias_secos_consec_ene,Leales,,
dias_secos_consec_ene,Leandro N. Alem,9.692307692307692,5.172888477956697
dias_secos_consec_ene,Libertador General San Martin,,
dias_secos_consec_ene,Lincoln,,
dias_secos_consec_ene,Loberia,,
dias_secos_consec_ene,Lobos,,
dias_secos_consec_ene,Lujan,,
dias_secos_consec_ene,Lules,,
dias_secos_consec_ene,Magdalena,,
dias_secos_consec_ene,Maipu,,
dias_secos_consec_ene,Mar Chiquita,,
dias_secos_consec_ene,Maraco,,
dias_secos_consec_ene,Marcos Juarez,10.242424242424242,3.391444226195374
dias_secos_consec_ene,Marcos Paz,,
dias_secos_consec_ene,Mayor Luis J. Fontana,,
dias_secos_consec_ene,Mercedes,,
dias_secos_consec_ene,Metan,,
dias_secos_consec_ene,Mitre,,
dias_secos_consec_ene,Monte,,
dias_secos_consec_ene,Monteros,,
dias_secos_consec_ene,Moreno,,
dias_secos_consec_ene,Navarro,,
dias_secos_consec_ene,Necochea,,
dias_secos_consec_ene,Nogoya,,
dias_secos_consec_ene,O'Higgins,,
dias_secos_consec_ene,Obera,,
dias_secos_consec_ene,Olavarria,,
dias_secos_consec_ene,Oran,,
dias_secos_consec_ene,Parana,,
dias_secos_consec_ene,Pehuajo,,
dias_secos_consec_ene,Pellegrini,,
dias_secos_consec_ene,Pergamino,11.606060606060606,6.138706062454215
dias_secos_consec_ene,Pilagas,,
dias_secos_consec_ene,Pilar,,
dias_secos_consec_ene,Pilcomayo,,
dias_secos_consec_ene,Pirane,,
dias_secos_consec_ene,Pocho,,
dias_secos_consec_ene,Presidencia De La Plaza,,
dias_secos_consec_ene,Presidente Roque Saenz Pena,,
dias_secos_consec_ene,Puan,,
dias_secos_consec_ene,Quemu Quemu,,
dias_secos_consec_ene,Quitilipi,,
dias_secos_consec_ene,Ramallo,11.78125,5.487430652071178
dias_secos_consec_ene,Rancul,,
dias_secos_consec_ene,Rauch,,
dias_secos_consec_ene,Realico,,
dias_secos_consec_ene,Rio Chico,,
dias_secos_consec_ene,Rio Cuarto,,
dias_secos_consec_ene,Rio Hondo,,
dias_secos_consec_ene,Rio Primero,,
dias_secos_consec_ene,Rio Seco,,
dias_secos_consec_ene,Rio Segundo,,
dias_secos_consec_ene,Rivadavia,,
dias_secos_consec_ene,Robles,,
dias_secos_consec_ene,Rojas,10.588235294117647,5.9141209908552055
dias_secos_consec_ene,Roque Perez,,
dias_secos_consec_ene,Rosario,11.483870967741936,5.542989372423124
dias_secos_consec_ene,Rosario De La Frontera,,
dias_secos_consec_ene,Saavedra,,
dias_secos_consec_ene,Saladillo,,
dias_secos_consec_ene,Salliquelo,,
dias_secos_consec_ene,Salto,10.424242424242424,5.362079255232427
dias_secos_consec_ene,San Alberto,,
dias_secos_consec_ene,San Andres De Giles,,
dias_secos_consec_ene,San Antonio De Areco,,
dias_secos_consec_ene,San Cayetano,,
dias_secos_consec_ene,San Cristobal,,
dias_secos_consec_ene,San Fernando,,
dias_secos_consec_ene,San Javier,,
dias_secos_consec_ene,San Jeronimo,,
dias_secos_consec_ene,San Justo,,
dias_secos_consec_ene,San Lorenzo,12.0,5.661235446160096
dias_secos_consec_ene,San Martin,,
dias_secos_consec_ene,San Nicolas,12.333333333333334,6.396613687465162
dias_secos_consec_ene,San Pedro,12.580645161290322,6.282288933020527
dias_secos_consec_ene,San Salvador,,
dias_secos_consec_ene,Santa Barbara,,
dias_secos_consec_ene,Santa Maria,,
dias_secos_consec_ene,Santa Rosa,,
dias_secos_consec_ene,Santo Tome,,
dias_secos_consec_ene,Sargento Cabral,,
dias_secos_consec_ene,Sauce,,
dias_secos_consec_ene,Silipica,,
dias_secos_consec_ene,Simoca,,
dias_secos_consec_ene,Sobremonte,,
dias_secos_consec_ene,Suipacha,,
dias_secos_consec_ene,Tafi Viejo,,
dias_secos_consec_ene,Tala,,
dias_secos_consec_ene,Tandil,,
dias_secos_consec_ene,Tapalque,,
dias_secos_consec_ene,Tercero Arriba,,
dias_secos_consec_ene,Toay,,
dias_secos_consec_ene,Tornquist,,
dias_secos_consec_ene,Totoral,,
dias_secos_consec_ene,Trenel,,
dias_secos_consec_ene,Trenque Lauquen,,
dias_secos_consec_ene,Tres Arroyos,,
dias_secos_consec_ene,Tres Lomas,,
dias_secos_consec_ene,Tulumba,,
dias_secos_consec_ene,Union,9.870967741935484,4.447785482565984
dias_secos_consec_ene,Uruguay,,
dias_secos_consec_ene,Utracan,,
dias_secos_consec_ene,Vera,,
dias_secos_consec_ene,Victoria,,
dias_secos_consec_ene,Villa Constitucion,11.242424242424242,5.196334663913972
dias_secos_consec_ene,Villaguay,,
dias_secos_consec_ene,Zarate,,
precip_quincenal_critica,12 De Octubre,,
precip_quincenal_critica,2 De Abril,,
precip_quincenal_critica,25 De Mayo,,
precip_quincenal_critica,9 De Julio,,
precip_quincenal_critica,Adolfo Alsina,,
precip_quincenal_critica,Adolfo Gonzales Chaves,,
precip_quincenal_critica,Aguirre,,
precip_quincenal_critica,Alberdi,,
precip_quincenal_critica,Alberti,,
precip_quincenal_critica,Almirante Brown,,
precip_quincenal_critica,Anta,,
precip_quincenal_critica,Arrecifes,57.08996481448412,35.66425883140129
precip_quincenal_critica,Atreuco,,
precip_quincenal_critica,Ayacucho,,
precip_quincenal_critica,Azul,,
precip_quincenal_critica,Balcarce,,
precip_quincenal_critica,Banda,,
precip_quincenal_critica,Baradero,63.732420921325684,44.42631689922376
precip_quincenal_critica,Belgrano,60.06978113935628,42.30749714050692
precip_quincenal_critica,Bella Vista,,
precip_quincenal_critica,Benito Juarez,,
precip_quincenal_critica,Bermejo,,
precip_quincenal_critica,Bolivar,,
precip_quincenal_critica,Bragado,,
precip_quincenal_critica,Brandsen,,
precip_quincenal_critica,Burruyacu,,
precip_quincenal_critica,Cainguas,,
precip_quincenal_critica,Calamuchita,,
precip_quincenal_critica,Campana,,
precip_quincenal_critica,Canuelas,,
precip_quincenal_critica,Capital,,
precip_quincenal_critica,Capitan Sarmiento,56.434475060432185,35.284171444749944
precip_quincenal_critica,Carlos Casares,,
precip_quincenal_critica,Carlos Tejedor,,
precip_quincenal_critica,Carmen De Areco,54.464230944128595,34.3579725376502
precip_quincenal_critica,Caseros,56.3239931193265,36.8495833596593
precip_quincenal_critica,Castellanos,,
precip_quincenal_critica,Castelli,,
precip_quincenal_critica,Catrilo,,
precip_quincenal_critica,Chacabuco,56.36863403701782,33.76546624378107
precip_quincenal_critica,Chapaleufu,,
precip_quincenal_critica,Chascomus,,
precip_quincenal_critica,Chicligasta,,
precip_quincenal_critica,Chivilcoy,,
precip_quincenal_critica,Choya,,
precip_quincenal_critica,Colon,58.67326850640146,38.246550661418524
precip_quincenal_critica,Comandante Fernandez,,
precip_quincenal_critica,Concordia,,
precip_quincenal_critica,Conhelo,,
precip_quincenal_critica,Copo,,
precip_quincenal_critica,Coronel Dorrego,,
precip_quincenal_critica,Coronel Pringles,,
precip_quincenal_critica,Coronel Suarez,,
precip_quincenal_critica,Cruz Alta,,
precip_quincenal_critica,Curuzu Cuatia,,
precip_quincenal_critica,Daireaux,,
precip_quincenal_critica,Diamante,,
precip_quincenal_critica,Dolores,,
precip_quincenal_critica,El Alto,,
precip_quincenal_critica,El Carmen,,
precip_quincenal_critica,Esquina,,
precip_quincenal_critica,Exaltacion De La Cruz,,
precip_quincenal_critica,Famailla,,
precip_quincenal_critica,Federacion,,
precip_quincenal_critica,Federal,,
precip_quincenal_critica,Feliciano,,
precip_quincenal_critica,Figueroa,,
precip_quincenal_critica,Florentino Ameghino,,
precip_quincenal_critica,Fray Justo Santa Maria De Oro,,
precip_quincenal_critica,Garay,,
precip_quincenal_critica,General Alvarado,,
precip_quincenal_critica,General Alvear,,
precip_quincenal_critica,General Arenales,61.94727001120062,38.200436789668586
precip_quincenal_critica,General Belgrano,,
precip_quincenal_critica,General Donovan,,
precip_quincenal_critica,General Guemes,,
precip_quincenal_critica,General Jose De San Martin,,
precip_quincenal_critica,General Juan Madariaga,,
precip_quincenal_critica,General La Madrid,,
precip_quincenal_critica,General Las Heras,,
precip_quincenal_critica,General Lopez,58.85925939588836,34.540818354702765
precip_quincenal_critica,General Manuel Belgrano,,
precip_quincenal_critica,General Obligado,,
precip_quincenal_critica,General Paz,,
precip_quincenal_critica,General Pinto,,
precip_quincenal_critica,General Pueyrredon,,
precip_quincenal_critica,General Roca,,
precip_quincenal_critica,General Rodriguez,,
precip_quincenal_critica,General San Martin,68.10199069231749,32.454238069606596
precip_quincenal_critica,General Taboada,,
precip_quincenal_critica,General Viamonte,,
precip_quincenal_critica,General Villegas,,
precip_quincenal_critica,Graneros,,
precip_quincenal_critica,Gualeguay,,
precip_quincenal_critica,Gualeguaychu,,
precip_quincenal_critica,Guamini,,
precip_quincenal_critica,Guarani,,
precip_quincenal_critica,Guasayan,,
precip_quincenal_critica,Guatrache,,
precip_quincenal_critica,Hipolito Yrigoyen,,
precip_quincenal_critica,Independencia,,
precip_quincenal_critica,Iriondo,55.450536482474384,39.04394300271863
precip_quincenal_critica,Ischilin,,
precip_quincenal_critica,Ituzaingo,,
precip_quincenal_critica,Jimenez,,
precip_quincenal_critica,Juan Bautista Alberdi,,
precip_quincenal_critica,Juan F. Ibarra,,
precip_quincenal_critica,Juarez Celman,61.159893958007586,33.172701946605585
precip_quincenal_critica,Junin,69.72903811136881,41.357180742426564
precip_quincenal_critica,La Candelaria,,
precip_quincenal_critica,La Capital,,
precip_quincenal_critica,La Cocha,,
precip_quincenal_critica,La Paz,,
precip_quincenal_critica,Laishi,,
precip_quincenal_critica,Laprida,,
precip_quincenal_critica,Las Colonias,,
precip_quincenal_critica,Las Flores,,
precip_quincenal_critica,Leales,,
precip_quincenal_critica,Leandro N. Alem,57.94192702265886,35.06927897768757
precip_quincenal_critica,Libertador General San Martin,,
precip_quincenal_critica,Lincoln,,
precip_quincenal_critica,Loberia,,
precip_quincenal_critica,Lobos,,
precip_quincenal_critica,Lujan,,
precip_quincenal_critica,Lules,,
precip_quincenal_critica,Magdalena,,
precip_quincenal_critica,Maipu,,
precip_quincenal_critica,Mar Chiquita,,
precip_quincenal_critica,Maraco,,
precip_quincenal_critica,Marcos Juarez,56.48692852078062,35.13813177724523
precip_quincenal_critica,Marcos Paz,,
precip_quincenal_critica,Mayor Luis J. Fontana,,
precip_quincenal_critica,Mercedes,,
precip_quincenal_critica,Metan,,
precip_quincenal_critica,Mitre,,
precip_quincenal_critica,Monte,,
precip_quincenal_critica,Monteros,,
precip_quincenal_critica,Moreno,,
precip_quincenal_critica,Navarro,,
precip_quincenal_critica,Necochea,,
precip_quincenal_critica,Nogoya,,
precip_quincenal_critica,O'Higgins,,
precip_quincenal_critica,Obera,,
precip_quincenal_critica,Olavarria,,
precip_quincenal_critica,Oran,,
precip_quincenal_critica,Parana,,
precip_quincenal_critica,Pehuajo,,
precip_quincenal_critica,Pellegrini,,
precip_quincenal_critica,Pergamino,57.25693988800049,36.873372934403065
precip_quincenal_critica,Pilagas,,
precip_quincenal_critica,Pilar,,
precip_quincenal_critica,Pilcomayo,,
precip_quincenal_critica,Pirane,,
precip_quincenal_critica,Pocho,,
precip_quincenal_critica,Presidencia De La Plaza,,
precip_quincenal_critica,Presidente Roque Saenz Pena,,
precip_quincenal_critica,Puan,,
precip_quincenal_critica,Quemu Quemu,,
precip_quincenal_critica,Quitilipi,,
precip_quincenal_critica,Ramallo,61.74582156166434,44.57333909337551
precip_quincenal_critica,Rancul,,
precip_quincenal_critica,Rauch,,
precip_quincenal_critica,Realico,,
precip_quincenal_critica,Rio Chico,,
precip_quincenal_critica,Rio Cuarto,,
precip_quincenal_critica,Rio Hondo,,
precip_quincenal_critica,Rio Primero,,
precip_quincenal_critica,Rio Seco,,
precip_quincenal_critica,Rio Segundo,,
precip_quincenal_critica,Rivadavia,,
precip_quincenal_critica,Robles,,
precip_quincenal_critica,Rojas,59.035873265827405,35.31967943621026
precip_quincenal_critica,Roque Perez,,
precip_quincenal_critica,Rosario,54.51967809277196,42.20848828181708
precip_quincenal_critica,Rosario De La Frontera,,
precip_quincenal_critica,Saavedra,,
precip_quincenal_critica,Saladillo,,
precip_quincenal_critica,Salliquelo,,
precip_quincenal_critica,Salto,53.82069028507579,33.70095734120927
precip_quincenal_critica,San Alberto,,
precip_quincenal_critica,San Andres De Giles,,
precip_quincenal_critica,San Antonio De Areco,,
precip_quincenal_critica,San Cayetano,,
precip_quincenal_critica,San Cristobal,,
precip_quincenal_critica,San Fernando,,
precip_quincenal_critica,San Javier,,
precip_quincenal_critica,San Jeronimo,,
precip_quincenal_critica,San Justo,,
precip_quincenal_critica,San Lorenzo,55.97606222209383,39.97858985512865
precip_quincenal_critica,San Martin,,
precip_quincenal_critica,San Nicolas,59.744105758089006,44.25151252784304
precip_quincenal_critica,San Pedro,65.3920084497621,46.99785216666623
precip_quincenal_critica,San Salvador,,
precip_quincenal_critica,Santa Barbara,,
precip_quincenal_critica,Santa Maria,,
precip_quincenal_critica,Santa Rosa,,
precip_quincenal_critica,Santo Tome,,
precip_quincenal_critica,Sargento Cabral,,
precip_quincenal_critica,Sauce,,
precip_quincenal_critica,Silipica,,
precip_quincenal_critica,Simoca,,
precip_quincenal_critica,Sobremonte,,
precip_quincenal_critica,Suipacha,,
precip_quincenal_critica,Tafi Viejo,,
precip_quincenal_critica,Tala,,
precip_quincenal_critica,Tandil,,
precip_quincenal_critica,Tapalque,,
precip_quincenal_critica,Tercero Arriba,,
precip_quincenal_critica,Toay,,
precip_quincenal_critica,Tornquist,,
precip_quincenal_critica,Totoral,,
precip_quincenal_critica,Trenel,,
precip_quincenal_critica,Trenque Lauquen,,
precip_quincenal_critica,Tres Arroyos,,
precip_quincenal_critica,Tres Lomas,,
precip_quincenal_critica,Tulumba,,
precip_quincenal_critica,Union,62.679180937428626,33.407192882476735
precip_quincenal_critica,Uruguay,,
precip_quincenal_critica,Utracan,,
precip_quincenal_critica,Vera,,
precip_quincenal_critica,Victoria,,
precip_quincenal_critica,Villa Constitucion,59.65120763489694,39.58407153742335
precip_quincenal_critica,Villaguay,,
precip_quincenal_critica,Zarate,,
