feature,departamento,mean,std
t2m_sep,12 De Octubre,19.010638095238097,1.7104271365234311
t2m_sep,1° De Mayo,19.951114942528733,1.6278708907987818
t2m_sep,2 De Abril,19.477650793650792,1.59965554096357
t2m_sep,25 De Mayo,12.208534408602151,0.7981179430758398
t2m_sep,9 De Julio,12.359551839464883,0.8173413387935408
t2m_sep,Adolfo Alsina,12.756523809523808,0.7376565361102052
t2m_sep,Adolfo Gonzales Chaves,10.108676470588236,0.7901086081644623
t2m_sep,Aguirre,22.348041666666667,1.6418008247131173
t2m_sep,Alberdi,19.676392857142854,1.4419977627465375
t2m_sep,Alberti,13.76168686868687,0.7730361270637942
t2m_sep,Almirante Brown,21.88389523809524,1.7643922499200586
t2m_sep,Anta,22.283161616161618,1.516774135664084
t2m_sep,Apostoles,17.889440860215053,1.5367406764223723
t2m_sep,Arrecifes,13.504490196078432,0.8776397957089697
t2m_sep,Atreuco,11.352242424242425,0.8361011006481518
t2m_sep,Avellaneda,19.81248888888889,1.1083812368213233
t2m_sep,Ayacucho,10.655104938271606,0.7628163135652134
t2m_sep,Azul,10.341833333333332,0.8178740785827052
t2m_sep,Balcarce,9.86727619047619,0.7522679369255589
t2m_sep,Banda,19.73183333333333,1.5298202661315043
t2m_sep,Baradero,13.445181818181817,0.8456988484667457
t2m_sep,Belgrano,14.731447028423771,1.0303678731338273
t2m_sep,Bella Vista,17.997283950617284,1.5241697914022274
t2m_sep,Benito Juarez,10.02131313131313,0.7951368633911831
t2m_sep,Bermejo,19.173377777777777,1.6679297253894736
t2m_sep,Beron De Astrada,18.52972549019608,1.883826116339114
t2m_sep,Bolivar,13.873735294117647,0.8108034165768784
t2m_sep,Bragado,12.741166666666667,0.8619291816277106
t2m_sep,Brandsen,12.873857142857142,0.8157611617476486
t2m_sep,Burruyacu,17.73316091954023,1.5727878938033446
t2m_sep,Cachi,6.733960784313726,0.8052959935669006
t2m_sep,Cainguas,18.2868064516129,1.672896228377587
t2m_sep,Calamuchita,14.436010752688173,1.0836517907447158
t2m_sep,Campana,13.579696078431374,0.8155078290922504
t2m_sep,Candelaria,18.13129292929293,1.551646269015536
t2m_sep,Canuelas,12.512885416666666,0.7854639366426247
t2m_sep,Capayan,20.04118181818182,1.585765436083792
t2m_sep,Capital,12.092895921237695,0.7568598143312796
t2m_sep,Capitan Sarmiento,13.504490196078432,0.8776397957089697
t2m_sep,Carlos Casares,12.461885714285714,0.8439613911144732
t2m_sep,Carlos Tejedor,12.776294117647058,0.7956138039368441
t2m_sep,Carmen De Areco,13.017208333333333,0.8566948062404875
t2m_sep,Caseros,14.409875,0.9970500889766352
t2m_sep,Castellanos,16.284757575757578,1.2876799557967062
t2m_sep,Castelli,11.854190476190476,0.6790657378908299
t2m_sep,Catrilo,12.404885714285713,0.820552228935386
t2m_sep,Cerrillos,12.392373737373736,1.341075505780859
t2m_sep,Chacabuco,13.115127314814815,0.8441222666643937
t2m_sep,Chapaleufu,13.03425925925926,0.8574174849876868
t2m_sep,Chascomus,12.114058823529412,0.7530876441702792
t2m_sep,Chicoana,12.423793103448277,1.3409451192378758
t2m_sep,Chivilcoy,12.564939393939396,0.8368591016021416
t2m_sep,Choya,18.303630952380953,1.4292979782436566
t2m_sep,Colon,13.508464576074333,0.8762720779902716
t2m_sep,Comandante Fernandez,20.09111111111111,1.6979588923174795
t2m_sep,Concepcion,17.81841433021807,1.428042051305161
t2m_sep,Concordia,15.141509803921569,1.0837760998384796
t2m_sep,Conhelo,12.15650925925926,0.7648090351383652
t2m_sep,Copo,19.717876543209876,1.452341031353068
t2m_sep,Coronel Dorrego,10.316598039215688,0.7950819612554947
t2m_sep,Coronel Pringles,9.89027160493827,0.8313915934239966
t2m_sep,Coronel Suarez,10.288166666666667,0.8078914662330091
t2m_sep,Cruz Alta,20.613785714285715,1.5930952691986413
t2m_sep,Curuzu Cuatia,15.706318181818181,1.1841543830658665
t2m_sep,Daireaux,11.919285714285715,0.8019079419353166
t2m_sep,Diamante,15.704794117647058,0.986525498414303
t2m_sep,Dolores,11.314272727272726,0.7072706609769618
t2m_sep,Dr. Manuel Belgrano,7.267063492063492,0.9126979457693768
t2m_sep,El Alto,16.169822916666668,1.3962234598046193
t2m_sep,El Carmen,19.485407407407408,1.4800467841406741
t2m_sep,Eldorado,18.276266666666668,1.7353835209402435
t2m_sep,Empedrado,18.389347826086954,1.6649779337824375
t2m_sep,Esquina,16.885416666666668,1.2025462448548467
t2m_sep,Exaltacion De La Cruz,12.504958333333333,0.8412096374399569
t2m_sep,Federacion,15.456833333333334,1.116375632962335
t2m_sep,Federal,15.340088235294118,1.1377779108728525
t2m_sep,Feliciano,16.057454545454544,1.059551352309938
t2m_sep,Figueroa,20.790824561403507,1.7462002005356883
t2m_sep,Florentino Ameghino,13.084698412698412,0.8014810104131666
t2m_sep,Formosa,20.455166666666667,2.0935533368113832
t2m_sep,Fray Justo Santa Maria De Oro,19.43236274509804,1.530419097917414
t2m_sep,Garay,14.76667816091954,0.9117857347280883
t2m_sep,General Alvarado,12.751590476190476,0.7439774624358667
t2m_sep,General Alvear,11.69150505050505,0.8544974852102489
t2m_sep,General Arenales,13.120181818181818,0.8615460670395477
t2m_sep,General Belgrano,11.678281862745097,0.7799560786185038
t2m_sep,General Donovan,19.452416666666664,1.6664871252060016
t2m_sep,General Guemes,18.52545355191257,1.4962553994910441
t2m_sep,General Guido,11.296586206896551,0.6939923073493673
t2m_sep,General Jose De San Martin,12.38557142857143,1.344782970976709
t2m_sep,General Juan Madariaga,10.990068627450981,0.620864585502662
t2m_sep,General La Madrid,10.338657142857143,0.78471689864418
t2m_sep,General Las Heras,12.61025641025641,0.7502436363249966
t2m_sep,General Lavalle,11.44074074074074,0.6673439721822453
t2m_sep,General Lopez,13.60021568627451,0.898717042477824
t2m_sep,General Manuel Belgrano,19.502817204301074,1.7856883532972798
t2m_sep,General Obligado,18.23286274509804,1.3615339985013462
t2m_sep,General Paz,10.622019841269841,0.786355231306045
t2m_sep,General Pedernera,13.538819444444444,1.1269567330024617
t2m_sep,General Pinto,12.762727272727274,0.8156219740452403
t2m_sep,General Pueyrredon,10.243619047619047,0.606367568711163
t2m_sep,General Roca,14.759882352941176,1.0571624108168653
t2m_sep,General Rodriguez,13.1765,0.7673524549536913
t2m_sep,General San Martin,14.017464646464646,1.0320402458351947
t2m_sep,General Taboada,20.72131111111111,1.49552273036455
t2m_sep,General Viamonte,13.838733333333332,0.8251949019133539
t2m_sep,General Villegas,13.074,0.8274649237278885
t2m_sep,Gobernador Dupuy,12.6406,0.9326954814467109
t2m_sep,Goya,18.273,1.4779408347803067
t2m_sep,Graneros,16.878214285714286,1.529444255328951
t2m_sep,Gualeguay,14.196636363636363,0.9122677001253082
t2m_sep,Gualeguaychu,13.985727272727273,0.9253431212504118
t2m_sep,Guamini,11.698725490196079,0.793707442860684
t2m_sep,Guarani,17.755666666666666,1.5753801150657092
t2m_sep,Guasayan,18.84710714285714,1.506613232564908
t2m_sep,Guatrache,11.418510416666667,0.8009282382952576
t2m_sep,Hipolito Yrigoyen,10.3356,0.806600182805559
t2m_sep,Hucal,11.512904761904762,0.8555025710247649
t2m_sep,Iguazu,20.65137634408602,2.0449068125864516
t2m_sep,Independencia,19.032046296296297,1.690701845722287
t2m_sep,Iriondo,14.324823529411765,0.9432389082030647
t2m_sep,Ischilin,14.252797979797979,1.1895769525205224
t2m_sep,Itati,18.831626666666665,1.733497426313935
t2m_sep,Ituzaingo,18.34750724637681,1.5126676344854642
t2m_sep,Jimenez,21.31396296296296,1.5955815549747048
t2m_sep,Juan F. Ibarra,19.76117857142857,1.4434937797005216
t2m_sep,Juan Martin De Pueyrredon,13.350319444444445,1.1246106507323947
t2m_sep,Juarez Celman,13.890559139784946,1.0184477491173511
t2m_sep,Junin,13.194516516516517,0.865914415649592
t2m_sep,La Caldera,9.564253333333333,1.0283052052699073
t2m_sep,La Candelaria,17.21651515151515,1.4854633585249422
t2m_sep,La Capital,14.759401960784313,0.9326459907001705
t2m_sep,La Cocha,15.07929411764706,1.6006527092371523
t2m_sep,La Paz,16.424545454545456,1.1597417151933422
t2m_sep,La Plata,12.909066666666666,0.8204186037506201
t2m_sep,La Vina,12.428543209876544,1.3133788686240824
t2m_sep,Laishi,19.42977192982456,1.9598616921868817
t2m_sep,Laprida,10.079101010101011,0.8200019498827108
t2m_sep,Las Colonias,15.748040404040404,1.198295171383471
t2m_sep,Las Flores,11.651197916666666,0.80223672021688
t2m_sep,Lavalle,18.221217391304346,1.4906862178499656
t2m_sep,Leales,20.613785714285715,1.5930952691986413
t2m_sep,Leandro N. Alem,13.521097222222222,0.876481915596835
t2m_sep,Ledesma,19.13827380952381,1.4024343270161272
t2m_sep,Libertad,22.80653571428571,1.7769292496742883
t2m_sep,Libertador General San Martin,19.917604588394063,1.7337680074938024
t2m_sep,Lincoln,12.750979797979797,0.86492782670721
t2m_sep,Loberia,10.26892156862745,0.5964368049919285
t2m_sep,Lobos,12.573274509803921,0.809097066967249
t2m_sep,Loreto,19.873742424242423,1.4369249387848264
t2m_sep,Lujan,12.985868686868686,0.827443414225886
t2m_sep,Magdalena,13.155079365079365,0.7852535606397174
t2m_sep,Maipu,20.35457420924574,1.672557217741004
t2m_sep,Mar Chiquita,10.551,0.6787249002328399
t2m_sep,Maraco,11.392740740740742,0.8172332499552691
t2m_sep,Marcos Juarez,14.365676470588236,0.9871409639606967
t2m_sep,Marcos Paz,12.635858974358975,0.7870033300682164
t2m_sep,Mayor Luis J. Fontana,,
t2m_sep,Mburucuya,18.26308695652174,1.6449424146912917
t2m_sep,Mercedes,12.953063063063063,0.8151372574678133
t2m_sep,Metan,18.00147126436782,1.4441557030255712
t2m_sep,Mitre,19.741019607843135,1.1854686571527324
t2m_sep,Monte,12.039180952380953,0.7909266193987758
t2m_sep,Monte Caseros,15.925924242424243,1.0988294490086519
t2m_sep,Montecarlo,18.55036904761905,1.5787687559251604
t2m_sep,Moreno,20.7009696969697,1.6085879836478845
t2m_sep,Navarro,12.482090909090909,0.8159504481513469
t2m_sep,Necochea,10.352770833333333,0.6609030285692772
t2m_sep,Nogoya,14.683392156862746,0.9896856912569307
t2m_sep,O'Higgins,19.105133333333335,1.6566797474529935
t2m_sep,Obera,17.800711111111113,1.6258155365465405
t2m_sep,Olavarria,10.505222222222221,0.7870628666240824
t2m_sep,Oran,22.965354166666668,1.5453779622302612
t2m_sep,Palpala,19.67405263157895,1.4209758004523105
t2m_sep,Parana,16.071424242424243,1.0132382057621803
t2m_sep,Paso De Los Libres,16.683500000000002,1.2147037115435215
t2m_sep,Patagones,13.919888888888888,0.8050107022699955
t2m_sep,Patino,22.03675,1.9322075363299605
t2m_sep,Pehuajo,12.29164761904762,0.8203514747412708
t2m_sep,Pellegrini,19.698592896174866,1.523183107114952
t2m_sep,Pergamino,13.50461616161616,0.8864225545901883
t2m_sep,Pila,11.74258888888889,0.7116541557668153
t2m_sep,Pilagas,21.395249999999997,2.157876801612101
t2m_sep,Pilar,13.238731182795698,0.7669473419528581
t2m_sep,Pilcomayo,21.714984126984127,2.2772597140622777
t2m_sep,Pirane,21.204015873015873,1.989136198555071
t2m_sep,Pocho,15.08120430107527,1.1432369271872684
t2m_sep,Presidencia De La Plaza,19.49320833333333,1.643463132019773
t2m_sep,Presidente Roque Saenz Pena,14.02925,1.0291502393012226
t2m_sep,Puan,13.237431372549018,0.7496843040597918
t2m_sep,Quemu Quemu,12.591833333333334,0.7910088334545796
t2m_sep,Quitilipi,19.49320833333333,1.643463132019773
t2m_sep,Ramallo,14.037274509803922,0.8813890340999091
t2m_sep,Rancul,12.930888888888889,0.804707234547654
t2m_sep,Rauch,10.524219047619047,0.7904731723643912
t2m_sep,Realico,12.900252252252251,0.8150426119489859
t2m_sep,Rio Cuarto,13.373090909090909,1.060286197843952
t2m_sep,Rio Hondo,19.729813333333333,1.5247294328284386
t2m_sep,Rio Primero,15.097019047619048,1.143551168132113
t2m_sep,Rio Seco,12.645848484848484,1.1257764144596107
t2m_sep,Rio Segundo,15.650979797979799,1.1256185828350427
t2m_sep,Rivadavia,13.168256830601091,0.7810039238603024
t2m_sep,Robles,20.555253333333336,1.4828854045282673
t2m_sep,Rojas,13.525050505050505,0.8792137353956757
t2m_sep,Roque Perez,12.112419047619047,0.8359981093532471
t2m_sep,Rosario,14.823580645161291,0.9478274923827684
t2m_sep,Rosario De La Frontera,17.197444444444443,1.4696549615533971
t2m_sep,Rosario De Lerma,9.681166666666666,1.0650958287971435
t2m_sep,Saavedra,10.37801851851852,0.7894132840157932
t2m_sep,Saladas,18.187571428571427,1.5794514325672795
t2m_sep,Saladillo,12.193343137254901,0.8483220851600718
t2m_sep,Salliquelo,11.83884761904762,0.7940696218420649
t2m_sep,Salto,12.989272727272727,0.8380252932014969
t2m_sep,San Alberto,14.107413793103449,1.0487276783298034
t2m_sep,San Andres De Giles,12.937739583333332,0.8277475708853699
t2m_sep,San Antonio,9.582344444444443,1.0043428399217926
t2m_sep,San Antonio De Areco,13.422177083333333,0.8486755398448831
t2m_sep,San Cayetano,10.33451111111111,0.7330803206861217
t2m_sep,San Cosme,18.859569444444443,1.8219655640837245
t2m_sep,San Cristobal,16.654260416666666,1.2938949056123963
t2m_sep,San Fernando,19.099252525252528,1.6420594919826874
t2m_sep,San Ignacio,18.241709677419358,1.5808964820560827
t2m_sep,San Javier,17.50842524509804,1.4831827526039805
t2m_sep,San Jeronimo,18.103313725490196,1.4021942063054165
t2m_sep,San Justo,14.351805774278215,1.1170494767043875
t2m_sep,San Lorenzo,15.233260651629074,0.9492015405290223
t2m_sep,San Luis Del Palmar,19.038608695652176,1.7130792072242254
t2m_sep,San Martin,16.027636363636365,1.0521136548203676
t2m_sep,San Miguel,17.871708333333334,1.4969852709930211
t2m_sep,San Nicolas,14.062552380952381,0.8811141674590788
t2m_sep,San Pedro,14.089333333333334,0.8407484234730818
t2m_sep,San Roque,18.010412698412697,1.4532051889406474
t2m_sep,San Salvador,14.967,1.1762809202817173
t2m_sep,San Vicente,13.56342857142857,0.8840625301090741
t2m_sep,Santa Barbara,11.823225490196078,1.1860228270427966
t2m_sep,Santa Maria,14.224843137254902,1.1708983320260453
t2m_sep,Santa Rosa,16.22246875,1.4063398281544846
t2m_sep,Santo Tome,17.426569444444443,1.3261101792566787
t2m_sep,Sargento Cabral,19.128979166666667,1.6592880429834402
t2m_sep,Sarmiento,19.74825,1.3358008259060286
t2m_sep,Sauce,16.16268181818182,1.2209217503158925
t2m_sep,Silipica,19.899777777777775,1.3428589538498228
t2m_sep,Simoca,16.913666666666664,1.7181909321623947
t2m_sep,Sobremonte,14.346763888888889,1.2411024804376432
t2m_sep,Suipacha,12.578777777777779,0.8114380373004667
t2m_sep,Tafi Del Valle,14.183101449275364,1.2924406026825568
t2m_sep,Tala,15.142029411764705,1.076732363031927
t2m_sep,Tandil,9.929761904761905,0.783101186173993
t2m_sep,Tapalque,11.062010416666666,0.8259638162137882
t2m_sep,Tercero Arriba,13.943911764705883,1.122958452295232
t2m_sep,Toay,12.0745625,0.7801636278950219
t2m_sep,Tordillo,11.320586666666667,0.7785777172844418
t2m_sep,Tornquist,10.415833333333333,0.7905125867635819
t2m_sep,Totoral,14.202181818181819,1.151191668479128
t2m_sep,Trancas,17.193770114942527,1.5500814881381677
t2m_sep,Trenel,12.610824074074074,0.779013333977661
t2m_sep,Trenque Lauquen,12.469895238095237,0.80133286341145
t2m_sep,Tres Arroyos,10.41904301075269,0.7711443048023838
t2m_sep,Tres Lomas,12.501898550724636,0.7959492676766374
t2m_sep,Tulumba,14.224571428571428,1.1276639065287886
t2m_sep,Union,13.82570707070707,0.957791157348133
t2m_sep,Uruguay,16.128352941176473,1.0515373575953915
t2m_sep,Utracan,13.04128431372549,0.880505391805757
t2m_sep,Vera,17.4979898989899,1.3565223830034014
t2m_sep,Victoria,14.725919191919191,0.9056052266850753
t2m_sep,Villa Constitucion,14.023539215686274,0.8929624928108925
t2m_sep,Villaguay,14.661039215686273,1.0333246261109392
t2m_sep,Villarino,13.85093137254902,0.8219308702177537
t2m_sep,Zarate,13.555625000000001,0.8111833948004609
t2m_oct,12 De Octubre,22.35741013824885,1.2659512861510416
t2m_oct,1° De Mayo,23.479944382647385,1.1881519212108171
t2m_oct,2 De Abril,22.737803379416285,1.2655058857707342
t2m_oct,25 De Mayo,15.727123829344434,0.8918375568660962
t2m_oct,9 De Julio,15.848759305210919,0.9054905900886954
t2m_oct,Adolfo Alsina,16.070368663594472,0.8978092948499358
t2m_oct,Adolfo Gonzales Chaves,13.319867172675522,0.9441943085512724
t2m_oct,Aguirre,26.044647177419353,1.3268162421377814
t2m_oct,Alberdi,24.201290322580643,1.3073625362429577
t2m_oct,Alberti,16.782688172043013,1.0197611087681013
t2m_oct,Almirante Brown,25.35800921658986,1.6521119559376236
t2m_oct,Anta,26.41026392961877,1.240976909221323
t2m_oct,Apostoles,20.539885535900105,1.1000165689427472
t2m_oct,Arrecifes,17.16662239089184,0.9317727962589532
t2m_oct,Atreuco,15.322961876832846,1.1571209243641576
t2m_oct,Avellaneda,23.867978494623653,1.292147450733983
t2m_oct,Ayacucho,14.03534348864994,0.9213141947857023
t2m_oct,Azul,13.850104364326375,0.9144695112103851
t2m_oct,Balcarce,13.029179723502304,1.003516161277504
t2m_oct,Banda,23.8370223325062,1.2648822488666516
t2m_oct,Baradero,17.150576735092866,0.8854224696584776
t2m_oct,Belgrano,18.684253563390847,1.0261770637502814
t2m_oct,Bella Vista,21.312879330943847,0.9718707042092568
t2m_oct,Benito Juarez,13.373646138807429,0.975524421003011
t2m_oct,Bermejo,22.531806451612905,1.3012367738528205
t2m_oct,Beron De Astrada,21.455028462998104,1.0204419291336069
t2m_oct,Bolivar,16.866840607210627,1.014368043123177
t2m_oct,Bragado,16.28668880455408,0.9312615546537575
t2m_oct,Brandsen,16.04337941628264,0.932185947757831
t2m_oct,Burruyacu,21.65511679644049,1.1476467145637288
t2m_oct,Cachi,9.575996204933586,1.0276959675924187
t2m_oct,Cainguas,20.782237252861602,1.1772954742179966
t2m_oct,Calamuchita,18.040332986472425,1.126237091386034
t2m_oct,Campana,17.080436432637573,0.8733541864381019
t2m_oct,Candelaria,20.894213098729228,1.225868310566178
t2m_oct,Canuelas,16.057308467741937,0.9356450311838392
t2m_oct,Capayan,24.748152492668623,1.0888488080039502
t2m_oct,Capital,15.917472437729685,1.0878598868506222
t2m_oct,Capitan Sarmiento,17.16662239089184,0.9317727962589532
t2m_oct,Carlos Casares,15.989124423963133,0.9373215039197622
t2m_oct,Carlos Tejedor,16.417798861480076,1.0309626539114856
t2m_oct,Carmen De Areco,16.610937500000002,0.9475999846920564
t2m_oct,Caseros,18.281310483870968,0.9790730591573185
t2m_oct,Castellanos,20.07322580645161,1.0192517238066519
t2m_oct,Castelli,15.219004608294929,0.8777738860261582
t2m_oct,Catrilo,16.157622119815667,1.01724495841238
t2m_oct,Cerrillos,15.653088954056695,1.0348543522515516
t2m_oct,Chacabuco,16.629195788530467,0.9650003475877668
t2m_oct,Chapaleufu,16.837544802867384,1.104605667582295
t2m_oct,Chascomus,15.559829222011384,0.9417091890467335
t2m_oct,Chicoana,15.690778642936596,1.094747190047887
t2m_oct,Chivilcoy,16.12587487781036,0.926204810460817
t2m_oct,Choya,22.704723502304148,1.223830701069011
t2m_oct,Colon,17.164635270315834,0.9540154256073095
t2m_oct,Comandante Fernandez,23.57188172043011,1.4521970038364402
t2m_oct,Concepcion,21.111398854386497,1.0968541035870014
t2m_oct,Concordia,18.703396584440227,0.9790643102300913
t2m_oct,Conhelo,16.08439964157706,1.1067322322942323
t2m_oct,Copo,24.201756272401433,1.3322645483572995
t2m_oct,Coronel Dorrego,13.530664136622391,0.9329516067177643
t2m_oct,Coronel Pringles,13.439121863799285,0.977471071078227
t2m_oct,Coronel Suarez,13.866451612903225,0.9414830459089135
t2m_oct,Cruz Alta,24.658168202764976,1.26448764400405
t2m_oct,Curuzu Cuatia,19.50309384164223,0.9301355597691172
t2m_oct,Daireaux,15.485124423963134,0.9294660388690703
t2m_oct,Diamante,19.562049335863378,0.9332969174608795
t2m_oct,Dolores,14.777947214076248,0.9449208615336716
t2m_oct,Dr. Manuel Belgrano,9.745238095238095,0.9265476795864042
t2m_oct,El Alto,20.40865927419355,1.1524618868260181
t2m_oct,El Carmen,23.188172043010752,1.03175964061317
t2m_oct,Eldorado,20.65815053763441,1.3321430701604868
t2m_oct,Empedrado,21.719985974754557,1.0128333300419492
t2m_oct,Esquina,20.695672043010752,0.7168940855887944
t2m_oct,Exaltacion De La Cruz,16.046612903225807,0.943665560108933
t2m_oct,Federacion,19.02513282732448,0.9698574868064131
t2m_oct,Federal,19.023159392789374,0.9849596072570965
t2m_oct,Feliciano,19.97576735092864,0.9398607036598147
t2m_oct,Figueroa,24.006638370118846,1.4413771874515822
t2m_oct,Florentino Ameghino,16.82199692780338,1.2208666878496666
t2m_oct,Formosa,23.554985337243405,1.4325034446369447
t2m_oct,Fray Justo Santa Maria De Oro,23.02956356736243,1.2614386361621617
t2m_oct,Garay,18.578687430478308,0.9652865044944632
t2m_oct,General Alvarado,16.04490322580645,0.8989679078028036
t2m_oct,General Alvear,15.276656891495602,0.9862556004299466
t2m_oct,General Arenales,16.82103616813294,0.9893321619532954
t2m_oct,General Belgrano,15.26029411764706,0.937042239653067
t2m_oct,General Donovan,22.954447004608294,1.2438359161527925
t2m_oct,General Guemes,22.168373876255952,1.0714440129339662
t2m_oct,General Guido,14.737441601779755,0.8627794257677498
t2m_oct,General Jose De San Martin,15.602451612903227,1.0254961436782812
t2m_oct,General Juan Madariaga,13.852770398481974,0.7868676056844133
t2m_oct,General La Madrid,13.838746543778802,0.9140285598308734
t2m_oct,General Las Heras,16.046774193548387,0.9828547644658896
t2m_oct,General Lavalle,14.663381123058544,0.8920719784385133
t2m_oct,General Lopez,17.375142314990512,1.043517944446889
t2m_oct,General Manuel Belgrano,21.700426638917794,1.2979108814442246
t2m_oct,General Obligado,21.72518975332068,1.1038258569699084
t2m_oct,General Paz,13.944896313364055,0.8381579116614868
t2m_oct,General Pedernera,17.473104838709677,1.3146841985931426
t2m_oct,General Pinto,16.43440860215054,1.0086970424158221
t2m_oct,General Pueyrredon,12.750811059907834,0.8144557415434857
t2m_oct,General Roca,18.811242884250476,0.9833344053382508
t2m_oct,General Rodriguez,16.616313364055298,0.9043207198228153
t2m_oct,General San Martin,18.228856304985335,1.0789271131413716
t2m_oct,General Taboada,24.72356989247312,1.2895730858101322
t2m_oct,General Viamonte,16.830976958525348,1.0216146811826583
t2m_oct,General Villegas,16.811935483870965,1.1532676253790728
t2m_oct,Gobernador Dupuy,16.603793548387095,1.0884116210085442
t2m_oct,Goya,21.645557184750732,0.874845381551223
t2m_oct,Graneros,20.957707373271887,1.183051713378992
t2m_oct,Gualeguay,18.05913978494624,0.8809465566998721
t2m_oct,Gualeguaychu,17.741524926686218,0.8712749543046018
t2m_oct,Guamini,15.299193548387095,0.914024430735695
t2m_oct,Guarani,20.329579667644182,1.1223030700719518
t2m_oct,Guasayan,23.15578341013825,1.271315928292101
t2m_oct,Guatrache,15.202993951612903,1.0748397253830397
t2m_oct,Hipolito Yrigoyen,13.803852534562212,0.9415582181724607
t2m_oct,Hucal,15.41,1.1960175467023406
t2m_oct,Iguazu,23.185650364203955,1.4749298151311243
t2m_oct,Independencia,22.39620071684588,1.269256742322604
t2m_oct,Iriondo,18.217628083491462,0.9833243642357996
t2m_oct,Ischilin,18.061221896383188,1.108596933170019
t2m_oct,Itati,22.10704516129032,1.1294298634756286
t2m_oct,Ituzaingo,21.600476858345022,1.151024130810193
t2m_oct,Jimenez,25.268972520908004,1.2936512679675465
t2m_oct,Juan F. Ibarra,24.190368663594473,1.3087481407339445
t2m_oct,Juan Martin De Pueyrredon,17.37826612903226,1.2829192833688663
t2m_oct,Juarez Celman,17.8176482830385,1.1473976503264536
t2m_oct,Junin,16.792444056960186,1.0144715174182655
t2m_oct,La Caldera,12.425032258064515,0.9374460557956823
t2m_oct,La Candelaria,21.07509286412512,1.1237357700498547
t2m_oct,La Capital,18.53909867172675,0.9132150204807775
t2m_oct,La Cocha,19.136603415559772,1.2822476623520398
t2m_oct,La Paz,20.09739980449658,0.969823326016097
t2m_oct,La Plata,16.014548387096774,0.9467478117356455
t2m_oct,La Vina,16.10199522102748,1.1438776436717188
t2m_oct,Laishi,22.88938879456706,1.263033779739595
t2m_oct,Laprida,13.55049853372434,0.9132498490289994
t2m_oct,Las Colonias,19.635004887585534,1.048855717601345
t2m_oct,Las Flores,15.222056451612904,0.9841998554714652
t2m_oct,Lavalle,21.54158485273492,0.8776023394294318
t2m_oct,Leales,24.658168202764976,1.26448764400405
t2m_oct,Leandro N. Alem,17.14133064516129,0.9736482339326575
t2m_oct,Ledesma,22.613456221198156,1.0759229259818899
t2m_oct,Libertad,26.352200460829494,1.5183444706080853
t2m_oct,Libertador General San Martin,23.393848765835184,1.4935358622314425
t2m_oct,Lincoln,16.335913978494624,0.9509178628626156
t2m_oct,Loberia,12.744022770398482,0.8256982541354401
t2m_oct,Lobos,16.025891840607212,0.9270136417477359
t2m_oct,Loreto,24.221964809384165,1.3223842981491378
t2m_oct,Lujan,16.560537634408604,0.9117687891320047
t2m_oct,Magdalena,16.160168970814134,0.8977706903642392
t2m_oct,Maipu,23.89770426183188,1.4612445931294777
t2m_oct,Mar Chiquita,13.64984331797235,0.8957783960099093
t2m_oct,Maraco,15.316550179211468,1.1083024189888975
t2m_oct,Marcos Juarez,18.334639468690703,1.0303575521942703
t2m_oct,Marcos Paz,16.06244416873449,0.9504005143922974
t2m_oct,Mayor Luis J. Fontana,,
t2m_oct,Mburucuya,21.492187938288918,1.1142787069516702
t2m_oct,Mercedes,16.579735541993607,0.8344328426838118
t2m_oct,Metan,21.720011123470524,1.0581023880584404
t2m_oct,Mitre,23.99920303605313,1.2756987134765194
t2m_oct,Monte,15.585852534562212,0.9629111659898391
t2m_oct,Monte Caseros,19.384266862170087,0.9154657002914256
t2m_oct,Montecarlo,21.340172811059908,1.3493725726088284
t2m_oct,Moreno,24.283460410557186,1.4381213204437322
t2m_oct,Navarro,15.976647116324536,0.9130131763670134
t2m_oct,Necochea,13.049576612903225,0.9406579416630269
t2m_oct,Nogoya,18.49623339658444,0.916221556878913
t2m_oct,O'Higgins,22.376018433179723,1.281912802902965
t2m_oct,Obera,20.281247311827954,1.150474511521289
t2m_oct,Olavarria,14.006520039100684,0.9323515159851908
t2m_oct,Oran,26.518860887096775,1.2354369704553971
t2m_oct,Palpala,23.398268251273343,1.084428029373356
t2m_oct,Parana,19.94733137829912,0.9638001147764118
t2m_oct,Paso De Los Libres,19.895852534562213,0.9524569067645333
t2m_oct,Patagones,17.0599880525687,0.9933270735814631
t2m_oct,Patino,25.562483870967743,1.8977846917930286
t2m_oct,Pehuajo,15.87873732718894,0.9745318454910346
t2m_oct,Pellegrini,24.044130089899525,1.2662191459215533
t2m_oct,Pergamino,17.226647116324536,0.9751019115452927
t2m_oct,Pila,15.34174193548387,0.9777358988447598
t2m_oct,Pilagas,24.560870967741934,1.7792528946543786
t2m_oct,Pilar,16.55996878251821,0.909103125952518
t2m_oct,Pilcomayo,24.729139784946238,1.7894156561753285
t2m_oct,Pirane,24.38648233486943,1.681218275462108
t2m_oct,Pocho,19.18346514047867,1.013410197651681
t2m_oct,Presidencia De La Plaza,22.997177419354838,1.3440858011793089
t2m_oct,Presidente Roque Saenz Pena,18.12546370967742,1.0987549230089912
t2m_oct,Puan,16.58205882352941,0.8907475610825627
t2m_oct,Quemu Quemu,16.381532258064517,1.0569331969502713
t2m_oct,Quitilipi,22.997177419354838,1.3440858011793089
t2m_oct,Ramallo,17.832457305502846,0.9056205755386041
t2m_oct,Rancul,16.81708781362007,1.161507361915123
t2m_oct,Rauch,13.957336405529954,0.891613388397102
t2m_oct,Realico,16.828012205754142,1.1471878819524362
t2m_oct,Rio Cuarto,17.242609970674486,1.2425714578273588
t2m_oct,Rio Hondo,24.094696774193547,1.3273834774806363
t2m_oct,Rio Primero,19.131437788018435,1.0487461400744096
t2m_oct,Rio Seco,16.36258064516129,1.0706830382117094
t2m_oct,Rio Segundo,19.713607038123165,1.0391915252296697
t2m_oct,Rivadavia,16.53218667371761,0.8641940240717833
t2m_oct,Robles,24.512219354838713,1.2731193148335653
t2m_oct,Rojas,17.179120234604106,0.9854422384187073
t2m_oct,Roque Perez,15.67964055299539,0.9543474227523879
t2m_oct,Rosario,18.63636836628512,0.9482607807319203
t2m_oct,Rosario De La Frontera,21.03952101661779,1.0644901088010401
t2m_oct,Rosario De Lerma,12.412806451612903,0.9802967962917332
t2m_oct,Saavedra,14.015465949820788,1.0166217982838632
t2m_oct,Saladas,21.66557603686636,0.9180916351418471
t2m_oct,Saladillo,15.733140417457305,0.9424450452502628
t2m_oct,Salliquelo,15.570820276497697,1.0055162701795266
t2m_oct,Salto,16.588934506353862,0.9385424813856641
t2m_oct,San Alberto,18.13994438264739,1.1352376541971736
t2m_oct,San Andres De Giles,16.499637096774194,0.9423783820049478
t2m_oct,San Antonio,12.395978494623655,0.9780493449965706
t2m_oct,San Antonio De Areco,17.142852822580647,0.8984598771117144
t2m_oct,San Cayetano,13.233440860215053,0.9748830749478385
t2m_oct,San Cosme,22.105510752688172,1.17155561887945
t2m_oct,San Cristobal,20.39351814516129,1.0330866190861374
t2m_oct,San Fernando,22.45873900293255,1.2689062139229559
t2m_oct,San Ignacio,20.873600416233092,1.2615288669640723
t2m_oct,San Javier,20.449716555977233,1.1201669945291026
t2m_oct,San Jeronimo,21.693368121442127,1.107610777577222
t2m_oct,San Justo,17.994627889255778,1.1315389022754032
t2m_oct,San Lorenzo,19.071212709192334,0.925734386851933
t2m_oct,San Luis Del Palmar,22.34924263674614,1.1133235791154148
t2m_oct,San Martin,19.84256891495601,0.9055326059235065
t2m_oct,San Miguel,21.070672043010752,1.070718134943048
t2m_oct,San Nicolas,17.80511520737327,0.9067481844243689
t2m_oct,San Pedro,17.77864516129032,0.8818367616280375
t2m_oct,San Roque,21.27741935483871,0.963128865333343
t2m_oct,San Salvador,18.50398617511521,1.2290045821645896
t2m_oct,San Vicente,17.153655913978497,1.0663073899577917
t2m_oct,Santa Barbara,14.619800759013282,0.9716878790583917
t2m_oct,Santa Maria,17.906480075901328,1.0588009571640347
t2m_oct,Santa Rosa,20.472439516129032,1.2072692058943
t2m_oct,Santo Tome,20.6217876344086,1.1077528729124324
t2m_oct,Sargento Cabral,22.46326612903226,1.2889392083558862
t2m_oct,Sarmiento,23.967983870967743,1.1763198805200696
t2m_oct,Sauce,19.968313782991203,0.7816956340775753
t2m_oct,Silipica,23.954408602150536,1.1266073661369536
t2m_oct,Simoca,21.022580645161288,1.4340772324207798
t2m_oct,Sobremonte,18.18095430107527,1.2416361252993702
t2m_oct,Suipacha,16.145795698924733,0.961045252048633
t2m_oct,Tafi Del Valle,17.56413744740533,1.0600937761487186
t2m_oct,Tala,18.635626185958255,0.9469991412755443
t2m_oct,Tandil,13.248488479262672,0.9644687903553413
t2m_oct,Tapalque,14.720120967741936,0.9461879290746888
t2m_oct,Tercero Arriba,17.76675521821632,1.1454666478214257
t2m_oct,Toay,15.91109879032258,1.1614207750158483
t2m_oct,Tordillo,14.990012903225807,1.1849273929087332
t2m_oct,Tornquist,13.999667931688805,1.0430430409448208
t2m_oct,Totoral,18.027321603128055,1.1472723910028702
t2m_oct,Trancas,21.041646273637376,1.1005929802462362
t2m_oct,Trenel,16.44060035842294,1.1301840159601368
t2m_oct,Trenque Lauquen,16.089456221198155,0.9896588760865465
t2m_oct,Tres Arroyos,13.42840790842872,0.9785064288623234
t2m_oct,Tres Lomas,16.17844319775596,1.1358155159678232
t2m_oct,Tulumba,17.985557603686637,1.1283267030600257
t2m_oct,Union,17.93941348973607,1.0868791464421288
t2m_oct,Uruguay,19.97053130929791,0.9586771638411057
t2m_oct,Utracan,16.82969639468691,1.1370800008224031
t2m_oct,Vera,21.185738025415446,1.096891557873655
t2m_oct,Victoria,18.590361681329423,0.9515378652672223
t2m_oct,Villa Constitucion,17.819307400379508,0.9532686827034101
t2m_oct,Villaguay,18.340986717267555,0.9200652978174031
t2m_oct,Villarino,16.834070208728654,1.013606529387027
t2m_oct,Zarate,17.137147177419354,0.866301874248157
t2m_nov,12 De Octubre,24.369533333333333,1.349918167938605
t2m_nov,1° De Mayo,25.134919540229884,1.3257151488888674
t2m_nov,2 De Abril,24.475952380952382,1.2925507954158555
t2m_nov,25 De Mayo,18.938917204301077,1.3294544381644124
t2m_nov,9 De Julio,19.037035674470456,1.2605757281925989
t2m_nov,Adolfo Alsina,19.132742857142855,1.2548001744040387
t2m_nov,Adolfo Gonzales Chaves,16.65714705882353,1.0091352206435353
t2m_nov,Aguirre,27.524916666666666,1.1963448903949874
t2m_nov,Alberdi,26.516583333333333,1.0909794694103534
t2m_nov,Alberti,19.676242424242425,1.0428493062303144
t2m_nov,Almirante Brown,26.592866666666666,1.6453423014342297
t2m_nov,Anta,27.72841414141414,1.2356785754706214
t2m_nov,Apostoles,22.849075268817202,1.3820968602752832
t2m_nov,Arrecifes,20.10763725490196,1.0905264764056546
t2m_nov,Atreuco,19.14740404040404,1.2548046128270542
t2m_nov,Avellaneda,26.247044444444445,1.0480973530047961
t2m_nov,Ayacucho,17.382595679012347,1.1405277367421371
t2m_nov,Azul,17.152176470588234,1.084797193524865
t2m_nov,Balcarce,16.259542857142858,1.0607851700654631
t2m_nov,Banda,26.32180769230769,1.0170473961339792
t2m_nov,Baradero,19.99828282828283,1.0699204738139163
t2m_nov,Belgrano,21.73097157622739,1.1979104362381503
t2m_nov,Bella Vista,23.785876543209877,1.3799385070783066
t2m_nov,Benito Juarez,16.828373737373738,0.9981698626513361
t2m_nov,Bermejo,24.343533333333333,1.1978892374870715
t2m_nov,Beron De Astrada,24.489019607843137,1.462066191457355
t2m_nov,Bolivar,19.655039215686276,1.04458418181286
t2m_nov,Bragado,19.29772549019608,1.1050866701863205
t2m_nov,Brandsen,19.14777777777778,0.9835710127067772
t2m_nov,Burruyacu,23.166091954022985,0.9902509898952416
t2m_nov,Cachi,10.94756862745098,1.0773269760841842
t2m_nov,Cainguas,22.817978494623656,1.3613367992541683
t2m_nov,Calamuchita,20.27401075268817,1.0768132871747456
t2m_nov,Campana,19.930009803921568,1.0454724303369138
t2m_nov,Candelaria,22.89668686868687,1.3602330272670244
t2m_nov,Canuelas,19.027666666666665,1.1058375797051616
t2m_nov,Capayan,27.82662121212121,0.917834190368882
t2m_nov,Capital,19.63926933895921,1.3464831456643003
t2m_nov,Capitan Sarmiento,20.10763725490196,1.0905264764056546
t2m_nov,Carlos Casares,19.09724761904762,1.1294712029615137
t2m_nov,Carlos Tejedor,19.70686274509804,1.1202680749333145
t2m_nov,Carmen De Areco,19.514114583333335,1.080917609681816
t2m_nov,Caseros,21.121614583333333,1.0343527476247252
t2m_nov,Castellanos,22.494232323232325,0.9744906592849772
t2m_nov,Castelli,18.23437142857143,0.9741242950963283
t2m_nov,Catrilo,19.71838095238095,1.121898353669523
t2m_nov,Cerrillos,17.002030303030303,0.9960368737723222
t2m_nov,Chacabuco,19.900020833333333,1.34179027685677
t2m_nov,Chapaleufu,20.147222222222222,1.2276798688247108
t2m_nov,Chascomus,18.601,1.0795125630289688
t2m_nov,Chicoana,17.027448275862067,1.0483329028535038
t2m_nov,Chivilcoy,19.086828282828282,1.1068218017557068
t2m_nov,Choya,25.314964285714286,1.0678968497962806
t2m_nov,Colon,20.34414285714286,1.3534709970353036
t2m_nov,Comandante Fernandez,25.094712962962962,1.4191892860155921
t2m_nov,Concepcion,23.42521183800623,1.1881136092192528
t2m_nov,Concordia,21.475911764705884,1.0580064326398155
t2m_nov,Conhelo,19.805787037037035,1.36345840886917
t2m_nov,Copo,26.46172839506173,1.0716903416336
t2m_nov,Coronel Dorrego,17.24548039215686,1.1981476393154333
t2m_nov,Coronel Pringles,16.968364197530864,1.2063845064652186
t2m_nov,Coronel Suarez,17.210078431372548,1.0639280723606561
t2m_nov,Cruz Alta,26.327511904761906,0.9957232393593876
t2m_nov,Curuzu Cuatia,22.347575757575758,1.1803961185267415
t2m_nov,Daireaux,18.790104761904765,1.0727710126419774
t2m_nov,Diamante,22.264,1.0170947004235293
t2m_nov,Dolores,17.81479797979798,0.9985647510698166
t2m_nov,Dr. Manuel Belgrano,10.9074126984127,1.0869369444287105
t2m_nov,El Alto,22.817364583333333,1.163950683036151
t2m_nov,El Carmen,24.48550925925926,1.1408038699763805
t2m_nov,Eldorado,22.260388888888887,1.1378484640211763
t2m_nov,Empedrado,24.204043478260868,1.4143703824782936
t2m_nov,Esquina,23.412222222222223,1.1426707957692912
t2m_nov,Exaltacion De La Cruz,18.885104166666668,1.101804067814712
t2m_nov,Federacion,21.77864705882353,1.1048024731391528
t2m_nov,Federal,21.73906862745098,1.0809008675097105
t2m_nov,Feliciano,22.621363636363636,1.124789101724668
t2m_nov,Figueroa,25.777280701754385,1.3581560132530002
t2m_nov,Florentino Ameghino,19.941539682539684,1.2080933208811602
t2m_nov,Formosa,25.614424242424242,1.5024093636901685
t2m_nov,Fray Justo Santa Maria De Oro,24.811088235294118,1.205620402227903
t2m_nov,Garay,21.57267816091954,1.0761728356009486
t2m_nov,General Alvarado,19.11997142857143,0.9564766203642688
t2m_nov,General Alvear,18.58050505050505,1.0455840045467295
t2m_nov,General Arenales,19.956898989898992,1.3855442760399268
t2m_nov,General Belgrano,18.612289215686275,1.2390154167634426
t2m_nov,General Donovan,24.71359523809524,1.3785755854920525
t2m_nov,General Guemes,23.498169398907102,1.1020619919316814
t2m_nov,General Guido,17.943298850574713,0.9523082915221347
t2m_nov,General Jose De San Martin,16.943066666666667,1.0003211732604698
t2m_nov,General Juan Madariaga,16.7083431372549,0.9161033695710077
t2m_nov,General La Madrid,17.13807619047619,1.1029480373568117
t2m_nov,General Las Heras,19.28355128205128,1.082241496739502
t2m_nov,General Lavalle,17.476543209876542,0.8399210694914288
t2m_nov,General Lopez,20.429392156862747,1.3714146803177978
t2m_nov,General Manuel Belgrano,23.391290322580645,1.1730894151198312
t2m_nov,General Obligado,23.86385294117647,1.2904923999326834
t2m_nov,General Paz,17.495853174603173,1.1080838126604082
t2m_nov,General Pedernera,20.743708333333334,1.0071148407883939
t2m_nov,General Pinto,19.6360101010101,1.1582114428818941
t2m_nov,General Pueyrredon,15.51532380952381,0.7962995687394308
t2m_nov,General Roca,21.55970588235294,1.187298724433657
t2m_nov,General Rodriguez,19.70645238095238,1.0218477986345953
t2m_nov,General San Martin,20.94951515151515,1.168881840724613
t2m_nov,General Taboada,26.831,1.0769871840630298
t2m_nov,General Viamonte,19.65332380952381,1.0291580431033955
t2m_nov,General Villegas,19.962999999999997,1.1804656394516213
t2m_nov,Gobernador Dupuy,20.42496,1.1728731709716893
t2m_nov,Goya,23.994727272727275,1.3514213549784087
t2m_nov,Graneros,22.837940476190475,0.9838188717733444
t2m_nov,Gualeguay,20.83856565656566,1.0391192199969181
t2m_nov,Gualeguaychu,20.577343434343433,1.0642513066211299
t2m_nov,Guamini,18.7835,1.1107583639557455
t2m_nov,Guarani,22.379616161616163,1.2833871799342274
t2m_nov,Guasayan,25.443059523809524,1.0378579636464194
t2m_nov,Guatrache,18.907520833333333,1.1435103093146823
t2m_nov,Hipolito Yrigoyen,17.18675238095238,1.0881249488003115
t2m_nov,Hucal,19.456809523809522,1.2573198205307006
t2m_nov,Iguazu,24.762913978494627,1.236516729358432
t2m_nov,Independencia,24.31535185185185,1.3696337940508028
t2m_nov,Iriondo,21.10549019607843,1.0218450080318888
t2m_nov,Ischilin,20.280717171717175,1.2447981125947807
t2m_nov,Itati,24.495093333333333,1.4264515171364016
t2m_nov,Ituzaingo,23.938289855072462,1.0316286785209812
t2m_nov,Jimenez,27.02883950617284,1.0440093589748591
t2m_nov,Juan F. Ibarra,26.498309523809525,1.0693228768945184
t2m_nov,Juan Martin De Pueyrredon,20.758569444444444,0.9725567602832367
t2m_nov,Juarez Celman,20.604924731182795,1.2978986569741835
t2m_nov,Junin,20.100294294294297,1.3543531683141978
t2m_nov,La Caldera,13.654933333333334,0.9665585428036249
t2m_nov,La Candelaria,22.464222222222222,1.126991323005475
t2m_nov,La Capital,21.489225490196077,1.0869097971816009
t2m_nov,La Cocha,21.304019607843138,1.2016586307555415
t2m_nov,La Paz,22.596343434343435,1.0184010530021514
t2m_nov,La Plata,19.125316666666667,1.003581693775783
t2m_nov,La Vina,17.73727160493827,1.0770962111992615
t2m_nov,Laishi,24.67715789473684,1.2570448854573895
t2m_nov,Laprida,16.865353535353535,1.078293233860917
t2m_nov,Las Colonias,22.218090909090908,0.9979483024655841
t2m_nov,Las Flores,18.55725,1.1500669015914682
t2m_nov,Lavalle,23.950246376811595,1.4555724765600317
t2m_nov,Leales,26.327511904761906,0.9957232393593876
t2m_nov,Leandro N. Alem,20.371233796296295,1.3847966687004698
t2m_nov,Ledesma,23.788,1.1429640515104864
t2m_nov,Libertad,27.822880952380952,1.5581224831654148
t2m_nov,Libertador General San Martin,25.078487179487176,1.3533299997597024
t2m_nov,Lincoln,19.419383838383837,1.0429053206241663
t2m_nov,Loberia,15.511049019607844,0.8078669304546648
t2m_nov,Lobos,19.074392156862743,1.1442399723310035
t2m_nov,Loreto,26.726545454545455,1.0510995227999145
t2m_nov,Lujan,19.46309090909091,1.0627570580306396
t2m_nov,Magdalena,19.130555555555556,0.8834565721159217
t2m_nov,Maipu,25.44336496350365,1.3947631378099588
t2m_nov,Mar Chiquita,16.783914285714285,0.9484914728854028
t2m_nov,Maraco,19.201324074074073,1.2496404422202612
t2m_nov,Marcos Juarez,21.17801960784314,1.2267050881696282
t2m_nov,Marcos Paz,19.05448717948718,1.0689743255653752
t2m_nov,Mayor Luis J. Fontana,,
t2m_nov,Mburucuya,24.129115942028985,1.4609638876084226
t2m_nov,Mercedes,19.606516516516518,1.2755372896352257
t2m_nov,Metan,23.152574712643677,1.1052398249283069
t2m_nov,Mitre,26.236803921568626,0.9858026697036125
t2m_nov,Monte,18.790314285714288,1.1435004735284764
t2m_nov,Monte Caseros,22.461924242424242,1.149687737369757
t2m_nov,Montecarlo,22.92672619047619,1.1980813710405207
t2m_nov,Moreno,25.861222222222224,1.3703241827176302
t2m_nov,Navarro,19.107898989898988,1.1507701481714585
t2m_nov,Necochea,16.049197916666667,0.8923922858381705
t2m_nov,Nogoya,21.3273137254902,1.0411416808503446
t2m_nov,O'Higgins,24.301809523809524,1.3871819538579806
t2m_nov,Obera,22.309199999999997,1.300630379434544
t2m_nov,Olavarria,17.548686868686868,1.115954054147398
t2m_nov,Oran,27.726395833333335,1.2293027730366917
t2m_nov,Palpala,24.487157894736843,1.3450750145147536
t2m_nov,Parana,22.592909090909092,1.0253898590317008
t2m_nov,Paso De Los Libres,22.41764285714286,1.2689414961916168
t2m_nov,Patagones,19.987493827160492,1.0357181759135516
t2m_nov,Patino,27.138350000000003,1.4667495729159503
t2m_nov,Pehuajo,19.135638095238097,1.1428852159367193
t2m_nov,Pellegrini,26.287642076502735,1.122118722873885
t2m_nov,Pergamino,20.13243434343434,1.0642821866457435
t2m_nov,Pila,18.508577777777777,0.969942582071725
t2m_nov,Pilagas,26.432133333333333,1.6677416056325671
t2m_nov,Pilar,19.641387096774196,1.0316056743657018
t2m_nov,Pilcomayo,26.527492063492062,1.7775994350029345
t2m_nov,Pirane,26.133539682539684,1.4318160165646292
t2m_nov,Pocho,21.728451612903225,1.072307565567472
t2m_nov,Presidencia De La Plaza,24.627927083333333,1.316890142282718
t2m_nov,Presidente Roque Saenz Pena,20.81998958333333,1.010109793827839
t2m_nov,Puan,19.533235294117645,1.0476923512292735
t2m_nov,Quemu Quemu,19.956212962962965,1.2083289685380032
t2m_nov,Quitilipi,24.627927083333333,1.316890142282718
t2m_nov,Ramallo,20.69492156862745,1.0758145987581542
t2m_nov,Rancul,20.23174074074074,1.347318044047722
t2m_nov,Rauch,17.117323809523807,1.105685906320616
t2m_nov,Realico,20.240738738738738,1.329600513509801
t2m_nov,Rio Cuarto,19.794444444444444,1.2085666000894837
t2m_nov,Rio Hondo,26.382413333333332,0.9988961188713754
t2m_nov,Rio Primero,21.71322857142857,1.1189824473423684
t2m_nov,Rio Seco,18.521575757575757,1.1793053047849569
t2m_nov,Rio Segundo,22.381575757575757,1.1282082072199189
t2m_nov,Rivadavia,19.605101092896177,1.1881080305153675
t2m_nov,Robles,26.784546666666664,1.085282446937032
t2m_nov,Rojas,20.202666666666666,1.1243488331523754
t2m_nov,Roque Perez,18.871647619047618,1.1679833856562345
t2m_nov,Rosario,21.378612903225804,1.020530871642845
t2m_nov,Rosario De La Frontera,22.489808080808082,1.145878577986436
t2m_nov,Rosario De Lerma,13.624466666666667,0.9817324533505477
t2m_nov,Saavedra,17.741611111111112,1.13369697387416
t2m_nov,Saladas,23.512238095238096,1.0815657092356363
t2m_nov,Saladillo,18.820745098039218,1.1476908570806084
t2m_nov,Salliquelo,19.103,1.1471910451697425
t2m_nov,Salto,19.614868686868686,1.1092172100285713
t2m_nov,San Alberto,20.41758620689655,1.2707035473310764
t2m_nov,San Andres De Giles,19.605125,1.0973249282723347
t2m_nov,San Antonio,13.554344444444444,0.9724452943209705
t2m_nov,San Antonio De Areco,19.970635416666667,1.0749969187565247
t2m_nov,San Cayetano,16.45247777777778,0.9163602525840836
t2m_nov,San Cosme,24.494305555555556,1.50368566171363
t2m_nov,San Cristobal,22.743614583333333,0.993975938168828
t2m_nov,San Fernando,24.38782828282828,1.3731064388853538
t2m_nov,San Ignacio,22.956344086021506,1.3915255936051993
t2m_nov,San Javier,22.600340686274507,1.1483683724158038
t2m_nov,San Jeronimo,23.77285294117647,1.1432126130901727
t2m_nov,San Justo,20.22824409448819,1.1983877694392082
t2m_nov,San Lorenzo,22.088769423558897,1.156222321121395
t2m_nov,San Luis Del Palmar,24.46650724637681,1.5026094738839195
t2m_nov,San Martin,22.635054545454544,1.054626076576324
t2m_nov,San Miguel,23.777888888888885,1.4854948870936306
t2m_nov,San Nicolas,20.72327619047619,1.0730685018723414
t2m_nov,San Pedro,20.745464367816094,1.2845102386981357
t2m_nov,San Roque,23.957761904761906,1.4506184855006472
t2m_nov,San Salvador,21.638785714285714,1.3109005165246765
t2m_nov,San Vicente,20.258285714285712,0.9086359819086219
t2m_nov,Santa Barbara,15.630029411764708,1.0491164291617103
t2m_nov,Santa Maria,20.208460784313726,1.1248405588914872
t2m_nov,Santa Rosa,22.775802083333332,1.1238917882430264
t2m_nov,Santo Tome,22.99348611111111,1.1194591774782396
t2m_nov,Sargento Cabral,24.26553125,1.1986464076037897
t2m_nov,Sarmiento,26.283233333333335,1.0151274808314381
t2m_nov,Sauce,22.58989393939394,1.189510051583703
t2m_nov,Silipica,26.415462962962962,0.9765660333545368
t2m_nov,Simoca,22.83517777777778,1.1878292316650079
t2m_nov,Sobremonte,20.13423611111111,1.211712292979704
t2m_nov,Suipacha,19.052388888888892,1.1054550391356703
t2m_nov,Tafi Del Valle,19.31098550724638,0.8244223718793418
t2m_nov,Tala,21.527901960784313,1.0143588395715362
t2m_nov,Tandil,16.514866666666666,1.0136372712400914
t2m_nov,Tapalque,18.194510416666667,1.045757470955879
t2m_nov,Tercero Arriba,20.180588235294117,1.2110452620190313
t2m_nov,Toay,19.437197916666666,1.1921428249672805
t2m_nov,Tordillo,18.806546666666666,1.1306672066626067
t2m_nov,Tornquist,17.774156862745098,1.1544601351301282
t2m_nov,Totoral,20.25562626262626,1.2499253887665316
t2m_nov,Trancas,22.582172413793106,1.069255814568993
t2m_nov,Trenel,19.91073148148148,1.3153102858489183
t2m_nov,Trenque Lauquen,19.41544761904762,1.1117484373102626
t2m_nov,Tres Arroyos,16.7645376344086,1.05726853058183
t2m_nov,Tres Lomas,20.033231884057972,1.404805786335262
t2m_nov,Tulumba,20.299657142857143,1.2264985271746278
t2m_nov,Union,20.70478787878788,1.204117129367975
t2m_nov,Uruguay,22.615764705882356,1.018490996174718
t2m_nov,Utracan,20.04105882352941,1.176601613420743
t2m_nov,Vera,23.581666666666667,1.1512595306638918
t2m_nov,Victoria,21.442222222222224,1.075518359090509
t2m_nov,Villa Constitucion,20.851529411764705,1.3282824968223534
t2m_nov,Villaguay,21.121411764705883,1.0804860642674918
t2m_nov,Villarino,19.80158823529412,1.1945968934204774
t2m_nov,Zarate,19.92425,1.050833347403068
t2m_dic,12 De Octubre,26.945391705069124,1.6084983543089448
t2m_dic,1° De Mayo,26.918164627363737,1.4685247775655104
t2m_dic,2 De Abril,26.943609831029182,1.4333166083171984
t2m_dic,25 De Mayo,22.083247658688865,1.547929344938597
t2m_dic,9 De Julio,22.00472758657892,1.5301071264161556
t2m_dic,Adolfo Alsina,22.31341935483871,1.347967790682745
t2m_dic,Adolfo Gonzales Chaves,19.845863377609106,1.394100311285952
t2m_dic,Aguirre,28.551985887096773,1.0781302343336745
t2m_dic,Alberdi,27.96908986175115,1.29888708451928
t2m_dic,Alberti,22.52745845552297,1.2547708144559555
t2m_dic,Almirante Brown,28.219087557603686,1.3927343392558358
t2m_dic,Anta,28.422981427174978,0.954162062142399
t2m_dic,Apostoles,25.529927159209155,1.390953193087471
t2m_dic,Arrecifes,23.264762808349147,1.495816523059432
t2m_dic,Atreuco,22.6758357771261,1.5789863567161906
t2m_dic,Avellaneda,28.22408602150538,1.5390954972662252
t2m_dic,Ayacucho,20.828527479092,1.3407476946479522
t2m_dic,Azul,20.524478178368124,1.4173343340281253
t2m_dic,Balcarce,19.487041474654376,1.2481475910995539
t2m_dic,Banda,28.092357320099254,1.2902254697948063
t2m_dic,Baradero,23.163245356793745,1.4613423736977702
t2m_dic,Belgrano,24.382200550137537,1.549581130070535
t2m_dic,Bella Vista,26.67405017921147,1.8124508640020962
t2m_dic,Benito Juarez,19.993333333333332,1.2797015335623123
t2m_dic,Bermejo,26.837279569892473,1.4616920694148219
t2m_dic,Beron De Astrada,27.02203036053131,1.821821443948448
t2m_dic,Bolivar,22.53626185958254,1.2375741045637905
t2m_dic,Bragado,22.251537001897532,1.5019873905995458
t2m_dic,Brandsen,22.52557603686636,1.3847926404533155
t2m_dic,Burruyacu,24.37395995550612,1.0468542991813714
t2m_dic,Cachi,11.808557874762808,0.8300832198608
t2m_dic,Cainguas,25.036888657648284,1.3487406146351244
t2m_dic,Calamuchita,22.431612903225805,1.2962979492471391
t2m_dic,Campana,23.13926944971537,1.4995298000862127
t2m_dic,Candelaria,25.445630498533724,1.452527489864423
t2m_dic,Canuelas,22.36265120967742,1.5261898344980809
t2m_dic,Capayan,29.48577712609971,0.8630606538226094
t2m_dic,Capital,22.97872737171635,1.60546290406822
t2m_dic,Capitan Sarmiento,23.264762808349147,1.495816523059432
t2m_dic,Carlos Casares,22.18806451612903,1.516411661653895
t2m_dic,Carlos Tejedor,22.966679316888047,1.4848263075592527
t2m_dic,Carmen De Areco,22.699314516129032,1.55268935717068
t2m_dic,Caseros,23.874022177419356,1.566049376859751
t2m_dic,Castellanos,25.02106549364614,1.542662773218231
t2m_dic,Castelli,21.503096774193548,1.219877043486029
t2m_dic,Catrilo,22.99905069124424,1.4906777999472376
t2m_dic,Cerrillos,17.76533724340176,0.7551850515533788
t2m_dic,Chacabuco,22.807728494623657,1.482274642067002
t2m_dic,Chapaleufu,23.203154121863797,1.62932001493917
t2m_dic,Chascomus,22.10400379506641,1.4521089607886717
t2m_dic,Chicoana,17.713615127919912,0.7755782709519102
t2m_dic,Chivilcoy,22.162766373411536,1.5572733415629896
t2m_dic,Choya,27.22815668202765,1.2281340783903614
t2m_dic,Colon,23.158335393953017,1.4808854732190415
t2m_dic,Comandante Fernandez,27.07829749103943,1.4786862750802363
t2m_dic,Concepcion,26.354311124510097,1.6916040418986964
t2m_dic,Concordia,24.726679316888045,1.555577686122209
t2m_dic,Conhelo,23.047786738351256,1.637290241507443
t2m_dic,Copo,27.955304659498207,1.3215410982471592
t2m_dic,Coronel Dorrego,20.69323529411765,1.2924749289261488
t2m_dic,Coronel Pringles,20.509988052568698,1.418376582691456
t2m_dic,Coronel Suarez,20.684554079696394,1.4247434362291405
t2m_dic,Cruz Alta,27.612327188940093,1.1964145036420017
t2m_dic,Curuzu Cuatia,25.570190615835774,1.719370936423234
t2m_dic,Daireaux,22.056479262672813,1.5707649350901813
t2m_dic,Diamante,25.12548387096774,1.4650570353394194
t2m_dic,Dolores,21.21542521994135,1.330322251764184
t2m_dic,Dr. Manuel Belgrano,11.876543778801842,0.8133438842944731
t2m_dic,El Alto,24.58889112903226,1.0440535551901542
t2m_dic,El Carmen,24.968306451612904,0.919146763986897
t2m_dic,Eldorado,24.36177419354839,1.2647593060027817
t2m_dic,Empedrado,26.747349228611505,1.7903036800051746
t2m_dic,Esquina,26.224717741935482,1.6721841511716289
t2m_dic,Exaltacion De La Cruz,22.152550403225806,1.5323058765953548
t2m_dic,Federacion,25.044762808349144,1.5433937530165953
t2m_dic,Federal,25.007134724857686,1.5297509287811755
t2m_dic,Feliciano,25.40149560117302,1.4757507014372537
t2m_dic,Figueroa,27.845517826825123,1.4515257874884553
t2m_dic,Florentino Ameghino,23.212350230414746,1.4580586680686927
t2m_dic,Formosa,27.52800586510264,1.68976988664781
t2m_dic,Fray Justo Santa Maria De Oro,26.883851992409866,1.483485973561541
t2m_dic,Garay,24.594505005561736,1.5160673643766849
t2m_dic,General Alvarado,22.377133640552998,1.3662027714359848
t2m_dic,General Alvear,21.97795698924731,1.5055066665459258
t2m_dic,General Arenales,22.74564027370479,1.5079713532574606
t2m_dic,General Belgrano,22.140090132827325,1.4846546274610282
t2m_dic,General Donovan,26.665760368663594,1.3891554551850043
t2m_dic,General Guemes,24.108516657852988,0.9467561077133876
t2m_dic,General Guido,21.327319243604006,1.3591022013421
t2m_dic,General Jose De San Martin,17.80226728110599,0.7528180819360653
t2m_dic,General Juan Madariaga,19.758254269449715,1.1114513234998145
t2m_dic,General La Madrid,20.619870967741935,1.4651338573003492
t2m_dic,General Las Heras,22.667208436724568,1.4900730190219305
t2m_dic,General Lavalle,20.51964157706093,1.2077612593273572
t2m_dic,General Lopez,23.18353889943074,1.5116070362036707
t2m_dic,General Manuel Belgrano,24.931123829344433,1.3970989338435218
t2m_dic,General Obligado,26.651015180265656,1.6968979845724537
t2m_dic,General Paz,20.738402457757296,1.4411818848575915
t2m_dic,General Pedernera,23.789879032258067,1.4959076746861437
t2m_dic,General Pinto,22.659384164222875,1.5441829630703614
t2m_dic,General Pueyrredon,18.3478064516129,1.0135054072395284
t2m_dic,General Roca,24.16324478178368,1.5230595324009453
t2m_dic,General Rodriguez,22.939354838709676,1.4682291207674252
t2m_dic,General San Martin,23.28919843597263,1.2570402419505162
t2m_dic,General Taboada,28.41286021505376,1.3545879865824944
t2m_dic,General Viamonte,22.546451612903226,1.2207280602168005
t2m_dic,General Villegas,22.99467221644121,1.5190356007127903
t2m_dic,Gobernador Dupuy,23.722438709677416,1.6248331889087555
t2m_dic,Goya,26.69777126099707,1.852615002863239
t2m_dic,Graneros,24.354815668202765,1.0388612277984837
t2m_dic,Gualeguay,24.003880742913,1.4344045473082219
t2m_dic,Gualeguaychu,23.853323558162266,1.5942704517065156
t2m_dic,Guamini,22.22144212523719,1.5237023703094474
t2m_dic,Guarani,24.650430107526883,1.344313646316941
t2m_dic,Guasayan,27.25180875576037,1.238040139578232
t2m_dic,Guatrache,22.73632056451613,1.4178231657545686
t2m_dic,Hipolito Yrigoyen,20.5644331797235,1.4162017014694654
t2m_dic,Hucal,22.979447004608293,1.5305313967618936
t2m_dic,Iguazu,26.789063475546307,1.4327219130586508
t2m_dic,Independencia,26.9139605734767,1.5965306198084004
t2m_dic,Iriondo,23.947855787476282,1.5409728502721167
t2m_dic,Ischilin,22.26464320625611,1.343085197670294
t2m_dic,Itati,27.038129032258066,1.7517273522482426
t2m_dic,Ituzaingo,26.601009817671812,1.3864111389570128
t2m_dic,Jimenez,28.282556750298685,1.2585901838914688
t2m_dic,Juan F. Ibarra,27.999458525345624,1.3177156583414595
t2m_dic,Juan Martin De Pueyrredon,23.76127688172043,1.4329202898981819
t2m_dic,Juarez Celman,23.07136316337149,1.239481384027416
t2m_dic,Junin,22.968166230746878,1.5266664579743807
t2m_dic,La Caldera,14.260877419354838,0.6382853382959646
t2m_dic,La Candelaria,23.34822091886608,0.9742385701824745
t2m_dic,La Capital,24.40858633776091,1.4909715530517755
t2m_dic,La Cocha,23.049316888045542,0.8952920340611157
t2m_dic,La Paz,25.536129032258067,1.4162938423642304
t2m_dic,La Plata,22.35541935483871,1.1741206930885644
t2m_dic,La Vina,18.480238948626045,0.7234612543911662
t2m_dic,Laishi,26.79032258064516,1.5476495704681619
t2m_dic,Laprida,20.500566959921798,1.3893902247414402
t2m_dic,Las Colonias,24.98208211143695,1.5282470912870225
t2m_dic,Las Flores,22.083316532258063,1.4277699299279225
t2m_dic,Lavalle,27.067910238429175,1.7454181457585827
t2m_dic,Leales,27.612327188940093,1.1964145036420017
t2m_dic,Leandro N. Alem,23.244731182795697,1.4983700120218038
t2m_dic,Ledesma,23.99802995391705,0.9402138869176815
t2m_dic,Libertad,28.825437788018434,1.1807895783421654
t2m_dic,Libertador General San Martin,27.233112184928824,1.3374918579520458
t2m_dic,Lincoln,22.357448680351904,1.5006631368097696
t2m_dic,Loberia,18.284648956356733,0.956284077242027
t2m_dic,Lobos,22.303728652751424,1.5475184578620123
t2m_dic,Loreto,28.34865102639296,1.2368276699135616
t2m_dic,Lujan,22.733313782991203,1.509491623080569
t2m_dic,Magdalena,22.190860215053764,1.2092801125319912
t2m_dic,Maipu,27.356993171650576,1.4657386113174198
t2m_dic,Mar Chiquita,19.922460829493087,1.247869897339566
t2m_dic,Maraco,22.737822580645158,1.5866367029675719
t2m_dic,Marcos Juarez,23.75056925996205,1.4588117123237283
t2m_dic,Marcos Paz,22.563883374689826,1.5199696461199717
t2m_dic,Mayor Luis J. Fontana,,
t2m_dic,Mburucuya,26.733646563814865,1.743043870337445
t2m_dic,Mercedes,22.74205463528044,1.5357693233323026
t2m_dic,Metan,24.055528364849835,0.8596878018936153
t2m_dic,Mitre,28.150721062618597,1.4960203213497516
t2m_dic,Monte,22.249917050691245,1.529860659873712
t2m_dic,Monte Caseros,25.734046920821115,1.716709734302943
t2m_dic,Montecarlo,25.18652073732719,1.2017408922307355
t2m_dic,Moreno,27.627663734115348,1.394714321070058
t2m_dic,Navarro,22.34084066471163,1.5274814021090344
t2m_dic,Necochea,18.795735887096775,1.1060726324939154
t2m_dic,Nogoya,24.338111954459205,1.472417555939195
t2m_dic,O'Higgins,26.971244239631336,1.5818572805526943
t2m_dic,Obera,24.559752688172043,1.2220296734935687
t2m_dic,Olavarria,20.94726295210166,1.5295662414896114
t2m_dic,Oran,28.17826612903226,1.1570374598930315
t2m_dic,Palpala,24.787843803056024,0.8409598987514386
t2m_dic,Parana,25.47485826001955,1.4761924203099872
t2m_dic,Paso De Los Libres,25.65225806451613,1.658988132359316
t2m_dic,Patagones,22.715507765830345,1.2146906011124845
t2m_dic,Patino,28.56685483870968,1.4295829683661887
t2m_dic,Pehuajo,22.397870967741934,1.5331812083830385
t2m_dic,Pellegrini,27.960169222633525,1.3198301948082651
t2m_dic,Pergamino,23.09099706744868,1.439221957300322
t2m_dic,Pila,22.02751612903226,1.4622726862977864
t2m_dic,Pilagas,27.986709677419356,1.8008607413140583
t2m_dic,Pilar,22.923652445369406,1.4889885836830696
t2m_dic,Pilcomayo,28.0431643625192,1.9328618223607494
t2m_dic,Pirane,27.682795698924732,1.4098375281236708
t2m_dic,Pocho,23.958397502601457,1.3467796445292326
t2m_dic,Presidencia De La Plaza,26.73773185483871,1.3994887659107313
t2m_dic,Presidente Roque Saenz Pena,23.249344758064517,1.2552959036052962
t2m_dic,Puan,22.92207779886148,1.4820170304518574
t2m_dic,Quemu Quemu,23.188360215053763,1.6312548917709229
t2m_dic,Quitilipi,26.73773185483871,1.3994887659107313
t2m_dic,Ramallo,23.70134724857685,1.4400056134217474
t2m_dic,Rancul,23.269435483870968,1.591104584049608
t2m_dic,Rauch,20.485327188940094,1.3869569065253684
t2m_dic,Realico,23.2446556233653,1.576074467437363
t2m_dic,Rio Cuarto,22.208103616813293,1.2413577252610948
t2m_dic,Rio Hondo,27.97087741935484,1.1968833910997312
t2m_dic,Rio Primero,23.82378801843318,1.311359171920348
t2m_dic,Rio Seco,20.39496578690127,1.2244485845613726
t2m_dic,Rio Segundo,24.649472140762462,1.3687116631795238
t2m_dic,Rivadavia,22.91292173453199,1.5014150893373557
t2m_dic,Robles,28.450206451612903,1.3412462265246052
t2m_dic,Rojas,23.20724340175953,1.5380444902112143
t2m_dic,Roque Perez,22.197889400921657,1.5565073037059332
t2m_dic,Rosario,24.29154006243496,1.501120362517847
t2m_dic,Rosario De La Frontera,23.38702834799609,0.9464299868809528
t2m_dic,Rosario De Lerma,14.300838709677418,0.6906826563954099
t2m_dic,Saavedra,21.340645161290322,1.378034997699008
t2m_dic,Saladas,26.429723502304146,1.5776467578384252
t2m_dic,Saladillo,22.003738140417457,1.5960118071317853
t2m_dic,Salliquelo,22.500341013824883,1.4645401028366059
t2m_dic,Salto,22.701896383186703,1.5383301244480787
t2m_dic,San Alberto,22.37154616240267,1.2310516127610684
t2m_dic,San Andres De Giles,22.791592741935485,1.5609462450933926
t2m_dic,San Antonio,14.247387096774194,0.5960071994476158
t2m_dic,San Antonio De Areco,23.134364919354837,1.4751260299713775
t2m_dic,San Cayetano,19.25263440860215,1.2370646406755033
t2m_dic,San Cosme,27.10595430107527,1.6948742448540213
t2m_dic,San Cristobal,25.320352822580645,1.555868462158965
t2m_dic,San Fernando,26.99455522971652,1.6259029844405035
t2m_dic,San Ignacio,25.407429760665973,1.4332691081381714
t2m_dic,San Javier,25.0080004743833,1.1410262021627684
t2m_dic,San Jeronimo,26.661888045540795,1.7103463328043758
t2m_dic,San Justo,22.184940309880616,1.2648771733839341
t2m_dic,San Lorenzo,24.94361387339316,1.4660748601193911
t2m_dic,San Luis Del Palmar,27.031037868162695,1.7212286366556793
t2m_dic,San Martin,25.583197947214078,1.4841870774105903
t2m_dic,San Miguel,26.65579301075269,1.7331188139389413
t2m_dic,San Nicolas,23.772082949308754,1.4791049095424018
t2m_dic,San Pedro,23.851976640711904,1.4062327344479486
t2m_dic,San Roque,26.77061443932412,1.8345679099675327
t2m_dic,San Salvador,24.815506912442398,1.6688229164855861
t2m_dic,San Vicente,23.291397849462367,1.4647582588435895
t2m_dic,Santa Barbara,16.33203036053131,0.6765102661853912
t2m_dic,Santa Maria,22.297988614800758,1.267226739125672
t2m_dic,Santa Rosa,24.473790322580644,1.0008002101933424
t2m_dic,Santo Tome,25.822540322580647,1.2307288055722194
t2m_dic,Sargento Cabral,26.8715625,1.4877955229709605
t2m_dic,Sarmiento,28.114693548387095,1.3923344453000046
t2m_dic,Sauce,25.392419354838708,1.5252430273738018
t2m_dic,Silipica,28.292544802867383,1.4117435298933945
t2m_dic,Simoca,24.189698924731182,0.9163270820737853
t2m_dic,Sobremonte,22.09412634408602,1.2143379542912274
t2m_dic,Suipacha,22.22648387096774,1.6070679590782664
t2m_dic,Tafi Del Valle,20.67422159887798,0.8705651992165053
t2m_dic,Tala,24.788301707779883,1.5811141947966638
t2m_dic,Tandil,19.73552995391705,1.3836346696142525
t2m_dic,Tapalque,21.470735887096776,1.4816175312048732
t2m_dic,Tercero Arriba,22.280996204933587,1.263616723770845
t2m_dic,Toay,22.900887096774195,1.6486099822637088
t2m_dic,Tordillo,22.303458064516132,1.360244382743008
t2m_dic,Tornquist,21.400597722960153,1.3869534880921808
t2m_dic,Totoral,22.199188660801564,1.2420960624121242
t2m_dic,Trancas,23.49123470522803,0.9550010568056027
t2m_dic,Trenel,23.01094982078853,1.6310741046671302
t2m_dic,Trenque Lauquen,22.72253456221198,1.5092320519674194
t2m_dic,Tres Arroyos,19.706472424557752,1.2288896904172895
t2m_dic,Tres Lomas,23.168302945301544,1.4556214227595938
t2m_dic,Tulumba,22.23341935483871,1.2190354947627993
t2m_dic,Union,23.197556207233625,1.3059303147295611
t2m_dic,Uruguay,25.472960151802656,1.4536959410224526
t2m_dic,Utracan,23.094857685009487,1.5849185155653216
t2m_dic,Vera,26.20995112414467,1.6838685327839191
t2m_dic,Victoria,24.40076246334311,1.5138925569192696
t2m_dic,Villa Constitucion,23.716185958254272,1.511909044524987
t2m_dic,Villaguay,24.42719165085389,1.5793744818285413
t2m_dic,Villarino,22.55897533206831,1.2171295993882947
t2m_dic,Zarate,23.059798387096773,1.5102902154418922
t2m_ene,12 De Octubre,28.260036866359446,1.1926567102876522
t2m_ene,1° De Mayo,28.18543937708565,1.0784642092911574
t2m_ene,2 De Abril,28.20783410138249,1.124955386525995
t2m_ene,25 De Mayo,23.997252861602497,1.1973948261733791
t2m_ene,9 De Julio,23.672297982522387,1.1501159173238198
t2m_ene,Adolfo Alsina,24.32057142857143,0.9988033670540607
t2m_ene,Adolfo Gonzales Chaves,21.82420303605313,1.0642479193065248
t2m_ene,Aguirre,28.386925403225806,0.9043239495941929
t2m_ene,Alberdi,28.08589861751152,1.0667529587636335
t2m_ene,Alberti,24.290645161290325,0.9226168854262727
t2m_ene,Almirante Brown,29.133336405529953,1.1497679877064821
t2m_ene,Anta,27.897976539589443,0.9283969121208507
t2m_ene,Apostoles,26.89678459937565,1.1081406916386052
t2m_ene,Arrecifes,24.917912713472486,1.0753604053915582
t2m_ene,Atreuco,24.322668621700878,1.0222718168307876
t2m_ene,Avellaneda,28.149505376344088,1.0597706744218773
t2m_ene,Ayacucho,22.806451612903224,0.8674954624502094
t2m_ene,Azul,22.47032258064516,0.90248522913794
t2m_ene,Balcarce,21.335225806451614,0.9503966330834127
t2m_ene,Banda,27.7914888337469,0.9584175783772668
t2m_ene,Baradero,24.989286412512218,1.056766970777066
t2m_ene,Belgrano,25.84300075018755,1.1568081264002632
t2m_ene,Bella Vista,27.976929510155315,1.4306034900406763
t2m_ene,Benito Juarez,21.958377321603127,0.9746774142998312
t2m_ene,Bermejo,28.23952688172043,1.0679609638385616
t2m_ene,Beron De Astrada,28.548216318785578,1.2116798969637674
t2m_ene,Bolivar,24.32129981024668,0.9191511924313341
t2m_ene,Bragado,23.832039848197343,1.1034633710382438
t2m_ene,Brandsen,24.451582181259603,0.6731760643227951
t2m_ene,Burruyacu,23.860923248053393,0.7497234697785226
t2m_ene,Cachi,11.33290322580645,0.6353289581119441
t2m_ene,Cainguas,26.07811654526535,0.9328077558519511
t2m_ene,Calamuchita,22.830135275754422,0.8736598885899078
t2m_ene,Campana,25.048709677419353,1.0919390372914775
t2m_ene,Candelaria,26.753958944281525,1.1221001134590964
t2m_ene,Canuelas,24.3665625,1.052506705093556
t2m_ene,Capayan,29.373636363636365,0.9939204730570682
t2m_ene,Capital,24.35387777324078,1.0998823470042487
t2m_ene,Capitan Sarmiento,24.917912713472486,1.0753604053915582
t2m_ene,Carlos Casares,23.825548387096774,1.1574024149471445
t2m_ene,Carlos Tejedor,24.566679316888045,1.1588957649956628
t2m_ene,Carmen De Areco,24.34470766129032,1.037630044519991
t2m_ene,Caseros,25.505625000000002,1.1581000865191913
t2m_ene,Castellanos,26.436050830889542,0.9927504226148024
t2m_ene,Castelli,23.37290322580645,0.9214533358936519
t2m_ene,Catrilo,24.539935483870966,1.1005054201205724
t2m_ene,Cerrillos,17.550136852394917,0.7677473486454556
t2m_ene,Chacabuco,24.29701948924731,1.1784413369766733
t2m_ene,Chapaleufu,24.505286738351252,1.4204394793236192
t2m_ene,Chascomus,24.123757115749527,1.0144102731159697
t2m_ene,Chicoana,17.575027808676307,0.8139238687975161
t2m_ene,Chivilcoy,23.898993157380254,1.0652152816394136
t2m_ene,Choya,27.063214285714285,0.9215750737210567
t2m_ene,Colon,24.65699786444869,1.186867871982935
t2m_ene,Comandante Fernandez,28.305286738351256,1.0967904018259607
t2m_ene,Concepcion,27.62160084413627,1.3556061711527498
t2m_ene,Concordia,26.608624288425048,1.3602566651619863
t2m_ene,Conhelo,24.575170250896058,1.2337473604207188
t2m_ene,Copo,28.124970131421744,1.0664620467698342
t2m_ene,Coronel Dorrego,22.72,0.9931369131826301
t2m_ene,Coronel Pringles,22.26239247311828,0.9878005299381218
t2m_ene,Coronel Suarez,22.448368121442126,0.9881700218389302
t2m_ene,Cruz Alta,27.044493087557605,0.8740971168430574
t2m_ene,Curuzu Cuatia,27.239956011730204,1.5068651096575576
t2m_ene,Daireaux,23.659953917050693,1.0656111185724948
t2m_ene,Diamante,26.881375711574954,1.228468997832427
t2m_ene,Dolores,23.140332355816227,0.9759074543996803
t2m_ene,Dr. Manuel Belgrano,11.70900153609831,0.712459991426591
t2m_ene,El Alto,24.678074596774195,0.8972035874657724
t2m_ene,El Carmen,24.246989247311827,0.8522297549518045
t2m_ene,Eldorado,25.17189247311828,0.799372065688537
t2m_ene,Empedrado,28.127237026647965,1.3497772192250808
t2m_ene,Esquina,27.77709677419355,1.3201930763552214
t2m_ene,Exaltacion De La Cruz,24.047943548387096,1.0460343334998436
t2m_ene,Federacion,26.829193548387096,1.3660826801956902
t2m_ene,Federal,26.722931688804554,1.3863946195452233
t2m_ene,Feliciano,27.111779081133918,1.1135381081822786
t2m_ene,Figueroa,28.509422750424445,1.0284689617837826
t2m_ene,Florentino Ameghino,24.61930875576037,1.2470643082974044
t2m_ene,Formosa,28.962111436950146,1.1848411529924223
t2m_ene,Fray Justo Santa Maria De Oro,28.002476280834916,1.1261116356809697
t2m_ene,Garay,26.16610678531702,1.208975750204808
t2m_ene,General Alvarado,24.29635944700461,0.9876008887833537
t2m_ene,General Alvear,23.970762463343107,1.1465545982587937
t2m_ene,General Arenales,24.25314760508309,1.178202598053375
t2m_ene,General Belgrano,24.094184060721062,1.028338207788435
t2m_ene,General Donovan,28.071048387096774,1.0073277388752557
t2m_ene,General Guemes,23.396356425171867,0.7754689437880082
t2m_ene,General Guido,23.377641824249167,0.8984206287475385
t2m_ene,General Jose De San Martin,17.539649769585253,0.7473466126819792
t2m_ene,General Juan Madariaga,21.70873814041746,0.8448983136031808
t2m_ene,General La Madrid,22.480341013824884,0.9640680006569979
t2m_ene,General Las Heras,24.63317617866005,1.1798633395609945
t2m_ene,General Lavalle,22.461696535244922,0.8983013960602049
t2m_ene,General Lopez,24.516679316888048,1.2405577853896004
t2m_ene,General Manuel Belgrano,25.51219562955255,0.89553845941326
t2m_ene,General Obligado,27.975872865275143,1.3330559926124819
t2m_ene,General Paz,22.764278033794163,0.956518610147162
t2m_ene,General Pedernera,24.616693548387094,1.0225060575573541
t2m_ene,General Pinto,24.122355816226783,1.109514585896307
t2m_ene,General Pueyrredon,20.34310599078341,0.7807010192418558
t2m_ene,General Roca,25.643026565464897,1.0584526891328834
t2m_ene,General Rodriguez,24.861658986175115,1.0937125857429966
t2m_ene,General San Martin,24.36843597262952,0.9469494401516453
t2m_ene,General Taboada,28.5731935483871,1.1191458433274883
t2m_ene,General Viamonte,24.319087557603684,0.9056279607765859
t2m_ene,General Villegas,24.3968262226847,1.3111810376414506
t2m_ene,Gobernador Dupuy,24.718064516129033,0.9564171465620792
t2m_ene,Goya,28.07624633431085,1.3713885088307618
t2m_ene,Graneros,23.991417050691243,0.7681170450921898
t2m_ene,Gualeguay,25.904291300097753,1.3257170288225921
t2m_ene,Gualeguaychu,25.836930596285434,1.4204474856823275
t2m_ene,Guamini,23.945426944971537,1.0437591105640072
t2m_ene,Guarani,25.779521016617792,0.9303463038380467
t2m_ene,Guasayan,26.992788018433178,0.9004869603857909
t2m_ene,Guatrache,24.322227822580643,1.0528586664971256
t2m_ene,Hipolito Yrigoyen,22.537290322580645,0.9733899798570393
t2m_ene,Hucal,24.743433179723503,0.942364312191424
t2m_ene,Iguazu,27.28884495317378,1.0022510486798728
t2m_ene,Independencia,28.21448028673835,1.2068569263662396
t2m_ene,Iriondo,25.509165085388997,1.1681883030749072
t2m_ene,Ischilin,22.924789833822093,0.9280089014011027
t2m_ene,Itati,28.366735483870965,1.270140557332067
t2m_ene,Ituzaingo,28.180589060308556,0.9382799182124519
t2m_ene,Jimenez,27.812759856630827,0.7790137287653192
t2m_ene,Juan F. Ibarra,28.08585253456221,1.0668002456908963
t2m_ene,Juan Martin De Pueyrredon,24.55608870967742,1.0270644121587855
t2m_ene,Juarez Celman,24.225848074921956,1.1010131453259824
t2m_ene,Junin,24.35279279279279,1.1711519227726876
t2m_ene,La Caldera,14.178348387096774,0.6297411315929577
t2m_ene,La Candelaria,22.872346041055717,0.6688966040923128
t2m_ene,La Capital,26.142201138519926,1.1669179420577458
t2m_ene,La Cocha,22.71459203036053,0.8381074181435139
t2m_ene,La Paz,27.10034213098729,1.3207985632029635
t2m_ene,La Plata,24.431677419354838,0.6842943527159067
t2m_ene,La Vina,18.37519713261649,0.7068438940171675
t2m_ene,Laishi,28.276519524617996,1.1595889347599058
t2m_ene,Laprida,22.426744868035193,0.8780818603100419
t2m_ene,Las Colonias,26.693137829912022,1.0673391248543718
t2m_ene,Las Flores,24.033004032258063,1.1378491660284322
t2m_ene,Lavalle,28.160771388499303,1.4065785736608043
t2m_ene,Leales,27.044493087557605,0.8740971168430574
t2m_ene,Leandro N. Alem,24.732896505376342,1.1909504935921644
t2m_ene,Ledesma,23.59971198156682,0.8040269516345097
t2m_ene,Libertad,29.595599078341014,0.9027206866056999
t2m_ene,Libertador General San Martin,28.227517304427323,0.9833843594705355
t2m_ene,Lincoln,23.85808406647116,1.1177804301993028
t2m_ene,Loberia,20.329459203036055,0.7881927801856096
t2m_ene,Lobos,24.196527514231498,1.1912618134648194
t2m_ene,Loreto,28.2725073313783,0.9805666449882666
t2m_ene,Lujan,24.59437927663734,1.1337818416719736
t2m_ene,Magdalena,24.05115207373272,0.5429019279250448
t2m_ene,Maipu,28.461834235931246,1.1122734115299289
t2m_ene,Mar Chiquita,21.858211981566818,0.8960641338040071
t2m_ene,Maraco,24.28481182795699,0.9975815273308603
t2m_ene,Marcos Juarez,25.143500948766604,1.0797285680543112
t2m_ene,Marcos Paz,24.60590570719603,1.1384250499408504
t2m_ene,Mayor Luis J. Fontana,,
t2m_ene,Mburucuya,28.096661991584853,1.421590366948235
t2m_ene,Mercedes,24.573516419645454,1.0776709778305007
t2m_ene,Metan,23.310778642936597,0.6994022672396475
t2m_ene,Mitre,28.156869070208728,0.9924280626214095
t2m_ene,Monte,24.343778801843317,1.1657611193547885
t2m_ene,Monte Caseros,27.30627565982405,1.4361586247120988
t2m_ene,Montecarlo,26.06706221198157,0.8817209954508443
t2m_ene,Moreno,28.37035190615836,1.1289045617983133
t2m_ene,Navarro,24.15868035190616,1.210100889221394
t2m_ene,Necochea,20.927298387096773,0.8968337958094011
t2m_ene,Nogoya,26.177144212523718,1.338553122156653
t2m_ene,O'Higgins,28.244285714285713,1.2109584123733144
t2m_ene,Obera,25.753096774193548,0.867990745494373
t2m_ene,Olavarria,22.889188660801565,1.0121731050807876
t2m_ene,Oran,27.567762096774192,1.0629532718808201
t2m_ene,Palpala,24.34220713073005,0.8674342851993453
t2m_ene,Parana,27.174868035190617,1.2184272168241927
t2m_ene,Paso De Los Libres,27.270299539170505,1.3393468032402247
t2m_ene,Patagones,24.432580645161288,0.8420635794286607
t2m_ene,Patino,29.51958064516129,1.394393565229834
t2m_ene,Pehuajo,24.048645161290324,1.0576404012995921
t2m_ene,Pellegrini,27.941335272342677,0.9965394119429061
t2m_ene,Pergamino,24.741915933528837,1.1251148656222323
t2m_ene,Pila,23.937784946236558,1.0025041083724773
t2m_ene,Pilagas,29.150467741935483,1.2858789549292076
t2m_ene,Pilar,24.775182101977105,1.081493471997006
t2m_ene,Pilcomayo,29.341198156682026,1.368174483272895
t2m_ene,Pirane,28.778463901689708,1.2114477149784697
t2m_ene,Pocho,24.664443288241415,0.911417201975813
t2m_ene,Presidencia De La Plaza,28.036078629032257,0.9466880840156069
t2m_ene,Presidente Roque Saenz Pena,24.310685483870966,0.9105966888606744
t2m_ene,Puan,24.789810246679316,1.0574787977713436
t2m_ene,Quemu Quemu,24.593521505376344,1.2134056670254336
t2m_ene,Quitilipi,28.036078629032257,0.9466880840156069
t2m_ene,Ramallo,25.451944971537003,1.1614061023127475
t2m_ene,Rancul,24.42850358422939,1.3727050919725776
t2m_ene,Rauch,22.44416589861751,0.898972774767447
t2m_ene,Realico,24.44723626852659,1.3582933650917717
t2m_ene,Rio Cuarto,23.077693059628544,1.067132318301412
t2m_ene,Rio Hondo,27.88458064516129,0.908632450026068
t2m_ene,Rio Primero,24.637603686635945,0.8954169191928437
t2m_ene,Rio Seco,21.175562072336266,0.8489675588088638
t2m_ene,Rio Segundo,26.246823069403714,0.9552351036711954
t2m_ene,Rivadavia,24.76510312004231,1.035695462299461
t2m_ene,Robles,28.31246451612903,1.051301919351915
t2m_ene,Rojas,24.743196480938416,1.1907569918347132
t2m_ene,Roque Perez,24.251069124423964,1.1673709396603436
t2m_ene,Rosario,25.966514047866806,1.1276107715712038
t2m_ene,Rosario De La Frontera,22.904897360703814,0.7138215579091216
t2m_ene,Rosario De Lerma,14.209483870967743,0.7550376015506008
t2m_ene,Saavedra,23.092105734767028,0.9533133490756626
t2m_ene,Saladas,27.768824884792625,1.4392594038560156
t2m_ene,Saladillo,23.942096774193548,1.2400194313061033
t2m_ene,Salliquelo,24.164976958525344,1.0625820170000515
t2m_ene,Salto,24.353626588465296,1.0571686621925336
t2m_ene,San Alberto,23.11007786429366,0.9154543243672892
t2m_ene,San Andres De Giles,24.542711693548387,1.1065862399154496
t2m_ene,San Antonio,14.132602150537634,0.6423540925733042
t2m_ene,San Antonio De Areco,24.94210685483871,1.0377650321018779
t2m_ene,San Cayetano,21.368913978494625,1.059000584612548
t2m_ene,San Cosme,28.443481182795697,1.2844327848794412
t2m_ene,San Cristobal,26.894415322580645,1.134187808113088
t2m_ene,San Fernando,28.31986314760508,1.2034072985101882
t2m_ene,San Ignacio,26.741477627471383,1.1540315277657303
t2m_ene,San Javier,26.125323766603415,0.8192191321511793
t2m_ene,San Jeronimo,27.841717267552184,1.2225681404111592
t2m_ene,San Justo,22.944203708407414,0.8713791521713122
t2m_ene,San Lorenzo,26.65232112539413,1.213946588828717
t2m_ene,San Luis Del Palmar,28.373043478260872,1.2863124592955832
t2m_ene,San Martin,27.286560117302056,1.1047235577952574
t2m_ene,San Miguel,27.991370967741933,1.3960496235515267
t2m_ene,San Nicolas,25.454764976958526,1.1443207570500915
t2m_ene,San Pedro,25.579774193548385,1.1460825271113388
t2m_ene,San Roque,28.154608294930874,1.3465521282745962
t2m_ene,San Salvador,26.686589861751152,1.2754168309852723
t2m_ene,San Vicente,24.90325652841782,1.0204364560929988
t2m_ene,Santa Barbara,16.13518026565465,0.6007214203242248
t2m_ene,Santa Maria,22.884231499051236,0.8403479591753535
t2m_ene,Santa Rosa,24.642247983870966,0.8895318786147579
t2m_ene,Santo Tome,27.42215053763441,0.9143113284470327
t2m_ene,Sargento Cabral,28.209818548387098,1.040379717352631
t2m_ene,Sarmiento,27.932112903225807,1.080663165220117
t2m_ene,Sauce,26.992170087976543,1.2761876953499542
t2m_ene,Silipica,28.03252688172043,1.096685046326771
t2m_ene,Simoca,23.79574193548387,0.8572730073132682
t2m_ene,Sobremonte,22.984690860215053,0.9698256854674641
t2m_ene,Suipacha,23.91904301075269,1.1007572068938327
t2m_ene,Tafi Del Valle,20.405273492286113,0.7486675554521243
t2m_ene,Tala,26.61048387096774,1.350582235808652
t2m_ene,Tandil,21.598534562211984,0.9950134173451775
t2m_ene,Tapalque,23.365040322580644,0.9989867067519943
t2m_ene,Tercero Arriba,23.067798861480075,0.9323738219763795
t2m_ene,Toay,24.346270161290324,1.1561796316271278
t2m_ene,Tordillo,24.35891612903226,1.018534087879263
t2m_ene,Tornquist,23.03871916508539,0.9538030084947391
t2m_ene,Totoral,22.966129032258063,0.9310059854271301
t2m_ene,Trancas,22.8959510567297,0.6914544350949301
t2m_ene,Trenel,24.264166666666668,1.2505123608782849
t2m_ene,Trenque Lauquen,24.362847926267282,1.0812427034279546
t2m_ene,Tres Arroyos,21.79502601456816,1.0913334048695051
t2m_ene,Tres Lomas,24.82997194950912,1.1324236868826263
t2m_ene,Tulumba,23.004433179723502,0.919870215219117
t2m_ene,Union,24.188778103616812,0.9899620868431979
t2m_ene,Uruguay,27.200578747628086,1.2091540236992846
t2m_ene,Utracan,24.470996204933584,1.4339320032435956
t2m_ene,Vera,27.62759530791789,1.3418809651100365
t2m_ene,Victoria,26.01941348973607,1.1840589127824475
t2m_ene,Villa Constitucion,25.23975332068311,1.0804521677618706
t2m_ene,Villaguay,26.252172675521823,1.4024888443727472
t2m_ene,Villarino,24.300977229601518,0.9120455317059882
t2m_ene,Zarate,24.954596774193547,1.0330082666741602
t2m_feb,12 De Octubre,27.134952498240676,1.1814277153449801
t2m_feb,1° De Mayo,26.814854340071342,1.5810298270482837
t2m_feb,2 De Abril,27.28400480882008,1.1681940066367638
t2m_feb,25 De Mayo,22.57159141109169,1.0667056379163533
t2m_feb,9 De Julio,22.219863172809198,0.9735412365177553
t2m_feb,Adolfo Alsina,23.17116326530612,0.9370483010217635
t2m_feb,Adolfo Gonzales Chaves,20.51371160533179,1.1004780140575503
t2m_feb,Aguirre,27.26354756773399,1.569229030107663
t2m_feb,Alberdi,26.73993754398311,1.4337365413866352
t2m_feb,Alberti,23.554802582475,0.9141671791042557
t2m_feb,Almirante Brown,27.96116396903589,1.4090241379673538
t2m_feb,Anta,26.595746380056724,1.1755759002159354
t2m_feb,Apostoles,26.000652709359606,1.2265257753904009
t2m_feb,Arrecifes,23.308329469718924,0.8345284654913095
t2m_feb,Atreuco,22.721311762949696,1.3403967885346693
t2m_feb,Avellaneda,26.90732512315271,1.5623925967267296
t2m_feb,Ayacucho,21.49220831052728,1.0569128990245762
t2m_feb,Azul,20.969666038829327,0.9767058200095884
t2m_feb,Balcarce,20.32148451794511,0.997166584933702
t2m_feb,Banda,26.324279556650247,1.2597011652569974
t2m_feb,Baradero,23.48824563367667,0.885816694165225
t2m_feb,Belgrano,24.055393420399437,1.217683087924019
t2m_feb,Bella Vista,26.300336617405584,1.2091696251469477
t2m_feb,Benito Juarez,20.5539763397522,1.0356905843571134
t2m_feb,Bermejo,27.10416091954023,1.1752986237089151
t2m_feb,Beron De Astrada,27.02394523326572,0.9760862566188885
t2m_feb,Bolivar,23.625310417270356,0.9352240772503145
t2m_feb,Bragado,22.31421544479861,0.8706026162117283
t2m_feb,Brandsen,23.32851395730706,0.8873002808712284
t2m_feb,Burruyacu,22.568805418719215,1.056166699601426
t2m_feb,Cachi,10.813903216458996,0.8882228052434796
t2m_feb,Cainguas,25.29451453996504,1.093544270211611
t2m_feb,Calamuchita,21.588233354520895,1.028065242304638
t2m_feb,Campana,23.676666183714865,0.9700668834048704
t2m_feb,Candelaria,26.052312658605764,1.2922967554594473
t2m_feb,Canuelas,22.91060383312808,0.9400195040398931
t2m_feb,Capayan,27.901809785042545,1.1466767865971588
t2m_feb,Capital,22.86233322421068,1.3482416146665432
t2m_feb,Capitan Sarmiento,23.308329469718924,0.8345284654913095
t2m_feb,Carlos Casares,22.35552005629838,0.9659303551087982
t2m_feb,Carlos Tejedor,23.058742031295278,1.1718928883480675
t2m_feb,Carmen De Areco,22.71557650862069,0.8577178703882868
t2m_feb,Caseros,23.679204125615765,0.8755169727986447
t2m_feb,Castellanos,24.882738095238096,0.9641069758684983
t2m_feb,Castelli,22.430138282899367,0.9837692137395359
t2m_feb,Catrilo,23.078897255453906,1.1259940728279434
t2m_feb,Cerrillos,16.70077474249888,0.7841599131810999
t2m_feb,Chacabuco,22.707719707854405,0.9516166546699165
t2m_feb,Chapaleufu,23.144757115489874,1.3911662736820434
t2m_feb,Chascomus,22.79809294407418,1.0122294257495428
t2m_feb,Chicoana,16.765065398335317,0.7975366158586132
t2m_feb,Chivilcoy,22.402266383042242,0.9009872052317642
t2m_feb,Choya,25.54854239971851,1.190126831003275
t2m_feb,Colon,23.027226746880416,0.9573053810381313
t2m_feb,Comandante Fernandez,27.198348385331144,1.4840135358760922
t2m_feb,Concepcion,26.264996547120298,1.104300900319462
t2m_feb,Concordia,25.156957041437266,1.2023855831342065
t2m_feb,Conhelo,23.147128831417625,1.3473470074584586
t2m_feb,Copo,26.71903575989783,1.4566944660372054
t2m_feb,Coronel Dorrego,21.40021334395827,1.1012196172037247
t2m_feb,Coronel Pringles,20.737359286626525,1.0271105167073138
t2m_feb,Coronel Suarez,20.9633725731672,0.972815636264537
t2m_feb,Cruz Alta,25.61086250879662,1.210778818151555
t2m_feb,Curuzu Cuatia,25.16459303627407,1.3640398877278093
t2m_feb,Daireaux,22.143097114707952,0.9373844066647603
t2m_feb,Diamante,25.21954143726456,0.9680020585491093
t2m_feb,Dolores,22.093300865800867,1.0839911307627217
t2m_feb,Dr. Manuel Belgrano,11.222320548909218,0.7931670768884952
t2m_feb,El Alto,23.268309344211822,1.0974654973892923
t2m_feb,El Carmen,23.028434250136836,1.0904965891833018
t2m_feb,Eldorado,24.709065270935962,1.3029907945391426
t2m_feb,Empedrado,26.372369351038767,1.062276621688051
t2m_feb,Esquina,25.772071018062395,1.2221056444196976
t2m_feb,Exaltacion De La Cruz,22.67677070504926,0.9938736284589648
t2m_feb,Federacion,25.293819182845553,1.247013950025777
t2m_feb,Federal,25.15538430889597,1.2431277188919383
t2m_feb,Feliciano,25.464631288251976,0.787552064742043
t2m_feb,Figueroa,26.853949961109674,1.584451904420031
t2m_feb,Florentino Ameghino,23.044375439831104,1.3918269973582282
t2m_feb,Formosa,27.693833967756383,1.15718259234792
t2m_feb,Fray Justo Santa Maria De Oro,26.76939691393799,1.3801896077080622
t2m_feb,Garay,24.31774205877357,0.9995625682248854
t2m_feb,General Alvarado,23.133307529908517,0.9393513027517114
t2m_feb,General Alvear,22.407697790715034,1.121304124253723
t2m_feb,General Arenales,22.741180400059708,0.9772101942845977
t2m_feb,General Belgrano,22.491005958417848,1.0933964598770443
t2m_feb,General Donovan,26.78932793807178,1.355456482418478
t2m_feb,General Guemes,22.190624343858516,1.094091819549778
t2m_feb,General Guido,22.196470188551043,1.1671134540334924
t2m_feb,General Jose De San Martin,16.658515130190008,0.8116873183167655
t2m_feb,General Juan Madariaga,21.15792089249493,0.9021283664259598
t2m_feb,General La Madrid,21.011209711470794,1.0055920555647246
t2m_feb,General Las Heras,23.113723948465328,1.0277223090447145
t2m_feb,General Lavalle,21.772175241744208,0.9905082590854877
t2m_feb,General Lopez,23.080777310924372,1.1127551911770661
t2m_feb,General Manuel Belgrano,24.81638963928174,1.07500634636011
t2m_feb,General Obligado,26.605633874239352,1.242765080856731
t2m_feb,General Paz,21.241337526389866,1.0343872217680328
t2m_feb,General Pedernera,23.1023788998358,1.0851860884714915
t2m_feb,General Pinto,22.66799708911778,1.0247205536436104
t2m_feb,General Pueyrredon,20.01687860661506,0.8361802642146831
t2m_feb,General Roca,23.995269487105187,1.0484674743689884
t2m_feb,General Rodriguez,23.4374819669247,0.9624914572223283
t2m_feb,General San Martin,22.87327548887894,0.9360169070131701
t2m_feb,General Taboada,27.183939244663385,1.3742937547376055
t2m_feb,General Viamonte,23.616508444757212,0.9228384821556954
t2m_feb,General Villegas,23.127977117432064,1.3864334032824954
t2m_feb,Gobernador Dupuy,23.31966551724138,1.2211574158937752
t2m_feb,Goya,26.236171630094045,1.0413710227293802
t2m_feb,Graneros,22.588909658691062,1.036432402743087
t2m_feb,Gualeguay,24.313441185251527,0.984746568994859
t2m_feb,Gualeguaychu,24.245534781310642,1.1099589305190527
t2m_feb,Guamini,22.407048319327732,1.0538112533935418
t2m_feb,Guarani,25.143839379011794,1.1138768798763306
t2m_feb,Guasayan,25.49311488388459,1.2147772069827505
t2m_feb,Guatrache,22.72974561268473,1.3132031388600027
t2m_feb,Hipolito Yrigoyen,21.008542927515833,0.9893413047211873
t2m_feb,Hucal,22.847854943701616,1.2184279404567362
t2m_feb,Iguazu,26.595881932305737,1.251994477920808
t2m_feb,Independencia,27.145678024083196,1.1662047808865565
t2m_feb,Iriondo,23.75378767024051,0.9855342191138028
t2m_feb,Ischilin,21.644046872667563,1.1274377236987676
t2m_feb,Itati,26.88038965517241,1.0527257470505111
t2m_feb,Ituzaingo,26.962444849004072,1.1173191647372516
t2m_feb,Jimenez,26.433798576902024,1.2034222984040415
t2m_feb,Juan F. Ibarra,26.731557881773398,1.430999021991364
t2m_feb,Juan Martin De Pueyrredon,22.98241225369458,1.1309461510982428
t2m_feb,Juarez Celman,22.840597886540603,1.1318481983142359
t2m_feb,Junin,22.739527803665734,1.0229416596675538
t2m_feb,La Caldera,13.52250591133005,0.7573543131735752
t2m_feb,La Candelaria,21.629368189281983,1.0171682351883131
t2m_feb,La Capital,24.35577441321356,0.9445223848545538
t2m_feb,La Cocha,21.697217473196172,1.1188404643260434
t2m_feb,La Paz,25.57217793700552,1.141348196334498
t2m_feb,La Plata,23.421725369458127,0.7979223507763556
t2m_feb,La Vina,17.543278142674694,0.8394683424085368
t2m_feb,Laishi,27.01841262639357,1.1302469987093395
t2m_feb,Laprida,20.852038737124943,1.087834344383556
t2m_feb,Las Colonias,24.95050903119869,0.8588016128303948
t2m_feb,Las Flores,22.34057612376847,1.0506164329755374
t2m_feb,Lavalle,26.414008352966373,1.3241364351178067
t2m_feb,Leales,25.61086250879662,1.210778818151555
t2m_feb,Leandro N. Alem,23.06695530582923,0.9666194970618989
t2m_feb,Ledesma,22.447881773399015,1.0657432123976394
t2m_feb,Libertad,28.259653413089374,1.4417379837982032
t2m_feb,Libertador General San Martin,27.174238696874813,1.2525042561732584
t2m_feb,Lincoln,22.370849007314526,0.9135746581811691
t2m_feb,Loberia,20.02592545638945,0.847014661795975
t2m_feb,Lobos,22.65060344827586,0.9643002039541136
t2m_feb,Loreto,26.843923533363185,1.3483618192036722
t2m_feb,Lujan,22.99555082848186,0.9185683386771739
t2m_feb,Magdalena,23.278029556650246,0.8726963760605665
t2m_feb,Maipu,27.315488385890475,1.5452040295134435
t2m_feb,Mar Chiquita,20.98602533427164,0.960207921784355
t2m_feb,Maraco,22.727716885604817,1.3178681063612763
t2m_feb,Marcos Juarez,23.44166763257027,0.9489118915025729
t2m_feb,Marcos Paz,23.15206091322471,1.0458554887927238
t2m_feb,Mayor Luis J. Fontana,,
t2m_feb,Mburucuya,26.54398854144356,1.1505304708959718
t2m_feb,Mercedes,22.913566324945634,0.9093663090888207
t2m_feb,Metan,22.034478087311026,1.0373964819799684
t2m_feb,Mitre,26.897778904665316,1.4714540449843492
t2m_feb,Monte,22.729771287825475,1.0318955565121852
t2m_feb,Monte Caseros,25.32091636811464,1.4148872653612625
t2m_feb,Montecarlo,25.424046006333565,1.1579220200128901
t2m_feb,Moreno,27.312392148081802,1.6186244699471894
t2m_feb,Navarro,22.606940961337514,0.9498306467612959
t2m_feb,Necochea,20.28153440578818,0.8625254571990284
t2m_feb,Nogoya,24.612731454650824,0.9917134010722445
t2m_feb,O'Higgins,27.13831984517945,1.182382387631389
t2m_feb,Obera,25.100002052545157,1.1448574120048847
t2m_feb,Olavarria,21.199384236453202,0.9962815354605616
t2m_feb,Oran,26.206512084359606,1.2655220241082208
t2m_feb,Palpala,23.211869976665803,1.0528196728556631
t2m_feb,Parana,25.515150768771456,0.9762653965113555
t2m_feb,Paso De Los Libres,25.64782547501759,1.2317164410872659
t2m_feb,Patagones,23.570095329319468,0.8965585064484031
t2m_feb,Patino,28.41555972906404,1.3460770075215138
t2m_feb,Pehuajo,22.562871217452496,1.0016654416661754
t2m_feb,Pellegrini,26.478712751352663,1.331034739764206
t2m_feb,Pergamino,23.02164352888491,0.8471000360768491
t2m_feb,Pila,22.614695402298853,1.1448513082797815
t2m_feb,Pilagas,28.051224753694584,1.2872017301116807
t2m_feb,Pilar,23.39644287303353,0.9394798119499818
t2m_feb,Pilcomayo,28.17548557353976,1.2805970373110696
t2m_feb,Pirane,27.63415259207131,1.2720585852260489
t2m_feb,Pocho,23.19083584935643,0.9272795719572421
t2m_feb,Presidencia De La Plaza,26.84950046182266,1.3029011137807125
t2m_feb,Presidente Roque Saenz Pena,22.835942887931033,0.9720322773922256
t2m_feb,Puan,23.370811359026366,0.9781370399456913
t2m_feb,Quemu Quemu,23.19323823207444,1.2439582130049784
t2m_feb,Quitilipi,26.84950046182266,1.3029011137807125
t2m_feb,Ramallo,23.864955447696317,0.896178068127676
t2m_feb,Rancul,23.04505781335523,1.4048706978705434
t2m_feb,Rauch,21.12280190007037,1.0238107164980688
t2m_feb,Realico,23.060307881773397,1.3883236769401794
t2m_feb,Rio Cuarto,21.792635467980297,1.1723600970580705
t2m_feb,Rio Hondo,26.546387684729066,1.2401144589314403
t2m_feb,Rio Primero,23.223902533427164,0.8975925119357994
t2m_feb,Rio Seco,19.812369756680102,0.9421771017577159
t2m_feb,Rio Segundo,24.71424354381251,1.0056724819936833
t2m_feb,Rivadavia,23.32359424210611,0.9489562799529203
t2m_feb,Robles,26.940830049261084,1.362173452839275
t2m_feb,Rojas,23.01561539035677,0.8710813968429153
t2m_feb,Roque Perez,22.653258620689655,1.0179660853622186
t2m_feb,Rosario,24.278199586842526,0.8374345455419439
t2m_feb,Rosario De La Frontera,21.590182116733843,1.0025734846479777
t2m_feb,Rosario De Lerma,13.589983990147783,0.7205904798967777
t2m_feb,Saavedra,21.57439552545156,1.13468825215487
t2m_feb,Saladas,26.263433321604506,0.966276265762403
t2m_feb,Saladillo,22.44133801796581,1.0107972048684168
t2m_feb,Salliquelo,22.716841660802253,1.1214547175832885
t2m_feb,Salto,22.724502910882222,0.836395019889364
t2m_feb,San Alberto,21.808938763376933,1.0478217267313181
t2m_feb,San Andres De Giles,22.955036176108372,0.8866395389465499
t2m_feb,San Antonio,13.551329228243022,0.7097741625449597
t2m_feb,San Antonio De Areco,23.45406365455665,0.8776001068458099
t2m_feb,San Cayetano,20.264305418719214,0.8306640848250875
t2m_feb,San Cosme,26.886033456486043,1.1743062593909295
t2m_feb,San Cristobal,25.277814424261084,0.9929736529801348
t2m_feb,San Fernando,27.16257053291536,1.195515934041343
t2m_feb,San Ignacio,25.986724535197837,1.3314401108260254
t2m_feb,San Javier,25.53228190198493,1.055416864479403
t2m_feb,San Jeronimo,26.642585120255,1.1474508644152002
t2m_feb,San Justo,21.53129833986269,0.989291188227462
t2m_feb,San Lorenzo,24.885833179006628,0.9955741654031248
t2m_feb,San Luis Del Palmar,26.887597986720923,1.1278122467500902
t2m_feb,San Martin,25.511617163009404,0.9514953763130022
t2m_feb,San Miguel,26.636479885057472,1.2397297994054481
t2m_feb,San Nicolas,23.864685784658693,0.882902063347876
t2m_feb,San Pedro,24.104174154917615,0.9269863887784433
t2m_feb,San Roque,26.47311986863711,1.053882663794123
t2m_feb,San Salvador,25.130643912737508,0.7319853178700411
t2m_feb,San Vicente,23.183202556884822,0.9311744708537096
t2m_feb,Santa Barbara,15.40819146624167,0.779580772258277
t2m_feb,Santa Maria,21.61109569689945,0.9851759773161061
t2m_feb,Santa Rosa,23.190173183497535,1.0610428306587203
t2m_feb,Santo Tome,26.132876128899838,1.130861426786202
t2m_feb,Sargento Cabral,27.10289639778325,1.1636406802556372
t2m_feb,Sarmiento,26.55823768472906,1.5080098548442593
t2m_feb,Sauce,25.019351768920732,1.0155988726257426
t2m_feb,Silipica,26.510625342090858,1.5622098883259612
t2m_feb,Simoca,22.869288998357963,1.1750182423567885
t2m_feb,Sobremonte,21.556442426108376,1.0314535765752741
t2m_feb,Suipacha,22.31068842364532,0.8879223266402858
t2m_feb,Tafi Del Valle,19.27475155279503,0.9374752008942432
t2m_feb,Tala,25.229600840336133,1.2124360176575095
t2m_feb,Tandil,20.32651900070373,1.0492401658594985
t2m_feb,Tapalque,21.746214208743844,0.9924203620333513
t2m_feb,Tercero Arriba,21.710870399884094,1.0126369571344065
t2m_feb,Toay,22.788441733374384,1.316456790080491
t2m_feb,Tordillo,22.64285418719212,1.2880129135611391
t2m_feb,Tornquist,21.61215408577224,1.1298789952255606
t2m_feb,Totoral,21.654414838035528,1.1165713941480913
t2m_feb,Trancas,21.657551384406318,1.0383901666597257
t2m_feb,Trenel,22.839185139573072,1.2933413318153417
t2m_feb,Trenque Lauquen,22.90848522167488,1.0818310470295154
t2m_feb,Tres Arroyos,20.555688066105194,0.8628930813983131
t2m_feb,Tres Lomas,23.163246412508034,1.2660788318028826
t2m_feb,Tulumba,21.66356052076003,1.0850227582336212
t2m_feb,Union,22.720258620689656,1.0034192176300276
t2m_feb,Uruguay,25.509289336424224,0.9619670480441885
t2m_feb,Utracan,23.13620544769632,1.4079020573347443
t2m_feb,Vera,26.094138677414538,1.2766191951802226
t2m_feb,Victoria,24.34106657710106,0.9552097621515266
t2m_feb,Villa Constitucion,23.546285859171256,0.8211311348438601
t2m_feb,Villaguay,24.719312155896844,1.1454211850653793
t2m_feb,Villarino,23.547139597218198,0.8747217181647383
t2m_feb,Zarate,23.570643088054187,0.894072397134556
t2m_mar,12 De Octubre,25.199327188940092,1.5051312092231648
t2m_mar,1° De Mayo,24.958754171301443,1.3348045388226093
t2m_mar,2 De Abril,25.068525345622117,1.4765427938164064
t2m_mar,25 De Mayo,19.98625182101977,1.183620956360011
t2m_mar,9 De Julio,19.80593483655195,1.2528781608405524
t2m_mar,Adolfo Alsina,20.972884792626726,0.9689515619876052
t2m_mar,Adolfo Gonzales Chaves,17.8723055028463,0.9780675632319468
t2m_mar,Aguirre,25.565584677419356,1.076272422358298
t2m_mar,Alberdi,24.625345622119816,1.2435607495385865
t2m_mar,Alberti,22.027067448680352,0.8097796706561857
t2m_mar,Almirante Brown,26.287188940092165,1.3798271610078319
t2m_mar,Anta,25.274525904203323,1.0393933975098142
t2m_mar,Apostoles,24.23513007284079,1.430807369439183
t2m_mar,Arrecifes,20.987884250474384,1.2828572388886228
t2m_mar,Atreuco,19.418426197458455,1.2298648457232775
t2m_mar,Avellaneda,24.405182795698924,1.4741078914433905
t2m_mar,Ayacucho,18.769877538829153,1.1318425257613933
t2m_mar,Azul,18.24917457305503,1.118060018275476
t2m_mar,Balcarce,17.988635944700462,1.0237120955551886
t2m_mar,Banda,24.534466501240694,1.2710448370012335
t2m_mar,Baradero,21.139423264907137,1.229512896444463
t2m_mar,Belgrano,21.70050512628157,1.3851278269684735
t2m_mar,Bella Vista,24.593930704898444,1.578779090503037
t2m_mar,Benito Juarez,17.803391984359727,1.0249028884773093
t2m_mar,Bermejo,25.217397849462365,1.5345177154374043
t2m_mar,Beron De Astrada,25.256888045540798,1.569880746600862
t2m_mar,Bolivar,21.967400379506643,0.7723087922361335
t2m_mar,Bragado,20.015009487666035,1.2209220463144153
t2m_mar,Brandsen,20.69821812596006,1.0150674107039046
t2m_mar,Burruyacu,21.264004449388207,1.0490709804796077
t2m_mar,Cachi,9.988500948766603,0.744166377263608
t2m_mar,Cainguas,23.938158168574404,1.4098362652404057
t2m_mar,Calamuchita,19.712882414151927,1.169565053216094
t2m_mar,Campana,21.4415559772296,1.1161349806049812
t2m_mar,Candelaria,24.635913978494624,1.5129637636339386
t2m_mar,Canuelas,20.597157258064517,1.1437140697310064
t2m_mar,Capayan,26.224266862170087,1.056056090554515
t2m_mar,Capital,19.746011297128078,1.366061231758518
t2m_mar,Capitan Sarmiento,20.987884250474384,1.2828572388886228
t2m_mar,Carlos Casares,19.72323502304147,1.1704111109389637
t2m_mar,Carlos Tejedor,20.105853889943074,1.281554377899389
t2m_mar,Carmen De Areco,20.550524193548387,1.2547991475162739
t2m_mar,Caseros,21.359314516129032,1.350901232327968
t2m_mar,Castellanos,22.65279569892473,1.3561814694623564
t2m_mar,Castelli,20.359299539170507,0.9753136130123525
t2m_mar,Catrilo,19.97596313364055,1.1772636958046765
t2m_mar,Cerrillos,15.817947214076247,0.7689714665729589
t2m_mar,Chacabuco,20.37338373655914,1.2922598368884932
t2m_mar,Chapaleufu,20.31204301075269,1.254349447935185
t2m_mar,Chascomus,20.412827324478176,1.1064476003986174
t2m_mar,Chicoana,15.86774193548387,0.7940958126417236
t2m_mar,Chivilcoy,20.144516129032258,1.213579370885186
t2m_mar,Choya,23.767776497695852,1.2266459281655087
t2m_mar,Colon,20.708227492413172,1.3401561743919883
t2m_mar,Comandante Fernandez,25.32155017921147,1.3165105298255817
t2m_mar,Concepcion,24.400922520349713,1.529031011533269
t2m_mar,Concordia,22.866043643263758,1.4061288075767244
t2m_mar,Conhelo,19.971693548387098,1.4386499427061066
t2m_mar,Copo,24.58620071684588,1.2495465865676985
t2m_mar,Coronel Dorrego,18.56595825426945,1.0352186747900292
t2m_mar,Coronel Pringles,17.983476702508963,0.9641399182739329
t2m_mar,Coronel Suarez,18.086764705882356,1.0368290671367426
t2m_mar,Cruz Alta,24.17516129032258,1.2263079304977145
t2m_mar,Curuzu Cuatia,23.341876832844573,1.539326960900771
t2m_mar,Daireaux,19.361124423963133,1.1508148159445952
t2m_mar,Diamante,22.860796963946868,1.393212755632463
t2m_mar,Dolores,19.73069403714565,1.0455864985348622
t2m_mar,Dr. Manuel Belgrano,10.458556067588326,0.8481649569292675
t2m_mar,El Alto,21.63514112903226,1.0747319288977681
t2m_mar,El Carmen,21.90782258064516,0.9394125779053013
t2m_mar,Eldorado,23.70964516129032,1.316517493082148
t2m_mar,Empedrado,24.636535764375875,1.4334147802512875
t2m_mar,Esquina,23.79041666666667,1.5206352908628824
t2m_mar,Exaltacion De La Cruz,20.303679435483872,1.1307990660914746
t2m_mar,Federacion,23.06148007590133,1.4325346820090423
t2m_mar,Federal,22.845559772296014,1.4593794558979292
t2m_mar,Feliciano,23.27720430107527,1.4575946994709374
t2m_mar,Figueroa,25.18499151103565,1.569034510617035
t2m_mar,Florentino Ameghino,20.109969278033795,1.1896034277632674
t2m_mar,Formosa,26.63715542521994,1.5149801334933333
t2m_mar,Fray Justo Santa Maria De Oro,24.644962049335863,1.2838300759652694
t2m_mar,Garay,21.7127808676307,1.1770250220726204
t2m_mar,General Alvarado,20.901907834101383,1.0008437169466253
t2m_mar,General Alvear,19.597605083088954,1.0459026922540657
t2m_mar,General Arenales,20.57199413489736,1.3919875131721442
t2m_mar,General Belgrano,19.923920777988616,1.1402967971403526
t2m_mar,General Donovan,25.053052995391706,1.2382710745367198
t2m_mar,General Guemes,20.98185880486515,1.0056558617668436
t2m_mar,General Guido,19.525517241379312,0.9832217255954913
t2m_mar,General Jose De San Martin,15.849271889400923,0.7571631054867376
t2m_mar,General Juan Madariaga,19.46438330170778,0.8318079974488425
t2m_mar,General La Madrid,18.175087557603685,1.0354681706403832
t2m_mar,General Las Heras,20.514528535980148,1.1297991146137683
t2m_mar,General Lavalle,19.833309438470728,0.8606834722026205
t2m_mar,General Lopez,20.67454459203036,1.3857823487977852
t2m_mar,General Manuel Belgrano,23.991248699271594,1.1108052119130913
t2m_mar,General Obligado,24.54084440227704,1.7428949079622045
t2m_mar,General Paz,18.51849846390169,1.1665234225198429
t2m_mar,General Pedernera,20.91540322580645,1.1803052348653595
t2m_mar,General Pinto,20.14895405669599,1.3161593603951096
t2m_mar,General Pueyrredon,18.541548387096775,0.8019681015439344
t2m_mar,General Roca,21.805246679316888,1.4114110621360294
t2m_mar,General Rodriguez,21.00589861751152,1.0973750510188856
t2m_mar,General San Martin,20.83980449657869,1.209480021365557
t2m_mar,General Taboada,25.393075268817203,1.3093378813591419
t2m_mar,General Viamonte,22.004138248847926,0.7913004425088556
t2m_mar,General Villegas,20.38106139438085,1.2853083815766901
t2m_mar,Gobernador Dupuy,20.50574193548387,1.1325678511970203
t2m_mar,Goya,24.233973607038124,1.4340255641134614
t2m_mar,Graneros,21.139677419354836,1.1360903907179238
t2m_mar,Gualeguay,21.86937438905181,1.3353515813671475
t2m_mar,Gualeguaychu,21.924995112414468,1.3008702540229926
t2m_mar,Guamini,19.423823529411763,1.1120424856013564
t2m_mar,Guarani,23.739208211143694,1.448424657558873
t2m_mar,Guasayan,23.719458525345622,1.1644015606147795
t2m_mar,Guatrache,19.45216733870968,1.2387454584083175
t2m_mar,Hipolito Yrigoyen,18.242119815668204,1.1022856810964599
t2m_mar,Hucal,19.62585253456221,1.1939452622936997
t2m_mar,Iguazu,25.998293444328826,1.3199188772346542
t2m_mar,Independencia,25.242293906810037,1.505707365624233
t2m_mar,Iriondo,21.459250474383303,1.3478669099089169
t2m_mar,Ischilin,19.832609970674486,1.086180887402704
t2m_mar,Itati,25.096412903225804,1.439260530664992
t2m_mar,Ituzaingo,25.6570126227209,1.4276628492135028
t2m_mar,Jimenez,24.674707287933096,1.1662072543573612
t2m_mar,Juan F. Ibarra,24.59384792626728,1.2268560272003357
t2m_mar,Juan Martin De Pueyrredon,20.72965053763441,1.148886593848865
t2m_mar,Juarez Celman,20.668824141519252,1.2754363275043465
t2m_mar,Junin,20.473981400755594,1.367398093154376
t2m_mar,La Caldera,12.9536,0.7510288738835992
t2m_mar,La Candelaria,20.393988269794722,0.9349196150700345
t2m_mar,La Capital,21.918045540796964,1.3013639903456338
t2m_mar,La Cocha,19.602277039848197,1.1475051517264148
t2m_mar,La Paz,23.312629521016618,1.5256419324137633
t2m_mar,La Plata,20.78816129032258,0.9517167972982864
t2m_mar,La Vina,16.489534050179213,0.80537031396652
t2m_mar,Laishi,25.783921901528014,1.264916513048489
t2m_mar,Laprida,18.013880742913003,1.0685059318554604
t2m_mar,Las Colonias,22.6091788856305,1.4472558874881378
t2m_mar,Las Flores,19.577197580645162,1.1292994642552112
t2m_mar,Lavalle,24.324235624123425,1.4254849271382433
t2m_mar,Leales,24.17516129032258,1.2263079304977145
t2m_mar,Leandro N. Alem,20.66386872759857,1.3113406869110193
t2m_mar,Ledesma,21.30767281105991,0.8991265973420477
t2m_mar,Libertad,26.6922465437788,1.3296690760743324
t2m_mar,Libertador General San Martin,25.3882551913282,1.3241795858388694
t2m_mar,Lincoln,20.002609970674488,1.2803762499104632
t2m_mar,Loberia,18.553728652751424,0.8107357183150149
t2m_mar,Lobos,20.25696394686907,1.1499814246055586
t2m_mar,Loreto,24.960938416422287,1.3604449108195338
t2m_mar,Lujan,20.662160312805476,1.1409804886928792
t2m_mar,Magdalena,21.07615975422427,0.8499534534893423
t2m_mar,Maipu,25.48021897810219,1.378582443220192
t2m_mar,Mar Chiquita,18.888543778801843,0.986284877037626
t2m_mar,Maraco,19.43059139784946,1.1947328722123205
t2m_mar,Marcos Juarez,21.332333965844402,1.350247761054237
t2m_mar,Marcos Paz,20.622568238213397,1.056770949937001
t2m_mar,Mayor Luis J. Fontana,,
t2m_mar,Mburucuya,24.70497896213184,1.4623330740141456
t2m_mar,Mercedes,20.681883173496075,1.1825255041840226
t2m_mar,Metan,20.853837597330365,0.981301162863602
t2m_mar,Mitre,24.496204933586338,1.4273651872782762
t2m_mar,Monte,20.21084792626728,1.1786219978567687
t2m_mar,Monte Caseros,23.745630498533725,1.6881717936949514
t2m_mar,Montecarlo,24.49282258064516,1.5190226806166685
t2m_mar,Moreno,25.468973607038123,1.4130891219735104
t2m_mar,Navarro,20.286226783968722,1.1841412725521387
t2m_mar,Necochea,18.432913306451614,0.8988552593777827
t2m_mar,Nogoya,22.060426944971535,1.3981376469322
t2m_mar,O'Higgins,25.16719815668203,1.45768556638642
t2m_mar,Obera,23.65990322580645,1.4198165295971081
t2m_mar,Olavarria,18.395122189638318,1.1477208610120013
t2m_mar,Oran,24.920483870967743,0.8831524001331621
t2m_mar,Palpala,21.730016977928692,1.0807798529107002
t2m_mar,Parana,23.24030303030303,1.4447646231144833
t2m_mar,Paso De Los Libres,23.881866359447002,1.4832137404086416
t2m_mar,Patagones,21.9378972520908,0.8256400720768035
t2m_mar,Patino,26.835467741935485,1.3548294788067774
t2m_mar,Pehuajo,19.669262672811058,1.2093119361133222
t2m_mar,Pellegrini,24.63643839238498,1.2613429638107838
t2m_mar,Pergamino,20.723040078201368,1.3120744516765592
t2m_mar,Pila,19.869387096774194,1.0369129485198545
t2m_mar,Pilagas,27.07654838709677,1.2037526764463742
t2m_mar,Pilar,21.050145681581686,1.0751916472481742
t2m_mar,Pilcomayo,27.178878648233486,1.3966369545148143
t2m_mar,Pirane,26.26741935483871,1.2783974220806753
t2m_mar,Pocho,21.091103017689907,1.154583574791016
t2m_mar,Presidencia De La Plaza,24.976118951612904,1.2307968860401568
t2m_mar,Presidente Roque Saenz Pena,20.837409274193547,1.1629424150917962
t2m_mar,Puan,21.098187855787476,1.1305307581527708
t2m_mar,Quemu Quemu,20.173763440860213,1.2568290991895614
t2m_mar,Quitilipi,24.976118951612904,1.2307968860401568
t2m_mar,Ramallo,21.46234345351044,1.2673378214896343
t2m_mar,Rancul,20.18768817204301,1.3842804621173816
t2m_mar,Rauch,18.471852534562213,1.0814966379607511
t2m_mar,Realico,20.199171752397557,1.3667051645985477
t2m_mar,Rio Cuarto,19.796676441837732,1.1630818128409535
t2m_mar,Rio Hondo,24.47418064516129,1.2416282418449287
t2m_mar,Rio Primero,21.25126267281106,1.2020561447607918
t2m_mar,Rio Seco,18.083870967741934,1.1156484462029648
t2m_mar,Rio Segundo,22.480351906158358,1.389744009835929
t2m_mar,Rivadavia,21.06007403490217,1.107609617134565
t2m_mar,Robles,25.3502064516129,1.4132039004715526
t2m_mar,Rojas,20.755894428152494,1.288138245046007
t2m_mar,Roque Perez,20.08235944700461,1.16375641266179
t2m_mar,Rosario,21.968928199791883,1.3406734434262522
t2m_mar,Rosario De La Frontera,20.419628543499513,0.9656737144049153
t2m_mar,Rosario De Lerma,12.928236559139785,0.7208703277617241
t2m_mar,Saavedra,18.533055555555553,1.0610434895291914
t2m_mar,Saladas,24.31951612903226,1.5987354311417885
t2m_mar,Saladillo,19.98858633776091,1.1052103534440787
t2m_mar,Salliquelo,19.629778801843315,1.1522631370899348
t2m_mar,Salto,20.48414467253177,1.274532098555081
t2m_mar,San Alberto,19.705839822024473,1.0831190005367954
t2m_mar,San Andres De Giles,20.672096774193548,1.242211248219717
t2m_mar,San Antonio,12.869559139784945,0.7476467968055317
t2m_mar,San Antonio De Areco,21.154868951612904,1.245929290252913
t2m_mar,San Cayetano,18.194075268817205,0.9638888905215668
t2m_mar,San Cosme,25.09659946236559,1.4335223056442774
t2m_mar,San Cristobal,23.022862903225807,1.4259636174390553
t2m_mar,San Fernando,25.16464320625611,1.4800399242200666
t2m_mar,San Ignacio,24.4284703433923,1.4871833482315873
t2m_mar,San Javier,23.975371204933587,1.2882235074616322
t2m_mar,San Jeronimo,24.64813092979127,1.7849850049012899
t2m_mar,San Justo,19.761262382524766,1.1242445867017905
t2m_mar,San Lorenzo,22.40087800145525,1.3364935379810918
t2m_mar,San Luis Del Palmar,24.97162692847125,1.2564362102446627
t2m_mar,San Martin,23.25282991202346,1.4105354406653912
t2m_mar,San Miguel,24.764744623655915,1.2931448744367753
t2m_mar,San Nicolas,21.501069124423964,1.2694070686746943
t2m_mar,San Pedro,21.714358175750835,1.245905895804511
t2m_mar,San Roque,24.83247311827957,1.6048828307546064
t2m_mar,San Salvador,22.07573732718894,1.0795779862932995
t2m_mar,San Vicente,20.44205837173579,1.255060265191743
t2m_mar,Santa Barbara,14.761176470588236,0.7176243926392655
t2m_mar,Santa Maria,19.785977229601517,1.1579573606891218
t2m_mar,Santa Rosa,21.650413306451615,1.0749159362371878
t2m_mar,Santo Tome,24.72620967741935,1.3401168840461222
t2m_mar,Sargento Cabral,25.20502016129032,1.4851413146557233
t2m_mar,Sarmiento,24.46646774193548,1.3270387965402006
t2m_mar,Sauce,23.327478005865103,1.566568981589457
t2m_mar,Silipica,24.445412186379926,1.313410303335303
t2m_mar,Simoca,20.695870967741936,1.1387861242468538
t2m_mar,Sobremonte,19.599462365591396,1.0944755950605756
t2m_mar,Suipacha,20.167623655913978,1.2179282592011982
t2m_mar,Tafi Del Valle,18.064025245441798,0.9235935054404047
t2m_mar,Tala,22.80217267552182,1.400028213266771
t2m_mar,Tandil,17.704341013824884,1.0146165706678627
t2m_mar,Tapalque,18.994778225806453,1.12169137944446
t2m_mar,Tercero Arriba,19.847836812144212,1.16684442842875
t2m_mar,Toay,19.714465725806452,1.3484715259911186
t2m_mar,Tordillo,19.304787096774195,1.0646942653168945
t2m_mar,Tornquist,18.47337760910816,1.0475697490180607
t2m_mar,Totoral,19.79460410557185,1.103493303947499
t2m_mar,Trancas,20.358932146829808,0.9270233099604934
t2m_mar,Trenel,19.975304659498207,1.4217701620179488
t2m_mar,Trenque Lauquen,19.90435944700461,1.2401101531580383
t2m_mar,Tres Arroyos,18.34079084287201,0.9989150091730669
t2m_mar,Tres Lomas,20.127447405329594,1.3468909915218445
t2m_mar,Tulumba,19.740875576036863,1.1080639376752146
t2m_mar,Union,20.722737047898338,1.2047846943488827
t2m_mar,Uruguay,23.207703984819734,1.4353479254324386
t2m_mar,Utracan,20.305407969639468,1.2737346812465875
t2m_mar,Vera,23.89341153470186,1.6802361992174382
t2m_mar,Victoria,22.019403714565005,1.3115260523970158
t2m_mar,Villa Constitucion,21.330275142314992,1.3317096027076032
t2m_mar,Villaguay,22.333614800759015,1.4534704608399303
t2m_mar,Villarino,21.999487666034156,0.7878206897947875
t2m_mar,Zarate,21.431239919354837,1.1475542616891947
t2m_max_sep,12 De Octubre,25.721657142857143,2.1492409398561376
t2m_max_sep,1° De Mayo,28.388528735632185,1.7499201195311782
t2m_max_sep,2 De Abril,26.413746031746033,2.071563778364231
t2m_max_sep,25 De Mayo,19.09746559139785,0.9712567847331876
t2m_max_sep,9 De Julio,19.38286845039019,0.9711199196655147
t2m_max_sep,Adolfo Alsina,18.14690476190476,0.7661709163208121
t2m_max_sep,Adolfo Gonzales Chaves,16.890529411764707,0.9945728762536417
t2m_max_sep,Aguirre,30.901010416666665,1.6544998431764173
t2m_max_sep,Alberdi,28.759535714285715,1.4317467973358151
t2m_max_sep,Alberti,16.46578787878788,0.7788019637477663
t2m_max_sep,Almirante Brown,30.280723809523813,1.8353117355297697
t2m_max_sep,Anta,30.788565656565655,1.5331305424886195
t2m_max_sep,Apostoles,23.59952688172043,1.8279185668995883
t2m_max_sep,Arrecifes,20.67027450980392,1.122826071574457
t2m_max_sep,Atreuco,18.728848484848484,1.0842760420453519
t2m_max_sep,Avellaneda,28.774933333333333,1.0779000395389615
t2m_max_sep,Ayacucho,17.432830246913582,0.9136994201116119
t2m_max_sep,Azul,17.141450980392158,1.0355089637577157
t2m_max_sep,Balcarce,16.088771428571427,0.9803064739252696
t2m_max_sep,Banda,28.660371794871796,1.4913086134947922
t2m_max_sep,Baradero,20.264979797979798,0.9947701505156368
t2m_max_sep,Belgrano,22.603713178294573,1.2869497581923832
t2m_max_sep,Bella Vista,25.00835802469136,1.923795496012505
t2m_max_sep,Benito Juarez,16.832989898989897,0.9630467836682035
t2m_max_sep,Bermejo,26.034044444444444,2.096687827193136
t2m_max_sep,Beron De Astrada,25.041039215686276,2.3537438348368918
t2m_max_sep,Bolivar,16.562401960784314,0.8191242501813136
t2m_max_sep,Bragado,19.77755882352941,1.0452208721218275
t2m_max_sep,Brandsen,18.26601587301587,0.8626740177184896
t2m_max_sep,Burruyacu,25.92514942528736,1.6025612673977698
t2m_max_sep,Cachi,17.21794117647059,0.8760884835710103
t2m_max_sep,Cainguas,23.80344086021505,2.108713817906628
t2m_max_sep,Calamuchita,23.55789247311828,1.3944012743749536
t2m_max_sep,Campana,19.665156862745096,0.8166720685671441
t2m_max_sep,Candelaria,23.730161616161617,1.8916540512083238
t2m_max_sep,Canuelas,18.955927083333332,0.8661180634809519
t2m_max_sep,Capayan,28.40612121212121,1.7771146686284893
t2m_max_sep,Capital,20.021135724331927,0.9704516590145053
t2m_max_sep,Capitan Sarmiento,20.67027450980392,1.122826071574457
t2m_max_sep,Carlos Casares,19.428066666666666,1.012405782915648
t2m_max_sep,Carlos Tejedor,20.114676470588236,1.1317997719591104
t2m_max_sep,Carmen De Areco,20.044208333333334,1.0526225577594006
t2m_max_sep,Caseros,21.93171875,1.3096690383571576
t2m_max_sep,Castellanos,24.20968686868687,1.558823238365406
t2m_max_sep,Castelli,16.712790476190477,0.7384581273091808
t2m_max_sep,Catrilo,19.669942857142857,1.0101070010159308
t2m_max_sep,Cerrillos,21.518202020202022,1.297741242664522
t2m_max_sep,Chacabuco,20.19639814814815,1.022839621283628
t2m_max_sep,Chapaleufu,20.62612962962963,1.163159545697749
t2m_max_sep,Chascomus,18.266441176470586,0.9052292554112721
t2m_max_sep,Chicoana,21.560816091954024,1.2818560625007382
t2m_max_sep,Chivilcoy,19.480141414141414,1.0000096493642183
t2m_max_sep,Choya,26.71314285714286,1.4284497206238602
t2m_max_sep,Colon,20.772157955865275,1.173545066512894
t2m_max_sep,Comandante Fernandez,28.363537037037034,1.8721129210240643
t2m_max_sep,Concepcion,25.017205607476633,1.7734812634218315
t2m_max_sep,Concordia,21.51128431372549,1.292755598683797
t2m_max_sep,Conhelo,19.936694444444445,1.0632114854056132
t2m_max_sep,Copo,28.786913580246914,1.451532507541429
t2m_max_sep,Coronel Dorrego,16.971715686274507,1.0892876680596766
t2m_max_sep,Coronel Pringles,16.723203703703703,1.036293410614653
t2m_max_sep,Coronel Suarez,17.238117647058825,0.9381093705570555
t2m_max_sep,Cruz Alta,29.162928571428573,1.5605476678126753
t2m_max_sep,Curuzu Cuatia,22.63521212121212,1.3489028877131957
t2m_max_sep,Daireaux,18.95221904761905,0.9616324829716679
t2m_max_sep,Diamante,22.286578431372547,1.2562175022081288
t2m_max_sep,Dolores,17.382383838383838,0.7496601411510687
t2m_max_sep,Dr. Manuel Belgrano,17.300714285714285,0.9506359876169116
t2m_max_sep,El Alto,24.54248958333333,1.5740851902828903
t2m_max_sep,El Carmen,28.419666666666668,1.4571517139475638
t2m_max_sep,Eldorado,23.92217777777778,2.2871796260098898
t2m_max_sep,Empedrado,25.42640579710145,2.1258577424124527
t2m_max_sep,Esquina,24.114097222222224,1.3904711378903052
t2m_max_sep,Exaltacion De La Cruz,19.240916666666667,0.9450836871024917
t2m_max_sep,Federacion,21.74855882352941,1.3344320844529434
t2m_max_sep,Federal,22.377352941176472,1.4297543617549893
t2m_max_sep,Feliciano,23.01930303030303,1.32969158225287
t2m_max_sep,Figueroa,28.96082456140351,1.7312830087539874
t2m_max_sep,Florentino Ameghino,20.652920634920633,1.2439955649472656
t2m_max_sep,Formosa,28.01248484848485,2.643001403782151
t2m_max_sep,Fray Justo Santa Maria De Oro,27.885882352941177,1.6286082341534893
t2m_max_sep,Garay,21.972873563218393,1.2321603895217104
t2m_max_sep,General Alvarado,18.179990476190476,0.7859909505944924
t2m_max_sep,General Alvear,18.594858585858585,1.0023829144368355
t2m_max_sep,General Arenales,19.881252525252524,1.0405936974948455
t2m_max_sep,General Belgrano,18.34369117647059,1.0035519548801601
t2m_max_sep,General Donovan,27.95552380952381,1.971396516622052
t2m_max_sep,General Guemes,27.26856557377049,1.5556437020154927
t2m_max_sep,General Guido,17.46522988505747,0.7611045185272556
t2m_max_sep,General Jose De San Martin,21.492180952380952,1.3127027981336157
t2m_max_sep,General Juan Madariaga,14.871676470588236,0.6234872034214205
t2m_max_sep,General La Madrid,17.362409523809525,0.9781431858697847
t2m_max_sep,General Las Heras,19.165179487179486,0.9317231979546488
t2m_max_sep,General Lavalle,15.587259259259259,0.6459466341200751
t2m_max_sep,General Lopez,20.830833333333334,1.1121799422331462
t2m_max_sep,General Manuel Belgrano,25.907376344086025,2.5150409903764177
t2m_max_sep,General Obligado,25.778039215686277,1.7384089241720762
t2m_max_sep,General Paz,17.603992063492065,0.9357533241929333
t2m_max_sep,General Pedernera,21.459444444444443,1.2994277100289116
t2m_max_sep,General Pinto,19.93634343434343,1.0816514331389047
t2m_max_sep,General Pueyrredon,13.531057142857142,0.7169193056099845
t2m_max_sep,General Roca,22.604333333333333,1.3112592811327994
t2m_max_sep,General Rodriguez,19.524892857142856,0.8649910204513646
t2m_max_sep,General San Martin,22.452333333333335,1.1964770828236635
t2m_max_sep,General Taboada,29.3593,1.5209884221978056
t2m_max_sep,General Viamonte,16.53927619047619,0.8185037140856429
t2m_max_sep,General Villegas,20.46308602150538,1.0832940504595467
t2m_max_sep,Gobernador Dupuy,20.249026666666666,1.1493801828876358
t2m_max_sep,Goya,25.7940303030303,1.77559468809537
t2m_max_sep,Graneros,25.20664285714286,1.5335173290801334
t2m_max_sep,Gualeguay,21.463646464646466,1.1965408126118349
t2m_max_sep,Gualeguaychu,20.611242424242427,1.0293241251771565
t2m_max_sep,Guamini,18.60756862745098,0.8994674575929728
t2m_max_sep,Guarani,23.362868686868687,1.9027929452871852
t2m_max_sep,Guasayan,27.341190476190473,1.4672856926784437
t2m_max_sep,Guatrache,18.74432291666667,1.0098115778832495
t2m_max_sep,Hipolito Yrigoyen,17.150038095238095,1.0214313735115301
t2m_max_sep,Hucal,18.684428571428572,1.0769988741665
t2m_max_sep,Iguazu,26.395473118279572,2.7390276955237014
t2m_max_sep,Independencia,25.757083333333334,2.1289525517165293
t2m_max_sep,Iriondo,21.81673529411765,1.239342539887375
t2m_max_sep,Ischilin,23.3749898989899,1.472216086298439
t2m_max_sep,Itati,25.982026666666666,2.1862806335231806
t2m_max_sep,Ituzaingo,24.047956521739128,1.8483316509661107
t2m_max_sep,Jimenez,29.93906172839506,1.5657519316378532
t2m_max_sep,Juan F. Ibarra,28.817559523809525,1.4335998146011513
t2m_max_sep,Juan Martin De Pueyrredon,21.231125000000002,1.231536324269474
t2m_max_sep,Juarez Celman,22.080569892473118,1.274757822151876
t2m_max_sep,Junin,19.94872672672673,1.0295277138240198
t2m_max_sep,La Caldera,18.895,0.9849464546453887
t2m_max_sep,La Candelaria,25.740434343434345,1.5665165342179168
t2m_max_sep,La Capital,21.94706862745098,1.218606287818114
t2m_max_sep,La Cocha,23.35043137254902,1.7008946165862326
t2m_max_sep,La Paz,23.93269696969697,1.3882095116943214
t2m_max_sep,La Plata,18.300466666666665,0.8701375934752776
t2m_max_sep,La Vina,21.350123456790126,1.2948984785079838
t2m_max_sep,Laishi,27.063631578947366,2.422604335035449
t2m_max_sep,Laprida,16.921060606060607,1.0567593921412706
t2m_max_sep,Las Colonias,23.433111111111113,1.5525546525240497
t2m_max_sep,Las Flores,18.4740625,0.9782268811953543
t2m_max_sep,Lavalle,25.713072463768118,1.7554338637686893
t2m_max_sep,Leales,29.162928571428573,1.5605476678126753
t2m_max_sep,Leandro N. Alem,20.771384259259257,1.1649057235277729
t2m_max_sep,Ledesma,27.57835714285714,1.378699160040982
t2m_max_sep,Libertad,31.30175,1.8668440846572472
t2m_max_sep,Libertador General San Martin,28.11952496626181,2.0047051573749197
t2m_max_sep,Lincoln,19.758525252525253,0.9707700767314081
t2m_max_sep,Loberia,13.575549019607843,0.6768790823603997
t2m_max_sep,Lobos,19.393911764705884,0.9755837424041346
t2m_max_sep,Loreto,28.641590909090908,1.4186019906034633
t2m_max_sep,Lujan,19.903363636363636,0.9523871920791266
t2m_max_sep,Magdalena,16.46936507936508,0.792602519865636
t2m_max_sep,Maipu,28.696457420924574,1.7684857722024567
t2m_max_sep,Mar Chiquita,16.032295238095237,0.8278226333167983
t2m_max_sep,Maraco,18.80009259259259,1.0763354985632372
t2m_max_sep,Marcos Juarez,22.113892156862747,1.2118015075668687
t2m_max_sep,Marcos Paz,19.14903846153846,0.9396612833092718
t2m_max_sep,Mayor Luis J. Fontana,,
t2m_max_sep,Mburucuya,25.48327536231884,2.1130703871695964
t2m_max_sep,Mercedes,19.842192192192194,0.9225708749424186
t2m_max_sep,Metan,26.43605747126437,1.5230001669349393
t2m_max_sep,Mitre,28.72737254901961,1.0960901402659526
t2m_max_sep,Monte,18.603828571428572,0.9976944185242467
t2m_max_sep,Monte Caseros,22.41807575757576,1.4224669863729091
t2m_max_sep,Montecarlo,24.257726190476188,2.0458260489746283
t2m_max_sep,Moreno,29.020636363636363,1.617760348194972
t2m_max_sep,Navarro,19.34372727272727,0.9953784541798432
t2m_max_sep,Necochea,15.186208333333333,0.83025580870314
t2m_max_sep,Nogoya,21.917980392156863,1.3179794246928311
t2m_max_sep,O'Higgins,25.85724761904762,2.0721822104612366
t2m_max_sep,Obera,23.379277777777776,1.9681309337252133
t2m_max_sep,Olavarria,17.383363636363637,1.044174379339819
t2m_max_sep,Oran,31.5409375,1.6002431164701312
t2m_max_sep,Palpala,28.68128070175439,1.4154811870537822
t2m_max_sep,Parana,23.033878787878788,1.2683753245846243
t2m_max_sep,Paso De Los Libres,22.75935714285714,1.4000476027577737
t2m_max_sep,Patagones,16.586135802469137,0.7874324405113999
t2m_max_sep,Patino,30.074733333333334,2.1582533158641484
t2m_max_sep,Pehuajo,19.456714285714288,1.0607466883669354
t2m_max_sep,Pellegrini,28.70622677595628,1.5296004083161785
t2m_max_sep,Pergamino,20.74019191919192,1.1472562680826293
t2m_max_sep,Pila,18.19642222222222,0.914006690005167
t2m_max_sep,Pilagas,29.340833333333336,2.691635545960987
t2m_max_sep,Pilar,19.541451612903224,0.8465142800238808
t2m_max_sep,Pilcomayo,29.611571428571427,2.8706768407136196
t2m_max_sep,Pirane,28.632619047619045,2.337767532606254
t2m_max_sep,Pocho,23.80331182795699,1.345129166138396
t2m_max_sep,Presidencia De La Plaza,27.92401041666667,1.8995183929975574
t2m_max_sep,Presidente Roque Saenz Pena,22.4561875,1.2394966198097173
t2m_max_sep,Puan,19.536107843137255,0.7859627509811692
t2m_max_sep,Quemu Quemu,20.037777777777777,1.0362433372370865
t2m_max_sep,Quitilipi,27.92401041666667,1.8995183929975574
t2m_max_sep,Ramallo,21.231343137254903,1.123499230879351
t2m_max_sep,Rancul,21.073194444444443,1.1453039809282777
t2m_max_sep,Rauch,17.446161904761905,1.0015976237058768
t2m_max_sep,Realico,21.039864864864864,1.1473388169415621
t2m_max_sep,Rio Cuarto,21.812171717171715,1.3948596308340986
t2m_max_sep,Rio Hondo,28.714413333333333,1.463921171729215
t2m_max_sep,Rio Primero,23.789914285714286,1.3787783461206125
t2m_max_sep,Rio Seco,21.27086868686869,1.4445372142897568
t2m_max_sep,Rio Segundo,23.735545454545456,1.3650906406062224
t2m_max_sep,Rivadavia,19.44933606557377,0.8133790987619787
t2m_max_sep,Robles,29.1074,1.453923981659443
t2m_max_sep,Rojas,20.809838383838386,1.1690627095657902
t2m_max_sep,Roque Perez,18.896590476190475,1.0368823276266883
t2m_max_sep,Rosario,22.001086021505376,1.2498283970142754
t2m_max_sep,Rosario De La Frontera,25.720666666666666,1.5443990853151337
t2m_max_sep,Rosario De Lerma,19.006744444444443,1.005390717909076
t2m_max_sep,Saavedra,17.179916666666667,0.9781749782606575
t2m_max_sep,Saladas,25.252928571428573,2.010572845098049
t2m_max_sep,Saladillo,19.079196078431373,1.0098328431788135
t2m_max_sep,Salliquelo,18.90369523809524,0.9294439632699824
t2m_max_sep,Salto,20.033353535353537,1.0676276365908
t2m_max_sep,San Alberto,23.192816091954025,1.3000589992295868
t2m_max_sep,San Andres De Giles,19.896864583333333,0.9825657688070358
t2m_max_sep,San Antonio,18.897122222222222,0.962234303212276
t2m_max_sep,San Antonio De Areco,20.226864583333334,0.9859012610210898
t2m_max_sep,San Cayetano,16.572944444444445,0.9305097728773079
t2m_max_sep,San Cosme,25.599305555555556,2.266054883160238
t2m_max_sep,San Cristobal,24.586666666666666,1.5680537328040043
t2m_max_sep,San Fernando,25.8770101010101,2.0657217051406587
t2m_max_sep,San Ignacio,23.837688172043013,1.9530548928120057
t2m_max_sep,San Javier,24.316577205882353,1.7387408810216176
t2m_max_sep,San Jeronimo,25.60456862745098,1.7300175113054905
t2m_max_sep,San Justo,23.463839895013123,1.3980990892022664
t2m_max_sep,San Lorenzo,22.129010025062655,1.2644782577049323
t2m_max_sep,San Luis Del Palmar,25.847246376811594,2.1586975502156345
t2m_max_sep,San Martin,22.939263636363638,1.2781616119377324
t2m_max_sep,San Miguel,24.54784722222222,1.840214677087901
t2m_max_sep,San Nicolas,21.27598095238095,1.1379210057437168
t2m_max_sep,San Pedro,21.112972413793102,1.0652922983375346
t2m_max_sep,San Roque,24.9394126984127,1.8953894642431723
t2m_max_sep,San Salvador,21.91807142857143,1.4918851275556477
t2m_max_sep,San Vicente,20.7095873015873,1.1419815911376825
t2m_max_sep,Santa Barbara,20.350754901960784,1.1704205992650663
t2m_max_sep,Santa Maria,23.285450980392156,1.4403853391137014
t2m_max_sep,Santa Rosa,24.581197916666667,1.57736876285975
t2m_max_sep,Santo Tome,24.19772222222222,1.5762094617501785
t2m_max_sep,Sargento Cabral,25.935135416666668,2.071175807312935
t2m_max_sep,Sarmiento,28.692583333333335,1.2093052951110506
t2m_max_sep,Sauce,23.81677272727273,1.5782987471658958
t2m_max_sep,Silipica,28.82353703703704,1.2785871396627475
t2m_max_sep,Simoca,25.23188888888889,1.739576201201994
t2m_max_sep,Sobremonte,23.534097222222226,1.5652203360172026
t2m_max_sep,Suipacha,19.500166666666665,1.009576838442872
t2m_max_sep,Tafi Del Valle,22.397608695652174,1.282103297388114
t2m_max_sep,Tala,21.49640196078431,1.2775683704896188
t2m_max_sep,Tandil,16.66301904761905,0.9578908439418151
t2m_max_sep,Tapalque,18.0015625,1.116004947373766
t2m_max_sep,Tercero Arriba,22.753676470588236,1.4617464912271132
t2m_max_sep,Toay,19.915854166666666,1.003974577843976
t2m_max_sep,Tordillo,18.402893333333335,1.0166966922706464
t2m_max_sep,Tornquist,17.227676470588236,0.9832606666705982
t2m_max_sep,Totoral,23.30220202020202,1.427533437386636
t2m_max_sep,Trancas,25.723804597701147,1.6069555399200353
t2m_max_sep,Trenel,20.625444444444444,1.0904425110207643
t2m_max_sep,Trenque Lauquen,19.706933333333332,1.0656035964825759
t2m_max_sep,Tres Arroyos,16.953279569892473,0.9668054999796595
t2m_max_sep,Tres Lomas,19.944608695652175,1.065003991324497
t2m_max_sep,Tulumba,23.316038095238095,1.3912251331308993
t2m_max_sep,Union,22.220343434343434,1.1450167074376905
t2m_max_sep,Uruguay,23.112,1.3294828264624503
t2m_max_sep,Utracan,20.59906862745098,1.1897161469439128
t2m_max_sep,Vera,25.35550505050505,1.676721145406374
t2m_max_sep,Victoria,21.90533333333333,1.1760585509564472
t2m_max_sep,Villa Constitucion,21.296333333333333,1.1833760726383353
t2m_max_sep,Villaguay,21.494705882352942,1.2937841392940825
t2m_max_sep,Villarino,16.54521568627451,0.8077133450009475
t2m_max_sep,Zarate,19.644947916666666,0.8381742708476152
t2m_max_oct,12 De Octubre,28.794589861751152,1.510049316584786
t2m_max_oct,1° De Mayo,31.637753058954395,1.3036540550957576
t2m_max_oct,2 De Abril,29.270046082949314,1.5464531244885913
t2m_max_oct,25 De Mayo,22.47168574401665,1.1039154119476033
t2m_max_oct,9 De Julio,22.65872478152983,1.1455866029951058
t2m_max_oct,Adolfo Alsina,21.451668202764974,1.0231874108508467
t2m_max_oct,Adolfo Gonzales Chaves,20.115123339658442,1.1096981452652712
t2m_max_oct,Aguirre,34.158104838709676,1.2657531133318343
t2m_max_oct,Alberdi,32.912626728110595,1.2413447173303176
t2m_max_oct,Alberti,19.58162267839687,1.0183445524491792
t2m_max_oct,Almirante Brown,33.25497695852535,1.7346396730049158
t2m_max_oct,Anta,34.42945259042033,1.1779505553959604
t2m_max_oct,Apostoles,25.929406867845994,1.1302840651634272
t2m_max_oct,Arrecifes,24.18853889943074,1.3068277730685736
t2m_max_oct,Atreuco,22.742111436950147,1.6028427146045414
t2m_max_oct,Avellaneda,32.56331182795699,1.1999084900608437
t2m_max_oct,Ayacucho,20.939441457586618,1.164399302501378
t2m_max_oct,Azul,20.70435483870968,1.1742661516283905
t2m_max_oct,Balcarce,19.5904331797235,1.4436339494065489
t2m_max_oct,Banda,32.50447890818859,1.18686516789355
t2m_max_oct,Baradero,23.883304007820136,1.1961214201785635
t2m_max_oct,Belgrano,26.518689672418105,1.4570174981245825
t2m_max_oct,Bella Vista,28.176069295101552,1.209203923996688
t2m_max_oct,Benito Juarez,20.24969696969697,1.2079309783945675
t2m_max_oct,Bermejo,29.069225806451616,1.4969462392970745
t2m_max_oct,Beron De Astrada,27.78214421252372,1.4575560147642874
t2m_max_oct,Bolivar,19.643633776091082,1.01113016487316
t2m_max_oct,Bragado,23.096299810246677,1.2074442266481789
t2m_max_oct,Brandsen,21.446497695852536,1.002170414087942
t2m_max_oct,Burruyacu,29.486685205784205,1.1951820053819993
t2m_max_oct,Cachi,20.04166982922201,0.866699241894977
t2m_max_oct,Cainguas,25.928147762747138,1.1734017002904342
t2m_max_oct,Calamuchita,26.8626638917794,1.427111121492906
t2m_max_oct,Campana,23.15929791271347,1.0619284656508388
t2m_max_oct,Candelaria,26.11286412512219,1.315427387385055
t2m_max_oct,Canuelas,22.389193548387098,1.1139264625981367
t2m_max_oct,Capayan,32.76648093841642,1.183804674701411
t2m_max_oct,Capital,23.872260786715664,1.620423498588626
t2m_max_oct,Capitan Sarmiento,24.18853889943074,1.3068277730685736
t2m_max_oct,Carlos Casares,22.754175115207374,1.2134593680948371
t2m_max_oct,Carlos Tejedor,23.611745730550282,1.5249801538288188
t2m_max_oct,Carmen De Areco,23.429274193548387,1.255180268578788
t2m_max_oct,Caseros,25.755423387096773,1.4155992491455562
t2m_max_oct,Castellanos,27.82466275659824,1.3193169755858023
t2m_max_oct,Castelli,20.23331797235023,1.0901442584924723
t2m_max_oct,Catrilo,23.34257142857143,1.42481414181431
t2m_max_oct,Cerrillos,24.047712609970677,1.126288481597922
t2m_max_oct,Chacabuco,23.55577620967742,1.280000277944097
t2m_max_oct,Chapaleufu,24.232437275985664,1.6199435716193409
t2m_max_oct,Chascomus,21.74792220113852,1.204086597272704
t2m_max_oct,Chicoana,24.09067853170189,1.1925917181832923
t2m_max_oct,Chivilcoy,22.8675073313783,1.135856682728414
t2m_max_oct,Choya,30.95951612903226,1.2690434537969038
t2m_max_oct,Colon,24.28919073845116,1.3768052197820595
t2m_max_oct,Comandante Fernandez,31.44956989247312,1.664828402815757
t2m_max_oct,Concepcion,28.060117576123,1.3029195609519075
t2m_max_oct,Concordia,25.078349146110057,1.2290734074199259
t2m_max_oct,Conhelo,23.746039426523296,1.6878567225355945
t2m_max_oct,Copo,32.909462365591395,1.2648764172505211
t2m_max_oct,Coronel Dorrego,20.29585388994307,1.1932676220782357
t2m_max_oct,Coronel Pringles,20.375077658303464,1.3308449309634014
t2m_max_oct,Coronel Suarez,20.81267552182163,1.2257788043633524
t2m_max_oct,Cruz Alta,32.86147465437788,1.2467501467650044
t2m_max_oct,Curuzu Cuatia,26.718988269794725,1.009149939980287
t2m_max_oct,Daireaux,22.378718894009218,1.212460900021273
t2m_max_oct,Diamante,26.101214421252372,1.3063049217305056
t2m_max_oct,Dolores,21.058465298142718,1.2373561653193021
t2m_max_oct,Dr. Manuel Belgrano,19.403917050691245,0.7929357213065742
t2m_max_oct,El Alto,28.452590725806452,1.2592273435050672
t2m_max_oct,El Carmen,31.572903225806456,1.066315694389369
t2m_max_oct,Eldorado,25.73065591397849,1.3599636305229958
t2m_max_oct,Empedrado,28.525624123422162,1.362964505471638
t2m_max_oct,Esquina,28.000846774193548,0.7747892449495473
t2m_max_oct,Exaltacion De La Cruz,22.665745967741934,1.1510560581154043
t2m_max_oct,Federacion,25.312495256166983,1.2341811551372002
t2m_max_oct,Federal,26.090844402277042,1.3152020771481407
t2m_max_oct,Feliciano,26.784594330400783,1.3440993962433283
t2m_max_oct,Figueroa,31.91088285229202,1.4559351177850381
t2m_max_oct,Florentino Ameghino,24.148325652841784,1.8940212126574336
t2m_max_oct,Formosa,30.835630498533725,1.7875440658892545
t2m_max_oct,Fray Justo Santa Maria De Oro,31.204781783681216,1.4474327549972563
t2m_max_oct,Garay,25.798998887652946,1.4476373526364386
t2m_max_oct,General Alvarado,21.434912442396314,1.0012256096117589
t2m_max_oct,General Alvear,22.115327468230692,1.2234585964848883
t2m_max_oct,General Arenales,23.435591397849464,1.3158936199039493
t2m_max_oct,General Belgrano,22.06534155597723,1.3135635048320533
t2m_max_oct,General Donovan,31.243847926267282,1.351754046426943
t2m_max_oct,General Guemes,30.429775251189845,1.1383281551816495
t2m_max_oct,General Guido,21.06043381535039,1.0644361207046042
t2m_max_oct,General Jose De San Martin,24.004092165898616,1.108215401926428
t2m_max_oct,General Juan Madariaga,17.943187855787478,0.9693919161993622
t2m_max_oct,General La Madrid,20.840239631336406,1.2062782484670949
t2m_max_oct,General Las Heras,22.501401985111663,1.1131247388424907
t2m_max_oct,General Lavalle,18.965639187574673,0.9890972340637123
t2m_max_oct,General Lopez,24.496318785578747,1.5068760741686575
t2m_max_oct,General Manuel Belgrano,27.378106139438085,1.5965261233216284
t2m_max_oct,General Obligado,29.01944971537002,1.4103651765158676
t2m_max_oct,General Paz,21.02955069124424,1.050477404336509
t2m_max_oct,General Pedernera,25.160913978494623,1.7418063706414124
t2m_max_oct,General Pinto,23.432531769305964,1.4568113037815786
t2m_max_oct,General Pueyrredon,16.208184331797234,1.0456510585707381
t2m_max_oct,General Roca,26.562656546489563,1.4481781653094372
t2m_max_oct,General Rodriguez,22.829504608294933,1.0064302470013424
t2m_max_oct,General San Martin,26.656823069403714,1.4138334876714296
t2m_max_oct,General Taboada,33.06779569892473,1.2908050963315825
t2m_max_oct,General Viamonte,19.616534562211978,1.008968257793014
t2m_max_oct,General Villegas,24.043537981269512,1.6981647241485427
t2m_max_oct,Gobernador Dupuy,24.249367741935483,1.450899219660761
t2m_max_oct,Goya,29.010322580645163,1.0928933372421916
t2m_max_oct,Graneros,28.936866359447006,1.2339047928993454
t2m_max_oct,Gualeguay,25.41475073313783,1.3205041435909783
t2m_max_oct,Gualeguaychu,24.46086999022483,1.1633491088641483
t2m_max_oct,Guamini,22.12183111954459,1.1774599297246595
t2m_max_oct,Guarani,25.571749755620722,1.1000175775198533
t2m_max_oct,Guasayan,31.408790322580646,1.2611668137819196
t2m_max_oct,Guatrache,22.546814516129032,1.5352703874669795
t2m_max_oct,Hipolito Yrigoyen,20.66263594470046,1.1829037988585316
t2m_max_oct,Hucal,22.673571428571428,1.6255179333055156
t2m_max_oct,Iguazu,28.174297606659728,1.8162751872798697
t2m_max_oct,Independencia,28.827329749103942,1.5012286224641713
t2m_max_oct,Iriondo,25.630645161290325,1.4444124534885772
t2m_max_oct,Ischilin,27.023098729227762,1.382601812800347
t2m_max_oct,Itati,28.95512258064516,1.383422798572987
t2m_max_oct,Ituzaingo,27.048345021037868,1.2702115152918658
t2m_max_oct,Jimenez,33.60939068100359,1.1813402384290774
t2m_max_oct,Juan F. Ibarra,32.90938940092166,1.2412318425609337
t2m_max_oct,Juan Martin De Pueyrredon,25.081290322580646,1.6560042454890262
t2m_max_oct,Juarez Celman,25.99040582726327,1.6045821202294763
t2m_max_oct,Junin,23.37503923278117,1.317813300475
t2m_max_oct,La Caldera,21.231174193548387,0.887345521723052
t2m_max_oct,La Candelaria,29.148279569892473,1.181340641234055
t2m_max_oct,La Capital,25.71944971537002,1.3030652261370859
t2m_max_oct,La Cocha,27.20060721062619,1.409380822872499
t2m_max_oct,La Paz,27.564956011730203,1.2920563850898465
t2m_max_oct,La Plata,21.40148387096774,1.006188433658774
t2m_max_oct,La Vina,24.244611708482676,1.2289946257331497
t2m_max_oct,Laishi,30.373106960950764,1.55861268513402
t2m_max_oct,Laprida,20.409511241446726,1.1937901322345486
t2m_max_oct,Las Colonias,27.16357771260997,1.495959308652945
t2m_max_oct,Las Flores,22.051975806451612,1.2481317965012138
t2m_max_oct,Lavalle,28.999481065918655,1.1246459905665178
t2m_max_oct,Leales,32.86147465437788,1.2467501467650044
t2m_max_oct,Leandro N. Alem,24.27315188172043,1.4036045972498805
t2m_max_oct,Ledesma,30.4813133640553,1.076325552168287
t2m_max_oct,Libertad,34.43107142857143,1.4107431403579438
t2m_max_oct,Libertador General San Martin,31.26228287841191,1.6639568845677304
t2m_max_oct,Lincoln,23.156197458455523,1.1788142829419297
t2m_max_oct,Loberia,16.19776091081594,1.0595287383659338
t2m_max_oct,Lobos,22.70513282732448,1.0985422594572185
t2m_max_oct,Loreto,32.81737536656892,1.2492086600538554
t2m_max_oct,Lujan,23.29460410557185,1.147527420593554
t2m_max_oct,Magdalena,19.589493087557603,0.929878280619699
t2m_max_oct,Maipu,31.794650341417473,1.6346116445140342
t2m_max_oct,Mar Chiquita,19.413705069124426,1.2344290619903184
t2m_max_oct,Maraco,22.7488082437276,1.535295747720387
t2m_max_oct,Marcos Juarez,26.023121442125237,1.4646774357072605
t2m_max_oct,Marcos Paz,22.440533498759308,1.1046176277689954
t2m_max_oct,Mayor Luis J. Fontana,,
t2m_max_oct,Mburucuya,28.56927068723703,1.411749466049027
t2m_max_oct,Mercedes,23.38721592560302,1.0678113442616766
t2m_max_oct,Metan,29.701568409343714,1.1376097830380745
t2m_max_oct,Mitre,32.65973434535105,1.1702478138533254
t2m_max_oct,Monte,22.168663594470047,1.2366454380374547
t2m_max_oct,Monte Caseros,26.052287390029324,1.1573671610360454
t2m_max_oct,Montecarlo,26.558467741935484,1.5168638236322523
t2m_max_oct,Moreno,32.19553274682307,1.5434389816141918
t2m_max_oct,Navarro,22.65318670576735,1.099841210270562
t2m_max_oct,Necochea,17.999475806451613,1.203886098896337
t2m_max_oct,Nogoya,25.840777988614803,1.3568499086131436
t2m_max_oct,O'Higgins,28.84098617511521,1.5208750456053541
t2m_max_oct,Obera,25.48541935483871,1.0792482276455666
t2m_max_oct,Olavarria,20.910742913000977,1.213680078100247
t2m_max_oct,Oran,34.62944556451613,1.2859656181148922
t2m_max_oct,Palpala,31.77495755517827,1.116211234518899
t2m_max_oct,Parana,26.789227761485826,1.350381167860848
t2m_max_oct,Paso De Los Libres,26.184654377880186,1.2711615130738776
t2m_max_oct,Patagones,19.873166069295102,0.9804001262568928
t2m_max_oct,Patino,33.38785483870968,2.035822632569208
t2m_max_oct,Pehuajo,22.909686635944702,1.3482811201140725
t2m_max_oct,Pellegrini,32.7125542041248,1.2158003225801666
t2m_max_oct,Pergamino,24.330185728250243,1.3728218274663868
t2m_max_oct,Pila,21.88768817204301,1.2861198326472612
t2m_max_oct,Pilagas,32.24041935483871,2.1852778722479242
t2m_max_oct,Pilar,22.70149843912591,1.0409209966759043
t2m_max_oct,Pilcomayo,32.32622119815668,2.2571028347156323
t2m_max_oct,Pirane,31.53701996927803,1.913286835018949
t2m_max_oct,Pocho,27.768907388137357,1.2604778442949756
t2m_max_oct,Presidencia De La Plaza,31.22560483870968,1.4951256098081167
t2m_max_oct,Presidente Roque Saenz Pena,26.553568548387098,1.4138085181930646
t2m_max_oct,Puan,22.719468690702087,1.03713724043029
t2m_max_oct,Quemu Quemu,23.727213261648743,1.5447221279315413
t2m_max_oct,Quitilipi,31.22560483870968,1.4951256098081167
t2m_max_oct,Ramallo,25.0596394686907,1.296130661690732
t2m_max_oct,Rancul,24.870394265232974,1.736731088869975
t2m_max_oct,Rauch,20.903281105990782,1.1417692700722737
t2m_max_oct,Realico,24.876660854402793,1.712864141762649
t2m_max_oct,Rio Cuarto,25.446539589442814,1.694114445093498
t2m_max_oct,Rio Hondo,32.784116129032256,1.2352088336160325
t2m_max_oct,Rio Primero,27.711198156682027,1.245069946240602
t2m_max_oct,Rio Seco,24.812570869990225,1.3469953084973012
t2m_max_oct,Rio Segundo,27.63670576735093,1.3185991426493804
t2m_max_oct,Rivadavia,22.74630354309889,1.0539579530130605
t2m_max_oct,Robles,32.85259354838709,1.2426607101908786
t2m_max_oct,Rojas,24.273401759530792,1.3880787552095448
t2m_max_oct,Roque Perez,22.392009216589862,1.192449758707326
t2m_max_oct,Rosario,25.83343392299688,1.3883811771578718
t2m_max_oct,Rosario De La Frontera,29.106256109481915,1.109667710652958
t2m_max_oct,Rosario De Lerma,21.198064516129033,0.9900755363203025
t2m_max_oct,Saavedra,20.950000000000003,1.3331262343498302
t2m_max_oct,Saladas,28.50133640552995,1.159020119407387
t2m_max_oct,Saladillo,22.479127134724855,1.113182852737815
t2m_max_oct,Salliquelo,22.549557603686637,1.3698049965694086
t2m_max_oct,Salto,23.45323558162268,1.2386674993996558
t2m_max_oct,San Alberto,27.07797552836485,1.4631636193002144
t2m_max_oct,San Andres De Giles,23.344828629032257,1.1415444149631047
t2m_max_oct,San Antonio,21.154043010752687,0.9558592565436798
t2m_max_oct,San Antonio De Areco,23.869415322580647,1.2125540723278925
t2m_max_oct,San Cayetano,19.508032258064517,1.1909577312218698
t2m_max_oct,San Cosme,28.63600806451613,1.475362758930293
t2m_max_oct,San Cristobal,28.081512096774194,1.3145042980960537
t2m_max_oct,San Fernando,28.94391984359726,1.4949417708696633
t2m_max_oct,San Ignacio,26.113714880332985,1.3530129630528909
t2m_max_oct,San Javier,27.21999407020873,1.088801052813553
t2m_max_oct,San Jeronimo,28.93498102466793,1.3920855822882074
t2m_max_oct,San Justo,26.92243332486665,1.41588308165139
t2m_max_oct,San Lorenzo,25.986238176085372,1.3600094325014618
t2m_max_oct,San Luis Del Palmar,28.819929873772793,1.3634667281747226
t2m_max_oct,San Martin,26.70639149560117,1.2282213348419
t2m_max_oct,San Miguel,27.505336021505375,1.1749291770341581
t2m_max_oct,San Nicolas,25.054617511520735,1.2772732526502149
t2m_max_oct,San Pedro,24.94765183537264,1.3052905662845005
t2m_max_oct,San Roque,28.253533026113672,1.3266937164372308
t2m_max_oct,San Salvador,25.468801843317973,1.7670134632598513
t2m_max_oct,San Vicente,24.267281105990783,1.405226132910374
t2m_max_oct,Santa Barbara,22.378795066413662,1.005256726436396
t2m_max_oct,Santa Maria,26.749990512333966,1.3221677453976766
t2m_max_oct,Santa Rosa,28.502923387096775,1.3016299739250683
t2m_max_oct,Santo Tome,27.395443548387096,1.1491654244731677
t2m_max_oct,Sargento Cabral,28.955040322580647,1.517474966042452
t2m_max_oct,Sarmiento,32.66453225806451,1.0877163397719998
t2m_max_oct,Sauce,27.99243401759531,0.9222776012192021
t2m_max_oct,Silipica,32.68279569892473,1.021209107807089
t2m_max_oct,Simoca,29.04247311827957,1.5004108335194233
t2m_max_oct,Sobremonte,27.17079301075269,1.5403872848049507
t2m_max_oct,Suipacha,22.87632258064516,1.1844070297832312
t2m_max_oct,Tafi Del Valle,25.2126507713885,1.1153343286278175
t2m_max_oct,Tala,25.029648956356738,1.2087032254961254
t2m_max_oct,Tandil,20.072313364055297,1.1940007668405128
t2m_max_oct,Tapalque,21.684475806451612,1.2676704450376597
t2m_max_oct,Tercero Arriba,26.29879506641366,1.4959637711215061
t2m_max_oct,Toay,23.830352822580647,1.7062810596761633
t2m_max_oct,Tordillo,22.220025806451613,1.578356297372939
t2m_max_oct,Tornquist,20.92696394686907,1.3497000677447182
t2m_max_oct,Totoral,27.021339198435975,1.384886400243415
t2m_max_oct,Trancas,29.125706340378198,1.149875475912247
t2m_max_oct,Trenel,24.473629032258064,1.704613338913381
t2m_max_oct,Trenque Lauquen,23.180073732718892,1.3905615812346965
t2m_max_oct,Tres Arroyos,20.006295525494274,1.167516974323927
t2m_max_oct,Tres Lomas,23.356914446002808,1.6477362283263441
t2m_max_oct,Tulumba,26.93016589861751,1.3952169239468295
t2m_max_oct,Union,26.344525904203323,1.4976799988862075
t2m_max_oct,Uruguay,26.823529411764707,1.3447212886412465
t2m_max_oct,Utracan,24.168643263757115,1.645442196667443
t2m_max_oct,Vera,28.880371456500487,1.4025691157149864
t2m_max_oct,Victoria,25.774437927663733,1.3990507666999576
t2m_max_oct,Villa Constitucion,25.022134724857686,1.428386975389668
t2m_max_oct,Villaguay,25.22792220113852,1.2578401489057096
t2m_max_oct,Villarino,19.64399430740038,1.0138159121437498
t2m_max_oct,Zarate,23.212318548387096,1.0657805892831
t2m_max_nov,12 De Octubre,30.423057142857143,1.8221824404575566
t2m_max_nov,1° De Mayo,32.94163218390805,1.7096552361649553
t2m_max_nov,2 De Abril,30.628857142857143,1.687207227512799
t2m_max_nov,25 De Mayo,25.85009569892473,1.7629814852032624
t2m_max_nov,9 De Julio,25.96613043478261,1.650590307170228
t2m_max_nov,Adolfo Alsina,24.761390476190478,1.6253707138443738
t2m_max_nov,Adolfo Gonzales Chaves,23.88576470588235,1.4840542897341034
t2m_max_nov,Aguirre,35.41532291666667,1.3506820114095477
t2m_max_nov,Alberdi,34.89892857142857,1.215670203670266
t2m_max_nov,Alberti,22.558141414141414,1.163291880918303
t2m_max_nov,Almirante Brown,33.960752380952385,1.9672899566364714
t2m_max_nov,Anta,35.51319191919192,1.3802579067331324
t2m_max_nov,Apostoles,28.460709677419356,2.0203941873214957
t2m_max_nov,Arrecifes,27.24793137254902,1.553072730945163
t2m_max_nov,Atreuco,26.838050505050504,1.7245523092989716
t2m_max_nov,Avellaneda,34.6834,1.247745867236734
t2m_max_nov,Ayacucho,24.805891975308644,1.6869204350417302
t2m_max_nov,Azul,24.49716666666667,1.6437632651075926
t2m_max_nov,Balcarce,23.5328,1.5999570852087899
t2m_max_nov,Banda,34.65096153846154,1.0561472638349176
t2m_max_nov,Baradero,26.87889898989899,1.5426619996077138
t2m_max_nov,Belgrano,29.4225322997416,1.5824055096852578
t2m_max_nov,Bella Vista,30.43114814814815,1.9786970726751247
t2m_max_nov,Benito Juarez,24.209232323232325,1.5263564811451058
t2m_max_nov,Bermejo,30.374144444444443,1.6741761573987828
t2m_max_nov,Beron De Astrada,30.663607843137257,2.232330991597293
t2m_max_nov,Bolivar,22.55242156862745,1.162279640050354
t2m_max_nov,Bragado,26.22291176470588,1.4915981448260938
t2m_max_nov,Brandsen,24.732507936507936,1.232249310177881
t2m_max_nov,Burruyacu,30.351011494252877,1.1388642437692822
t2m_max_nov,Cachi,20.876176470588234,1.1459228760021762
t2m_max_nov,Cainguas,28.193462365591397,2.0401621915869543
t2m_max_nov,Calamuchita,28.67694623655914,1.4579705278146415
t2m_max_nov,Campana,26.21863725490196,1.461930307743142
t2m_max_nov,Candelaria,28.199656565656564,1.9887682213091662
t2m_max_nov,Canuelas,25.631239583333333,1.5585184013719164
t2m_max_nov,Capayan,35.37478787878788,0.9819310073149223
t2m_max_nov,Capital,27.953260900140645,1.8233508466269306
t2m_max_nov,Capitan Sarmiento,27.24793137254902,1.553072730945163
t2m_max_nov,Carlos Casares,25.99612380952381,1.5195905496115467
t2m_max_nov,Carlos Tejedor,27.21072549019608,1.7172439972030438
t2m_max_nov,Carmen De Areco,26.516885416666668,1.4861540719303743
t2m_max_nov,Caseros,28.47759375,1.339395021338173
t2m_max_nov,Castellanos,29.970030303030303,1.2567313377580067
t2m_max_nov,Castelli,23.583390476190477,1.3187734608654735
t2m_max_nov,Catrilo,27.113466666666664,1.5804527422824877
t2m_max_nov,Cerrillos,24.637444444444444,1.2405364981493858
t2m_max_nov,Chacabuco,26.97952777777778,1.7516197928110881
t2m_max_nov,Chapaleufu,27.71425,1.7103452605592406
t2m_max_nov,Chascomus,25.16356862745098,1.5621455450443031
t2m_max_nov,Chicoana,24.680505747126436,1.2769017799814362
t2m_max_nov,Chivilcoy,25.96290909090909,1.5054835861884477
t2m_max_nov,Choya,33.24575,1.2191109241874791
t2m_max_nov,Colon,27.53808826945412,1.7470811150715602
t2m_max_nov,Comandante Fernandez,32.39433333333333,1.9514250096414076
t2m_max_nov,Concepcion,30.216647975077883,1.770902995940482
t2m_max_nov,Concordia,27.944872549019607,1.4753398741329986
t2m_max_nov,Conhelo,27.68249074074074,1.9056116786357828
t2m_max_nov,Copo,34.8418024691358,1.1999188300868882
t2m_max_nov,Coronel Dorrego,24.490676470588234,1.6253616007628282
t2m_max_nov,Coronel Pringles,24.32671913580247,1.6009359199078412
t2m_max_nov,Coronel Suarez,24.432009803921567,1.469390272974387
t2m_max_nov,Cruz Alta,33.97904761904762,1.1090386698898247
t2m_max_nov,Curuzu Cuatia,29.55290909090909,1.8084201564463558
t2m_max_nov,Daireaux,25.836533333333335,1.4820699338725178
t2m_max_nov,Diamante,28.751803921568627,1.3593337547065074
t2m_max_nov,Dolores,24.566040404040404,1.441086763805878
t2m_max_nov,Dr. Manuel Belgrano,19.868603174603177,1.1848275618514077
t2m_max_nov,El Alto,30.395770833333334,1.3182930541472573
t2m_max_nov,El Carmen,32.35967592592593,1.3691649117134757
t2m_max_nov,Eldorado,27.396255555555555,1.590539217185434
t2m_max_nov,Empedrado,30.61440579710145,1.9970969586344796
t2m_max_nov,Esquina,30.43361111111111,1.7210332074446482
t2m_max_nov,Exaltacion De La Cruz,25.718229166666667,1.5628114988423842
t2m_max_nov,Federacion,28.179127450980392,1.5895475353390338
t2m_max_nov,Federal,28.915323529411765,1.6395308323021314
t2m_max_nov,Feliciano,29.314858585858584,1.3702389847068412
t2m_max_nov,Figueroa,33.122263157894736,1.7907760838407856
t2m_max_nov,Florentino Ameghino,27.56893650793651,1.9070603836476452
t2m_max_nov,Formosa,32.3394696969697,2.1418701951566597
t2m_max_nov,Fray Justo Santa Maria De Oro,32.52406862745098,1.7365545181404907
t2m_max_nov,Garay,28.785333333333334,1.484571457592531
t2m_max_nov,General Alvarado,24.767342857142857,1.3380148999378327
t2m_max_nov,General Alvear,25.849555555555558,1.5904102319900102
t2m_max_nov,General Arenales,26.64367676767677,1.7641782681181444
t2m_max_nov,General Belgrano,25.923196078431374,1.837570786171314
t2m_max_nov,General Donovan,32.55488095238095,1.8273671748959286
t2m_max_nov,General Guemes,31.26393442622951,1.3051424837614123
t2m_max_nov,General Guido,24.79351724137931,1.4151280092027771
t2m_max_nov,General Jose De San Martin,24.57327619047619,1.2333085569469855
t2m_max_nov,General Juan Madariaga,21.110911764705882,1.2083069695732747
t2m_max_nov,General La Madrid,24.46415238095238,1.6011206988971736
t2m_max_nov,General Las Heras,26.025692307692307,1.5491310020583997
t2m_max_nov,General Lavalle,22.09104938271605,1.0677022845380277
t2m_max_nov,General Lopez,27.50049019607843,1.7713737411617567
t2m_max_nov,General Manuel Belgrano,29.007247311827957,1.6990841889802084
t2m_max_nov,General Obligado,30.77605882352941,1.8851026344904622
t2m_max_nov,General Paz,25.034515873015874,1.632611795717145
t2m_max_nov,General Pedernera,28.306819444444443,1.1921028510695624
t2m_max_nov,General Pinto,26.77679797979798,1.6858249607210813
t2m_max_nov,General Pueyrredon,19.406209523809522,1.0461887915134291
t2m_max_nov,General Roca,29.181254901960784,1.4987635960665826
t2m_max_nov,General Rodriguez,26.077380952380953,1.4820894013294927
t2m_max_nov,General San Martin,29.375939393939394,1.4037504389396407
t2m_max_nov,General Taboada,34.856544444444445,1.1900819138017824
t2m_max_nov,General Viamonte,22.55135238095238,1.1450772013327921
t2m_max_nov,General Villegas,27.344354838709677,1.7295934181519914
t2m_max_nov,Gobernador Dupuy,28.157466666666664,1.4599266058416924
t2m_max_nov,Goya,30.972878787878788,1.9419241795187359
t2m_max_nov,Graneros,30.17465476190476,1.1221438640855632
t2m_max_nov,Gualeguay,28.22220202020202,1.5449686821245898
t2m_max_nov,Gualeguaychu,27.42783838383838,1.5690820744617877
t2m_max_nov,Guamini,25.845539215686273,1.572593076184687
t2m_max_nov,Guarani,27.794919191919192,1.8379086016416093
t2m_max_nov,Guasayan,33.31017857142857,1.1541474557643268
t2m_max_nov,Guatrache,26.585958333333334,1.6087715047452469
t2m_max_nov,Hipolito Yrigoyen,24.54795238095238,1.6470458207269858
t2m_max_nov,Hucal,27.087166666666665,1.6673859892169653
t2m_max_nov,Iguazu,29.65730107526882,1.6705585500948783
t2m_max_nov,Independencia,30.35800925925926,1.8378808215435325
t2m_max_nov,Iriondo,28.49348039215686,1.3146135948043007
t2m_max_nov,Ischilin,28.75849494949495,1.7535359794989398
t2m_max_nov,Itati,31.04532,2.0112502456782293
t2m_max_nov,Ituzaingo,29.205463768115944,1.3091206229548773
t2m_max_nov,Jimenez,35.093456790123454,1.091685982010169
t2m_max_nov,Juan F. Ibarra,34.87754761904762,1.1925833811961453
t2m_max_nov,Juan Martin De Pueyrredon,28.406208333333336,1.1141095177369584
t2m_max_nov,Juarez Celman,28.874645161290324,1.5739558936252496
t2m_max_nov,Junin,26.749357357357358,1.7158870578733314
t2m_max_nov,La Caldera,21.70584,1.1506692019091422
t2m_max_nov,La Candelaria,29.946343434343433,1.2957150066148826
t2m_max_nov,La Capital,28.682382352941175,1.4684942450321732
t2m_max_nov,La Cocha,28.706941176470586,1.3789109593528972
t2m_max_nov,La Paz,29.97688888888889,1.487078445557174
t2m_max_nov,La Plata,24.702716666666667,1.2564781387504902
t2m_max_nov,La Vina,25.184135802469136,1.3262171099517275
t2m_max_nov,Laishi,31.60680701754386,1.682395012833574
t2m_max_nov,Laprida,24.259757575757575,1.625599682665701
t2m_max_nov,Las Colonias,29.583828282828282,1.327817473863523
t2m_max_nov,Las Flores,25.903239583333335,1.7173326325600782
t2m_max_nov,Lavalle,31.0131884057971,2.046137652058774
t2m_max_nov,Leales,33.97904761904762,1.1090386698898247
t2m_max_nov,Leandro N. Alem,27.58316898148148,1.7957190221528003
t2m_max_nov,Ledesma,31.190952380952382,1.37026664286392
t2m_max_nov,Libertad,35.462,1.71632172969854
t2m_max_nov,Libertador General San Martin,32.54690823211876,1.6899660421746387
t2m_max_nov,Lincoln,26.30131313131313,1.4001881990056477
t2m_max_nov,Loberia,19.401088235294115,1.0614764265398562
t2m_max_nov,Lobos,25.995862745098037,1.6494721512946537
t2m_max_nov,Loreto,35.00842424242424,1.0724663173843751
t2m_max_nov,Lujan,26.393525252525254,1.5140222505664964
t2m_max_nov,Magdalena,22.67884126984127,1.013362936075541
t2m_max_nov,Maipu,32.768099756691,1.8494677689470875
t2m_max_nov,Mar Chiquita,23.14095238095238,1.4103902606045668
t2m_max_nov,Maraco,26.92686111111111,1.6944600814006558
t2m_max_nov,Marcos Juarez,28.811176470588236,1.508980982079653
t2m_max_nov,Marcos Paz,25.68329487179487,1.52375504980127
t2m_max_nov,Mayor Luis J. Fontana,,
t2m_max_nov,Mburucuya,30.959666666666664,2.1206425865284277
t2m_max_nov,Mercedes,26.586534534534536,1.7312684351375411
t2m_max_nov,Metan,30.651149425287358,1.276074497707738
t2m_max_nov,Mitre,34.63964705882353,1.1744195106909205
t2m_max_nov,Monte,25.7536,1.732808909732131
t2m_max_nov,Monte Caseros,29.19443939393939,1.8913895913055794
t2m_max_nov,Montecarlo,28.13459523809524,1.6866209659478435
t2m_max_nov,Moreno,33.25214141414142,1.7738590778267076
t2m_max_nov,Navarro,26.032141414141414,1.6608021928639032
t2m_max_nov,Necochea,21.383937500000002,1.220012469639253
t2m_max_nov,Nogoya,28.639205882352943,1.495169672735299
t2m_max_nov,O'Higgins,30.372047619047617,1.8627532738136956
t2m_max_nov,Obera,27.687266666666666,1.8691759620248425
t2m_max_nov,Olavarria,24.904969696969697,1.7094835180131405
t2m_max_nov,Oran,35.41645833333333,1.6061094954795365
t2m_max_nov,Palpala,32.367859649122806,1.5526861921541137
t2m_max_nov,Parana,29.34758585858586,1.3509278139648209
t2m_max_nov,Paso De Los Libres,28.618809523809524,1.6934531489727034
t2m_max_nov,Patagones,22.90856790123457,1.140251433566542
t2m_max_nov,Patino,34.432833333333335,1.9435971519038842
t2m_max_nov,Pehuajo,26.393533333333334,1.6364841581879126
t2m_max_nov,Pellegrini,34.61579234972678,1.1843778731570427
t2m_max_nov,Pergamino,27.292141414141415,1.437258373485743
t2m_max_nov,Pila,25.63431111111111,1.459506028158993
t2m_max_nov,Pilagas,33.519600000000004,2.280268106735806
t2m_max_nov,Pilar,26.01094623655914,1.499972575296885
t2m_max_nov,Pilcomayo,33.50111111111111,2.4310243390466146
t2m_max_nov,Pirane,32.69314285714286,1.930379354115052
t2m_max_nov,Pocho,30.080537634408604,1.3682978062174198
t2m_max_nov,Presidencia De La Plaza,32.4494375,1.7563435797591795
t2m_max_nov,Presidente Roque Saenz Pena,29.266864583333334,1.2841797093373084
t2m_max_nov,Puan,25.91288235294118,1.4886305818801293
t2m_max_nov,Quemu Quemu,27.522296296296297,1.7023452707401294
t2m_max_nov,Quitilipi,32.4494375,1.7563435797591795
t2m_max_nov,Ramallo,28.040764705882353,1.5102679529674023
t2m_max_nov,Rancul,28.51137037037037,1.7992778512199414
t2m_max_nov,Rauch,24.473238095238095,1.6804712449316166
t2m_max_nov,Realico,28.507918918918914,1.774236103064099
t2m_max_nov,Rio Cuarto,27.857353535353536,1.492011484678472
t2m_max_nov,Rio Hondo,34.70885333333333,1.012621095090469
t2m_max_nov,Rio Primero,30.01241904761905,1.3778280704730108
t2m_max_nov,Rio Seco,26.4099898989899,1.6451040440856628
t2m_max_nov,Rio Segundo,29.97172727272727,1.4541020388087214
t2m_max_nov,Rivadavia,25.98556830601093,1.5975922067073611
t2m_max_nov,Robles,34.833933333333334,1.1717543589753705
t2m_max_nov,Rojas,27.40680808080808,1.5553342576398856
t2m_max_nov,Roque Perez,25.90042857142857,1.7147575212478294
t2m_max_nov,Rosario,28.48735483870968,1.30905527975255
t2m_max_nov,Rosario De La Frontera,29.977747474747474,1.3241331153456153
t2m_max_nov,Rosario De Lerma,21.64527777777778,1.2001561395332114
t2m_max_nov,Saavedra,25.05084259259259,1.514683248329154
t2m_max_nov,Saladas,29.914238095238098,1.5184380381504128
t2m_max_nov,Saladillo,25.743058823529413,1.5788864431856222
t2m_max_nov,Salliquelo,26.29117142857143,1.6171952731340902
t2m_max_nov,Salto,26.687636363636365,1.5577940719430177
t2m_max_nov,San Alberto,28.917080459770116,1.7448656396519124
t2m_max_nov,San Andres De Giles,26.59715625,1.5864851278281478
t2m_max_nov,San Antonio,21.542555555555555,1.2022571757866634
t2m_max_nov,San Antonio De Areco,26.82684375,1.5376175491605701
t2m_max_nov,San Cayetano,23.09268888888889,1.293108980224862
t2m_max_nov,San Cosme,30.673444444444442,1.99657469403393
t2m_max_nov,San Cristobal,30.124604166666668,1.2890945015632378
t2m_max_nov,San Fernando,30.463747474747475,1.8580251576126599
t2m_max_nov,San Ignacio,28.256333333333334,2.022657271273865
t2m_max_nov,San Javier,29.60067156862745,1.4673189089709475
t2m_max_nov,San Jeronimo,30.689058823529408,1.6861771567194077
t2m_max_nov,San Justo,28.65103149606299,1.668285351224266
t2m_max_nov,San Lorenzo,28.96925814536341,1.4963341904318879
t2m_max_nov,San Luis Del Palmar,30.575289855072466,1.9537968379241228
t2m_max_nov,San Martin,29.41635909090909,1.385712416744917
t2m_max_nov,San Miguel,30.154069444444445,2.052769278302761
t2m_max_nov,San Nicolas,28.077790476190476,1.5039300152454909
t2m_max_nov,San Pedro,28.078225287356325,1.7298449459187986
t2m_max_nov,San Roque,30.726698412698415,2.0212467382087667
t2m_max_nov,San Salvador,28.77304761904762,1.7007846849517854
t2m_max_nov,San Vicente,27.455349206349204,1.1889020260363032
t2m_max_nov,Santa Barbara,22.596078431372547,1.3100188089708478
t2m_max_nov,Santa Maria,28.601460784313726,1.505170437936208
t2m_max_nov,Santa Rosa,30.339104166666665,1.2566285680243432
t2m_max_nov,Santo Tome,30.017291666666665,1.335039496466529
t2m_max_nov,Sargento Cabral,30.305760416666665,1.6472320287436186
t2m_max_nov,Sarmiento,34.64556666666667,1.164648058679014
t2m_max_nov,Sauce,30.553151515151512,1.8116250319459755
t2m_max_nov,Silipica,34.830851851851854,1.0623009077427839
t2m_max_nov,Simoca,30.172666666666665,1.2837636693450083
t2m_max_nov,Sobremonte,28.58948611111111,1.730331947096194
t2m_max_nov,Suipacha,25.936066666666665,1.4581011043996028
t2m_max_nov,Tafi Del Valle,26.164246376811597,0.9949788293640929
t2m_max_nov,Tala,28.031735294117645,1.4615730646910479
t2m_max_nov,Tandil,23.824038095238095,1.5594979621438767
t2m_max_nov,Tapalque,25.630395833333335,1.642041913202359
t2m_max_nov,Tercero Arriba,28.29136274509804,1.6329471082579483
t2m_max_nov,Toay,27.755197916666667,1.6932891723548456
t2m_max_nov,Tordillo,26.487946666666666,1.4664011997125892
t2m_max_nov,Tornquist,25.088333333333335,1.5343911261298817
t2m_max_nov,Totoral,28.73989898989899,1.7545130091282701
t2m_max_nov,Trancas,30.059724137931035,1.2391394257388315
t2m_max_nov,Trenel,28.263527777777778,1.7387788533317423
t2m_max_nov,Trenque Lauquen,26.75075238095238,1.6349332407126906
t2m_max_nov,Tres Arroyos,23.678451612903228,1.5113562183935794
t2m_max_nov,Tres Lomas,27.59284057971015,1.7999595025454564
t2m_max_nov,Tulumba,28.747714285714284,1.7058092728800343
t2m_max_nov,Union,29.128525252525254,1.477605072477229
t2m_max_nov,Uruguay,29.393735294117647,1.35724535043429
t2m_max_nov,Utracan,27.57807843137255,1.6576852914979496
t2m_max_nov,Vera,30.89378787878788,1.8167983664383143
t2m_max_nov,Victoria,28.602737373737376,1.4368188936114115
t2m_max_nov,Villa Constitucion,28.031529411764705,1.6737275504842921
t2m_max_nov,Villaguay,28.100509803921568,1.5859181203368455
t2m_max_nov,Villarino,22.719823529411766,1.3230798328176256
t2m_max_nov,Zarate,26.156979166666666,1.44478741956179
t2m_max_dic,12 De Octubre,32.6603133640553,2.2449315318512704
t2m_max_dic,1° De Mayo,34.37203559510567,1.973194660670187
t2m_max_dic,2 De Abril,32.61980030721966,2.1366238977165226
t2m_max_dic,25 De Mayo,29.131052029136317,2.0767979812935384
t2m_max_dic,9 De Julio,28.883286222893517,1.9905478713072273
t2m_max_dic,Adolfo Alsina,28.40941935483871,1.8136212506381695
t2m_max_dic,Adolfo Gonzales Chaves,27.51737191650854,1.9288917931125935
t2m_max_dic,Aguirre,35.808760080645165,1.3834438483984366
t2m_max_dic,Alberdi,36.00641705069124,1.5131719002892292
t2m_max_dic,Alberti,25.549638318670578,1.3883237651698277
t2m_max_dic,Almirante Brown,34.93842396313364,1.870585914011153
t2m_max_dic,Anta,35.55821114369502,1.1798182094522147
t2m_max_dic,Apostoles,31.250374609781478,2.3366931923653214
t2m_max_dic,Arrecifes,30.522770398481974,2.053486347939203
t2m_max_dic,Atreuco,30.57524926686217,2.0924534844913976
t2m_max_dic,Avellaneda,36.3474623655914,1.6299562596749344
t2m_max_dic,Ayacucho,28.855803464755077,1.813460024279595
t2m_max_dic,Azul,28.36758064516129,1.9720537046489093
t2m_max_dic,Balcarce,27.341013824884794,1.7537624907914355
t2m_max_dic,Banda,36.09031017369727,1.4771217829097465
t2m_max_dic,Baradero,30.258377321603128,1.9851010749750557
t2m_max_dic,Belgrano,31.750272568142037,2.0002453338120953
t2m_max_dic,Bella Vista,33.13436081242533,2.5501851877615507
t2m_max_dic,Benito Juarez,27.842805474095794,1.7607038646197415
t2m_max_dic,Bermejo,32.57247311827957,2.0445701210859846
t2m_max_dic,Beron De Astrada,33.08449715370019,2.5655453667814743
t2m_max_dic,Bolivar,25.561261859582544,1.3686663113449513
t2m_max_dic,Bragado,29.11027514231499,1.987374077927034
t2m_max_dic,Brandsen,28.70024577572965,1.7922550828627792
t2m_max_dic,Burruyacu,30.843704115684094,1.4542512215180796
t2m_max_dic,Cachi,20.365332068311194,1.4999723814559671
t2m_max_dic,Cainguas,30.288792924037462,2.3995968457893455
t2m_max_dic,Calamuchita,30.475234131113424,1.6761495084085347
t2m_max_dic,Campana,29.715464895635677,2.0048080414222516
t2m_max_dic,Candelaria,30.883763440860214,2.4563961557115865
t2m_max_dic,Canuelas,29.39491935483871,2.092469783350088
t2m_max_dic,Capayan,36.584560117302054,1.0023766628556827
t2m_max_dic,Capital,31.453088335374982,2.1517308324735027
t2m_max_dic,Capitan Sarmiento,30.522770398481974,2.053486347939203
t2m_max_dic,Carlos Casares,29.054709677419353,1.9457219183214154
t2m_max_dic,Carlos Tejedor,30.52873814041746,2.107033509042473
t2m_max_dic,Carmen De Areco,29.79741935483871,2.1436423154427318
t2m_max_dic,Caseros,31.088558467741937,2.038698097584929
t2m_max_dic,Castellanos,32.21615835777126,2.0230504328547534
t2m_max_dic,Castelli,27.321760368663593,1.6021380121864583
t2m_max_dic,Catrilo,30.402976958525343,1.9810619073485496
t2m_max_dic,Cerrillos,24.463167155425218,1.0571515824879725
t2m_max_dic,Chacabuco,29.74653225806452,1.9759873539340604
t2m_max_dic,Chapaleufu,30.588306451612905,2.198831304881908
t2m_max_dic,Chascomus,29.377817836812145,2.0564549457490466
t2m_max_dic,Chicoana,24.402714126807563,1.1063882386938562
t2m_max_dic,Chivilcoy,29.122150537634408,2.11717531616354
t2m_max_dic,Choya,34.679020737327185,1.4275724518999706
t2m_max_dic,Colon,30.169859503203327,1.9484694335982444
t2m_max_dic,Comandante Fernandez,33.74913978494624,2.09207637783263
t2m_max_dic,Concepcion,32.986098884534215,2.4549430103228915
t2m_max_dic,Concordia,31.555711574952564,2.1901575677125704
t2m_max_dic,Conhelo,30.89269713261649,2.242575850133516
t2m_max_dic,Copo,35.982341696535244,1.5365222175532505
t2m_max_dic,Coronel Dorrego,28.44102466793169,1.7998478100427449
t2m_max_dic,Coronel Pringles,28.334047192353644,1.9054120953135405
t2m_max_dic,Coronel Suarez,28.220189753320682,1.9194723345057227
t2m_max_dic,Cruz Alta,34.551635944700465,1.5523828245724711
t2m_max_dic,Curuzu Cuatia,33.12517595307918,2.429025863720024
t2m_max_dic,Daireaux,29.190470046082947,2.067903813511604
t2m_max_dic,Diamante,31.486062618595824,1.8527411945456893
t2m_max_dic,Dolores,28.558602150537634,1.8248814118860175
t2m_max_dic,Dr. Manuel Belgrano,19.68337941628264,1.3431665360596603
t2m_max_dic,El Alto,31.697550403225804,1.1548921701488162
t2m_max_dic,El Carmen,31.95180107526882,1.3195453748483355
t2m_max_dic,Eldorado,29.356817204301073,2.1188120805362747
t2m_max_dic,Empedrado,32.878246844319776,2.53958881890082
t2m_max_dic,Esquina,33.20494623655914,2.2859156398094895
t2m_max_dic,Exaltacion De La Cruz,29.198135080645162,2.098133870740382
t2m_max_dic,Federacion,31.765929791271347,2.195682154669024
t2m_max_dic,Federal,32.484165085388994,2.2019776005755416
t2m_max_dic,Feliciano,32.00092864125122,1.8418098277106294
t2m_max_dic,Figueroa,34.63747028862479,1.8822789593922356
t2m_max_dic,Florentino Ameghino,30.84637480798771,2.1203339416193265
t2m_max_dic,Formosa,33.865791788856306,2.441294754442041
t2m_max_dic,Fray Justo Santa Maria De Oro,33.991242884250475,2.08287232960628
t2m_max_dic,Garay,31.790889877641824,1.9109338769204023
t2m_max_dic,General Alvarado,28.474811059907836,1.8386415020674864
t2m_max_dic,General Alvear,29.577311827956986,2.048643814346712
t2m_max_dic,General Arenales,29.19909090909091,1.8804605769236729
t2m_max_dic,General Belgrano,29.96422438330171,2.0300180899891975
t2m_max_dic,General Donovan,34.15991935483871,2.044722479721232
t2m_max_dic,General Guemes,30.96381544156531,1.3138471095401998
t2m_max_dic,General Guido,28.670511679644047,1.8539334126493179
t2m_max_dic,General Jose De San Martin,24.556350230414747,1.1075980881854768
t2m_max_dic,General Juan Madariaga,24.526176470588236,1.472983189357141
t2m_max_dic,General La Madrid,28.38148387096774,2.0528029635952127
t2m_max_dic,General Las Heras,29.954875930521094,2.1087542822502647
t2m_max_dic,General Lavalle,25.49083632019116,1.5668818400078486
t2m_max_dic,General Lopez,30.005692599620495,1.9137149299824694
t2m_max_dic,General Manuel Belgrano,30.149375650364203,2.2173633865554505
t2m_max_dic,General Obligado,33.37274193548387,2.382606613213015
t2m_max_dic,General Paz,28.749304915514593,2.0370316852757373
t2m_max_dic,General Pedernera,31.188924731182794,1.8138089696766695
t2m_max_dic,General Pinto,29.731945259042032,2.061503756941969
t2m_max_dic,General Pueyrredon,22.5092534562212,1.3048378248764496
t2m_max_dic,General Roca,31.446166982922204,1.9394685599704142
t2m_max_dic,General Rodriguez,29.756082949308755,2.075872168340887
t2m_max_dic,General San Martin,31.503000977517104,1.557410210582738
t2m_max_dic,General Taboada,35.964397849462365,1.6464617937313017
t2m_max_dic,General Viamonte,25.5889400921659,1.358294856611282
t2m_max_dic,General Villegas,30.268501560874093,2.096279267557641
t2m_max_dic,Gobernador Dupuy,31.393187096774195,1.922618834686018
t2m_max_dic,Goya,33.42725806451613,2.5796786069158775
t2m_max_dic,Graneros,30.97722350230415,1.2899591583167056
t2m_max_dic,Gualeguay,31.633685239491694,1.9634063272191515
t2m_max_dic,Gualeguaychu,31.046793743890518,2.240419011573642
t2m_max_dic,Guamini,29.46011385199241,2.002942948569051
t2m_max_dic,Guarani,29.99186705767351,2.3652978944599736
t2m_max_dic,Guasayan,34.579354838709676,1.4174028855597343
t2m_max_dic,Guatrache,30.710887096774194,1.9328241072515346
t2m_max_dic,Hipolito Yrigoyen,28.43251612903226,1.9804532767752607
t2m_max_dic,Hucal,30.794642857142858,1.9896638202711439
t2m_max_dic,Iguazu,31.418064516129032,2.256049008331085
t2m_max_dic,Independencia,32.63101254480287,2.2196019958733357
t2m_max_dic,Iriondo,31.156309297912713,1.9985043712298887
t2m_max_dic,Ischilin,30.21253176930596,1.8072126207404469
t2m_max_dic,Itati,33.32997419354839,2.600906692941948
t2m_max_dic,Ituzaingo,31.861598877980363,2.003123947236479
t2m_max_dic,Jimenez,35.87559139784946,1.4837569246282807
t2m_max_dic,Juan F. Ibarra,36.041774193548385,1.5402473737949918
t2m_max_dic,Juan Martin De Pueyrredon,31.242768817204304,1.7049168629139047
t2m_max_dic,Juarez Celman,31.286992715920913,1.5850007476373886
t2m_max_dic,Junin,29.43006684103458,1.9379536818085572
t2m_max_dic,La Caldera,21.119690322580645,0.9865603182437083
t2m_max_dic,La Candelaria,29.8966862170088,1.2978664185220719
t2m_max_dic,La Capital,31.548529411764708,1.9187710131577667
t2m_max_dic,La Cocha,29.919278937381403,1.1766447160649403
t2m_max_dic,La Paz,32.8341642228739,2.0168903439436052
t2m_max_dic,La Plata,28.488612903225807,1.546343855965694
t2m_max_dic,La Vina,24.96710872162485,0.8728025865513368
t2m_max_dic,Laishi,33.54495755517827,2.2007179564328694
t2m_max_dic,Laprida,28.49281524926686,1.9164959059295936
t2m_max_dic,Las Colonias,32.21365591397849,1.9907803390615533
t2m_max_dic,Las Flores,29.777852822580645,1.9965872490853465
t2m_max_dic,Lavalle,33.97302945301543,2.374199663982167
t2m_max_dic,Leales,34.551635944700465,1.5523828245724711
t2m_max_dic,Leandro N. Alem,30.286599462365594,1.976118098174612
t2m_max_dic,Ledesma,30.303571428571427,1.2976683108129772
t2m_max_dic,Libertad,35.77397465437788,1.5164441601722431
t2m_max_dic,Libertador General San Martin,34.28568107613948,1.9024599934922886
t2m_max_dic,Lincoln,29.077331378299117,1.9146934726962386
t2m_max_dic,Loberia,22.409212523719162,1.18037892663266
t2m_max_dic,Lobos,29.438396584440227,2.2012544969250314
t2m_max_dic,Loreto,36.29769794721408,1.511902024269131
t2m_max_dic,Lujan,29.87544477028348,2.1044656274806437
t2m_max_dic,Magdalena,26.146390168970818,1.438240859602252
t2m_max_dic,Maipu,34.046411584647984,2.0015747528291543
t2m_max_dic,Mar Chiquita,26.770387096774193,1.679985057588245
t2m_max_dic,Maraco,30.68076164874552,2.106796852679819
t2m_max_dic,Marcos Juarez,31.10196394686907,1.8145608576959498
t2m_max_dic,Marcos Paz,29.79290322580645,2.181744017848399
t2m_max_dic,Mayor Luis J. Fontana,,
t2m_max_dic,Mburucuya,33.329789621318376,2.6356175563977136
t2m_max_dic,Mercedes,30.001052019761698,2.143313214345276
t2m_max_dic,Metan,30.73182424916574,1.116306192074144
t2m_max_dic,Mitre,36.25745730550285,1.6276635294393704
t2m_max_dic,Monte,29.73042396313364,2.155014478241117
t2m_max_dic,Monte Caseros,32.70181818181818,2.521256582720912
t2m_max_dic,Montecarlo,30.392569124423964,2.156459303178749
t2m_max_dic,Moreno,34.33174975562073,1.8883540735563753
t2m_max_dic,Navarro,29.451769305962852,2.225270035469202
t2m_max_dic,Necochea,24.383961693548386,1.495248186522766
t2m_max_dic,Nogoya,31.75926944971537,1.9842265189480413
t2m_max_dic,O'Higgins,32.70364976958525,2.2081678991511993
t2m_max_dic,Obera,29.77131182795699,2.1110731027997636
t2m_max_dic,Olavarria,28.79695992179863,2.102967733879724
t2m_max_dic,Oran,34.92774193548387,1.6746609954954577
t2m_max_dic,Palpala,31.77375212224109,1.2606660960726679
t2m_max_dic,Parana,32.09742913000978,1.8999032139022094
t2m_max_dic,Paso De Los Libres,32.12329493087558,2.5231869838535994
t2m_max_dic,Patagones,25.720477897252092,1.3364268957176888
t2m_max_dic,Patino,35.291064516129026,1.9943038993986848
t2m_max_dic,Pehuajo,29.702331797235022,2.0058216124213093
t2m_max_dic,Pellegrini,35.979918032786884,1.479535539804259
t2m_max_dic,Pergamino,30.203352883675464,1.9561939950516098
t2m_max_dic,Pila,29.816559139784946,1.9579745153495074
t2m_max_dic,Pilagas,34.41466129032258,2.542777289176484
t2m_max_dic,Pilar,29.68627471383975,2.117511033835786
t2m_max_dic,Pilcomayo,34.33351766513057,2.7659994343848435
t2m_max_dic,Pirane,33.8178955453149,2.03067406425675
t2m_max_dic,Pocho,31.9654110301769,1.750840267444942
t2m_max_dic,Presidencia De La Plaza,34.17796370967742,2.043434611258638
t2m_max_dic,Presidente Roque Saenz Pena,31.519475806451613,1.649459492511045
t2m_max_dic,Puan,29.671726755218216,2.055012416305375
t2m_max_dic,Quemu Quemu,30.72672043010753,2.2083090431567105
t2m_max_dic,Quitilipi,34.17796370967742,2.043434611258638
t2m_max_dic,Ramallo,31.167296015180266,1.8860128275480894
t2m_max_dic,Rancul,31.44741039426523,2.201008390174246
t2m_max_dic,Rauch,28.34316129032258,1.9680291696292194
t2m_max_dic,Realico,31.42463818657367,2.174639609368786
t2m_max_dic,Rio Cuarto,30.166647116324537,1.5908352326306427
t2m_max_dic,Rio Hondo,36.022916129032254,1.4215975789156279
t2m_max_dic,Rio Primero,31.70647926267281,1.8179310195839815
t2m_max_dic,Rio Seco,27.667556207233627,1.7361726733553677
t2m_max_dic,Rio Segundo,31.805669599217985,1.8210077766219395
t2m_max_dic,Rivadavia,29.631361713379167,2.0503364642515427
t2m_max_dic,Robles,36.00624516129032,1.6415575089380459
t2m_max_dic,Rojas,30.316500488758553,2.070076265770345
t2m_max_dic,Roque Perez,29.556442396313365,2.1555841273471765
t2m_max_dic,Rosario,31.38477627471384,1.9177254553482261
t2m_max_dic,Rosario De La Frontera,29.973000977517106,1.263985139103053
t2m_max_dic,Rosario De Lerma,21.266451612903225,1.1154691092719675
t2m_max_dic,Saavedra,29.012634408602153,1.8479910120011533
t2m_max_dic,Saladas,32.77290322580645,2.3982146164749603
t2m_max_dic,Saladillo,29.049943074003796,2.1331880771365963
t2m_max_dic,Salliquelo,29.81824884792627,1.969205776917431
t2m_max_dic,Salto,29.852453567937438,2.1357707601660927
t2m_max_dic,San Alberto,30.409577308120134,1.6274465890023437
t2m_max_dic,San Andres De Giles,29.990403225806453,2.1813915162110202
t2m_max_dic,San Antonio,21.171774193548387,0.9344247110967876
t2m_max_dic,San Antonio De Areco,30.195584677419355,1.983287604792225
t2m_max_dic,San Cayetano,26.179387096774192,1.7398302759998134
t2m_max_dic,San Cosme,32.871008064516126,2.4069862769178725
t2m_max_dic,San Cristobal,32.379707661290325,2.0787921720948153
t2m_max_dic,San Fernando,32.765933528836754,2.2538530209471244
t2m_max_dic,San Ignacio,30.75250780437045,2.457012463187197
t2m_max_dic,San Javier,31.957579459203036,1.8763137769499072
t2m_max_dic,San Jeronimo,33.4423908918406,2.387559085925354
t2m_max_dic,San Justo,30.126715773431545,1.7623611196578466
t2m_max_dic,San Lorenzo,31.733652680087317,1.8396863222931146
t2m_max_dic,San Luis Del Palmar,32.78772791023843,2.4553891631404787
t2m_max_dic,San Martin,32.28872727272727,1.8578720657443035
t2m_max_dic,San Miguel,32.926787634408605,2.6044237603296008
t2m_max_dic,San Nicolas,31.27624884792627,1.9666978987313477
t2m_max_dic,San Pedro,31.48560734149055,1.9271479377151848
t2m_max_dic,San Roque,33.318264208909376,2.5648853872444706
t2m_max_dic,San Salvador,32.20304147465438,2.385195281541111
t2m_max_dic,San Vicente,30.502872503840248,1.933073953722266
t2m_max_dic,Santa Barbara,22.339905123339662,0.9826813843652223
t2m_max_dic,Santa Maria,30.219990512333965,1.7501410126217705
t2m_max_dic,Santa Rosa,31.569022177419356,1.1080334526614921
t2m_max_dic,Santo Tome,33.08915322580645,1.8067083388315357
t2m_max_dic,Sargento Cabral,32.60300403225806,2.0831328148833013
t2m_max_dic,Sarmiento,36.24620967741935,1.5831261630592024
t2m_max_dic,Sauce,33.60686217008798,2.1101052431987695
t2m_max_dic,Silipica,36.469086021505376,1.5302427623731194
t2m_max_dic,Simoca,30.789870967741937,1.2492781551853605
t2m_max_dic,Sobremonte,30.144247311827957,1.6039827840532799
t2m_max_dic,Suipacha,29.148956989247313,2.1869468510591634
t2m_max_dic,Tafi Del Valle,26.772538569424963,1.104371523136066
t2m_max_dic,Tala,31.65043643263757,2.2533065189256694
t2m_max_dic,Tandil,27.5384331797235,1.9320627736806266
t2m_max_dic,Tapalque,29.339475806451613,2.037874064368429
t2m_max_dic,Tercero Arriba,29.95029411764706,1.6918605849598822
t2m_max_dic,Toay,31.35640120967742,2.220716072317739
t2m_max_dic,Tordillo,30.256916129032255,1.8017027973067867
t2m_max_dic,Tornquist,29.11892789373814,1.8413231494644178
t2m_max_dic,Totoral,30.160048875855328,1.731550119876916
t2m_max_dic,Trancas,30.053036707452723,1.3004709513811017
t2m_max_dic,Trenel,31.35664874551971,2.1997433195907887
t2m_max_dic,Trenque Lauquen,30.080470046082947,2.0287236808324725
t2m_max_dic,Tres Arroyos,26.983028095733612,1.7465155631713438
t2m_max_dic,Tres Lomas,30.69206171107994,2.0171446397739343
t2m_max_dic,Tulumba,30.208092165898616,1.7292200299698406
t2m_max_dic,Union,31.474956011730207,1.6277907014589204
t2m_max_dic,Uruguay,32.11777988614801,1.8746548052768202
t2m_max_dic,Utracan,30.42406072106262,2.125620823715928
t2m_max_dic,Vera,33.25281524926686,2.419887753501571
t2m_max_dic,Victoria,31.50991202346041,1.9444738565423911
t2m_max_dic,Villa Constitucion,30.840009487666034,1.9785229260034636
t2m_max_dic,Villaguay,31.76446869070209,2.296897768063419
t2m_max_dic,Villarino,25.58513282732448,1.3477983564771472
t2m_max_dic,Zarate,29.589435483870968,1.9954941421959589
t2m_max_ene,12 De Octubre,33.954626728110604,1.6777002245200738
t2m_max_ene,1° De Mayo,35.593348164627365,1.4636819840058175
t2m_max_ene,2 De Abril,33.9178955453149,1.623614467736846
t2m_max_ene,25 De Mayo,31.140959417273674,1.6864657948120367
t2m_max_ene,9 De Julio,30.48198834825763,1.5910598180163347
t2m_max_ene,Adolfo Alsina,30.531336405529952,1.346286762326376
t2m_max_ene,Adolfo Gonzales Chaves,29.58834914611006,1.4857085900666505
t2m_max_ene,Aguirre,35.09698588709677,1.4774768666115865
t2m_max_ene,Alberdi,35.928467741935485,1.3981563865554023
t2m_max_ene,Alberti,27.297644183773215,0.9725750898735602
t2m_max_ene,Almirante Brown,35.71162211981567,1.6043142210951211
t2m_max_ene,Anta,34.29036168132942,1.5452841151718157
t2m_max_ene,Apostoles,32.691415192507804,2.1005102359468557
t2m_max_ene,Arrecifes,32.166783681214426,1.51462701015264
t2m_max_ene,Atreuco,32.16881720430107,1.3503355309771035
t2m_max_ene,Avellaneda,35.84045161290323,1.3744405610842623
t2m_max_ene,Ayacucho,30.89715651135006,1.2928163015718903
t2m_max_ene,Azul,30.453036053130933,1.205232579765475
t2m_max_ene,Balcarce,29.165290322580645,1.3708818952919324
t2m_max_ene,Banda,35.51292803970223,1.227440747295505
t2m_max_ene,Baradero,32.10854349951124,1.4769532828589191
t2m_max_ene,Belgrano,33.27878969742436,1.4715402194881484
t2m_max_ene,Bella Vista,34.19033452807646,2.054327691172705
t2m_max_ene,Benito Juarez,29.907996089931576,1.3097398551917394
t2m_max_ene,Bermejo,33.925548387096775,1.565811024283005
t2m_max_ene,Beron De Astrada,34.445996204933586,1.6599411921604657
t2m_max_ene,Bolivar,27.330673624288426,0.9702966941898536
t2m_max_ene,Bragado,30.551290322580645,1.5508609514276692
t2m_max_ene,Brandsen,30.629185867895547,1.0135569167576435
t2m_max_ene,Burruyacu,29.519454949944386,1.2329791786555557
t2m_max_ene,Cachi,18.55349146110057,1.054763476621242
t2m_max_ene,Cainguas,31.422393340270553,2.0458455145492476
t2m_max_ene,Calamuchita,30.504547346514048,1.2231828554991635
t2m_max_ene,Campana,31.68699240986717,1.45514967366442
t2m_max_ene,Candelaria,32.22767350928641,2.1457887251791545
t2m_max_ene,Canuelas,31.564133064516128,1.4550824681119439
t2m_max_ene,Capayan,36.30535190615836,1.2121540470645156
t2m_max_ene,Capital,32.81162311147407,1.4375611055586277
t2m_max_ene,Capitan Sarmiento,32.166783681214426,1.51462701015264
t2m_max_ene,Carlos Casares,30.640387096774194,1.5304206376518916
t2m_max_ene,Carlos Tejedor,32.14249525616698,1.5947836271178015
t2m_max_ene,Carmen De Areco,31.489889112903228,1.4727775086798902
t2m_max_ene,Caseros,32.732298387096776,1.609761803918614
t2m_max_ene,Castellanos,33.5036559139785,1.4242309265787547
t2m_max_ene,Castelli,29.187981566820277,1.1497927412704307
t2m_max_ene,Catrilo,31.898525345622122,1.4986890300363813
t2m_max_ene,Cerrillos,23.40124144672532,1.0167004157763113
t2m_max_ene,Chacabuco,31.153817204301074,1.6453720890101924
t2m_max_ene,Chapaleufu,31.812786738351253,1.9773441985894677
t2m_max_ene,Chascomus,31.546299810246676,1.4078011525008696
t2m_max_ene,Chicoana,23.426963292547274,1.0773344895977726
t2m_max_ene,Chivilcoy,30.84765395894428,1.511909502968356
t2m_max_ene,Choya,34.15085253456221,1.2642945250384525
t2m_max_ene,Colon,31.624438574800493,1.6477466544817767
t2m_max_ene,Comandante Fernandez,34.94083333333333,1.5827848949355345
t2m_max_ene,Concepcion,34.05786252637926,1.9636792981753484
t2m_max_ene,Concordia,33.332874762808345,1.9868433658727074
t2m_max_ene,Conhelo,32.403378136200715,1.7603537025934999
t2m_max_ene,Copo,35.93189964157706,1.4246701436742837
t2m_max_ene,Coronel Dorrego,30.47872865275142,1.2944277461947156
t2m_max_ene,Coronel Pringles,30.03801971326165,1.250941475869947
t2m_max_ene,Coronel Suarez,29.92756166982922,1.3094522970570823
t2m_max_ene,Cruz Alta,33.179101382488476,1.5061506005747534
t2m_max_ene,Curuzu Cuatia,34.435087976539585,2.2368475700194885
t2m_max_ene,Daireaux,30.740156682027653,1.432966785290497
t2m_max_ene,Diamante,33.23630929791271,1.581965447339286
t2m_max_ene,Dolores,30.551730205278595,1.2309012855969073
t2m_max_ene,Dr. Manuel Belgrano,18.43937019969278,1.055815378357296
t2m_max_ene,El Alto,31.4684375,1.2416173926991931
t2m_max_ene,El Carmen,30.229578853046593,1.3685156294007186
t2m_max_ene,Eldorado,30.08579569892473,1.7562763885287147
t2m_max_ene,Empedrado,34.18842917251052,1.930365672360056
t2m_max_ene,Esquina,34.48159946236559,1.9010529148435649
t2m_max_ene,Exaltacion De La Cruz,31.238961693548386,1.490690639611129
t2m_max_ene,Federacion,33.42739089184061,2.0475089063036562
t2m_max_ene,Federal,34.05473434535105,2.0711228152910746
t2m_max_ene,Feliciano,33.72620723362659,1.4849751655811307
t2m_max_ene,Figueroa,35.021222410865875,1.378740184035398
t2m_max_ene,Florentino Ameghino,32.16456221198157,1.6819276058247337
t2m_max_ene,Formosa,35.38101173020528,1.6261247442053488
t2m_max_ene,Fray Justo Santa Maria De Oro,35.00734345351044,1.6647169153391623
t2m_max_ene,Garay,33.29133481646274,1.5715343860305528
t2m_max_ene,General Alvarado,30.49616589861751,1.3255504048091549
t2m_max_ene,General Alvear,31.73368523949169,1.5738432235749245
t2m_max_ene,General Arenales,30.597341153470186,1.6217696881409944
t2m_max_ene,General Belgrano,32.03718927893738,1.4295544261002642
t2m_max_ene,General Donovan,35.54971198156682,1.4661408661851356
t2m_max_ene,General Guemes,29.18734267583289,1.2890130024971036
t2m_max_ene,General Guido,30.840889877641825,1.2011908504925706
t2m_max_ene,General Jose De San Martin,23.367391705069124,0.9965988017470637
t2m_max_ene,General Juan Madariaga,26.392058823529414,1.0864795362571507
t2m_max_ene,General La Madrid,30.271345622119817,1.3134728901465742
t2m_max_ene,General Las Heras,31.947679900744415,1.6603785735320031
t2m_max_ene,General Lavalle,27.347598566308243,1.0415368155144527
t2m_max_ene,General Lopez,31.255284629981027,1.7061871195435332
t2m_max_ene,General Manuel Belgrano,30.64281997918835,1.831774175024909
t2m_max_ene,General Obligado,34.57160341555977,2.0589787381699884
t2m_max_ene,General Paz,30.891190476190477,1.3928486056041571
t2m_max_ene,General Pedernera,31.898104838709674,1.3881118250620432
t2m_max_ene,General Pinto,31.18307917888563,1.5317123902955798
t2m_max_ene,General Pueyrredon,24.39524423963134,1.0024878135844058
t2m_max_ene,General Roca,33.02539848197343,1.3678110822559446
t2m_max_ene,General Rodriguez,31.604032258064514,1.566390955633758
t2m_max_ene,General San Martin,32.60649071358749,1.1823207244693492
t2m_max_ene,General Taboada,35.90691397849462,1.584723398095711
t2m_max_ene,General Viamonte,27.329557603686634,0.9559439347069255
t2m_max_ene,General Villegas,31.58021852237253,1.865340860845296
t2m_max_ene,Gobernador Dupuy,32.27867096774194,1.3106668600777776
t2m_max_ene,Goya,34.69599706744868,2.073255871310676
t2m_max_ene,Graneros,29.785829493087558,1.2786579742827682
t2m_max_ene,Gualeguay,33.5166568914956,1.8245008704401524
t2m_max_ene,Gualeguaychu,33.08298142717498,1.9853696198724242
t2m_max_ene,Guamini,31.121717267552185,1.4256653321187611
t2m_max_ene,Guarani,31.208416422287392,1.9461347006095109
t2m_max_ene,Guasayan,33.808571428571426,1.3399853070195453
t2m_max_ene,Guatrache,32.18141129032258,1.4067493330414458
t2m_max_ene,Hipolito Yrigoyen,30.54640552995392,1.3095753274882753
t2m_max_ene,Hucal,32.41792626728111,1.1927868875250478
t2m_max_ene,Iguazu,31.726129032258065,1.9370202683360083
t2m_max_ene,Independencia,33.88164874551971,1.7105516550623994
t2m_max_ene,Iriondo,32.722827324478175,1.587563642914155
t2m_max_ene,Ischilin,30.574144672531766,1.3252473340346105
t2m_max_ene,Itati,34.58957419354839,1.7261581661505296
t2m_max_ene,Ituzaingo,33.34948106591865,1.5046106440635114
t2m_max_ene,Jimenez,34.83849462365591,1.2834806381972546
t2m_max_ene,Juan F. Ibarra,35.90557603686636,1.4049603552059715
t2m_max_ene,Juan Martin De Pueyrredon,31.88793010752688,1.3307266868362884
t2m_max_ene,Juarez Celman,32.46115504682622,1.443225865993225
t2m_max_ene,Junin,30.752885789014822,1.62007664734564
t2m_max_ene,La Caldera,20.198774193548385,0.7842634587539643
t2m_max_ene,La Candelaria,28.53567937438905,1.1097509409820865
t2m_max_ene,La Capital,33.26148007590133,1.55007847324481
t2m_max_ene,La Cocha,28.913624288425048,1.2353557771201567
t2m_max_ene,La Paz,34.27648093841643,1.9409402396290756
t2m_max_ene,La Plata,30.62556451612903,1.0397480593349764
t2m_max_ene,La Vina,24.175483870967742,0.915453111012868
t2m_max_ene,Laishi,35.24263157894737,1.5346468505014228
t2m_max_ene,Laprida,30.50379276637341,1.182394672140807
t2m_max_ene,Las Colonias,33.91617790811339,1.5008242556734859
t2m_max_ene,Las Flores,31.872852822580647,1.571288418318176
t2m_max_ene,Lavalle,34.72199158485274,2.1010779194351
t2m_max_ene,Leales,33.179101382488476,1.5061506005747534
t2m_max_ene,Leandro N. Alem,31.735826612903224,1.6591081058561832
t2m_max_ene,Ledesma,29.10754608294931,1.3055295486179577
t2m_max_ene,Libertad,36.38126728110599,1.2557332409370547
t2m_max_ene,Libertador General San Martin,35.18421052631579,1.3873976214094645
t2m_max_ene,Lincoln,30.466617790811338,1.50916598364426
t2m_max_ene,Loberia,24.360360531309297,0.995768361171028
t2m_max_ene,Lobos,31.460464895635678,1.7100289927736205
t2m_max_ene,Loreto,35.94299120234604,1.2388161123860957
t2m_max_ene,Lujan,31.831730205278593,1.5824376805629297
t2m_max_ene,Magdalena,27.96500768049155,0.6663062298024418
t2m_max_ene,Maipu,35.05671532846715,1.542598512413705
t2m_max_ene,Mar Chiquita,28.649170506912444,1.2197977275799887
t2m_max_ene,Maraco,32.130967741935486,1.3030372222909758
t2m_max_ene,Marcos Juarez,32.51133776091081,1.3420911658988217
t2m_max_ene,Marcos Paz,31.944119106699752,1.6036603689822433
t2m_max_ene,Mayor Luis J. Fontana,,
t2m_max_ene,Mburucuya,34.44339410939691,2.0833772121197813
t2m_max_ene,Mercedes,31.81758209822726,1.5067431919831566
t2m_max_ene,Metan,29.006985539488323,1.1461584750189453
t2m_max_ene,Mitre,35.84895635673624,1.301196447394241
t2m_max_ene,Monte,32.031364055299534,1.6257008076985657
t2m_max_ene,Monte Caseros,33.86010263929619,2.1870412459960282
t2m_max_ene,Montecarlo,31.22660138248848,1.9866687433345347
t2m_max_ene,Moreno,34.857174975562074,1.5907157181705167
t2m_max_ene,Navarro,31.385347018572826,1.735933257844713
t2m_max_ene,Necochea,26.589233870967742,1.2162511296792737
t2m_max_ene,Nogoya,33.554734345351044,1.8463465280545746
t2m_max_ene,O'Higgins,33.90358525345622,1.7303792399943785
t2m_max_ene,Obera,31.0939247311828,1.8818981626429923
t2m_max_ene,Olavarria,30.838914956011727,1.3404740554768257
t2m_max_ene,Oran,33.52463709677419,1.7485384100578842
t2m_max_ene,Palpala,30.433293718166386,1.3172030264595431
t2m_max_ene,Parana,33.78609970674487,1.5976301191709985
t2m_max_ene,Paso De Los Libres,33.30884792626728,2.200226703331808
t2m_max_ene,Patagones,27.42758661887694,0.9043643009565976
t2m_max_ene,Patino,36.164177419354836,1.8594608342669492
t2m_max_ene,Pehuajo,31.379483870967743,1.396501645692633
t2m_max_ene,Pellegrini,35.74451348492861,1.308236683460413
t2m_max_ene,Pergamino,31.811573802541545,1.5902670824690583
t2m_max_ene,Pila,31.812602150537636,1.290478775121727
t2m_max_ene,Pilagas,35.662193548387094,1.737774592870509
t2m_max_ene,Pilar,31.511935483870968,1.5417632985249257
t2m_max_ene,Pilcomayo,35.86333333333333,1.854448419901247
t2m_max_ene,Pirane,34.97937019969278,1.668198918722387
t2m_max_ene,Pocho,32.455359001040584,1.2395123818229767
t2m_max_ene,Presidencia De La Plaza,35.44415322580645,1.4101973999137534
t2m_max_ene,Presidente Roque Saenz Pena,32.55529233870968,1.1627606885831123
t2m_max_ene,Puan,31.55473434535104,1.5065614837463286
t2m_max_ene,Quemu Quemu,32.08363799283154,1.7038310990003336
t2m_max_ene,Quitilipi,35.44415322580645,1.4101973999137534
t2m_max_ene,Ramallo,32.90604364326376,1.548430594266889
t2m_max_ene,Rancul,32.51630824372759,1.9024467755695806
t2m_max_ene,Rauch,30.45515207373272,1.2521127312528235
t2m_max_ene,Realico,32.558160418483,1.8930337785470779
t2m_max_ene,Rio Cuarto,30.900146627565984,1.5050747815792644
t2m_max_ene,Rio Hondo,35.6233935483871,1.1824219074076678
t2m_max_ene,Rio Primero,32.37138248847926,1.254414452875896
t2m_max_ene,Rio Seco,28.228533724340174,1.3263619997336102
t2m_max_ene,Rio Segundo,33.43876832844575,1.33252856802018
t2m_max_ene,Rivadavia,31.53671866737176,1.4269108367918466
t2m_max_ene,Robles,35.54987096774194,1.4522311168640025
t2m_max_ene,Rojas,31.82120234604105,1.6591341125221295
t2m_max_ene,Roque Perez,31.784009216589862,1.6415511572619434
t2m_max_ene,Rosario,33.080520291363165,1.5017776902233961
t2m_max_ene,Rosario De La Frontera,28.579511241446724,1.1639338865930493
t2m_max_ene,Rosario De Lerma,20.295376344086023,0.9457904086906828
t2m_max_ene,Saavedra,30.668485663082436,1.1835102548689973
t2m_max_ene,Saladas,33.884078341013826,2.109355958568362
t2m_max_ene,Saladillo,31.041878557874764,1.739342187269233
t2m_max_ene,Salliquelo,31.425944700460832,1.4733169726552904
t2m_max_ene,Salto,31.50620723362659,1.5230107674615239
t2m_max_ene,San Alberto,30.84273637374861,1.3185092149388906
t2m_max_ene,San Andres De Giles,31.761743951612903,1.5479513388290338
t2m_max_ene,San Antonio,20.17221505376344,0.7851251986906915
t2m_max_ene,San Antonio De Areco,32.02961693548387,1.4281305504416466
t2m_max_ene,San Cayetano,28.41325806451613,1.5020001695444047
t2m_max_ene,San Cosme,34.120551075268814,1.7329314183024955
t2m_max_ene,San Cristobal,33.90654233870968,1.7151407931166032
t2m_max_ene,San Fernando,34.01538611925709,1.7189287348837516
t2m_max_ene,San Ignacio,32.14534859521332,2.20215897245244
t2m_max_ene,San Javier,33.11584914611006,1.6420496560409659
t2m_max_ene,San Jeronimo,34.42325426944972,1.9531513714526372
t2m_max_ene,San Justo,30.609133858267718,1.2779949825270323
t2m_max_ene,San Lorenzo,33.41907591559544,1.5915151013491116
t2m_max_ene,San Luis Del Palmar,34.099607293127626,1.7659240201757807
t2m_max_ene,San Martin,33.8980146627566,1.472808774682729
t2m_max_ene,San Miguel,34.112284946236564,2.020651931900538
t2m_max_ene,San Nicolas,32.91945622119816,1.5275519515319054
t2m_max_ene,San Pedro,33.21379532814238,1.5579997957594554
t2m_max_ene,San Roque,34.44024577572965,1.9544828003077634
t2m_max_ene,San Salvador,33.84126728110599,2.063963304024559
t2m_max_ene,San Vicente,31.985161290322576,1.5242209145862071
t2m_max_ene,Santa Barbara,21.302428842504742,0.7509552383264979
t2m_max_ene,Santa Maria,30.543481973434535,1.2032073770452678
t2m_max_ene,Santa Rosa,31.44289314516129,1.2345380117584142
t2m_max_ene,Santo Tome,34.52868279569893,1.4601771793431684
t2m_max_ene,Sargento Cabral,33.8723185483871,1.5338792856792276
t2m_max_ene,Sarmiento,35.664258064516126,1.316175956252626
t2m_max_ene,Sauce,34.91985337243402,1.881995133059841
t2m_max_ene,Silipica,35.81007168458782,1.2988610826734643
t2m_max_ene,Simoca,29.62604301075269,1.3730883922085997
t2m_max_ene,Sobremonte,30.717782258064517,1.423288528664416
t2m_max_ene,Suipacha,30.899075268817207,1.5554500151410546
t2m_max_ene,Tafi Del Valle,25.675652173913043,1.001752521989025
t2m_max_ene,Tala,33.372011385199244,2.016101223751637
t2m_max_ene,Tandil,29.481032258064513,1.405817110066159
t2m_max_ene,Tapalque,31.351370967741936,1.328065280705627
t2m_max_ene,Tercero Arriba,30.48025616698292,1.3457536402370784
t2m_max_ene,Toay,32.74177419354839,1.521770997627073
t2m_max_ene,Tordillo,32.159987096774195,1.1943601405500435
t2m_max_ene,Tornquist,30.59465844402277,1.1764202410506206
t2m_max_ene,Totoral,30.632961876832844,1.3324839530013661
t2m_max_ene,Trancas,28.529132369299223,1.1270380614287556
t2m_max_ene,Trenel,32.60927419354839,1.7547406881254006
t2m_max_ene,Trenque Lauquen,31.77041474654378,1.4743329805291083
t2m_max_ene,Tres Arroyos,29.173100936524452,1.4767150823568072
t2m_max_ene,Tres Lomas,32.36461430575035,1.4455850781893878
t2m_max_ene,Tulumba,30.686396313364053,1.3113285982443104
t2m_max_ene,Union,32.500293255131965,1.2556326872907766
t2m_max_ene,Uruguay,33.818036053130925,1.5842201564293794
t2m_max_ene,Utracan,31.746138519924095,1.9926747121249575
t2m_max_ene,Vera,34.613685239491694,2.0765478678045084
t2m_max_ene,Victoria,33.11262952101662,1.5153254328828862
t2m_max_ene,Villa Constitucion,32.34567362428842,1.4747410405063528
t2m_max_ene,Villaguay,33.53020872865275,2.064879032257363
t2m_max_ene,Villarino,27.323462998102467,0.9670556553529275
t2m_max_ene,Zarate,31.544647177419353,1.3585029875888892
t2m_max_feb,12 De Octubre,32.6676572836031,1.7028806161267183
t2m_max_feb,1° De Mayo,33.82591175471378,2.0735975795191446
t2m_max_feb,2 De Abril,32.80518003753225,1.743172812861463
t2m_max_feb,25 De Mayo,29.31841109168918,1.471152422055409
t2m_max_feb,9 De Julio,28.697507825757455,1.271621873976147
t2m_max_feb,Adolfo Alsina,28.96127621393385,1.2434646580102149
t2m_max_feb,Adolfo Gonzales Chaves,27.852382280498404,1.4438570949370002
t2m_max_feb,Aguirre,33.713726908866995,2.1753609497237614
t2m_max_feb,Alberdi,34.32824463406052,1.8675620047483008
t2m_max_feb,Alberti,26.214484624570833,0.9649868565581007
t2m_max_feb,Almirante Brown,34.33792857142857,1.8220493630005283
t2m_max_feb,Anta,32.61781982385431,1.6352047571794432
t2m_max_feb,Apostoles,31.37081161608136,2.1861901843057248
t2m_max_feb,Arrecifes,30.01686250362214,1.3405586083193286
t2m_max_feb,Atreuco,30.481273324376776,1.698171998054716
t2m_max_feb,Avellaneda,34.494156814449916,2.0132441187746988
t2m_max_feb,Ayacucho,29.111828817733993,1.4844598682355343
t2m_max_feb,Azul,28.476202912199362,1.2996370839962537
t2m_max_feb,Balcarce,27.530555594651656,1.504661255769076
t2m_max_feb,Banda,33.79883241758242,1.642241736335945
t2m_max_feb,Baradero,30.08782654127482,1.3620272380946197
t2m_max_feb,Belgrano,30.911439836560128,1.863968820172983
t2m_max_feb,Bella Vista,32.107322112753145,1.8409266917319287
t2m_max_feb,Benito Juarez,28.073360203015376,1.3538956891098313
t2m_max_feb,Bermejo,32.5235316091954,1.7164831709703006
t2m_max_feb,Beron De Astrada,32.536279339321936,1.5174193213226048
t2m_max_feb,Bolivar,26.291097145754854,0.9895250223242462
t2m_max_feb,Bragado,28.666775934511733,1.1412576509534804
t2m_max_feb,Brandsen,29.00148604269294,1.2129553105368682
t2m_max_feb,Burruyacu,27.962890266689318,1.5778246981089756
t2m_max_feb,Cachi,18.1736974789916,1.363916260769117
t2m_max_feb,Cainguas,30.19155688860639,2.0033196820162424
t2m_max_feb,Calamuchita,29.050667805498172,1.4658972255988765
t2m_max_feb,Campana,29.835672993335265,1.445577845620971
t2m_max_feb,Candelaria,31.326618898343035,2.2773981683613735
t2m_max_feb,Canuelas,29.572260237068967,1.3880789269019407
t2m_max_feb,Capayan,34.78817678011644,1.4151971023058794
t2m_max_feb,Capital,31.144943827814846,1.730747299307855
t2m_max_feb,Capitan Sarmiento,30.01686250362214,1.3405586083193286
t2m_max_feb,Carlos Casares,28.86281351161154,1.2579806727384175
t2m_max_feb,Carlos Tejedor,30.47419878296146,1.7206195321169973
t2m_max_feb,Carmen De Areco,29.32303032635468,1.295908637301547
t2m_max_feb,Caseros,30.29444273399015,1.4213136659624037
t2m_max_feb,Castellanos,31.605060083594562,1.609139091716438
t2m_max_feb,Castelli,27.769001407459534,1.3731731124295896
t2m_max_feb,Catrilo,30.378918015482057,1.488310370322545
t2m_max_feb,Cerrillos,22.456412524257352,1.1019720077913329
t2m_max_feb,Chacabuco,29.11942066912972,1.4066381583442014
t2m_max_feb,Chapaleufu,30.36171216475096,1.9148161391865428
t2m_max_feb,Chascomus,29.665460373804695,1.3996999437243443
t2m_max_feb,Chicoana,22.486983183285204,1.1366586619016867
t2m_max_feb,Chivilcoy,28.924436109867145,1.1995521009448313
t2m_max_feb,Choya,32.433265745953555,1.6562075210406644
t2m_max_feb,Colon,29.60656764387841,1.4439879415866061
t2m_max_feb,Comandante Fernandez,33.66437055281883,2.055649326864149
t2m_max_feb,Concepcion,32.32439850835597,1.761233872159892
t2m_max_feb,Concordia,31.438518545349172,1.767960328657812
t2m_max_feb,Conhelo,30.893982279693482,1.8193700023327168
t2m_max_feb,Copo,34.29534893267652,1.8948531867471334
t2m_max_feb,Coronel Dorrego,28.770486453201972,1.4066597742153086
t2m_max_feb,Coronel Pringles,28.166577152891804,1.3254287523610038
t2m_max_feb,Coronel Suarez,28.27189329179948,1.265441521080953
t2m_max_feb,Cruz Alta,31.382390921885996,1.8709058391155342
t2m_max_feb,Curuzu Cuatia,31.643771271831614,2.083406837416074
t2m_max_feb,Daireaux,29.033320900774104,1.2554333127562576
t2m_max_feb,Diamante,31.13350441900898,1.4654336977012559
t2m_max_feb,Dolores,28.952723540826987,1.52878632604404
t2m_max_feb,Dr. Manuel Belgrano,18.001776331222146,1.17258188523856
t2m_max_feb,El Alto,29.907308728448275,1.4151728677672382
t2m_max_feb,El Carmen,28.723849206349207,1.6671681654208568
t2m_max_feb,Eldorado,29.507658456486045,2.3216872120025522
t2m_max_feb,Empedrado,31.96938584279289,1.6275441506606476
t2m_max_feb,Esquina,31.986472701149424,1.8696525506365205
t2m_max_feb,Exaltacion De La Cruz,29.39804802955665,1.4299913097708021
t2m_max_feb,Federacion,31.368508403361343,1.8240454779337238
t2m_max_feb,Federal,31.959357432628227,1.9087047300222695
t2m_max_feb,Feliciano,31.628168756530826,1.2767321469878645
t2m_max_feb,Figueroa,32.988796992481205,2.0470106149076397
t2m_max_feb,Florentino Ameghino,30.320256274923764,2.138035496842856
t2m_max_feb,Formosa,33.91712718316166,1.6397232251743945
t2m_max_feb,Fray Justo Santa Maria De Oro,33.588292161692266,1.9737924685620394
t2m_max_feb,Garay,30.846226006454902,1.5182623643328061
t2m_max_feb,General Alvarado,28.848563335679103,1.335267000757544
t2m_max_feb,General Alvear,29.646494252873563,1.6246407186450607
t2m_max_feb,General Arenales,28.81054746977161,1.3884370809092743
t2m_max_feb,General Belgrano,29.782423753984354,1.6403005738062062
t2m_max_feb,General Donovan,33.88414320900774,1.9885279586128126
t2m_max_feb,General Guemes,27.7732341718485,1.685305407478943
t2m_max_feb,General Guido,28.97556013249533,1.8053524486778394
t2m_max_feb,General Jose De San Martin,22.42913863476425,1.1014628219948608
t2m_max_feb,General Juan Madariaga,25.378749275572297,1.2356284321220403
t2m_max_feb,General La Madrid,28.515375791695988,1.3045963995261762
t2m_max_feb,General Las Heras,29.83416019325502,1.447987396073358
t2m_max_feb,General Lavalle,26.240053822295202,1.2825115573039467
t2m_max_feb,General Lopez,29.520628078817737,1.5878627554273879
t2m_max_feb,General Manuel Belgrano,29.596098442714126,1.8210668138068362
t2m_max_feb,General Obligado,32.89738409156766,1.9419945250215689
t2m_max_feb,General Paz,28.868247859488623,1.385754280070366
t2m_max_feb,General Pedernera,30.218175800492613,1.4184929428295177
t2m_max_feb,General Pinto,29.52766868189282,1.5477994624230655
t2m_max_feb,General Pueyrredon,23.671170654468686,1.0658406273787429
t2m_max_feb,General Roca,30.856081932773108,1.6259818887906374
t2m_max_feb,General Rodriguez,29.639831544686842,1.362455265514809
t2m_max_feb,General San Martin,30.662086132258548,1.2406771659665066
t2m_max_feb,General Taboada,34.32852586206897,1.800153615813461
t2m_max_feb,General Viamonte,26.2817554539057,0.9764298772968628
t2m_max_feb,General Villegas,30.312781264897502,2.0034478103352273
t2m_max_feb,Gobernador Dupuy,30.725956650246307,1.5130335004566375
t2m_max_feb,Goya,32.3507170846395,1.686485629606425
t2m_max_feb,Graneros,28.028494897959185,1.6411813215267872
t2m_max_feb,Gualeguay,31.37335012688461,1.6517388328515321
t2m_max_feb,Gualeguaychu,30.905709434243917,1.8110252211082192
t2m_max_feb,Guamini,29.482079831932776,1.3758927454810947
t2m_max_feb,Guarani,30.279880206000893,2.0810642425365957
t2m_max_feb,Guasayan,32.0687495601689,1.7219213699616518
t2m_max_feb,Guatrache,30.458584513546796,1.6875343905908848
t2m_max_feb,Hipolito Yrigoyen,28.539515482054888,1.3340447027111786
t2m_max_feb,Hucal,30.41721366995074,1.5747152159161788
t2m_max_feb,Iguazu,30.76729898299698,2.0469993191382723
t2m_max_feb,Independencia,32.64532156540778,1.6837193147631153
t2m_max_feb,Iriondo,30.402450014488554,1.5654889430177483
t2m_max_feb,Ischilin,29.127088744588747,1.5797295536445923
t2m_max_feb,Itati,32.628974876847295,1.714315268072325
t2m_max_feb,Ituzaingo,31.91605429428143,1.5801385823969138
t2m_max_feb,Jimenez,33.08076810800949,1.693315999133581
t2m_max_feb,Juan F. Ibarra,34.303790904292754,1.8599687507067861
t2m_max_feb,Juan Martin De Pueyrredon,30.141866276683086,1.4258274901951782
t2m_max_feb,Juarez Celman,30.716395201017004,1.509687606525767
t2m_max_feb,Junin,28.761254160564505,1.4195472644775253
t2m_max_feb,La Caldera,19.40443103448276,0.9796827682016261
t2m_max_feb,La Candelaria,26.996593521421108,1.4587662546856373
t2m_max_feb,La Capital,30.967923790205738,1.458152173749828
t2m_max_feb,La Cocha,27.601234424804403,1.5965000671429703
t2m_max_feb,La Paz,32.34313740856844,1.7726016022713942
t2m_max_feb,La Plata,29.167060344827586,0.9709185804038233
t2m_max_feb,La Vina,23.204970352125525,1.1768635405397998
t2m_max_feb,Laishi,33.73591845994296,1.5307204628361193
t2m_max_feb,Laprida,28.464295044036422,1.4299424500687734
t2m_max_feb,Las Colonias,31.6433105687416,1.4897133419052417
t2m_max_feb,Las Flores,29.53168680726601,1.5237357682070594
t2m_max_feb,Lavalle,32.463104519168986,2.0213656879758646
t2m_max_feb,Leales,31.382390921885996,1.8709058391155342
t2m_max_feb,Leandro N. Alem,29.615438731527092,1.4554660797478094
t2m_max_feb,Ledesma,27.601456280788177,1.6238507155811333
t2m_max_feb,Libertad,34.76038793103449,1.956788325807256
t2m_max_feb,Libertador General San Martin,33.835934115793464,1.687761024292924
t2m_max_feb,Lincoln,28.66378563964771,1.2031884527777377
t2m_max_feb,Loberia,23.696278614894233,1.0713113565146273
t2m_max_feb,Lobos,29.372577151550274,1.3314408434333396
t2m_max_feb,Loreto,34.36283083296014,1.6894051343508056
t2m_max_feb,Lujan,29.667649649201373,1.3752210476949738
t2m_max_feb,Magdalena,26.820245132535774,0.970356801288213
t2m_max_feb,Maipu,33.74528486929633,2.049441766858861
t2m_max_feb,Mar Chiquita,27.184813863476425,1.4137428109140888
t2m_max_feb,Maraco,30.49356527093596,1.637848138633719
t2m_max_feb,Marcos Juarez,30.287562662996233,1.3734651962948106
t2m_max_feb,Marcos Paz,29.838014873057976,1.4412791853476792
t2m_max_feb,Mayor Luis J. Fontana,,
t2m_max_feb,Mburucuya,32.537893017776824,1.8599114943524435
t2m_max_feb,Mercedes,29.610208361070427,1.3616990813450742
t2m_max_feb,Metan,27.41036266349584,1.45355670819827
t2m_max_feb,Mitre,34.45432990437554,1.9000578390555005
t2m_max_feb,Monte,29.77225826882477,1.5174400591218338
t2m_max_feb,Monte Caseros,31.275480855351546,2.148018818051836
t2m_max_feb,Montecarlo,30.25528149190711,1.9654070013337548
t2m_max_feb,Moreno,33.667694805194806,2.1405620911972023
t2m_max_feb,Navarro,29.361664800716525,1.3532812255309972
t2m_max_feb,Necochea,25.539761391625614,1.1705707726941175
t2m_max_feb,Nogoya,31.51863916256158,1.6461701098707333
t2m_max_feb,O'Higgins,32.5980960591133,1.6839358879555142
t2m_max_feb,Obera,30.09893596059113,2.0985971916279595
t2m_max_feb,Olavarria,28.70752537692193,1.378591451639609
t2m_max_feb,Oran,31.817796336206897,1.8831681733308256
t2m_max_feb,Palpala,28.859561187451384,1.5959465950447334
t2m_max_feb,Parana,31.680625466487534,1.509981208662712
t2m_max_feb,Paso De Los Libres,31.239038529204784,1.8834901530924009
t2m_max_feb,Patagones,26.287521437693854,1.017849165801512
t2m_max_feb,Patino,34.990664408867,1.6779973927752478
t2m_max_feb,Pehuajo,29.642098170302603,1.4360083887485535
t2m_max_feb,Pellegrini,33.998943713155136,1.7355444355830083
t2m_max_feb,Pergamino,29.539994028959548,1.3118969596550007
t2m_max_feb,Pila,29.867492610837438,1.6310512680874372
t2m_max_feb,Pilagas,34.399437807881775,1.6697773437303665
t2m_max_feb,Pilar,29.625804465278883,1.3062725695044255
t2m_max_feb,Pilcomayo,34.43926342950973,1.780085033312943
t2m_max_feb,Pirane,33.60924935491438,1.5758271485560513
t2m_max_feb,Pocho,30.58649094231686,1.4263916402073327
t2m_max_feb,Presidencia De La Plaza,33.912705895935964,1.8666665468357853
t2m_max_feb,Presidente Roque Saenz Pena,30.68632697044335,1.3242522186054937
t2m_max_feb,Puan,29.633065415821502,1.4401416828175522
t2m_max_feb,Quemu Quemu,30.596772372742198,1.6386255734560446
t2m_max_feb,Quitilipi,33.912705895935964,1.8666665468357853
t2m_max_feb,Ramallo,30.791749492900607,1.4099321962519737
t2m_max_feb,Rancul,31.04006773399015,1.9290487135937524
t2m_max_feb,Rauch,28.702178043631246,1.3795881411482231
t2m_max_feb,Realico,31.06341166289442,1.9073605355296035
t2m_max_feb,Rio Cuarto,29.401208389311837,1.600231663314637
t2m_max_feb,Rio Hondo,34.016233497536945,1.58024782868159
t2m_max_feb,Rio Primero,30.644636523574945,1.3635812649060368
t2m_max_feb,Rio Seco,26.57922749664129,1.3404863911124878
t2m_max_feb,Rio Segundo,31.562398865502313,1.658435893413843
t2m_max_feb,Rivadavia,29.545112351611078,1.4285119268795101
t2m_max_feb,Robles,33.99516995073891,1.7935706176715909
t2m_max_feb,Rojas,29.609755933721452,1.4180890388391927
t2m_max_feb,Roque Perez,29.653323363828292,1.4456106040025414
t2m_max_feb,Rosario,30.867861115525187,1.3092782720339453
t2m_max_feb,Rosario De La Frontera,26.928504627556354,1.4035681905143749
t2m_max_feb,Rosario De Lerma,19.554396141215104,1.0404429698380417
t2m_max_feb,Saavedra,28.99269533388068,1.4298614711772848
t2m_max_feb,Saladas,31.704125615763548,1.415938997396508
t2m_max_feb,Saladillo,29.103329831932772,1.3418193656365556
t2m_max_feb,Salliquelo,29.926673469387755,1.452365083030408
t2m_max_feb,Salto,29.37358710255262,1.3009905096999765
t2m_max_feb,San Alberto,29.32881433667403,1.5606090264857095
t2m_max_feb,San Andres De Giles,29.65343134236453,1.3804189718256756
t2m_max_feb,San Antonio,19.46175328407225,0.9537173060151336
t2m_max_feb,San Antonio De Areco,30.04331896551724,1.3592209136281328
t2m_max_feb,San Cayetano,26.846550082101807,1.2021849147290298
t2m_max_feb,San Cosme,32.3206203817734,1.7629163086413848
t2m_max_feb,San Cristobal,31.952673183497538,1.6209577753598108
t2m_max_feb,San Fernando,32.61106769667114,1.734313383315748
t2m_max_feb,San Ignacio,31.163382329572542,2.374453543420015
t2m_max_feb,San Javier,32.248087329759485,1.784595374867735
t2m_max_feb,San Jeronimo,32.989648652564476,1.8366782825859587
t2m_max_feb,San Justo,28.981771653543305,1.3954722196969949
t2m_max_feb,San Lorenzo,31.125096670247043,1.5366186010725396
t2m_max_feb,San Luis Del Palmar,32.25186656671664,1.6634870305983853
t2m_max_feb,San Martin,31.665048533363187,1.4471285316497229
t2m_max_feb,San Miguel,32.38710283251231,1.8741517218861878
t2m_max_feb,San Nicolas,30.803423645320194,1.3907591079761503
t2m_max_feb,San Pedro,31.220955452692372,1.466139239358117
t2m_max_feb,San Roque,32.25881890687309,1.680663356960034
t2m_max_feb,San Salvador,31.700109957776213,1.3268521004251315
t2m_max_feb,San Vicente,29.59794276331222,1.452451575730191
t2m_max_feb,Santa Barbara,20.414708055636048,0.9839188194641455
t2m_max_feb,Santa Maria,29.094570414372647,1.4045526721879913
t2m_max_feb,Santa Rosa,29.803089978448277,1.3974844073418593
t2m_max_feb,Santo Tome,32.92941194581281,1.6694571253456154
t2m_max_feb,Sargento Cabral,32.51933766933497,1.6787607657877828
t2m_max_feb,Sarmiento,34.003713054187195,1.930202249992106
t2m_max_feb,Sauce,32.2888250111957,1.416287321387385
t2m_max_feb,Silipica,33.990961959496445,2.032808523410781
t2m_max_feb,Simoca,28.301556650246308,1.8152143963957137
t2m_max_feb,Sobremonte,28.9640486453202,1.428460695565877
t2m_max_feb,Suipacha,28.82065476190476,1.2007767068270696
t2m_max_feb,Tafi Del Valle,24.352393446134077,1.2425486008573972
t2m_max_feb,Tala,31.570303535207184,1.8341939979071251
t2m_max_feb,Tandil,27.779574595355385,1.3993623361698204
t2m_max_feb,Tapalque,29.229688269704432,1.4212309500729032
t2m_max_feb,Tercero Arriba,28.96397964358157,1.454541969905086
t2m_max_feb,Toay,31.03064154864532,1.6991283642296333
t2m_max_feb,Tordillo,30.2661802955665,1.5926950545728702
t2m_max_feb,Tornquist,29.028820269487106,1.4008742259733724
t2m_max_feb,Totoral,29.117045454545455,1.5861621843388927
t2m_max_feb,Trancas,27.026920332936978,1.47470264950369
t2m_max_feb,Trenel,31.039831349206352,1.7386499132587316
t2m_max_feb,Trenque Lauquen,30.164626319493312,1.5661878490614023
t2m_max_feb,Tres Arroyos,27.501699110122356,1.2355098238318776
t2m_max_feb,Tres Lomas,30.49163578924823,1.713982089253076
t2m_max_feb,Tulumba,29.157816326530615,1.5484289551145116
t2m_max_feb,Union,30.559018883415437,1.3100809856487956
t2m_max_feb,Uruguay,31.682209504491453,1.4869553936818243
t2m_max_feb,Utracan,30.320949362503626,1.9264065564487043
t2m_max_feb,Vera,32.74952082400358,2.0970464831727935
t2m_max_feb,Victoria,30.97095611285266,1.4939197408475906
t2m_max_feb,Villa Constitucion,30.11531295276731,1.3212513985830912
t2m_max_feb,Villaguay,31.48382425383947,1.8666527009302074
t2m_max_feb,Villarino,26.237792668791656,0.9577352293312621
t2m_max_feb,Zarate,29.657043180418718,1.2814649504153777
t2m_max_mar,12 De Octubre,30.769023041474657,1.8955612618195963
t2m_max_mar,1° De Mayo,31.9593659621802,1.703225877327621
t2m_max_mar,2 De Abril,30.65505376344086,1.9299601914592468
t2m_max_mar,25 De Mayo,26.674386056191466,1.6272867449429869
t2m_max_mar,9 De Julio,26.326454849498326,1.6037565390512238
t2m_max_mar,Adolfo Alsina,26.55158525345622,1.2919343571276443
t2m_max_mar,Adolfo Gonzales Chaves,24.84929791271347,1.1595167037822285
t2m_max_mar,Aguirre,32.211834677419354,1.5796889257258926
t2m_max_mar,Alberdi,32.08686635944701,1.492252563049991
t2m_max_mar,Alberti,24.620078201368525,0.9163543532200528
t2m_max_mar,Almirante Brown,32.78492165898618,1.8331582652172336
t2m_max_mar,Anta,31.392404692082113,1.5334424456764146
t2m_max_mar,Apostoles,29.861123829344436,2.1510091572390646
t2m_max_mar,Arrecifes,27.73965844402277,1.7987277444624032
t2m_max_mar,Atreuco,26.83429130009775,1.5506057241910902
t2m_max_mar,Avellaneda,31.942967741935483,1.6837581190005109
t2m_max_mar,Ayacucho,26.02731481481481,1.5876196229078696
t2m_max_mar,Azul,25.312666034155598,1.5913329951161508
t2m_max_mar,Balcarce,24.67511520737327,1.4178151303288087
t2m_max_mar,Banda,32.023052109181144,1.4830269892447923
t2m_max_mar,Baradero,27.7469403714565,1.6987516785441241
t2m_max_mar,Belgrano,28.66651662915729,1.9405276516013796
t2m_max_mar,Bella Vista,30.575041816009556,2.0368860183599335
t2m_max_mar,Benito Juarez,24.813822091886607,1.3440588841590868
t2m_max_mar,Bermejo,30.798709677419357,1.91219830870414
t2m_max_mar,Beron De Astrada,30.915085388994303,2.1699085680440104
t2m_max_mar,Bolivar,24.551499051233396,0.8675469875253433
t2m_max_mar,Bragado,26.470151802656545,1.5985378832366615
t2m_max_mar,Brandsen,26.33596006144393,1.447998243724708
t2m_max_mar,Burruyacu,26.757441601779757,1.4439069835757878
t2m_max_mar,Cachi,18.10529411764706,0.98493204323821
t2m_max_mar,Cainguas,29.277877211238295,2.1968597014514177
t2m_max_mar,Calamuchita,27.27006243496358,1.593402022835971
t2m_max_mar,Campana,27.54934535104364,1.5546955951651509
t2m_max_mar,Candelaria,30.26384164222874,2.2981620084513636
t2m_max_mar,Canuelas,27.184747983870967,1.6685126947966649
t2m_max_mar,Capayan,33.20423753665689,1.1897398625092501
t2m_max_mar,Capital,27.654211242684088,1.6780021062519266
t2m_max_mar,Capitan Sarmiento,27.73965844402277,1.7987277444624032
t2m_max_mar,Carlos Casares,26.18727188940092,1.490507836023705
t2m_max_mar,Carlos Tejedor,27.08139468690702,1.837107011439217
t2m_max_mar,Carmen De Areco,27.204112903225806,1.7983590792160125
t2m_max_mar,Caseros,27.994899193548388,1.8228760480680282
t2m_max_mar,Castellanos,29.327751710654933,1.6656070784965706
t2m_max_mar,Castelli,25.51837788018433,1.30503009900829
t2m_max_mar,Catrilo,26.967981566820278,1.4134663654309814
t2m_max_mar,Cerrillos,21.855366568914956,1.0358226377130348
t2m_max_mar,Chacabuco,26.89664762544803,1.7293867774079918
t2m_max_mar,Chapaleufu,27.267867383512545,1.614597263880275
t2m_max_mar,Chascomus,27.017428842504746,1.6351428159071975
t2m_max_mar,Chicoana,21.871635150166853,1.086027085649498
t2m_max_mar,Chivilcoy,26.712678396871944,1.6613360518386127
t2m_max_mar,Choya,30.681981566820276,1.4934143626804428
t2m_max_mar,Colon,27.32241092503091,1.8294479577176193
t2m_max_mar,Comandante Fernandez,31.832482078853047,1.7555438062641646
t2m_max_mar,Concepcion,30.73808863430811,2.0716748776623777
t2m_max_mar,Concordia,29.18620493358634,1.9421223268857304
t2m_max_mar,Conhelo,27.399668458781363,1.8586766104674755
t2m_max_mar,Copo,32.031744324970134,1.4913470753280642
t2m_max_mar,Coronel Dorrego,25.51467741935484,1.2389111905625414
t2m_max_mar,Coronel Pringles,24.976224611708485,1.1471172172026465
t2m_max_mar,Coronel Suarez,25.047106261859582,1.2086146950920846
t2m_max_mar,Cruz Alta,30.146808755760368,1.7408457105740132
t2m_max_mar,Curuzu Cuatia,30.270630498533727,2.350177377294062
t2m_max_mar,Daireaux,25.967668202764976,1.4084258380927703
t2m_max_mar,Diamante,28.76878557874763,1.7557971712978255
t2m_max_mar,Dolores,26.245347018572826,1.4373282552028115
t2m_max_mar,Dr. Manuel Belgrano,17.662396313364056,1.0305906824484283
t2m_max_mar,El Alto,28.441461693548387,1.3293035648045435
t2m_max_mar,El Carmen,27.64741935483871,1.4793763023960385
t2m_max_mar,Eldorado,29.20324731182796,2.1840389666517885
t2m_max_mar,Empedrado,30.44712482468443,1.9002809363498379
t2m_max_mar,Esquina,30.276895161290323,2.1989319194379626
t2m_max_mar,Exaltacion De La Cruz,26.964425403225807,1.7084738823019325
t2m_max_mar,Federacion,29.228206831119543,2.0071715228390805
t2m_max_mar,Federal,29.691954459203036,2.0598795854476943
t2m_max_mar,Feliciano,29.474545454545453,1.8250750333164087
t2m_max_mar,Figueroa,31.725517826825126,2.0865266013447537
t2m_max_mar,Florentino Ameghino,27.16482334869432,1.7089945729359592
t2m_max_mar,Formosa,33.076568914956006,2.1196407524235235
t2m_max_mar,Fray Justo Santa Maria De Oro,31.402466793168884,1.6745182877832467
t2m_max_mar,Garay,28.238008898776418,1.663403597652315
t2m_max_mar,General Alvarado,26.474082949308755,1.4041397467383039
t2m_max_mar,General Alvear,26.58706744868035,1.6393141652489227
t2m_max_mar,General Arenales,26.70683284457478,1.7938692845299893
t2m_max_mar,General Belgrano,26.976501423149905,1.697327977860878
t2m_max_mar,General Donovan,32.169562211981564,1.5791228306992047
t2m_max_mar,General Guemes,26.65571655208884,1.4839508111204343
t2m_max_mar,General Guido,25.987697441601778,1.4339299665025784
t2m_max_mar,General Jose De San Martin,21.9095668202765,1.0432148252942146
t2m_max_mar,General Juan Madariaga,23.426888045540796,1.0330509872566578
t2m_max_mar,General La Madrid,25.283594470046083,1.2868789606657483
t2m_max_mar,General Las Heras,27.226575682382133,1.7087882290906191
t2m_max_mar,General Lavalle,24.093345280764634,1.0110865279127514
t2m_max_mar,General Lopez,27.047827324478178,1.7974829805831893
t2m_max_mar,General Manuel Belgrano,29.453839750260148,1.8510813488165359
t2m_max_mar,General Obligado,30.881081593927895,2.25839038827526
t2m_max_mar,General Paz,25.738855606758833,1.617441369537605
t2m_max_mar,General Pedernera,28.197580645161292,1.3952135913471448
t2m_max_mar,General Pinto,26.866676441837733,1.8160711141513268
t2m_max_mar,General Pueyrredon,21.9692534562212,0.9963242131743127
t2m_max_mar,General Roca,28.727314990512333,1.9982526149614295
t2m_max_mar,General Rodriguez,27.242592165898618,1.5817936273011677
t2m_max_mar,General San Martin,28.430107526881724,1.4561659681012533
t2m_max_mar,General Taboada,32.613,1.5564516236232542
t2m_max_mar,General Viamonte,24.596718894009218,0.8955839250031726
t2m_max_mar,General Villegas,27.325431841831428,1.6732796231258085
t2m_max_mar,Gobernador Dupuy,27.911070967741935,1.3731718011057699
t2m_max_mar,Goya,30.629868035190615,2.177536838519333
t2m_max_mar,Graneros,26.69496543778802,1.5911647275228333
t2m_max_mar,Gualeguay,28.859247311827957,1.8722780184366836
t2m_max_mar,Gualeguaychu,28.581045943304005,1.8276402455797027
t2m_max_mar,Guamini,26.218757115749526,1.2894388521429203
t2m_max_mar,Guarani,29.304721407624633,2.3460668660489126
t2m_max_mar,Guasayan,30.403548387096773,1.469314176225243
t2m_max_mar,Guatrache,26.90037298387097,1.5492735779857054
t2m_max_mar,Hipolito Yrigoyen,25.298949308755763,1.5698551818341555
t2m_max_mar,Hucal,26.813548387096773,1.4090643007765729
t2m_max_mar,Iguazu,31.03126951092612,1.9880520691695511
t2m_max_mar,Independencia,30.8014605734767,1.8783955820736338
t2m_max_mar,Iriondo,28.16123339658444,1.942246946620339
t2m_max_mar,Ischilin,27.350449657869014,1.5043763010021365
t2m_max_mar,Itati,31.09166451612903,2.0801039445298306
t2m_max_mar,Ituzaingo,30.84131837307153,1.8241758775744987
t2m_max_mar,Jimenez,31.44695340501792,1.5903040212863495
t2m_max_mar,Juan F. Ibarra,32.05767281105991,1.4698862022953791
t2m_max_mar,Juan Martin De Pueyrredon,28.03603494623656,1.3817745786136544
t2m_max_mar,Juarez Celman,28.239625390218524,1.5400056941319709
t2m_max_mar,Junin,26.63064806742226,1.758963506325258
t2m_max_mar,La Caldera,19.287406451612902,0.9261933667538323
t2m_max_mar,La Candelaria,25.85128054740958,1.2581721327132525
t2m_max_mar,La Capital,28.49943074003795,1.7458271127539164
t2m_max_mar,La Cocha,25.602201138519924,1.5064118693179627
t2m_max_mar,La Paz,30.075229716520038,2.0359559399000275
t2m_max_mar,La Plata,26.455693548387096,1.3748265528969146
t2m_max_mar,La Vina,22.261684587813622,1.022985216886779
t2m_max_mar,Laishi,32.6495415959253,1.7265853075052031
t2m_max_mar,Laprida,25.195298142717498,1.4105616575829931
t2m_max_mar,Las Colonias,29.29624633431085,1.8109085334603348
t2m_max_mar,Las Flores,26.514979838709678,1.6756740939529513
t2m_max_mar,Lavalle,30.6529873772791,1.9689335179151775
t2m_max_mar,Leales,30.146808755760368,1.7408457105740132
t2m_max_mar,Leandro N. Alem,27.273689516129032,1.8173147172641715
t2m_max_mar,Ledesma,26.47433179723502,1.3541369219243864
t2m_max_mar,Libertad,33.26024193548387,1.7835366797533478
t2m_max_mar,Libertador General San Martin,32.20775499542902,1.6919360670940256
t2m_max_mar,Lincoln,26.37076246334311,1.608206364505578
t2m_max_mar,Loberia,21.98337760910816,1.0077444175585017
t2m_max_mar,Lobos,26.983368121442123,1.7083183963750466
t2m_max_mar,Loreto,32.4517008797654,1.555331063353605
t2m_max_mar,Lujan,27.323020527859235,1.6283860140593887
t2m_max_mar,Magdalena,24.568540706605226,1.0265691201116387
t2m_max_mar,Maipu,31.974567930303742,1.867947530917384
t2m_max_mar,Mar Chiquita,24.68993548387097,1.3472854074127576
t2m_max_mar,Maraco,26.880206093189965,1.5079352824742467
t2m_max_mar,Marcos Juarez,28.220730550284628,1.787018822224753
t2m_max_mar,Marcos Paz,27.163374689826302,1.651502917786395
t2m_max_mar,Mayor Luis J. Fontana,,
t2m_max_mar,Mburucuya,30.877517531556805,2.088313621877768
t2m_max_mar,Mercedes,27.429285091543157,1.7061760169746418
t2m_max_mar,Metan,26.380545050055616,1.4161279119471324
t2m_max_mar,Mitre,31.991271347248578,1.689928390961858
t2m_max_mar,Monte,27.015981566820276,1.7673894306752154
t2m_max_mar,Monte Caseros,30.026392961876834,2.385943968816438
t2m_max_mar,Montecarlo,30.081820276497695,2.291966501100109
t2m_max_mar,Moreno,32.03173020527859,1.8944413299893275
t2m_max_mar,Navarro,26.962140762463342,1.6834317126107476
t2m_max_mar,Necochea,23.399556451612902,1.1096780477879786
t2m_max_mar,Nogoya,28.845189753320682,1.869093459634011
t2m_max_mar,O'Higgins,30.71732718894009,1.8357089625830556
t2m_max_mar,Obera,29.10041935483871,2.2250938053257063
t2m_max_mar,Olavarria,25.451133919843596,1.5502879883370304
t2m_max_mar,Oran,30.450211693548386,1.5115239128170133
t2m_max_mar,Palpala,27.372410865874365,1.565337257703654
t2m_max_mar,Parana,29.441935483870967,1.8085989775089475
t2m_max_mar,Paso De Los Libres,29.72110599078341,2.0544921028314773
t2m_max_mar,Patagones,24.555710872162486,0.9598270743241086
t2m_max_mar,Patino,33.23166129032258,1.7726658472117856
t2m_max_mar,Pehuajo,26.469926267281107,1.6184045139053875
t2m_max_mar,Pellegrini,32.08543892120571,1.5296586233605933
t2m_max_mar,Pergamino,27.305024437927667,1.8093213579161784
t2m_max_mar,Pila,26.835526881720433,1.6464638711952555
t2m_max_mar,Pilagas,33.64208064516129,1.6767730388495987
t2m_max_mar,Pilar,27.247034339229966,1.5217069878644178
t2m_max_mar,Pilcomayo,33.70539170506912,2.0214876018109322
t2m_max_mar,Pirane,32.23304147465438,1.6765966765849747
t2m_max_mar,Pocho,28.41950052029136,1.5888200514876079
t2m_max_mar,Presidencia De La Plaza,32.08844758064516,1.5788181533520895
t2m_max_mar,Presidente Roque Saenz Pena,28.517177419354837,1.403347999033451
t2m_max_mar,Puan,27.33339658444023,1.6409631468786152
t2m_max_mar,Quemu Quemu,27.301756272401434,1.5626980636899792
t2m_max_mar,Quitilipi,32.08844758064516,1.5788181533520895
t2m_max_mar,Ramallo,28.334364326375713,1.7223722589242123
t2m_max_mar,Rancul,27.802965949820788,1.8693885768806207
t2m_max_mar,Rauch,25.691649769585254,1.539642592630028
t2m_max_mar,Realico,27.80059285091543,1.8432985159995385
t2m_max_mar,Rio Cuarto,27.31836754643206,1.4225740708725332
t2m_max_mar,Rio Hondo,31.917161290322582,1.4840109856800732
t2m_max_mar,Rio Primero,28.5658064516129,1.533402043742265
t2m_max_mar,Rio Seco,25.005278592375365,1.4631945281559213
t2m_max_mar,Rio Segundo,29.360977517106548,1.8358545239964277
t2m_max_mar,Rivadavia,27.278873611845583,1.5686454150823494
t2m_max_mar,Robles,32.5266064516129,1.65797330436118
t2m_max_mar,Rojas,27.367605083088954,1.7952968875952386
t2m_max_mar,Roque Perez,26.88679262672811,1.6992161703857867
t2m_max_mar,Rosario,28.51262226847034,1.7654380201514956
t2m_max_mar,Rosario De La Frontera,25.898670576735093,1.326729791295177
t2m_max_mar,Rosario De Lerma,19.284064516129032,0.9313870000558946
t2m_max_mar,Saavedra,25.529856630824373,1.2569433062263817
t2m_max_mar,Saladas,30.259562211981567,2.0925494816564947
t2m_max_mar,Saladillo,26.58675521821632,1.527152093435133
t2m_max_mar,Salliquelo,26.553714285714285,1.3822673536991525
t2m_max_mar,Salto,27.18891495601173,1.7856919842182135
t2m_max_mar,San Alberto,27.234849833147944,1.521275783523291
t2m_max_mar,San Andres De Giles,27.40703629032258,1.746126085131329
t2m_max_mar,San Antonio,19.168763440860214,0.9115693178731348
t2m_max_mar,San Antonio De Areco,27.74001008064516,1.725459395962342
t2m_max_mar,San Cayetano,24.54258064516129,1.135718602494708
t2m_max_mar,San Cosme,30.65068548387097,1.8567945035143842
t2m_max_mar,San Cristobal,29.669566532258063,1.7556701460618527
t2m_max_mar,San Fernando,30.733704789833823,1.8456007613791514
t2m_max_mar,San Ignacio,29.95952133194589,2.3152751546563026
t2m_max_mar,San Javier,30.949256404174577,1.9725868433266507
t2m_max_mar,San Jeronimo,31.056100569259964,2.3692306154109164
t2m_max_mar,San Justo,27.303195326390654,1.4436160639040403
t2m_max_mar,San Lorenzo,28.633960708222165,1.7861004543306829
t2m_max_mar,San Luis Del Palmar,30.532370266479663,1.7607115819721018
t2m_max_mar,San Martin,29.510300586510265,1.7704373473425659
t2m_max_mar,San Miguel,30.824435483870968,1.9397384450064319
t2m_max_mar,San Nicolas,28.394396313364055,1.733622978754155
t2m_max_mar,San Pedro,28.75258398220245,1.7435131217580881
t2m_max_mar,San Roque,30.89347158218126,2.004708398704728
t2m_max_mar,San Salvador,28.981244239631337,1.6231828838464126
t2m_max_mar,San Vicente,27.12609831029186,1.816221225829212
t2m_max_mar,Santa Barbara,19.912979127134722,0.7915060823930098
t2m_max_mar,Santa Maria,27.33739089184061,1.5429586015096488
t2m_max_mar,Santa Rosa,28.453094758064516,1.3281649596760459
t2m_max_mar,Santo Tome,31.727513440860218,1.816840551966424
t2m_max_mar,Sargento Cabral,30.785846774193548,1.8502720887453241
t2m_max_mar,Sarmiento,31.930935483870968,1.6039328031575206
t2m_max_mar,Sauce,30.845659824046923,2.128212872923852
t2m_max_mar,Silipica,31.962383512544804,1.5414086582598583
t2m_max_mar,Simoca,26.15735483870968,1.5289158611318994
t2m_max_mar,Sobremonte,27.032594086021504,1.42766742633777
t2m_max_mar,Suipacha,26.78982795698925,1.7155997133236074
t2m_max_mar,Tafi Del Valle,23.34021037868163,1.102074863996437
t2m_max_mar,Tala,29.10532258064516,1.9009011653522838
t2m_max_mar,Tandil,24.728193548387097,1.3350612711264414
t2m_max_mar,Tapalque,26.09966733870968,1.6504859975041497
t2m_max_mar,Tercero Arriba,27.160702087286527,1.5308100179767388
t2m_max_mar,Toay,27.534949596774194,1.6437675935618004
t2m_max_mar,Tordillo,26.53170322580645,1.3152407084083335
t2m_max_mar,Tornquist,25.467106261859584,1.2308186679164699
t2m_max_mar,Totoral,27.333391984359725,1.5050077981301098
t2m_max_mar,Trancas,25.85698553948832,1.2292647622763
t2m_max_mar,Trenel,27.744274193548385,1.8619382500833723
t2m_max_mar,Trenque Lauquen,26.78857142857143,1.6862760987999745
t2m_max_mar,Tres Arroyos,24.981050988553587,1.1517691649285497
t2m_max_mar,Tres Lomas,27.259242636746144,1.6038053603218623
t2m_max_mar,Tulumba,27.311078341013825,1.4820222993434002
t2m_max_mar,Union,28.36256109481916,1.4713741058926444
t2m_max_mar,Uruguay,29.42390891840607,1.7840842671901214
t2m_max_mar,Utracan,27.2346110056926,1.6483063176963761
t2m_max_mar,Vera,30.528084066471163,2.2878165852518855
t2m_max_mar,Victoria,28.567448680351905,1.771930270783522
t2m_max_mar,Villa Constitucion,27.905702087286528,1.8413274444299688
t2m_max_mar,Villaguay,29.046290322580646,2.0087033616944767
t2m_max_mar,Villarino,24.617267552182163,0.9065686125334792
t2m_max_mar,Zarate,27.503699596774194,1.5694205415978686
t2m_min_sep,12 De Octubre,13.08712380952381,1.6693280106366672
t2m_min_sep,1° De Mayo,12.88955172413793,1.6626422609520262
t2m_min_sep,2 De Abril,13.369825396825396,1.6430589007466387
t2m_min_sep,25 De Mayo,6.205450537634409,0.9115563786876484
t2m_min_sep,9 De Julio,6.217580824972129,0.9126846173390247
t2m_min_sep,Adolfo Alsina,7.904104761904762,0.8810052590535002
t2m_min_sep,Adolfo Gonzales Chaves,4.418460784313726,0.8674669343864999
t2m_min_sep,Aguirre,14.60003125,1.7293075858824252
t2m_min_sep,Alberdi,11.737464285714285,1.5784799515752441
t2m_min_sep,Alberti,11.093080808080808,0.7701458692563767
t2m_min_sep,Almirante Brown,14.58249523809524,1.7924104144784767
t2m_min_sep,Anta,14.602919191919192,1.5740222009550326
t2m_min_sep,Apostoles,12.59721505376344,1.6348917679623365
t2m_min_sep,Arrecifes,7.256401960784314,1.0058851665133188
t2m_min_sep,Atreuco,4.992666666666667,0.8865264691793219
t2m_min_sep,Avellaneda,12.006088888888888,1.325364271380458
t2m_min_sep,Ayacucho,4.898123456790124,0.8949220512794597
t2m_min_sep,Azul,4.462549019607843,0.9301151512011614
t2m_min_sep,Balcarce,4.689647619047619,0.8783261447890419
t2m_min_sep,Banda,11.902141025641026,1.6449038233906348
t2m_min_sep,Baradero,7.454454545454546,0.9983078732778203
t2m_min_sep,Belgrano,7.975909560723515,1.1112592142412154
t2m_min_sep,Bella Vista,11.85251851851852,1.5070312763198603
t2m_min_sep,Benito Juarez,4.247131313131313,0.9238879875114805
t2m_min_sep,Bermejo,13.119355555555556,1.591466190499965
t2m_min_sep,Beron De Astrada,12.80758823529412,1.7870553235910644
t2m_min_sep,Bolivar,11.218303921568626,0.8132444990716822
t2m_min_sep,Bragado,6.6045686274509805,0.9700872241300168
t2m_min_sep,Brandsen,8.015619047619047,1.0059834286558393
t2m_min_sep,Burruyacu,10.819850574712644,1.5145961497098583
t2m_min_sep,Cachi,-1.4151176470588236,0.7499799065935817
t2m_min_sep,Cainguas,13.1847311827957,1.6943389564672793
t2m_min_sep,Calamuchita,7.268989247311827,1.0047590442078949
t2m_min_sep,Campana,8.121617647058823,1.0086930041637256
t2m_min_sep,Candelaria,12.904252525252526,1.6696887185571758
t2m_min_sep,Canuelas,6.842885416666666,0.9366686396848124
t2m_min_sep,Capayan,12.593772727272727,1.473467552553204
t2m_min_sep,Capital,5.488966244725739,0.8963226683173783
t2m_min_sep,Capitan Sarmiento,7.256401960784314,1.0058851665133188
t2m_min_sep,Carlos Casares,6.313504761904762,0.9185233473802064
t2m_min_sep,Carlos Tejedor,6.415411764705882,0.8983946627697027
t2m_min_sep,Carmen De Areco,6.8988958333333334,1.013334526872175
t2m_min_sep,Caseros,7.931614583333333,1.085384140277923
t2m_min_sep,Castellanos,9.552141414141413,1.2688355938021783
t2m_min_sep,Castelli,7.563352380952381,0.8599488392703748
t2m_min_sep,Catrilo,5.979066666666667,0.9069895971904886
t2m_min_sep,Cerrillos,5.080757575757575,1.3952164514290906
t2m_min_sep,Chacabuco,6.960623842592593,0.9850629569380056
t2m_min_sep,Chapaleufu,6.447333333333334,0.9641334130167037
t2m_min_sep,Chascomus,6.694205882352941,0.9237190348357474
t2m_min_sep,Chicoana,5.090000000000001,1.423528725297116
t2m_min_sep,Chivilcoy,6.529747474747475,0.982803656885858
t2m_min_sep,Choya,11.066845238095238,1.508036852335239
t2m_min_sep,Colon,7.2302090592334505,0.9851675802976997
t2m_min_sep,Comandante Fernandez,13.062935185185186,1.7464596966061054
t2m_min_sep,Concepcion,11.569015576323986,1.5121140395908754
t2m_min_sep,Concordia,9.369303921568628,1.1772306324895294
t2m_min_sep,Conhelo,5.483546296296296,0.9189346321218257
t2m_min_sep,Copo,11.787641975308642,1.5856291477639668
t2m_min_sep,Coronel Dorrego,4.74421568627451,0.7492459324021933
t2m_min_sep,Coronel Pringles,4.147259259259259,0.861132141772464
t2m_min_sep,Coronel Suarez,4.300794117647059,0.8757058721453247
t2m_min_sep,Cruz Alta,13.097214285714285,1.6185183088760413
t2m_min_sep,Curuzu Cuatia,9.669833333333333,1.3687626078760247
t2m_min_sep,Daireaux,5.6895999999999995,0.8913707766344533
t2m_min_sep,Diamante,9.860480392156862,1.008027778033613
t2m_min_sep,Dolores,6.075424242424242,0.9362969847012251
t2m_min_sep,Dr. Manuel Belgrano,-0.5736666666666667,0.870379029822959
t2m_min_sep,El Alto,9.053552083333333,1.341647958486744
t2m_min_sep,El Carmen,11.99636111111111,1.539782807555807
t2m_min_sep,Eldorado,13.056744444444444,1.6539543019148017
t2m_min_sep,Empedrado,12.21968115942029,1.5837109038751804
t2m_min_sep,Esquina,10.641652777777777,1.3185275878034226
t2m_min_sep,Exaltacion De La Cruz,6.603166666666667,1.0056255636137879
t2m_min_sep,Federacion,9.76364705882353,1.225517423716545
t2m_min_sep,Federal,9.25493137254902,1.2393815873463985
t2m_min_sep,Feliciano,9.943181818181818,1.0924340689834593
t2m_min_sep,Figueroa,13.718035087719299,1.862044939502038
t2m_min_sep,Florentino Ameghino,6.544238095238096,0.8158456631200203
t2m_min_sep,Formosa,14.06709090909091,1.9175691186174557
t2m_min_sep,Fray Justo Santa Maria De Oro,12.321588235294119,1.6315395903071286
t2m_min_sep,Garay,8.491908045977011,0.9834580021719915
t2m_min_sep,General Alvarado,7.8682285714285705,0.8955507699246342
t2m_min_sep,General Alvear,5.649313131313131,0.9790388815177716
t2m_min_sep,General Arenales,7.136949494949494,0.9780660130286457
t2m_min_sep,General Belgrano,5.883774509803922,0.9177805487200148
t2m_min_sep,General Donovan,12.539059523809524,1.667804626461342
t2m_min_sep,General Guemes,11.30612568306011,1.4444358346109734
t2m_min_sep,General Guido,6.010563218390804,0.9531169672196436
t2m_min_sep,General Jose De San Martin,5.1013714285714284,1.4021068595384918
t2m_min_sep,General Juan Madariaga,7.627784313725491,0.7885526864294509
t2m_min_sep,General La Madrid,4.314257142857143,0.8621695315967848
t2m_min_sep,General Las Heras,6.845141025641026,0.9360760661070563
t2m_min_sep,General Lavalle,7.726246913580247,0.8406082077347612
t2m_min_sep,General Lopez,7.302686274509804,1.0172493410300663
t2m_min_sep,General Manuel Belgrano,13.904881720430108,1.5322657601139837
t2m_min_sep,General Obligado,11.802539215686275,1.343029306184622
t2m_min_sep,General Paz,4.656277777777778,0.9322701242453627
t2m_min_sep,General Pedernera,6.7641527777777775,1.183979435694108
t2m_min_sep,General Pinto,6.528313131313132,0.9088798621081837
t2m_min_sep,General Pueyrredon,7.378799999999999,0.6583720425452686
t2m_min_sep,General Roca,8.020950980392158,1.1463872784260372
t2m_min_sep,General Rodriguez,7.543035714285715,0.9535414274279232
t2m_min_sep,General San Martin,7.034090909090909,1.1789794941928688
t2m_min_sep,General Taboada,12.932233333333333,1.617635361281697
t2m_min_sep,General Viamonte,11.17487619047619,0.8413819168320588
t2m_min_sep,General Villegas,6.656741935483871,0.9729594133732838
t2m_min_sep,Gobernador Dupuy,6.05524,1.0052689594037711
t2m_min_sep,Goya,11.872606060606062,1.4905933857543585
t2m_min_sep,Graneros,9.892047619047618,1.5296588842533456
t2m_min_sep,Gualeguay,7.901737373737374,1.0073921908046917
t2m_min_sep,Gualeguaychu,8.099949494949495,1.0546637995154746
t2m_min_sep,Guamini,5.586107843137255,0.888977018562674
t2m_min_sep,Guarani,12.574848484848484,1.64479606362281
t2m_min_sep,Guasayan,11.496309523809524,1.5718048076404323
t2m_min_sep,Guatrache,5.115395833333333,0.8918881563418921
t2m_min_sep,Hipolito Yrigoyen,4.455371428571429,0.9173182560157597
t2m_min_sep,Hucal,5.25347619047619,0.900645303310395
t2m_min_sep,Iguazu,15.345,1.796039439062146
t2m_min_sep,Independencia,13.083157407407407,1.64547975632739
t2m_min_sep,Iriondo,7.857127450980393,1.046615684323248
t2m_min_sep,Ischilin,7.068808080808081,1.1439651195097174
t2m_min_sep,Itati,12.659253333333334,1.6680138035666516
t2m_min_sep,Ituzaingo,13.085072463768116,1.4954039079946513
t2m_min_sep,Jimenez,13.507037037037037,1.6781096694429907
t2m_min_sep,Juan F. Ibarra,11.831559523809522,1.5732468250269496
t2m_min_sep,Juan Martin De Pueyrredon,6.625125,1.2148450958389954
t2m_min_sep,Juarez Celman,7.04721505376344,1.1412717615413763
t2m_min_sep,Junin,7.221825825825825,0.9800159850756168
t2m_min_sep,La Caldera,2.1771066666666665,1.054474169994308
t2m_min_sep,La Candelaria,10.185333333333332,1.4211524275116383
t2m_min_sep,La Capital,8.488441176470587,1.0060209840458905
t2m_min_sep,La Cocha,8.19435294117647,1.5434340881015056
t2m_min_sep,La Paz,10.049171717171717,1.2616506001872554
t2m_min_sep,La Plata,8.041916666666667,1.0246847004713773
t2m_min_sep,La Vina,5.1790617283950615,1.4079058159697122
t2m_min_sep,Laishi,13.100964912280702,1.802910431328138
t2m_min_sep,Laprida,4.213636363636364,0.9195020518512104
t2m_min_sep,Las Colonias,9.18170707070707,1.2197279118197033
t2m_min_sep,Las Flores,5.689479166666667,0.9143421276708689
t2m_min_sep,Lavalle,11.846188405797102,1.5004996535702748
t2m_min_sep,Leales,13.097214285714285,1.6185183088760413
t2m_min_sep,Leandro N. Alem,7.257210648148149,1.0017662884005436
t2m_min_sep,Ledesma,11.741,1.4350459421102444
t2m_min_sep,Libertad,15.291857142857143,1.7728232034027596
t2m_min_sep,Libertador General San Martin,13.109283400809716,1.7676557865946163
t2m_min_sep,Lincoln,6.604030303030303,0.9664485686567008
t2m_min_sep,Loberia,7.387637254901961,0.6661625031403495
t2m_min_sep,Lobos,6.6099901960784315,0.9559974729313562
t2m_min_sep,Loreto,11.922015151515152,1.6438598128841715
t2m_min_sep,Lujan,6.944606060606061,0.9906628163288281
t2m_min_sep,Magdalena,10.048428571428571,0.8910005620577924
t2m_min_sep,Maipu,13.190233576642335,1.7674758354862223
t2m_min_sep,Mar Chiquita,5.903476190476191,0.824508858701084
t2m_min_sep,Maraco,5.01662962962963,0.8718801169149375
t2m_min_sep,Marcos Juarez,7.720352941176471,1.0927397592391632
t2m_min_sep,Marcos Paz,6.915884615384616,0.9812174793130227
t2m_min_sep,Mayor Luis J. Fontana,,
t2m_min_sep,Mburucuya,12.037623188405798,1.6129318787532418
t2m_min_sep,Mercedes,6.935708708708709,0.9938326598538385
t2m_min_sep,Metan,11.046540229885057,1.3568654043442532
t2m_min_sep,Mitre,11.93413725490196,1.3952457671740106
t2m_min_sep,Monte,6.2787523809523815,0.9136734673039791
t2m_min_sep,Monte Caseros,10.082257575757575,1.1783471786161215
t2m_min_sep,Montecarlo,13.22667857142857,1.6693357898508305
t2m_min_sep,Moreno,13.488959595959596,1.721413513490471
t2m_min_sep,Navarro,6.486818181818181,0.918932223391295
t2m_min_sep,Necochea,6.216072916666667,0.6753746749034168
t2m_min_sep,Nogoya,8.416794117647058,1.0195402971964607
t2m_min_sep,O'Higgins,13.139104761904763,1.6343931491004027
t2m_min_sep,Obera,12.638355555555556,1.6774272284569716
t2m_min_sep,Olavarria,4.54419191919192,0.8489561770128157
t2m_min_sep,Oran,15.461895833333333,1.5547207898265831
t2m_min_sep,Palpala,12.042368421052632,1.476571374296486
t2m_min_sep,Parana,9.968202020202021,1.0604347180500036
t2m_min_sep,Paso De Los Libres,11.123523809523808,1.348560940595793
t2m_min_sep,Patagones,11.282061728395062,0.8129642081514774
t2m_min_sep,Patino,15.146616666666665,1.9275040530596563
t2m_min_sep,Pehuajo,6.000704761904761,0.8840981179519611
t2m_min_sep,Pellegrini,11.822191256830601,1.6253481423595075
t2m_min_sep,Pergamino,7.237585858585859,1.0052967708257396
t2m_min_sep,Pila,6.1316444444444445,0.8887069557109312
t2m_min_sep,Pilagas,14.7106,1.9030596282140007
t2m_min_sep,Pilar,7.626451612903226,0.9461187520343393
t2m_min_sep,Pilcomayo,15.11552380952381,2.0082810050483713
t2m_min_sep,Pirane,14.834222222222222,1.8762792801278376
t2m_min_sep,Pocho,7.956623655913979,1.1510126644151082
t2m_min_sep,Presidencia De La Plaza,12.633166666666666,1.7160483738826762
t2m_min_sep,Presidente Roque Saenz Pena,7.0793229166666665,1.1519150098215365
t2m_min_sep,Puan,7.636578431372548,0.9469686646934362
t2m_min_sep,Quemu Quemu,6.0880370370370365,0.9068358062744579
t2m_min_sep,Quitilipi,12.633166666666666,1.7160483738826762
t2m_min_sep,Ramallo,7.835696078431372,0.9947697240178448
t2m_min_sep,Rancul,6.105185185185185,0.9439200176112731
t2m_min_sep,Rauch,4.577361904761904,0.9007604825213426
t2m_min_sep,Realico,6.086936936936937,0.9373133751294331
t2m_min_sep,Rio Cuarto,6.6016262626262625,1.0685060467435874
t2m_min_sep,Rio Hondo,11.861053333333334,1.666137659601013
t2m_min_sep,Rio Primero,7.977876190476191,1.144780208621035
t2m_min_sep,Rio Seco,5.819979797979798,1.1438147126179778
t2m_min_sep,Rio Segundo,8.694242424242425,1.1917589074811257
t2m_min_sep,Rivadavia,7.5913306010928965,0.964949512656462
t2m_min_sep,Robles,12.811173333333334,1.6400304116421471
t2m_min_sep,Rojas,7.2384141414141405,0.9990442551867001
t2m_min_sep,Roque Perez,6.191933333333334,0.936980398229689
t2m_min_sep,Rosario,8.558236559139786,1.0273968622420466
t2m_min_sep,Rosario De La Frontera,10.153979797979797,1.4104108196318828
t2m_min_sep,Rosario De Lerma,2.2843,1.1301443380843945
t2m_min_sep,Saavedra,4.541148148148149,0.7742883940158112
t2m_min_sep,Saladas,11.966238095238095,1.5032340772769528
t2m_min_sep,Saladillo,6.18571568627451,0.959277057096508
t2m_min_sep,Salliquelo,5.586209523809524,0.9001364496626078
t2m_min_sep,Salto,6.8632626262626255,0.9773447722641455
t2m_min_sep,San Alberto,6.960103448275862,1.0772633246622145
t2m_min_sep,San Andres De Giles,6.863645833333333,0.976218583907471
t2m_min_sep,San Antonio,2.2021666666666664,1.054692433059274
t2m_min_sep,San Antonio De Areco,7.4361145833333335,1.008617793730928
t2m_min_sep,San Cayetano,5.139755555555555,0.797312199068949
t2m_min_sep,San Cosme,12.92286111111111,1.7135786011686926
t2m_min_sep,San Cristobal,9.945666666666666,1.289581499729445
t2m_min_sep,San Fernando,13.122212121212122,1.618980699601394
t2m_min_sep,San Ignacio,13.033548387096776,1.6833786892644018
t2m_min_sep,San Javier,11.688511029411766,1.6339884141692322
t2m_min_sep,San Jeronimo,11.696294117647058,1.4651641081242037
t2m_min_sep,San Justo,7.183608923884514,1.0687799882604354
t2m_min_sep,San Lorenzo,9.143889724310776,0.9819930102902616
t2m_min_sep,San Luis Del Palmar,13.044014492753623,1.631790280637323
t2m_min_sep,San Martin,9.958366666666667,1.0914015607087073
t2m_min_sep,San Miguel,11.983236111111111,1.5355508743514223
t2m_min_sep,San Nicolas,7.851838095238095,0.9846733786176796
t2m_min_sep,San Pedro,8.068289655172414,0.9646713637656458
t2m_min_sep,San Roque,11.951888888888888,1.4245376611898148
t2m_min_sep,San Salvador,8.89052380952381,1.2284630360794055
t2m_min_sep,San Vicente,7.368333333333334,1.0654028919719627
t2m_min_sep,Santa Barbara,4.766500000000001,1.2277232500803588
t2m_min_sep,Santa Maria,7.11443137254902,1.1300653016780249
t2m_min_sep,Santa Rosa,9.119291666666667,1.362879154439503
t2m_min_sep,Santo Tome,11.714833333333333,1.4126234681619625
t2m_min_sep,Sargento Cabral,13.124583333333334,1.644827813977624
t2m_min_sep,Sarmiento,11.945283333333332,1.536379275462337
t2m_min_sep,Sauce,9.900621212121212,1.3030976902857632
t2m_min_sep,Silipica,12.076703703703703,1.528598456226367
t2m_min_sep,Simoca,9.8504,1.6895952798004052
t2m_min_sep,Sobremonte,7.088388888888889,1.1896670003234582
t2m_min_sep,Suipacha,6.536311111111112,0.9669935829815307
t2m_min_sep,Tafi Del Valle,7.48936231884058,1.2408625621363352
t2m_min_sep,Tala,9.383617647058824,1.166878942109133
t2m_min_sep,Tandil,4.254714285714286,0.890413919840725
t2m_min_sep,Tapalque,5.005635416666666,0.8748667091897862
t2m_min_sep,Tercero Arriba,6.86828431372549,1.0926029746209394
t2m_min_sep,Toay,5.522166666666666,0.9238725765138874
t2m_min_sep,Tordillo,5.321213333333334,0.7262520152327493
t2m_min_sep,Tornquist,4.564921568627451,0.7835785262457264
t2m_min_sep,Totoral,7.028191919191919,1.1059629729030986
t2m_min_sep,Trancas,10.166298850574714,1.4857540689933775
t2m_min_sep,Trenel,5.894666666666667,0.9234175722274365
t2m_min_sep,Trenque Lauquen,6.118047619047619,0.886820483277849
t2m_min_sep,Tres Arroyos,4.9486989247311834,0.8268323281807087
t2m_min_sep,Tres Lomas,5.9123913043478264,0.7626929340423446
t2m_min_sep,Tulumba,7.062561904761904,1.0902742107906707
t2m_min_sep,Union,6.880454545454546,1.1213798971523314
t2m_min_sep,Uruguay,10.010156862745097,1.0725168870301962
t2m_min_sep,Utracan,6.496186274509804,0.9656995203358782
t2m_min_sep,Vera,10.878383838383838,1.3778934029918342
t2m_min_sep,Victoria,8.451939393939394,0.9971106677355936
t2m_min_sep,Villa Constitucion,7.699686274509804,0.9956469934825384
t2m_min_sep,Villaguay,8.641892156862745,1.1015295662504145
t2m_min_sep,Villarino,11.187882352941175,0.8294007892698398
t2m_min_sep,Zarate,8.09240625,0.9787054126928233
t2m_min_oct,12 De Octubre,16.34251612903226,1.483296130303463
t2m_min_oct,1° De Mayo,16.31026696329255,1.297271650890665
t2m_min_oct,2 De Abril,16.62937019969278,1.4713319741336834
t2m_min_oct,25 De Mayo,9.2326680541103,1.010586479156297
t2m_min_oct,9 De Julio,9.257344913151364,0.9865910764152919
t2m_min_oct,Adolfo Alsina,10.906497695852535,1.0097535364936285
t2m_min_oct,Adolfo Gonzales Chaves,6.970426944971537,0.9713517513731625
t2m_min_oct,Aguirre,18.430060483870967,1.427615257696292
t2m_min_oct,Alberdi,16.171198156682028,1.3592772288188562
t2m_min_oct,Alberti,13.900439882697947,1.0364717985261824
t2m_min_oct,Almirante Brown,18.17767741935484,1.6692880896737816
t2m_min_oct,Anta,18.86293255131965,1.3489916464910094
t2m_min_oct,Apostoles,15.216784599375652,1.5045748906889898
t2m_min_oct,Arrecifes,10.532846299810247,1.0576318598710688
t2m_min_oct,Atreuco,8.337360703812317,0.9990181654202563
t2m_min_oct,Avellaneda,15.8792688172043,1.3810370716569191
t2m_min_oct,Ayacucho,7.5347909199522105,1.0019010131653192
t2m_min_oct,Azul,7.311442125237192,1.0281264739869065
t2m_min_oct,Balcarce,7.15588940092166,0.9125396897973542
t2m_min_oct,Banda,15.89573200992556,1.3587375983029921
t2m_min_oct,Baradero,10.75720430107527,1.0531413376524983
t2m_min_oct,Belgrano,11.491230307576894,1.1086481189322404
t2m_min_oct,Bella Vista,14.939820788530467,1.363347880929717
t2m_min_oct,Benito Juarez,6.920801564027371,1.0469823346709257
t2m_min_oct,Bermejo,16.457806451612903,1.550114894825981
t2m_min_oct,Beron De Astrada,15.567305502846299,1.1694757053284566
t2m_min_oct,Bolivar,13.999753320683112,1.0217000351406211
t2m_min_oct,Bragado,9.739620493358633,0.9913911100970089
t2m_min_oct,Brandsen,10.802119815668203,1.0060897745520299
t2m_min_oct,Burruyacu,14.620700778642936,1.0880771129353894
t2m_min_oct,Cachi,0.5601138519924098,1.1177594081233158
t2m_min_oct,Cainguas,15.720072840790843,1.568698116986975
t2m_min_oct,Calamuchita,10.58636836628512,1.044712571164544
t2m_min_oct,Campana,11.223576850094878,1.0682608130124225
t2m_min_oct,Candelaria,15.683040078201367,1.567252603571637
t2m_min_oct,Canuelas,10.044304435483872,1.0822086647381235
t2m_min_oct,Capayan,17.18193548387097,1.0219642707624512
t2m_min_oct,Capital,8.747061385599563,0.8865144478174339
t2m_min_oct,Capitan Sarmiento,10.532846299810247,1.0576318598710688
t2m_min_oct,Carlos Casares,9.42232258064516,0.9821530271654599
t2m_min_oct,Carlos Tejedor,9.608823529411765,0.9453740010740763
t2m_min_oct,Carmen De Areco,10.134183467741936,1.0153275714937025
t2m_min_oct,Caseros,11.340836693548386,1.091763278779875
t2m_min_oct,Castellanos,13.05423264907136,1.1285055187102402
t2m_min_oct,Castelli,10.563677419354839,0.9708563522381433
t2m_min_oct,Catrilo,9.249778801843318,0.9093515127076204
t2m_min_oct,Cerrillos,8.42405669599218,1.0830776877826087
t2m_min_oct,Chacabuco,10.042632168458782,1.0111000320667451
t2m_min_oct,Chapaleufu,9.883960573476703,0.9322643011961464
t2m_min_oct,Chascomus,9.747447817836813,1.033516987597716
t2m_min_oct,Chicoana,8.422246941045607,1.1437132451957535
t2m_min_oct,Chivilcoy,9.667556207233625,1.0425588119467102
t2m_min_oct,Choya,15.182811059907834,1.2086561897418528
t2m_min_oct,Colon,10.461392604248623,0.9814881542195407
t2m_min_oct,Comandante Fernandez,16.55818100358423,1.5401729126558206
t2m_min_oct,Concepcion,14.746695809466386,1.4606192593615166
t2m_min_oct,Concordia,12.548311195445919,1.2766809754646553
t2m_min_oct,Conhelo,8.958727598566307,0.9459697960445973
t2m_min_oct,Copo,16.17690561529271,1.3848286068049722
t2m_min_oct,Coronel Dorrego,7.359914611005693,0.9399713761887958
t2m_min_oct,Coronel Pringles,6.983172043010752,0.9328692824170776
t2m_min_oct,Coronel Suarez,7.252296015180266,0.953979821514191
t2m_min_oct,Cruz Alta,17.151751152073732,1.2241682993118446
t2m_min_oct,Curuzu Cuatia,12.99593841642229,1.443351839494148
t2m_min_oct,Daireaux,8.772009216589861,0.962351610600756
t2m_min_oct,Diamante,13.300939278937381,1.0602920944836327
t2m_min_oct,Dolores,9.01939393939394,1.015123548087747
t2m_min_oct,Dr. Manuel Belgrano,1.2803225806451612,1.159326623779312
t2m_min_oct,El Alto,13.03539314516129,1.0602280462313798
t2m_min_oct,El Carmen,15.785241935483871,1.0739268856402218
t2m_min_oct,Eldorado,15.69731182795699,1.618180384421824
t2m_min_oct,Empedrado,15.399424964936886,1.2710135527586657
t2m_min_oct,Esquina,13.960349462365592,1.2492013751255953
t2m_min_oct,Exaltacion De La Cruz,9.711612903225806,1.068020932391834
t2m_min_oct,Federacion,13.016385199240986,1.2959591861189028
t2m_min_oct,Federal,12.534468690702088,1.3281876667294559
t2m_min_oct,Feliciano,13.547693059628543,1.0525856750334952
t2m_min_oct,Figueroa,16.836842105263155,1.492727553297965
t2m_min_oct,Florentino Ameghino,9.920353302611366,1.0071234621950091
t2m_min_oct,Formosa,17.091627565982403,1.6522899092404806
t2m_min_oct,Fray Justo Santa Maria De Oro,15.71584440227704,1.3770500139288742
t2m_min_oct,Garay,11.868286985539488,1.094593077598179
t2m_min_oct,General Alvarado,10.89930875576037,1.0188593694821293
t2m_min_oct,General Alvear,8.68702834799609,1.0717748512024237
t2m_min_oct,General Arenales,10.404183773216031,0.9800359733890546
t2m_min_oct,General Belgrano,8.835052182163187,1.0226384865961584
t2m_min_oct,General Donovan,15.948110599078342,1.5098351854026004
t2m_min_oct,General Guemes,14.930351665785299,1.0484659224342616
t2m_min_oct,General Guido,8.955305895439377,1.0071674075867727
t2m_min_oct,General Jose De San Martin,8.36605529953917,1.0789351195223889
t2m_min_oct,General Juan Madariaga,10.138130929791272,0.8494079648223054
t2m_min_oct,General La Madrid,7.173557603686636,0.9750236623308819
t2m_min_oct,General Las Heras,9.904168734491314,1.1323466739450412
t2m_min_oct,General Lavalle,10.638972520908005,0.960413463539546
t2m_min_oct,General Lopez,10.635901328273246,0.9752512256049393
t2m_min_oct,General Manuel Belgrano,16.51455775234131,1.4572910779104653
t2m_min_oct,General Obligado,15.139203036053132,1.367640766180548
t2m_min_oct,General Paz,7.24657450076805,0.974998250623294
t2m_min_oct,General Pedernera,10.327338709677418,1.026957513314808
t2m_min_oct,General Pinto,9.80379276637341,0.9697223889564942
t2m_min_oct,General Pueyrredon,9.572442396313363,0.7900413289034272
t2m_min_oct,General Roca,11.684724857685008,1.0383510667402454
t2m_min_oct,General Rodriguez,10.62171658986175,1.0952993459033245
t2m_min_oct,General San Martin,10.80644183773216,1.0943508940572657
t2m_min_oct,General Taboada,16.924526881720432,1.3400808060244125
t2m_min_oct,General Viamonte,13.95531797235023,1.0403251323724012
t2m_min_oct,General Villegas,9.989209157127993,0.9633973222643014
t2m_min_oct,Gobernador Dupuy,9.421574193548388,0.9015570813888757
t2m_min_oct,Goya,14.993856304985338,1.3203866237602802
t2m_min_oct,Graneros,13.775449308755759,1.1310574270554887
t2m_min_oct,Gualeguay,11.255698924731183,1.1033311726549753
t2m_min_oct,Gualeguaychu,11.36743890518084,1.1185448023624267
t2m_min_oct,Guamini,8.67157495256167,0.9237095908465504
t2m_min_oct,Guarani,15.143352883675465,1.4900111018488738
t2m_min_oct,Guasayan,15.592926267281106,1.2617919383404443
t2m_min_oct,Guatrache,8.271179435483871,0.957619486956606
t2m_min_oct,Hipolito Yrigoyen,7.269852534562212,1.0423501367443164
t2m_min_oct,Hucal,8.489677419354837,1.047203084740428
t2m_min_oct,Iguazu,18.381321540062437,1.589797805093808
t2m_min_oct,Independencia,16.399256272401434,1.5010681075395096
t2m_min_oct,Iriondo,11.322628083491463,1.0786432665704868
t2m_min_oct,Ischilin,10.499257086999023,1.0308272199139934
t2m_min_oct,Itati,15.85261935483871,1.4442247509004353
t2m_min_oct,Ituzaingo,16.354123422159887,1.467379033981435
t2m_min_oct,Jimenez,17.472962962962963,1.355659056962473
t2m_min_oct,Juan F. Ibarra,16.151889400921657,1.365373644802078
t2m_min_oct,Juan Martin De Pueyrredon,10.203413978494623,1.0401044789878007
t2m_min_oct,Juarez Celman,10.604120707596255,0.9981594150714528
t2m_min_oct,Junin,10.429959314152862,0.9936292137945357
t2m_min_oct,La Caldera,4.760903225806452,1.081961808240868
t2m_min_oct,La Candelaria,13.97743890518084,1.0747677130258237
t2m_min_oct,La Capital,11.845768500948767,1.0759675445262624
t2m_min_oct,La Cocha,12.010740037950665,1.1564663683131293
t2m_min_oct,La Paz,13.35711632453568,1.2829084725456688
t2m_min_oct,La Plata,10.77491935483871,1.0242735387129038
t2m_min_oct,La Vina,8.996403823178017,1.1856468843668837
t2m_min_oct,Laishi,16.42524617996604,1.5378301508693804
t2m_min_oct,Laprida,7.03535679374389,0.9787992758981073
t2m_min_oct,Las Colonias,12.742003910068426,1.166832590592646
t2m_min_oct,Las Flores,8.699042338709678,1.0931505649854485
t2m_min_oct,Lavalle,14.784179523141656,1.2493121197937374
t2m_min_oct,Leales,17.151751152073732,1.2241682993118446
t2m_min_oct,Leandro N. Alem,10.430737007168458,0.990495027470043
t2m_min_oct,Ledesma,15.38048387096774,1.1884387624539738
t2m_min_oct,Libertad,18.89453917050691,1.6333669311354257
t2m_min_oct,Libertador General San Martin,16.56453571894998,1.642326484499577
t2m_min_oct,Lincoln,9.771564027370479,0.9482997824397138
t2m_min_oct,Loberia,9.569297912713473,0.8016999701771209
t2m_min_oct,Lobos,9.670398481973436,1.0981153666861063
t2m_min_oct,Loreto,16.086202346041055,1.4115182205523504
t2m_min_oct,Lujan,10.178367546432062,1.0515200920706727
t2m_min_oct,Magdalena,12.735407066052227,0.9268310723524884
t2m_min_oct,Maipu,16.798808570755828,1.517066261025211
t2m_min_oct,Mar Chiquita,8.438700460829494,0.9246618140918229
t2m_min_oct,Maraco,8.306523297491038,0.973286824690678
t2m_min_oct,Marcos Juarez,11.277789373814041,1.0438868088735427
t2m_min_oct,Marcos Paz,9.986240694789082,1.0910789052398444
t2m_min_oct,Mayor Luis J. Fontana,,
t2m_min_oct,Mburucuya,15.011065918653577,1.4738670763932566
t2m_min_oct,Mercedes,10.117029933158966,1.0622513855423699
t2m_min_oct,Metan,14.72984427141268,1.0063195131488547
t2m_min_oct,Mitre,16.069468690702088,1.4095984695042136
t2m_min_oct,Monte,9.378516129032258,1.0720477088341391
t2m_min_oct,Monte Caseros,13.07215542521994,1.3581307724764766
t2m_min_oct,Montecarlo,16.233502304147468,1.6636786250184628
t2m_min_oct,Moreno,17.079618768328444,1.4660525337013766
t2m_min_oct,Navarro,9.61815249266862,1.0811105981086853
t2m_min_oct,Necochea,8.458064516129031,0.8382953751397331
t2m_min_oct,Nogoya,11.685436432637571,1.1506866553687456
t2m_min_oct,O'Higgins,16.34736405529954,1.4898604401171198
t2m_min_oct,Obera,15.123817204301076,1.5558257407474594
t2m_min_oct,Olavarria,7.425738025415444,1.0316016995825124
t2m_min_oct,Oran,19.18304435483871,1.2565896419930707
t2m_min_oct,Palpala,15.909592529711373,1.177409725703765
t2m_min_oct,Parana,13.487927663734116,1.1274815359378365
t2m_min_oct,Paso De Los Libres,13.875783410138249,1.248901532647787
t2m_min_oct,Patagones,14.152652329749104,1.021410534102231
t2m_min_oct,Patino,18.524548387096775,1.8925307160229712
t2m_min_oct,Pehuajo,9.116811059907834,0.9827365649532699
t2m_min_oct,Pellegrini,16.08492860920148,1.3226744062728495
t2m_min_oct,Pergamino,10.537478005865102,1.041773152410424
t2m_min_oct,Pila,9.250397849462365,1.0491255983117216
t2m_min_oct,Pilagas,17.789274193548387,1.7966160384775214
t2m_min_oct,Pilar,10.640707596253902,1.1037412190337943
t2m_min_oct,Pilcomayo,18.0857910906298,1.7689877217170704
t2m_min_oct,Pirane,17.893763440860216,1.7650940975153682
t2m_min_oct,Pocho,11.628688865764829,1.0199262449631574
t2m_min_oct,Presidencia De La Plaza,16.036824596774192,1.5578183570934245
t2m_min_oct,Presidente Roque Saenz Pena,10.698497983870968,1.1336905702538242
t2m_min_oct,Puan,10.664924098671728,1.07643040379189
t2m_min_oct,Quemu Quemu,9.453270609318997,0.9248537211616068
t2m_min_oct,Quitilipi,16.036824596774192,1.5578183570934245
t2m_min_oct,Ramallo,11.196356736242885,1.061484665877879
t2m_min_oct,Rancul,9.571424731182795,0.9637803934488872
t2m_min_oct,Rauch,7.344875576036866,0.9933430311304506
t2m_min_oct,Realico,9.584960767218831,0.9538605384845155
t2m_min_oct,Rio Cuarto,10.148670576735093,1.06468244594444
t2m_min_oct,Rio Hondo,16.086090322580645,1.3913925894019
t2m_min_oct,Rio Primero,11.597327188940094,1.0776105954973336
t2m_min_oct,Rio Seco,9.15852394916911,1.0273301666304169
t2m_min_oct,Rio Segundo,12.43290322580645,1.087555532209716
t2m_min_oct,Rivadavia,10.546676361713379,1.0324573678643
t2m_min_oct,Robles,16.734103225806454,1.3384340159247268
t2m_min_oct,Rojas,10.516823069403715,1.026458978911333
t2m_min_oct,Roque Perez,9.27842396313364,1.0762214385315998
t2m_min_oct,Rosario,11.934349635796044,1.0449704819553252
t2m_min_oct,Rosario De La Frontera,13.939061583577713,1.0191830205709433
t2m_min_oct,Rosario De Lerma,4.7502258064516125,1.0690478930721543
t2m_min_oct,Saavedra,7.495071684587813,0.9659882408546022
t2m_min_oct,Saladas,15.383202764976957,1.4821833345417827
t2m_min_oct,Saladillo,9.232172675521822,1.0635994521971082
t2m_min_oct,Salliquelo,8.803483870967742,0.9198828631141107
t2m_min_oct,Salto,10.074457478005865,1.0390784147347336
t2m_min_oct,San Alberto,10.577085650723026,1.050447282686133
t2m_min_oct,San Andres De Giles,9.996179435483871,1.0866134105715501
t2m_min_oct,San Antonio,4.763752688172043,1.0604771980768786
t2m_min_oct,San Antonio De Areco,10.745483870967742,1.0678037839178505
t2m_min_oct,San Cayetano,7.451086021505376,0.892513383150743
t2m_min_oct,San Cosme,15.999771505376344,1.387542977513674
t2m_min_oct,San Cristobal,13.461401209677419,1.2097119235020148
t2m_min_oct,San Fernando,16.436041055718476,1.4835552637351397
t2m_min_oct,San Ignacio,15.657544224765868,1.6090739439750628
t2m_min_oct,San Javier,14.41104127134725,1.5356411533444503
t2m_min_oct,San Jeronimo,15.163652751423152,1.3224248357799275
t2m_min_oct,San Justo,10.460690881381762,1.037525579263311
t2m_min_oct,San Lorenzo,12.515760368663594,1.0355795293445802
t2m_min_oct,San Luis Del Palmar,16.304754558204767,1.3727909051074363
t2m_min_oct,San Martin,13.35841788856305,1.0832224676966227
t2m_min_oct,San Miguel,15.02138440860215,1.5080086600546634
t2m_min_oct,San Nicolas,11.147760368663596,1.0845580860066317
t2m_min_oct,San Pedro,11.22490767519466,1.058938471644471
t2m_min_oct,San Roque,14.793302611367126,1.231016892678552
t2m_min_oct,San Salvador,11.923548387096774,1.3497372169095128
t2m_min_oct,San Vicente,10.429354838709678,1.1148945531861953
t2m_min_oct,Santa Barbara,7.818738140417457,1.0739110568454873
t2m_min_oct,Santa Maria,10.451157495256167,1.020942201449481
t2m_min_oct,Santa Rosa,13.114949596774194,1.1236213692490684
t2m_min_oct,Santo Tome,14.732016129032258,1.530644247210566
t2m_min_oct,Sargento Cabral,16.42719758064516,1.506409664663617
t2m_min_oct,Sarmiento,16.008274193548388,1.2966429723326944
t2m_min_oct,Sauce,13.14409090909091,1.283608396937171
t2m_min_oct,Silipica,15.941792114695339,1.2218889674848281
t2m_min_oct,Simoca,13.67004301075269,1.2955918381916207
t2m_min_oct,Sobremonte,10.577392473118278,1.1304602386790843
t2m_min_oct,Suipacha,9.705290322580645,1.0383034275580445
t2m_min_oct,Tafi Del Valle,10.81172510518934,1.069096312166173
t2m_min_oct,Tala,12.467314990512333,1.2274769492079298
t2m_min_oct,Tandil,6.876921658986175,1.0110664020150069
t2m_min_oct,Tapalque,8.054868951612903,1.0379266066668336
t2m_min_oct,Tercero Arriba,10.363055028462998,1.0240203045734455
t2m_min_oct,Toay,8.778528225806452,0.9416982579322576
t2m_min_oct,Tordillo,8.320451612903227,1.0276332933350234
t2m_min_oct,Tornquist,7.497969639468691,0.9926543327593581
t2m_min_oct,Totoral,10.427341153470186,1.094050689395656
t2m_min_oct,Trancas,13.931857619577308,1.063879633254443
t2m_min_oct,Trenel,9.279928315412185,0.9475937906290416
t2m_min_oct,Trenque Lauquen,9.287880184331797,0.9442879544879781
t2m_min_oct,Tres Arroyos,7.334984391259105,0.9133628040293297
t2m_min_oct,Tres Lomas,9.22928471248247,0.9542453918515136
t2m_min_oct,Tulumba,10.436387096774192,1.0712690923962276
t2m_min_oct,Union,10.56913000977517,1.0513784757655658
t2m_min_oct,Uruguay,13.503624288425048,1.1140332202506575
t2m_min_oct,Utracan,9.932666034155597,0.9358042101908663
t2m_min_oct,Vera,14.291945259042032,1.3163304604638442
t2m_min_oct,Victoria,11.904349951124145,1.0606172003798042
t2m_min_oct,Villa Constitucion,11.071290322580646,1.0376056651492231
t2m_min_oct,Villaguay,11.859943074003795,1.2241648045920919
t2m_min_oct,Villarino,13.93753320683112,1.0292865462057628
t2m_min_oct,Zarate,11.290766129032258,1.0480004754175667
t2m_min_nov,12 De Octubre,18.422914285714285,1.37317857338285
t2m_min_nov,1° De Mayo,18.115482758620686,1.239597078631137
t2m_min_nov,2 De Abril,18.383031746031747,1.4844968728860515
t2m_min_nov,25 De Mayo,11.853479569892473,1.1599671027114096
t2m_min_nov,9 De Julio,11.90588740245262,1.0892148717627326
t2m_min_nov,Adolfo Alsina,13.45847619047619,1.1709538435942717
t2m_min_nov,Adolfo Gonzales Chaves,9.435696078431373,0.8504224158052401
t2m_min_nov,Aguirre,20.03125,1.1886221805822252
t2m_min_nov,Alberdi,18.55172619047619,1.1176030570079472
t2m_min_nov,Alberti,16.598949494949498,0.9431459439954581
t2m_min_nov,Almirante Brown,19.664161904761905,1.5428046152572308
t2m_min_nov,Anta,20.302595959595962,1.2034699246045204
t2m_min_nov,Apostoles,17.12835483870968,1.445181639065648
t2m_min_nov,Arrecifes,13.037313725490195,0.9841266375122265
t2m_min_nov,Atreuco,11.470222222222223,0.9034863595272773
t2m_min_nov,Avellaneda,18.242755555555558,1.0865275799585485
t2m_min_nov,Ayacucho,9.982824074074074,0.9704356800177809
t2m_min_nov,Azul,9.734833333333333,0.9005697981164266
t2m_min_nov,Balcarce,9.422314285714286,0.8231941771060393
t2m_min_nov,Banda,18.43144871794872,1.1328738164207086
t2m_min_nov,Baradero,13.155474747474749,0.9749219734815211
t2m_min_nov,Belgrano,14.396596899224807,1.0196289967931573
t2m_min_nov,Bella Vista,17.260753086419754,1.3331439756326957
t2m_min_nov,Benito Juarez,9.450828282828283,0.8672316032176919
t2m_min_nov,Bermejo,18.409366666666667,1.2563068888016875
t2m_min_nov,Beron De Astrada,18.43564705882353,1.268070918268442
t2m_min_nov,Bolivar,16.555754901960785,0.9765867251346659
t2m_min_nov,Bragado,12.243568627450982,0.9564671615766479
t2m_min_nov,Brandsen,13.479555555555557,1.014781811980253
t2m_min_nov,Burruyacu,16.52116091954023,0.958527572947544
t2m_min_nov,Cachi,1.7330980392156863,1.170575996421716
t2m_min_nov,Cainguas,17.406129032258065,1.491929215075467
t2m_min_nov,Calamuchita,12.78637634408602,0.9244355544788978
t2m_min_nov,Campana,13.637264705882352,0.9531479503988741
t2m_min_nov,Candelaria,17.42821212121212,1.4083051471986678
t2m_min_nov,Canuelas,12.388604166666667,1.0025055436970758
t2m_min_nov,Capayan,20.375939393939394,0.9049722883673523
t2m_min_nov,Capital,11.712658227848102,1.0623511292351553
t2m_min_nov,Capitan Sarmiento,13.037313725490195,0.9841266375122265
t2m_min_nov,Carlos Casares,11.990819047619048,0.989660492860953
t2m_min_nov,Carlos Tejedor,12.294686274509804,0.8874364431785092
t2m_min_nov,Carmen De Areco,12.518802083333334,0.9789842291149203
t2m_min_nov,Caseros,14.03196875,0.9928208332207983
t2m_min_nov,Castellanos,15.415797979797981,0.9399822580306813
t2m_min_nov,Castelli,12.999638095238094,0.8866099324744101
t2m_min_nov,Catrilo,12.164666666666667,0.8945414643114922
t2m_min_nov,Cerrillos,10.193393939393939,0.9415821623386585
t2m_min_nov,Chacabuco,12.813866898148149,1.1646480367843755
t2m_min_nov,Chapaleufu,12.714305555555555,0.9746356759290368
t2m_min_nov,Chascomus,12.077549019607844,0.9815652959351175
t2m_min_nov,Chicoana,10.189034482758622,0.9998724575205361
t2m_min_nov,Chivilcoy,12.107535353535354,0.9850404212638025
t2m_min_nov,Choya,17.766250000000003,1.0364825910369329
t2m_min_nov,Colon,13.253656213704994,1.171149371148148
t2m_min_nov,Comandante Fernandez,18.278342592592594,1.346680076515297
t2m_min_nov,Concepcion,16.840869158878505,1.2920860854915108
t2m_min_nov,Concordia,14.943127450980391,1.0684608931700357
t2m_min_nov,Conhelo,12.038027777777778,1.079233600424725
t2m_min_nov,Copo,18.50625925925926,1.1121903749805748
t2m_min_nov,Coronel Dorrego,10.131117647058822,0.9283154573922343
t2m_min_nov,Coronel Pringles,9.601296296296297,0.991557861863507
t2m_min_nov,Coronel Suarez,9.84278431372549,0.9281472326107804
t2m_min_nov,Cruz Alta,19.160809523809522,1.0050656692038145
t2m_min_nov,Curuzu Cuatia,15.50469696969697,1.2851362965169495
t2m_min_nov,Daireaux,11.515961904761905,0.9018306283145407
t2m_min_nov,Diamante,15.81157843137255,0.9222037699583595
t2m_min_nov,Dolores,11.276646464646463,0.8944281651617867
t2m_min_nov,Dr. Manuel Belgrano,2.516238095238095,1.2055069710055006
t2m_min_nov,El Alto,15.497416666666666,1.0531810390788803
t2m_min_nov,El Carmen,17.427212962962965,1.0434311201786728
t2m_min_nov,Eldorado,17.03311111111111,1.409997995524059
t2m_min_nov,Empedrado,17.943246376811594,1.3516328442407042
t2m_min_nov,Esquina,16.553055555555556,1.132742252797229
t2m_min_nov,Exaltacion De La Cruz,11.97025,0.9427695758340312
t2m_min_nov,Federacion,15.373745098039214,1.090957945776718
t2m_min_nov,Federal,14.851088235294117,1.086126625145827
t2m_min_nov,Feliciano,16.04789898989899,1.0750698184202334
t2m_min_nov,Figueroa,18.85071929824561,1.081922815434404
t2m_min_nov,Florentino Ameghino,12.441095238095237,0.9211685401516265
t2m_min_nov,Formosa,19.371166666666667,1.3219089121258212
t2m_min_nov,Fray Justo Santa Maria De Oro,17.695245098039216,1.101617177662015
t2m_min_nov,Garay,14.580137931034484,0.9451209946780789
t2m_min_nov,General Alvarado,13.418857142857142,0.8976916886551227
t2m_min_nov,General Alvear,11.166898989898991,0.9324183256042101
t2m_min_nov,General Arenales,13.164252525252525,1.1791050367589975
t2m_min_nov,General Belgrano,11.331164215686275,1.0672456152573924
t2m_min_nov,General Donovan,17.840583333333335,1.4996615931712467
t2m_min_nov,General Guemes,16.57284699453552,1.0128917264399167
t2m_min_nov,General Guido,11.336701149425288,0.9016270845322496
t2m_min_nov,General Jose De San Martin,10.154542857142857,0.9441073180582836
t2m_min_nov,General Juan Madariaga,12.55993137254902,0.8585019753105985
t2m_min_nov,General La Madrid,9.732419047619047,0.9147006451373875
t2m_min_nov,General Las Heras,12.578653846153847,1.0099876764078495
t2m_min_nov,General Lavalle,12.98153086419753,0.8716871461988928
t2m_min_nov,General Lopez,13.411343137254901,1.1885872679377243
t2m_min_nov,General Manuel Belgrano,18.045333333333335,1.4163984608859184
t2m_min_nov,General Obligado,17.22392156862745,1.1668712376456114
t2m_min_nov,General Paz,9.959507936507936,1.015771799831952
t2m_min_nov,General Pedernera,13.281833333333333,0.9569305296871566
t2m_min_nov,General Pinto,12.499979797979798,0.8963555452319207
t2m_min_nov,General Pueyrredon,11.872247619047618,0.7098491340352326
t2m_min_nov,General Roca,14.299794117647059,1.0845051595896031
t2m_min_nov,General Rodriguez,13.320119047619047,0.9419601540430574
t2m_min_nov,General San Martin,13.353454545454545,1.0410644886704703
t2m_min_nov,General Taboada,19.15106666666667,1.069145838035441
t2m_min_nov,General Viamonte,16.55475238095238,0.9621362544751842
t2m_min_nov,General Villegas,12.654236559139786,0.9427994374263646
t2m_min_nov,Gobernador Dupuy,12.67712,1.005571276181595
t2m_min_nov,Goya,17.30278787878788,1.2911377597943277
t2m_min_nov,Graneros,16.017357142857144,0.9485352968069526
t2m_min_nov,Gualeguay,13.631575757575757,0.967463261119595
t2m_min_nov,Gualeguaychu,13.742525252525253,0.9951858286489872
t2m_min_nov,Guamini,11.514960784313725,0.9041619434395308
t2m_min_nov,Guarani,16.868040404040407,1.4211697445277056
t2m_min_nov,Guasayan,17.976119047619047,1.0436252469563274
t2m_min_nov,Guatrache,11.227489583333334,0.9086275640036487
t2m_min_nov,Hipolito Yrigoyen,9.757419047619047,0.8972325583029211
t2m_min_nov,Hucal,11.730309523809524,1.0306016698420617
t2m_min_nov,Iguazu,19.810548387096773,1.4866110665945498
t2m_min_nov,Independencia,18.37224074074074,1.3871501895341096
t2m_min_nov,Iriondo,13.987774509803922,0.9945670926700437
t2m_min_nov,Ischilin,12.727868686868687,0.8974618799525772
t2m_min_nov,Itati,18.18816,1.4842476087479728
t2m_min_nov,Ituzaingo,18.603753623188403,1.4083867166407154
t2m_min_nov,Jimenez,19.411296296296296,1.0972070577768465
t2m_min_nov,Juan F. Ibarra,18.539511904761905,1.105492875506403
t2m_min_nov,Juan Martin De Pueyrredon,13.209458333333332,0.9778363664443362
t2m_min_nov,Juarez Celman,13.061645161290322,1.147654541955135
t2m_min_nov,Junin,13.360279279279279,1.1633563829795552
t2m_min_nov,La Caldera,6.392799999999999,1.0257451943361489
t2m_min_nov,La Candelaria,15.700494949494951,1.0761382350059638
t2m_min_nov,La Capital,14.517627450980392,0.9595640801972286
t2m_min_nov,La Cocha,14.392901960784314,1.150433020919043
t2m_min_nov,La Paz,15.603989898989898,1.0591311083883301
t2m_min_nov,La Plata,13.46445,1.038719045111989
t2m_min_nov,La Vina,11.044530864197531,1.0222152927734909
t2m_min_nov,Laishi,18.524508771929824,1.2016879505405442
t2m_min_nov,Laprida,9.443040404040405,0.8935572432293354
t2m_min_nov,Las Colonias,15.188020202020203,0.9817370692757996
t2m_min_nov,Las Flores,11.1366875,0.9510425177244781
t2m_min_nov,Lavalle,17.188304347826087,1.3377042897435962
t2m_min_nov,Leales,19.160809523809522,1.0050656692038145
t2m_min_nov,Leandro N. Alem,13.263953703703704,1.189722986315071
t2m_min_nov,Ledesma,16.883904761904763,1.0700057184460976
t2m_min_nov,Libertad,20.56815476190476,1.5870732243995904
t2m_min_nov,Libertador General San Martin,18.371237516869094,1.4840523583264629
t2m_min_nov,Lincoln,12.426111111111112,0.9174944469505988
t2m_min_nov,Loberia,11.862098039215686,0.717941720008924
t2m_min_nov,Lobos,12.111794117647058,0.9715881338213899
t2m_min_nov,Loreto,18.72280303030303,1.1194915732759603
t2m_min_nov,Lujan,12.541070707070705,0.9746485433420194
t2m_min_nov,Magdalena,15.479000000000001,0.9181287128356966
t2m_min_nov,Maipu,18.543250608272505,1.2825612999791791
t2m_min_nov,Mar Chiquita,10.782238095238094,0.8080586861955842
t2m_min_nov,Maraco,11.48562962962963,0.9555437204878009
t2m_min_nov,Marcos Juarez,13.923333333333332,1.1162963655578098
t2m_min_nov,Marcos Paz,12.431128205128205,0.997224285825068
t2m_min_nov,Mayor Luis J. Fontana,,
t2m_min_nov,Mburucuya,17.52395652173913,1.5163985254288224
t2m_min_nov,Mercedes,12.651972972972972,1.1507561897960004
t2m_min_nov,Metan,16.437114942528737,0.9987272427264533
t2m_min_nov,Mitre,18.289196078431374,1.0423954587792772
t2m_min_nov,Monte,11.806571428571429,0.9821939779243073
t2m_min_nov,Monte Caseros,15.779787878787879,1.1360156798300036
t2m_min_nov,Montecarlo,17.641607142857143,1.5313165455191922
t2m_min_nov,Moreno,18.876656565656564,1.2017707984379187
t2m_min_nov,Navarro,12.139838383838384,0.994154226386304
t2m_min_nov,Necochea,10.889875,0.7074789394892181
t2m_min_nov,Nogoya,14.249950980392157,0.9360328677513382
t2m_min_nov,O'Higgins,18.324733333333334,1.37736679675766
t2m_min_nov,Obera,16.811788888888888,1.457010531714668
t2m_min_nov,Olavarria,10.128050505050505,0.8068277995111306
t2m_min_nov,Oran,20.708729166666668,1.0013676827774658
t2m_min_nov,Palpala,17.296280701754384,1.2467181721542873
t2m_min_nov,Parana,15.968616161616161,0.9678721869576555
t2m_min_nov,Paso De Los Libres,16.097690476190476,1.5150946345117353
t2m_min_nov,Patagones,16.89325925925926,0.9523553901636665
t2m_min_nov,Patino,20.392783333333334,1.2326689926016787
t2m_min_nov,Pehuajo,11.774514285714286,0.9569767152932437
t2m_min_nov,Pellegrini,18.396325136612024,1.1677114121567116
t2m_min_nov,Pergamino,13.080737373737374,0.9734569904240185
t2m_min_nov,Pila,11.471277777777777,0.9013526662694578
t2m_min_nov,Pilagas,19.884283333333332,1.3901627246035595
t2m_min_nov,Pilar,13.24752688172043,0.9343797854794081
t2m_min_nov,Pilcomayo,20.150809523809524,1.5299464862516108
t2m_min_nov,Pirane,19.954920634920637,1.2182974819383625
t2m_min_nov,Pocho,14.098161290322581,0.9627173034965211
t2m_min_nov,Presidencia De La Plaza,17.7585625,1.4413311709509506
t2m_min_nov,Presidente Roque Saenz Pena,13.2213125,0.9138016927113622
t2m_min_nov,Puan,13.11671568627451,0.9462899276405152
t2m_min_nov,Quemu Quemu,12.399055555555556,0.9285964301884484
t2m_min_nov,Quitilipi,17.7585625,1.4413311709509506
t2m_min_nov,Ramallo,13.660274509803923,0.9561179169863997
t2m_min_nov,Rancul,12.440888888888889,1.0772387776751189
t2m_min_nov,Rauch,9.678590476190477,0.8941389551677409
t2m_min_nov,Realico,12.464873873873874,1.07214466717604
t2m_min_nov,Rio Cuarto,12.479474747474748,0.9770398996398338
t2m_min_nov,Rio Hondo,18.5,1.1403701356560922
t2m_min_nov,Rio Primero,14.131485714285715,1.006841736961002
t2m_min_nov,Rio Seco,11.42309090909091,0.9706185859512168
t2m_min_nov,Rio Segundo,15.12689898989899,0.9888748533506276
t2m_min_nov,Rivadavia,13.200013661202185,1.0902751705281706
t2m_min_nov,Robles,19.090693333333334,1.1269096217335075
t2m_min_nov,Rojas,13.10650505050505,0.9859461654266566
t2m_min_nov,Roque Perez,11.755742857142858,0.9848889359955764
t2m_min_nov,Rosario,14.507086021505376,0.9784130119654343
t2m_min_nov,Rosario De La Frontera,15.736636363636363,1.0884015176562203
t2m_min_nov,Rosario De Lerma,6.384844444444444,0.9975289190378044
t2m_min_nov,Saavedra,10.394925925925925,0.9435064963432822
t2m_min_nov,Saladas,17.18352380952381,1.510159117185523
t2m_min_nov,Saladillo,11.716176470588236,0.9547921283287159
t2m_min_nov,Salliquelo,11.716380952380952,0.9083216374237365
t2m_min_nov,Salto,12.568060606060605,0.9792027739957696
t2m_min_nov,San Alberto,12.856390804597702,1.0244085055590033
t2m_min_nov,San Andres De Giles,12.625645833333333,0.9851750638145524
t2m_min_nov,San Antonio,6.355099999999999,0.9893977584981041
t2m_min_nov,San Antonio De Areco,13.14528125,0.9887333887584147
t2m_min_nov,San Cayetano,9.967633333333334,0.7730449836479723
t2m_min_nov,San Cosme,18.42726388888889,1.511663408523299
t2m_min_nov,San Cristobal,15.767333333333333,0.9975088325261793
t2m_min_nov,San Fernando,18.40327272727273,1.3770827343784513
t2m_min_nov,San Ignacio,17.501612903225805,1.4861533670339933
t2m_min_nov,San Javier,16.15743995098039,1.4454429303620013
t2m_min_nov,San Jeronimo,17.141803921568627,1.143671720450952
t2m_min_nov,San Justo,12.719259842519685,0.9077445506084899
t2m_min_nov,San Lorenzo,15.30734335839599,1.033007583014473
t2m_min_nov,San Luis Del Palmar,18.499840579710146,1.5393833012532743
t2m_min_nov,San Martin,15.985763636363636,0.9814600481784178
t2m_min_nov,San Miguel,17.479986111111113,1.5876249617344722
t2m_min_nov,San Nicolas,13.680438095238095,0.9494758160708751
t2m_min_nov,San Pedro,13.755822988505747,1.1142301021678456
t2m_min_nov,San Roque,17.30914285714286,1.4314039517256725
t2m_min_nov,San Salvador,14.554404761904761,1.318677342899481
t2m_min_nov,San Vicente,13.212206349206348,0.9779596587691614
t2m_min_nov,Santa Barbara,9.30078431372549,1.0092179253048303
t2m_min_nov,Santa Maria,12.720372549019608,0.9376789194555281
t2m_min_nov,Santa Rosa,15.494979166666667,1.051392167838147
t2m_min_nov,Santo Tome,16.638944444444444,1.4842639701250155
t2m_min_nov,Sargento Cabral,18.309677083333334,1.2880681555588185
t2m_min_nov,Sarmiento,18.374933333333335,1.0371596932197888
t2m_min_nov,Sauce,15.49840909090909,1.2351549735973655
t2m_min_nov,Silipica,18.439944444444443,1.0584073573000758
t2m_min_nov,Simoca,15.856822222222224,1.1330798516717833
t2m_min_nov,Sobremonte,12.622041666666666,0.9050962919520298
t2m_min_nov,Suipacha,12.0679,1.0106563519247398
t2m_min_nov,Tafi Del Valle,13.018188405797103,0.8564419810647833
t2m_min_nov,Tala,14.956303921568628,1.0060853876235074
t2m_min_nov,Tandil,9.268580952380953,0.8435392926168935
t2m_min_nov,Tapalque,10.676625,0.7952079584188125
t2m_min_nov,Tercero Arriba,12.748882352941177,0.9420626552123861
t2m_min_nov,Toay,11.492583333333334,0.8842641960742174
t2m_min_nov,Tordillo,11.28408,0.9813313154795076
t2m_min_nov,Tornquist,10.420088235294118,0.9655575919431639
t2m_min_nov,Totoral,12.694434343434343,0.9132721295066825
t2m_min_nov,Trancas,15.845114942528735,1.0275309027750141
t2m_min_nov,Trenel,12.098398148148148,1.073251241520383
t2m_min_nov,Trenque Lauquen,12.02467619047619,0.8941515878183813
t2m_min_nov,Tres Arroyos,9.962806451612902,0.8445827186828594
t2m_min_nov,Tres Lomas,12.316420289855072,1.2159056117731037
t2m_min_nov,Tulumba,12.768819047619047,0.943952635148764
t2m_min_nov,Union,13.109676767676767,1.052994791603824
t2m_min_nov,Uruguay,15.967176470588235,0.953131614016839
t2m_min_nov,Utracan,12.63786274509804,0.9469182235042038
t2m_min_nov,Vera,16.66989898989899,1.0173982118239437
t2m_min_nov,Victoria,14.51019191919192,0.9707170389227142
t2m_min_nov,Villa Constitucion,13.809196078431373,1.1882116803942102
t2m_min_nov,Villaguay,14.247382352941177,1.0273259988737617
t2m_min_nov,Villarino,16.708284313725493,1.0950316390194186
t2m_min_nov,Zarate,13.669291666666666,0.9593379054566115
t2m_min_dic,12 De Octubre,21.1656866359447,1.2571688829782532
t2m_min_dic,1° De Mayo,20.23725250278087,1.1997308262495057
t2m_min_dic,2 De Abril,21.165745007680492,1.1311514011810433
t2m_min_dic,25 De Mayo,14.682543184183144,1.3120329312059749
t2m_min_dic,9 De Julio,14.724824684431978,1.317913970325642
t2m_min_dic,Adolfo Alsina,16.269815668202767,1.223370032704976
t2m_min_dic,Adolfo Gonzales Chaves,12.047277039848197,1.1521867878262675
t2m_min_dic,Aguirre,21.74791330645161,0.9507034790412263
t2m_min_dic,Alberdi,20.572937788018432,1.2019254998661406
t2m_min_dic,Alberti,19.34795698924731,1.1724592930579325
t2m_min_dic,Almirante Brown,21.865290322580645,1.1727949664364388
t2m_min_dic,Anta,21.74190615835777,0.913984051719636
t2m_min_dic,Apostoles,19.807117585848076,1.1210562599396785
t2m_min_dic,Arrecifes,15.898804554079694,1.3324080529474607
t2m_min_dic,Atreuco,14.640948191593353,1.1180483652814133
t2m_min_dic,Avellaneda,20.805311827956988,1.425278656543476
t2m_min_dic,Ayacucho,12.771798088410991,1.2200135338804234
t2m_min_dic,Azul,12.513747628083491,1.2360398433966993
t2m_min_dic,Balcarce,12.05120737327189,1.181552829576032
t2m_min_dic,Banda,20.758436724565758,1.23600682503296
t2m_min_dic,Baradero,15.985728250244378,1.3390763441462266
t2m_min_dic,Belgrano,17.090292573143284,1.3558209509723753
t2m_min_dic,Bella Vista,20.148829151732375,1.350190816781298
t2m_min_dic,Benito Juarez,12.009931573802541,1.1525418729811376
t2m_min_dic,Bermejo,21.03389247311828,1.201048234064708
t2m_min_dic,Beron De Astrada,20.922770398481973,1.4166529454607852
t2m_min_dic,Bolivar,19.35445920303605,1.1554357595066558
t2m_min_dic,Bragado,15.052210626185957,1.3242249396073058
t2m_min_dic,Brandsen,16.386236559139785,1.2563835599332251
t2m_min_dic,Burruyacu,18.432580645161288,0.8896087601287521
t2m_min_dic,Cachi,3.956034155597723,0.8590347698162154
t2m_min_dic,Cainguas,19.777148803329865,1.100950096096485
t2m_min_dic,Calamuchita,15.108376690946931,1.2334903073897086
t2m_min_dic,Campana,16.51001897533207,1.3490623100491028
t2m_min_dic,Candelaria,19.94531769305963,1.0937382142109535
t2m_min_dic,Canuelas,15.282429435483872,1.3868455740993952
t2m_min_dic,Capayan,22.49549853372434,0.8017834011380787
t2m_min_dic,Capital,14.785454607322716,1.1949922487155111
t2m_min_dic,Capitan Sarmiento,15.898804554079694,1.3324080529474607
t2m_min_dic,Carlos Casares,14.968755760368662,1.3257176319479078
t2m_min_dic,Carlos Tejedor,15.330332068311195,1.140311500179952
t2m_min_dic,Carmen De Areco,15.398689516129032,1.3304681632667816
t2m_min_dic,Caseros,16.657852822580644,1.3781300907900227
t2m_min_dic,Castellanos,17.996021505376344,1.3211222010474992
t2m_min_dic,Castelli,15.902460829493089,1.1760456338245626
t2m_min_dic,Catrilo,15.30652534562212,1.158405398460819
t2m_min_dic,Cerrillos,11.932541544477028,0.76808883781982
t2m_min_dic,Chacabuco,15.632794578853046,1.2941913750034646
t2m_min_dic,Chapaleufu,15.791344086021505,1.3220863198947577
t2m_min_dic,Chascomus,14.989914611005691,1.2210002431301386
t2m_min_dic,Chicoana,11.903915461624027,0.772873946058313
t2m_min_dic,Chivilcoy,14.902561094819161,1.3522033699929168
t2m_min_dic,Choya,20.13032258064516,1.1038265148610966
t2m_min_dic,Colon,16.0117567719456,1.3037484885025166
t2m_min_dic,Comandante Fernandez,20.730008960573475,1.2167320718457335
t2m_min_dic,Concepcion,19.760973771480252,1.2670497173820447
t2m_min_dic,Concordia,17.760948766603416,1.301365831868739
t2m_min_dic,Conhelo,15.20282258064516,1.236261290883525
t2m_min_dic,Copo,20.572425328554363,1.2248182590216548
t2m_min_dic,Coronel Dorrego,12.947428842504744,1.0228920170834992
t2m_min_dic,Coronel Pringles,12.563775388291518,1.129041062250232
t2m_min_dic,Coronel Suarez,12.852960151802657,1.1515965850655236
t2m_min_dic,Cruz Alta,21.220253456221197,1.0415887855529735
t2m_min_dic,Curuzu Cuatia,18.328211143695015,1.362125044301765
t2m_min_dic,Daireaux,14.486562211981566,1.2638224459053478
t2m_min_dic,Diamante,18.55516129032258,1.2512645512951723
t2m_min_dic,Dolores,14.162561094819159,1.205460447980514
t2m_min_dic,Dr. Manuel Belgrano,4.644792626728111,0.7871095734397882
t2m_min_dic,El Alto,17.724939516129034,0.9674163567396592
t2m_min_dic,El Carmen,18.824059139784946,0.7749104759429817
t2m_min_dic,Eldorado,19.377311827956987,1.1368215093999294
t2m_min_dic,Empedrado,20.583169705469846,1.3643983735306429
t2m_min_dic,Esquina,19.21465053763441,1.3246538224476343
t2m_min_dic,Exaltacion De La Cruz,14.908941532258064,1.3768329219129611
t2m_min_dic,Federacion,18.245303605313094,1.2858267060962782
t2m_min_dic,Federal,17.738168880455408,1.2986720517421437
t2m_min_dic,Feliciano,18.712570869990223,1.3127498659262509
t2m_min_dic,Figueroa,21.422869269949064,1.2228392350708772
t2m_min_dic,Florentino Ameghino,15.540368663594471,1.0033791413040754
t2m_min_dic,Formosa,21.40942815249267,1.2516393330693962
t2m_min_dic,Fray Justo Santa Maria De Oro,20.230863377609108,1.1807602054974742
t2m_min_dic,Garay,17.375094549499444,1.3446416969371027
t2m_min_dic,General Alvarado,16.332488479262672,1.266634674825417
t2m_min_dic,General Alvear,14.141769305962855,1.3061044718042232
t2m_min_dic,General Arenales,15.947184750733138,1.3515942100503262
t2m_min_dic,General Belgrano,14.304926470588235,1.2769686577259627
t2m_min_dic,General Donovan,20.01564516129032,1.188618737291314
t2m_min_dic,General Guemes,18.072850343733474,0.7977989015291258
t2m_min_dic,General Guido,14.280044493882091,1.2806250846495857
t2m_min_dic,General Jose De San Martin,11.915069124423962,0.7486279693645138
t2m_min_dic,General Juan Madariaga,15.334639468690701,1.0851673664133137
t2m_min_dic,General La Madrid,12.63588940092166,1.1692753001617915
t2m_min_dic,General Las Heras,15.37498759305211,1.286955617551152
t2m_min_dic,General Lavalle,15.729988052568697,1.157931451680131
t2m_min_dic,General Lopez,16.188965844402276,1.3800670667819077
t2m_min_dic,General Manuel Belgrano,19.921893860561916,1.1611483119320758
t2m_min_dic,General Obligado,20.04226755218216,1.297092818866186
t2m_min_dic,General Paz,12.56187019969278,1.1639680832101447
t2m_min_dic,General Pedernera,16.412526881720428,1.3420772583521514
t2m_min_dic,General Pinto,15.460821114369502,1.2961932479669498
t2m_min_dic,General Pueyrredon,14.439714285714285,1.0041243520902183
t2m_min_dic,General Roca,16.95946869070209,1.3667389415298574
t2m_min_dic,General Rodriguez,16.067753456221197,1.2744569861579298
t2m_min_dic,General San Martin,15.828435972629523,1.2982575825036315
t2m_min_dic,General Taboada,21.294634408602153,1.2030188786369804
t2m_min_dic,General Viamonte,19.351723502304147,1.138432297233277
t2m_min_dic,General Villegas,15.653329864724245,1.2033775550395323
t2m_min_dic,Gobernador Dupuy,15.944503225806452,1.3524248288884544
t2m_min_dic,Goya,20.022639296187684,1.428544287168237
t2m_min_dic,Graneros,18.237188940092164,0.9719657479409882
t2m_min_dic,Gualeguay,16.498025415444772,1.2896732962120214
t2m_min_dic,Gualeguaychu,16.648924731182795,1.3508252325768697
t2m_min_dic,Guamini,14.650645161290322,1.2085894279637746
t2m_min_dic,Guarani,19.261417399804497,1.1185082700302813
t2m_min_dic,Guasayan,20.35180875576037,1.1278424942634442
t2m_min_dic,Guatrache,14.634657258064516,1.0377499555331835
t2m_min_dic,Hipolito Yrigoyen,12.524764976958526,1.2194702667315072
t2m_min_dic,Hucal,14.882338709677418,1.0739922731664022
t2m_min_dic,Iguazu,22.112081165452654,1.1223021433010827
t2m_min_dic,Independencia,21.140456989247312,1.2482918225948085
t2m_min_dic,Iriondo,16.74379506641366,1.3570364292566601
t2m_min_dic,Ischilin,15.049178885630498,1.1986513978584925
t2m_min_dic,Itati,20.794529032258065,1.275918457761603
t2m_min_dic,Ituzaingo,21.185189340813462,1.1514881394627843
t2m_min_dic,Jimenez,21.280525686977303,1.1171665781953515
t2m_min_dic,Juan F. Ibarra,20.589976958525344,1.2055053819982229
t2m_min_dic,Juan Martin De Pueyrredon,16.279892473118277,1.3298115631649743
t2m_min_dic,Juarez Celman,15.544276795005203,1.2389693807275668
t2m_min_dic,Junin,16.20341470502761,1.3334881644892749
t2m_min_dic,La Caldera,8.246077419354839,0.8072750993443967
t2m_min_dic,La Candelaria,17.46728250244379,0.8899746903528619
t2m_min_dic,La Capital,17.25926944971537,1.2940345661476877
t2m_min_dic,La Cocha,16.682960151802657,0.80663826255598
t2m_min_dic,La Paz,18.40147605083089,1.170922930889397
t2m_min_dic,La Plata,16.257548387096772,1.138200838614346
t2m_min_dic,La Vina,12.828016726403824,0.803623177458182
t2m_min_dic,Laishi,20.646706281833616,1.2040882184152024
t2m_min_dic,Laprida,12.390997067448682,1.167635959601606
t2m_min_dic,Las Colonias,17.900205278592377,1.32674812973452
t2m_min_dic,Las Flores,14.193054435483871,1.2286205416354643
t2m_min_dic,Lavalle,20.23786816269285,1.377687604759552
t2m_min_dic,Leales,21.220253456221197,1.0415887855529735
t2m_min_dic,Leandro N. Alem,16.06948700716846,1.3191429375043213
t2m_min_dic,Ledesma,18.324158986175117,0.8579297076992256
t2m_min_dic,Libertad,22.25708525345622,1.1189280187841057
t2m_min_dic,Libertador General San Martin,20.82322972443516,1.1936906257990525
t2m_min_dic,Lincoln,15.3275073313783,1.3261144967088703
t2m_min_dic,Loberia,14.396821631878558,0.9861417991575115
t2m_min_dic,Lobos,14.99431688804554,1.3491838442067328
t2m_min_dic,Loreto,20.887228739002932,1.1689893222223655
t2m_min_dic,Lujan,15.463900293255133,1.32608675555948
t2m_min_dic,Magdalena,18.26468509984639,1.102709800184986
t2m_min_dic,Maipu,20.99607252178008,1.2089502082948196
t2m_min_dic,Mar Chiquita,13.512322580645161,1.192967266602859
t2m_min_dic,Maraco,14.655474910394267,1.1059404026170183
t2m_min_dic,Marcos Juarez,16.551679316888045,1.3378200833707328
t2m_min_dic,Marcos Paz,15.30970223325062,1.23828072520187
t2m_min_dic,Mayor Luis J. Fontana,,
t2m_min_dic,Mburucuya,20.217391304347824,1.2474612300626213
t2m_min_dic,Mercedes,15.37878814298169,1.3454743893344698
t2m_min_dic,Metan,18.13885428253615,0.8057092693304777
t2m_min_dic,Mitre,20.751024667931688,1.3726024563071924
t2m_min_dic,Monte,14.733622119815667,1.2959789920875988
t2m_min_dic,Monte Caseros,18.715542521994134,1.217636915284515
t2m_min_dic,Montecarlo,20.011532258064516,1.1479964319633222
t2m_min_dic,Moreno,21.262375366568914,1.1406047148872087
t2m_min_dic,Navarro,15.05010752688172,1.2856180609187655
t2m_min_dic,Necochea,13.285090725806452,1.014211764161555
t2m_min_dic,Nogoya,16.950673624288427,1.2659840970713028
t2m_min_dic,O'Higgins,21.180967741935486,1.2422740537543253
t2m_min_dic,Obera,19.29025806451613,1.1316951606471164
t2m_min_dic,Olavarria,12.934701857282503,1.2740652855776435
t2m_min_dic,Oran,22.073618951612904,0.8879585965372171
t2m_min_dic,Palpala,18.581918505942276,0.7257670755841004
t2m_min_dic,Parana,18.759882697947216,1.2595697953337082
t2m_min_dic,Paso De Los Libres,19.03721198156682,1.1885371669614484
t2m_min_dic,Patagones,19.557455197132615,1.1340213424506342
t2m_min_dic,Patino,22.255661290322582,1.1326660101950559
t2m_min_dic,Pehuajo,14.811566820276497,1.2870816250906314
t2m_min_dic,Pellegrini,20.59190639873083,1.2620528690595605
t2m_min_dic,Pergamino,15.816285434995114,1.254939937353913
t2m_min_dic,Pila,14.361817204301076,1.2814450518122291
t2m_min_dic,Pilagas,21.871548387096773,1.2614102635558342
t2m_min_dic,Pilar,16.108865764828305,1.27851045470986
t2m_min_dic,Pilcomayo,22.073010752688173,1.3273894808433666
t2m_min_dic,Pirane,21.85410138248848,1.0602311615636677
t2m_min_dic,Pocho,16.538990634755464,1.246434662115466
t2m_min_dic,Presidencia De La Plaza,20.147278225806453,1.209245991571324
t2m_min_dic,Presidente Roque Saenz Pena,15.725191532258064,1.207405237135506
t2m_min_dic,Puan,16.13756166982922,1.318417540546426
t2m_min_dic,Quemu Quemu,15.543718637992832,1.2439197685469512
t2m_min_dic,Quitilipi,20.147278225806453,1.209245991571324
t2m_min_dic,Ramallo,16.39203036053131,1.3083198823823532
t2m_min_dic,Rancul,15.480439068100358,1.259923299292367
t2m_min_dic,Rauch,12.431889400921659,1.2192667938627102
t2m_min_dic,Realico,15.44790758500436,1.2579622778547919
t2m_min_dic,Rio Cuarto,14.94741935483871,1.2436147319233621
t2m_min_dic,Rio Hondo,20.590387096774194,1.1333642851458925
t2m_min_dic,Rio Primero,16.528304147465438,1.208170979373263
t2m_min_dic,Rio Seco,13.755317693059629,1.0845723210901597
t2m_min_dic,Rio Segundo,17.579169110459432,1.2219918203662548
t2m_min_dic,Rivadavia,16.155412480169222,1.3507105587228985
t2m_min_dic,Robles,21.337664516129035,1.2318906213411636
t2m_min_dic,Rojas,15.936793743890517,1.3277377668988497
t2m_min_dic,Roque Perez,14.635133640552995,1.308346156881477
t2m_min_dic,Rosario,17.180228928199792,1.3047533318521072
t2m_min_dic,Rosario De La Frontera,17.472111436950147,0.8853181476144647
t2m_min_dic,Rosario De Lerma,8.164021505376345,0.773295723993843
t2m_min_dic,Saavedra,13.52673835125448,1.0716043213249242
t2m_min_dic,Saladas,20.02274193548387,1.0607436180024619
t2m_min_dic,Saladillo,14.598889943074004,1.3446439229806693
t2m_min_dic,Salliquelo,14.884156682027651,1.1233551461690505
t2m_min_dic,Salto,15.355816226783968,1.3301155311679573
t2m_min_dic,San Alberto,15.09686318131257,1.1804320458625728
t2m_min_dic,San Andres De Giles,15.472288306451613,1.3768559928171002
t2m_min_dic,San Antonio,8.157387096774194,0.7730056020765925
t2m_min_dic,San Antonio De Areco,15.979334677419354,1.3599910773625898
t2m_min_dic,San Cayetano,12.350924731182795,1.0874353823954108
t2m_min_dic,San Cosme,21.270631720430107,1.2342040598685013
t2m_min_dic,San Cristobal,18.439465725806453,1.313229318789042
t2m_min_dic,San Fernando,21.158885630498535,1.2770246240968166
t2m_min_dic,San Ignacio,20.005369406867846,1.0591702966459988
t2m_min_dic,San Javier,18.622983870967744,1.1582275249429166
t2m_min_dic,San Jeronimo,20.008624288425047,1.3356100905800934
t2m_min_dic,San Justo,14.977899415798833,1.1134486310698184
t2m_min_dic,San Lorenzo,17.986284259034683,1.2732311333771613
t2m_min_dic,San Luis Del Palmar,21.194950911640955,1.2275747995361073
t2m_min_dic,San Martin,18.778215542521995,1.273788052662687
t2m_min_dic,San Miguel,20.330215053763443,1.2232942873325703
t2m_min_dic,San Nicolas,16.426884792626726,1.3053259632647787
t2m_min_dic,San Pedro,16.505261401557284,1.2373605503488179
t2m_min_dic,San Roque,20.15815668202765,1.3596818855123414
t2m_min_dic,San Salvador,17.42806451612903,1.363875310753677
t2m_min_dic,San Vicente,15.917204301075268,1.2781402915663933
t2m_min_dic,Santa Barbara,10.929810246679317,0.6879647894060229
t2m_min_dic,Santa Maria,15.114136622390891,1.135076693941617
t2m_min_dic,Santa Rosa,17.648538306451613,0.9498316102557998
t2m_min_dic,Santo Tome,19.23831989247312,1.152247706437751
t2m_min_dic,Sargento Cabral,21.073931451612903,1.1989775763580033
t2m_min_dic,Sarmiento,20.682193548387097,1.3016994987214965
t2m_min_dic,Sauce,17.91464809384164,1.2847213281977603
t2m_min_dic,Silipica,20.769193548387097,1.3506317726701635
t2m_min_dic,Simoca,18.04225806451613,0.8755772544255416
t2m_min_dic,Sobremonte,14.771948924731182,1.101781571012898
t2m_min_dic,Suipacha,14.96058064516129,1.3904088568705457
t2m_min_dic,Tafi Del Valle,15.067784011220196,0.8640667700300544
t2m_min_dic,Tala,17.78801707779886,1.2763328987932347
t2m_min_dic,Tandil,11.811824884792628,1.217954616417086
t2m_min_dic,Tapalque,13.455272177419355,1.293777592397813
t2m_min_dic,Tercero Arriba,15.122912713472484,1.1821728480522855
t2m_min_dic,Toay,14.732288306451613,1.2137489838014546
t2m_min_dic,Tordillo,14.322825806451613,0.9764116548548493
t2m_min_dic,Tornquist,13.540920303605313,1.0908878963076027
t2m_min_dic,Totoral,14.9722091886608,1.1059040370130513
t2m_min_dic,Trancas,17.605450500556174,0.8696460800977097
t2m_min_dic,Trenel,15.082025089605736,1.2687228896967844
t2m_min_dic,Trenque Lauquen,15.11778801843318,1.2342942983852607
t2m_min_dic,Tres Arroyos,12.451331945889699,1.0580252770783742
t2m_min_dic,Tres Lomas,15.323506311360449,0.9862063207315568
t2m_min_dic,Tulumba,15.011345622119816,1.0982046160647292
t2m_min_dic,Union,15.693343108504399,1.3215249371796018
t2m_min_dic,Uruguay,18.742637571157495,1.2444079854790469
t2m_min_dic,Utracan,15.741840607210627,1.3236522719783932
t2m_min_dic,Vera,19.364281524926685,1.3164641741836334
t2m_min_dic,Victoria,17.2855522971652,1.2985781760759318
t2m_min_dic,Villa Constitucion,16.497618595825426,1.3330039119780874
t2m_min_dic,Villaguay,17.144582542694497,1.2979402357367955
t2m_min_dic,Villarino,19.395246679316887,1.1429310192039095
t2m_min_dic,Zarate,16.460756048387097,1.3763306885849569
t2m_min_ene,12 De Octubre,22.63611059907834,1.062994861891864
t2m_min_ene,1° De Mayo,21.687341490545048,0.981632603962842
t2m_min_ene,2 De Abril,22.553072196620583,0.8611678940354535
t2m_min_ene,25 De Mayo,16.646234131113424,1.0248325194135088
t2m_min_ene,9 De Julio,16.535365195814006,1.0099913718064115
t2m_min_ene,Adolfo Alsina,18.43072811059908,0.9465192411279377
t2m_min_ene,Adolfo Gonzales Chaves,14.143254269449715,0.9079845571530519
t2m_min_ene,Aguirre,22.172600806451612,0.7251604568259844
t2m_min_ene,Alberdi,21.201451612903224,0.9591770107857099
t2m_min_ene,Alberti,21.19493646138807,0.9307730508539362
t2m_min_ene,Almirante Brown,22.975198156682026,0.9541526292121496
t2m_min_ene,Anta,21.957145650048876,0.7193781057336426
t2m_min_ene,Apostoles,21.312934443288242,0.9271632160732299
t2m_min_ene,Arrecifes,17.725844402277037,1.0080627746290511
t2m_min_ene,Atreuco,16.44136852394917,0.8991249721800112
t2m_min_ene,Avellaneda,21.395849462365593,0.8121311880156697
t2m_min_ene,Ayacucho,14.867147550776584,0.8567245382203664
t2m_min_ene,Azul,14.49027514231499,0.8989640524650234
t2m_min_ene,Balcarce,14.09094930875576,0.9485648962110655
t2m_min_ene,Banda,21.076625310173696,0.8350089980922742
t2m_min_ene,Baradero,17.98658846529814,0.9949626377715317
t2m_min_ene,Belgrano,18.699967491872968,1.0516285635499056
t2m_min_ene,Bella Vista,21.875555555555554,1.2007049989333627
t2m_min_ene,Benito Juarez,14.072746823069403,0.937427802010859
t2m_min_ene,Bermejo,22.6335376344086,0.9498402504471495
t2m_min_ene,Beron De Astrada,22.81267552182163,1.176119259934462
t2m_min_ene,Bolivar,21.220104364326374,0.9277443307395767
t2m_min_ene,Bragado,16.841831119544594,0.9917422384320577
t2m_min_ene,Brandsen,18.612119815668205,0.6912055972301845
t2m_min_ene,Burruyacu,18.790233592880977,0.6541227209710877
t2m_min_ene,Cachi,4.9854648956356735,0.8430919667472273
t2m_min_ene,Cainguas,20.980749219562956,0.7673524149080768
t2m_min_ene,Calamuchita,16.026004162330906,0.8288309143286035
t2m_min_ene,Campana,18.565607210626187,0.9891420712477361
t2m_min_ene,Candelaria,21.44261974584555,0.8550288618302881
t2m_min_ene,Canuelas,17.419163306451612,0.9948374877659075
t2m_min_ene,Capayan,22.780234604105573,0.8692289703193614
t2m_min_ene,Capital,16.335236150809855,0.9486922518620885
t2m_min_ene,Capitan Sarmiento,17.725844402277037,1.0080627746290511
t2m_min_ene,Carlos Casares,16.761870967741935,1.0469597225234595
t2m_min_ene,Carlos Tejedor,17.083776091081596,0.9348176126415996
t2m_min_ene,Carmen De Areco,17.189213709677418,0.9957609859667672
t2m_min_ene,Caseros,18.415302419354838,1.008323784140718
t2m_min_ene,Castellanos,19.66427174975562,0.9151841057336534
t2m_min_ene,Castelli,17.99098617511521,0.9408026639977587
t2m_min_ene,Catrilo,17.002119815668205,0.8905243091792132
t2m_min_ene,Cerrillos,12.634877810361681,0.7945832722044072
t2m_min_ene,Chacabuco,17.290950940860213,1.0341355618523727
t2m_min_ene,Chapaleufu,17.261586021505376,1.0705446512428813
t2m_min_ene,Chascomus,17.14118595825427,0.9574828443159968
t2m_min_ene,Chicoana,12.662747497219131,0.8037863266454012
t2m_min_ene,Chivilcoy,16.801994134897363,0.9893342809958097
t2m_min_ene,Choya,20.542476958525345,0.8044298674678525
t2m_min_ene,Colon,17.67078003821513,0.9864045311461116
t2m_min_ene,Comandante Fernandez,22.083844086021504,0.9808387674970757
t2m_min_ene,Concepcion,21.390349713596624,1.1636623397189447
t2m_min_ene,Concordia,19.914848197343453,1.1230137996620304
t2m_min_ene,Conhelo,16.888082437275987,0.9574825768946926
t2m_min_ene,Copo,21.28700119474313,0.8617422853659298
t2m_min_ene,Coronel Dorrego,15.046546489563568,0.9178530634466164
t2m_min_ene,Coronel Pringles,14.46097670250896,0.9729662945381411
t2m_min_ene,Coronel Suarez,14.81186907020873,0.9319328490015584
t2m_min_ene,Cruz Alta,21.532442396313364,0.6048899758668194
t2m_min_ene,Curuzu Cuatia,20.484222873900293,1.1987940602707778
t2m_min_ene,Daireaux,16.317769585253455,0.9502526037023251
t2m_min_ene,Diamante,20.444990512333966,1.0651046248997071
t2m_min_ene,Dolores,16.303567937438906,1.0269524023042922
t2m_min_ene,Dr. Manuel Belgrano,5.809216589861752,0.8547323766576604
t2m_min_ene,El Alto,18.33076612903226,0.7262944861705924
t2m_min_ene,El Carmen,19.05114695340502,0.6611446504471563
t2m_min_ene,Eldorado,20.456698924731185,0.6992128701572116
t2m_min_ene,Empedrado,22.227629733520338,1.2089187243797066
t2m_min_ene,Esquina,21.232016129032257,1.0946355158847598
t2m_min_ene,Exaltacion De La Cruz,16.9236189516129,1.0006971412217391
t2m_min_ene,Federacion,20.339981024667935,1.0939472507395418
t2m_min_ene,Federal,19.78313092979127,1.1048828298642193
t2m_min_ene,Feliciano,20.556265884652984,1.0038118524447852
t2m_min_ene,Figueroa,22.41095076400679,0.937986150814578
t2m_min_ene,Florentino Ameghino,17.161874039938557,0.9563949481068394
t2m_min_ene,Formosa,22.92542521994135,1.1379326715324247
t2m_min_ene,Fray Justo Santa Maria De Oro,21.564079696394685,0.960503876643713
t2m_min_ene,Garay,19.166963292547276,1.0839262573580501
t2m_min_ene,General Alvarado,18.412285714285712,0.9444599186784021
t2m_min_ene,General Alvear,16.176725317693062,1.0115460785602142
t2m_min_ene,General Arenales,17.650557184750735,0.985856432245347
t2m_min_ene,General Belgrano,16.33956356736243,0.9448500468442402
t2m_min_ene,General Donovan,21.589493087557603,0.9698253496572441
t2m_min_ene,General Guemes,18.34471972501322,0.6444260676098776
t2m_min_ene,General Guido,16.511212458286984,0.9387326420266189
t2m_min_ene,General Jose De San Martin,12.65547465437788,0.7758335984303683
t2m_min_ene,General Juan Madariaga,17.477229601518026,0.8829924000696104
t2m_min_ene,General La Madrid,14.639235023041474,0.9004636101143669
t2m_min_ene,General Las Heras,17.60882133995037,1.0516443294030149
t2m_min_ene,General Lavalle,17.922974910394267,0.9957017098146547
t2m_min_ene,General Lopez,17.742267552182163,1.0266857094978257
t2m_min_ene,General Manuel Belgrano,20.77684703433923,0.7164613135423473
t2m_min_ene,General Obligado,21.617390891840607,1.030424077568982
t2m_min_ene,General Paz,14.670864055299537,0.8930225556548538
t2m_min_ene,General Pedernera,17.437271505376344,0.8135451058899177
t2m_min_ene,General Pinto,17.036842619745848,0.9574542620282248
t2m_min_ene,General Pueyrredon,16.602258064516132,0.7751509260737925
t2m_min_ene,General Roca,18.564876660341557,1.0101435679355764
t2m_min_ene,General Rodriguez,18.287476958525342,0.9787665188178143
t2m_min_ene,General San Martin,17.175200391006843,1.010031683049928
t2m_min_ene,General Taboada,21.87241935483871,0.8811045497966311
t2m_min_ene,General Viamonte,21.215023041474655,0.914493439627352
t2m_min_ene,General Villegas,17.22513007284079,1.0131844221515602
t2m_min_ene,Gobernador Dupuy,17.119470967741936,0.7469670776701844
t2m_min_ene,Goya,21.713211143695016,1.1528545307078064
t2m_min_ene,Graneros,18.720760368663594,0.6256934101693824
t2m_min_ene,Gualeguay,18.54551319648094,1.1499694448154183
t2m_min_ene,Gualeguaychu,18.757878787878788,1.1581682776272966
t2m_min_ene,Guamini,16.540313092979126,0.898894265639533
t2m_min_ene,Guarani,20.54479960899316,0.8767612783501578
t2m_min_ene,Guasayan,20.780345622119818,0.6799442841960726
t2m_min_ene,Guatrache,16.4634375,0.9082838626235635
t2m_min_ene,Hipolito Yrigoyen,14.538341013824883,0.930176935356764
t2m_min_ene,Hucal,16.93556451612903,0.8730901289006758
t2m_min_ene,Iguazu,23.020260145681583,0.7038942439177686
t2m_min_ene,Independencia,22.61801075268817,1.0533125460926624
t2m_min_ene,Iriondo,18.442798861480075,1.0377045789529935
t2m_min_ene,Ischilin,16.170772238514175,0.8410091807546717
t2m_min_ene,Itati,22.38468387096774,1.2160057555669597
t2m_min_ene,Ituzaingo,23.018793828892008,0.8561145970966426
t2m_min_ene,Jimenez,21.58810035842294,0.6703226662240392
t2m_min_ene,Juan F. Ibarra,21.23630184331797,0.8871685014214525
t2m_min_ene,Juan Martin De Pueyrredon,17.322325268817206,0.8522362034284389
t2m_min_ene,Juarez Celman,16.870426638917795,1.0247736580364069
t2m_min_ene,Junin,17.70786689915722,1.015510014094437
t2m_min_ene,La Caldera,9.013909677419354,0.7077099212527768
t2m_min_ene,La Candelaria,17.88955034213099,0.6404016564655017
t2m_min_ene,La Capital,19.125834914611005,1.0315325693671678
t2m_min_ene,La Cocha,17.093074003795067,0.750874465212672
t2m_min_ene,La Paz,20.256783968719454,1.0740995808121496
t2m_min_ene,La Plata,18.599467741935484,0.7066627300039731
t2m_min_ene,La Vina,13.53853046594982,0.7665200586722184
t2m_min_ene,Laishi,22.069100169779286,1.2345167779721666
t2m_min_ene,Laprida,14.425777126099707,0.8265808151271353
t2m_min_ene,Las Colonias,19.756735092864126,0.9406761105659253
t2m_min_ene,Las Flores,16.205231854838708,1.0217895380758921
t2m_min_ene,Lavalle,21.844151472650772,1.1569183600417126
t2m_min_ene,Leales,21.532442396313364,0.6048899758668194
t2m_min_ene,Leandro N. Alem,17.726176075268818,0.9841633754433856
t2m_min_ene,Ledesma,18.733410138248846,0.664281119946422
t2m_min_ene,Libertad,23.26434331797235,0.7973592842657234
t2m_min_ene,Libertador General San Martin,22.02456314483479,0.9919972702986752
t2m_min_ene,Lincoln,17.015171065493647,1.018006702450138
t2m_min_ene,Loberia,16.604554079696392,0.7866871711356667
t2m_min_ene,Lobos,17.01641366223909,1.0528787030329085
t2m_min_ene,Loreto,21.392521994134896,0.8733433644574438
t2m_min_ene,Lujan,17.467722385141737,1.0480315741460704
t2m_min_ene,Magdalena,20.379262672811063,0.6084841808665191
t2m_min_ene,Maipu,22.254028726159643,1.0002892241941388
t2m_min_ene,Mar Chiquita,15.637898617511523,0.9078033853318451
t2m_min_ene,Maraco,16.396836917562723,0.8975106375684383
t2m_min_ene,Marcos Juarez,18.118529411764705,1.0301225227559012
t2m_min_ene,Marcos Paz,17.55397022332506,1.0195978875994904
t2m_min_ene,Mayor Luis J. Fontana,,
t2m_min_ene,Mburucuya,22.00914446002805,1.192806266900682
t2m_min_ene,Mercedes,17.44330717814589,1.0299049631980957
t2m_min_ene,Metan,18.326318131256954,0.633942078756714
t2m_min_ene,Mitre,21.439753320683113,0.8284412394486386
t2m_min_ene,Monte,16.883133640552995,1.0255784524926546
t2m_min_ene,Monte Caseros,20.86756598240469,1.1219409592542968
t2m_min_ene,Montecarlo,21.16508064516129,0.7545753383880416
t2m_min_ene,Moreno,22.252834799608994,1.0089647488630777
t2m_min_ene,Navarro,16.973675464320625,1.063973841404838
t2m_min_ene,Necochea,15.474516129032258,0.8507239787221692
t2m_min_ene,Nogoya,18.959003795066415,1.1407858790461483
t2m_min_ene,O'Higgins,22.662368663594467,1.0340120266666561
t2m_min_ene,Obera,20.59558064516129,0.8675318383466107
t2m_min_ene,Olavarria,14.939188660801564,0.9188443231725412
t2m_min_ene,Oran,22.270120967741935,0.61952954389747
t2m_min_ene,Palpala,19.03137521222411,0.6894907882082204
t2m_min_ene,Parana,20.620078201368525,1.0666919998376199
t2m_min_ene,Paso De Los Libres,21.253041474654378,1.128169182446914
t2m_min_ene,Patagones,21.351135005973717,0.8540587544908086
t2m_min_ene,Patino,23.365951612903224,1.170770638604979
t2m_min_ene,Pehuajo,16.613308755760368,0.9440604372694916
t2m_min_ene,Pellegrini,21.140430988894767,0.8785661627146756
t2m_min_ene,Pergamino,17.675298142717498,0.9840185770759551
t2m_min_ene,Pila,16.50195698924731,1.0311418357693107
t2m_min_ene,Pilagas,23.084467741935484,1.1724681266556634
t2m_min_ene,Pilar,18.207356919875128,0.9652838007296747
t2m_min_ene,Pilcomayo,23.300675883256527,1.2040735096740884
t2m_min_ene,Pirane,23.004562211981565,1.0816880537553264
t2m_min_ene,Pocho,17.69799167533819,0.9086089076913997
t2m_min_ene,Presidencia De La Plaza,21.63703629032258,0.9148000848877663
t2m_min_ene,Presidente Roque Saenz Pena,17.09413306451613,0.9620468164212895
t2m_min_ene,Puan,18.20143263757116,0.9338639636660703
t2m_min_ene,Quemu Quemu,17.11529569892473,0.9566974789092579
t2m_min_ene,Quitilipi,21.63703629032258,0.9148000848877663
t2m_min_ene,Ramallo,18.294345351043642,1.0505298899891564
t2m_min_ene,Rancul,16.85097670250896,1.0165607406714183
t2m_min_ene,Rauch,14.422672811059908,0.9269584353238021
t2m_min_ene,Realico,16.84124673060157,1.0040882328458935
t2m_min_ene,Rio Cuarto,16.186666666666667,0.8984331830228524
t2m_min_ene,Rio Hondo,21.146916129032256,0.8540217798660674
t2m_min_ene,Rio Primero,17.733456221198157,0.9063867654974
t2m_min_ene,Rio Seco,14.918162267839687,0.728986730865268
t2m_min_ene,Rio Segundo,19.330351906158356,0.9189334962744349
t2m_min_ene,Rivadavia,18.176684294024327,0.9485087420306194
t2m_min_ene,Robles,21.71701935483871,0.9457975228421566
t2m_min_ene,Rojas,17.64622678396872,1.0419663791386256
t2m_min_ene,Roque Perez,16.729714285714284,1.0118390322387416
t2m_min_ene,Rosario,18.967127991675337,1.0397857958481551
t2m_min_ene,Rosario De La Frontera,17.91935483870968,0.6683664583779643
t2m_min_ene,Rosario De Lerma,9.007129032258065,0.8167351302103589
t2m_min_ene,Saavedra,15.485743727598567,0.9469640215712558
t2m_min_ene,Saladas,21.780599078341016,1.1941885739154958
t2m_min_ene,Saladillo,16.636195445920304,1.063698793957713
t2m_min_ene,Salliquelo,16.7049400921659,0.8892775498335661
t2m_min_ene,Salto,17.18163245356794,0.9748560852570797
t2m_min_ene,San Alberto,16.312914349276973,0.805206040325045
t2m_min_ene,San Andres De Giles,17.413881048387097,1.0440844116406311
t2m_min_ene,San Antonio,8.970096774193548,0.7600182201301827
t2m_min_ene,San Antonio De Areco,17.965625,1.003451202592679
t2m_min_ene,San Cayetano,14.555956989247312,0.9166962857611033
t2m_min_ene,San Cosme,22.852446236559143,1.1410654918320542
t2m_min_ene,San Cristobal,20.201895161290324,0.9482490989169053
t2m_min_ene,San Fernando,22.717839687194527,1.0159801429732913
t2m_min_ene,San Ignacio,21.49927159209157,0.8499802367282404
t2m_min_ene,San Javier,19.994625237191652,1.0336070991015573
t2m_min_ene,San Jeronimo,21.496584440227704,0.9658474454649916
t2m_min_ene,San Justo,16.16520193040386,0.7719851321129847
t2m_min_ene,San Lorenzo,19.842556390977443,1.045021900833871
t2m_min_ene,San Luis Del Palmar,22.70990182328191,1.1800907726597973
t2m_min_ene,San Martin,20.73359824046921,1.0080914086253416
t2m_min_ene,San Miguel,22.00331989247312,1.2599924720155913
t2m_min_ene,San Nicolas,18.275198156682027,1.041146180529891
t2m_min_ene,San Pedro,18.364101223581756,1.0075882448058942
t2m_min_ene,San Roque,22.014976958525345,1.1491284014196628
t2m_min_ene,San Salvador,19.63778801843318,0.8161573750915923
t2m_min_ene,San Vicente,17.851566820276496,0.8853471031677681
t2m_min_ene,Santa Barbara,11.578159392789374,0.6453381308439717
t2m_min_ene,Santa Maria,16.11915559772296,0.8110025842465388
t2m_min_ene,Santa Rosa,18.29569556451613,0.732339370354336
t2m_min_ene,Santo Tome,21.22,0.9371344243413623
t2m_min_ene,Sargento Cabral,22.6375,0.9195894145485459
t2m_min_ene,Sarmiento,21.214403225806453,1.0046350889353557
t2m_min_ene,Sauce,20.013709677419357,1.1168490603019503
t2m_min_ene,Silipica,21.204605734767025,0.9851599097671383
t2m_min_ene,Simoca,18.458752688172044,0.6059067420244818
t2m_min_ene,Sobremonte,16.170120967741937,0.8075749248885147
t2m_min_ene,Suipacha,16.795247311827957,1.0266861121295023
t2m_min_ene,Tafi Del Valle,15.700827489481066,0.6978919487514705
t2m_min_ene,Tala,19.89145161290323,1.0959824991795573
t2m_min_ene,Tandil,13.813612903225808,0.9567411166569002
t2m_min_ene,Tapalque,15.375614919354838,0.9693306378794103
t2m_min_ene,Tercero Arriba,16.34826375711575,0.791210736470727
t2m_min_ene,Toay,16.414969758064515,0.9333212357751779
t2m_min_ene,Tordillo,16.659716129032258,0.9706190132164136
t2m_min_ene,Tornquist,15.449421252371916,0.961113630882388
t2m_min_ene,Totoral,16.191857282502443,0.8368909212608646
t2m_min_ene,Trancas,17.941490545050055,0.65791887232264
t2m_min_ene,Trenel,16.499740143369177,0.9434357625310595
t2m_min_ene,Trenque Lauquen,16.884654377880185,0.8971370107036368
t2m_min_ene,Tres Arroyos,14.616514047866806,0.939903229752788
t2m_min_ene,Tres Lomas,17.085960729312763,0.9450300814192616
t2m_min_ene,Tulumba,16.209953917050694,0.8214633187810005
t2m_min_ene,Union,16.90017595307918,1.0351656256848787
t2m_min_ene,Uruguay,20.63433586337761,1.053690477228915
t2m_min_ene,Utracan,17.261043643263758,1.0744956234529865
t2m_min_ene,Vera,21.016099706744868,1.0373292719739446
t2m_min_ene,Victoria,19.046373411534702,1.090465334799303
t2m_min_ene,Villa Constitucion,18.19933586337761,1.0119624484042227
t2m_min_ene,Villaguay,19.183406072106262,1.1175439028541123
t2m_min_ene,Villarino,21.199800759013282,0.9173039566178165
t2m_min_ene,Zarate,18.515897177419355,0.9730546824065656
t2m_min_feb,12 De Octubre,21.843397959183672,1.0792117190219754
t2m_min_feb,1° De Mayo,20.843561661287584,1.274392385426333
t2m_min_feb,2 De Abril,21.969434670419894,0.9974496824623031
t2m_min_feb,25 De Mayo,15.919656245034163,1.037150159865118
t2m_min_feb,9 De Julio,15.69597105293507,1.0029940664676416
t2m_min_feb,Adolfo Alsina,17.875429978888107,0.9816179898225736
t2m_min_feb,Adolfo Gonzales Chaves,13.663691321356128,1.1013438509264593
t2m_min_feb,Aguirre,21.408242764778326,1.1488566797878637
t2m_min_feb,Alberdi,20.384330137227302,0.9945205557246906
t2m_min_feb,Alberti,20.830732198835648,0.9326801778890764
t2m_min_feb,Almirante Brown,22.104704081632654,1.290915437907191
t2m_min_feb,Anta,21.149253246753247,1.010415315050738
t2m_min_feb,Apostoles,21.016888209121245,1.0113296540755146
t2m_min_feb,Arrecifes,16.926691538684437,0.9526466310984218
t2m_min_feb,Atreuco,15.160545603821467,1.1671877417121095
t2m_min_feb,Avellaneda,20.57382183908046,1.0878278630942408
t2m_min_feb,Ayacucho,14.416897692027002,1.1255384275928326
t2m_min_feb,Azul,13.853508403361346,1.0948481732438609
t2m_min_feb,Balcarce,14.001787825475018,0.9997505780982905
t2m_min_feb,Banda,20.075849280030315,1.0165268865450394
t2m_min_feb,Baradero,17.286475966562172,1.0116195009365936
t2m_min_feb,Belgrano,17.59263928666896,1.0574481650789564
t2m_min_feb,Bella Vista,20.786069147965698,1.1188477270401467
t2m_min_feb,Benito Juarez,13.498474772354083,1.123387334094722
t2m_min_feb,Bermejo,21.92385632183908,1.0481057322771405
t2m_min_feb,Beron De Astrada,21.811149666763257,0.9344778486678874
t2m_min_feb,Bolivar,20.908550420168066,0.9422661804124595
t2m_min_feb,Bragado,15.96782164589974,0.9895206212530855
t2m_min_feb,Brandsen,18.148666432090078,0.9441708706060186
t2m_min_feb,Burruyacu,17.87051384406319,0.8436895440086413
t2m_min_feb,Cachi,4.524047377571718,1.0771650308946121
t2m_min_feb,Cainguas,20.748835213729542,0.9928079284214639
t2m_min_feb,Calamuchita,15.283827268393452,0.9754518776324078
t2m_min_feb,Campana,17.957595624456676,1.0087898029342048
t2m_min_feb,Candelaria,21.0756553216898,1.0416671680435805
t2m_min_feb,Canuelas,16.75396166871921,0.9808584288865089
t2m_min_feb,Capayan,21.700366099417824,0.9594825368717328
t2m_min_feb,Capital,15.246519974641974,1.198357270543663
t2m_min_feb,Capitan Sarmiento,16.926691538684437,0.9526466310984218
t2m_min_feb,Carlos Casares,15.854310696692469,1.0112263954786818
t2m_min_feb,Carlos Tejedor,15.96841350333237,1.010626143823882
t2m_min_feb,Carmen De Areco,16.371879233374383,1.0128060805690304
t2m_min_feb,Caseros,17.377814039408868,0.9534558392234757
t2m_min_feb,Castellanos,18.692376100910586,0.9617033779722414
t2m_min_feb,Castelli,17.66423082336383,0.9593082018056679
t2m_min_feb,Catrilo,15.873046798029558,1.0165283509050227
t2m_min_feb,Cerrillos,12.020683310941932,0.7844381812215763
t2m_min_feb,Chacabuco,16.398155873700055,0.9741889398517956
t2m_min_feb,Chapaleufu,16.187281061850026,1.1621078124444761
t2m_min_feb,Chascomus,16.592703201970444,1.0507627410692875
t2m_min_feb,Chicoana,12.140323594360455,0.755661996734944
t2m_min_feb,Chivilcoy,16.01638826690551,1.0415004500993672
t2m_min_feb,Choya,19.49167663617171,0.8680992988364039
t2m_min_feb,Colon,16.65853238015139,0.9372357203106632
t2m_min_feb,Comandante Fernandez,21.31144020251779,1.3294359011938561
t2m_min_feb,Concepcion,20.6656411997606,1.0154707021612601
t2m_min_feb,Concordia,19.22123333816285,1.1416912492473155
t2m_min_feb,Conhelo,15.76551724137931,1.18799507669224
t2m_min_feb,Copo,20.378379401569056,1.0129573944416905
t2m_min_feb,Coronel Dorrego,14.48361598087511,1.0798460516433697
t2m_min_feb,Coronel Pringles,13.636456964969897,1.0506888317472143
t2m_min_feb,Coronel Suarez,13.846918646769053,1.030373179382428
t2m_min_feb,Cruz Alta,20.5317663617171,0.8377789637061146
t2m_min_feb,Curuzu Cuatia,19.393607814599193,1.1330905525673527
t2m_min_feb,Daireaux,15.260371569317382,0.9863109801365109
t2m_min_feb,Diamante,19.453434873949583,0.973905762215556
t2m_min_feb,Dolores,16.033860650843412,1.027797061263389
t2m_min_feb,Dr. Manuel Belgrano,5.388299906169364,0.7597396366476634
t2m_min_feb,El Alto,17.389719827586205,0.9147195885598285
t2m_min_feb,El Carmen,18.255324302134646,0.8587983428454313
t2m_min_feb,Eldorado,20.27487561576355,1.0088927912023422
t2m_min_feb,Empedrado,21.060494752623686,1.0559916412605974
t2m_min_feb,Esquina,19.984736247947456,1.0108526535171443
t2m_min_feb,Exaltacion De La Cruz,16.309104448891624,1.0399040413634102
t2m_min_feb,Federacion,19.58389126340191,1.1685399693765501
t2m_min_feb,Federal,19.02457838307737,1.12925969796757
t2m_min_feb,Feliciano,19.60221227048813,0.9227925675142756
t2m_min_feb,Figueroa,21.207512315270936,1.3030499488706198
t2m_min_feb,Florentino Ameghino,16.120911916490734,0.9823680663583616
t2m_min_feb,Formosa,22.0302289520824,1.2394643633282654
t2m_min_feb,Fray Justo Santa Maria De Oro,20.673611996522745,1.129675022828114
t2m_min_feb,Garay,18.15266604382538,1.041588718478553
t2m_min_feb,General Alvarado,17.893602040816326,1.0001302685532079
t2m_min_feb,General Alvear,15.45163643827437,1.0842884299407145
t2m_min_feb,General Arenales,16.61470592625765,0.899347906749219
t2m_min_feb,General Belgrano,15.681214050275283,1.0645992352106581
t2m_min_feb,General Donovan,20.848313247712877,1.1833680758087284
t2m_min_feb,General Guemes,17.484199507389164,0.8491374601949422
t2m_min_feb,General Guido,16.19673560387294,1.024668244488769
t2m_min_feb,General Jose De San Martin,11.963340253342716,0.8128222323404414
t2m_min_feb,General Juan Madariaga,17.454311069255287,0.9089289791157243
t2m_min_feb,General La Madrid,13.80613406052076,1.0708581256009158
t2m_min_feb,General Las Heras,16.888986832133384,1.0128634216885597
t2m_min_feb,General Lavalle,17.759189472723957,0.9475015322339699
t2m_min_feb,General Lopez,16.755241596638655,1.0085387169115563
t2m_min_feb,General Manuel Belgrano,20.59067217543302,0.9553712068685676
t2m_min_feb,General Obligado,20.824991669081424,1.145362211879949
t2m_min_feb,General Paz,14.061175815153646,1.1283601348546475
t2m_min_feb,General Pedernera,16.402837130541872,0.9544623903199186
t2m_min_feb,General Pinto,15.992509702940737,0.89061253831759
t2m_min_feb,General Pueyrredon,16.738118930330753,0.8703187955894998
t2m_min_feb,General Roca,17.5144871051869,0.9955437811811155
t2m_min_feb,General Rodriguez,17.638878870513725,0.9975569214974072
t2m_min_feb,General San Martin,16.27090722495895,1.087147326768961
t2m_min_feb,General Taboada,20.886223727422006,1.092830332077699
t2m_min_feb,General Viamonte,20.888572132301196,0.935799915300034
t2m_min_feb,General Villegas,16.181734864134754,1.05381134655073
t2m_min_feb,Gobernador Dupuy,16.183240886699508,1.113424217816235
t2m_min_feb,Goya,20.58721171070309,1.0176377841394364
t2m_min_feb,Graneros,17.84663573187896,0.7701343876908939
t2m_min_feb,Gualeguay,17.817672413793105,1.017924348864116
t2m_min_feb,Gualeguaychu,18.053357590685177,1.0351933879523434
t2m_min_feb,Guamini,15.430477760069547,1.0280390048102754
t2m_min_feb,Guarani,20.342068592327212,1.0536509644883623
t2m_min_feb,Guasayan,19.71431958128079,0.8760097792229025
t2m_min_feb,Guatrache,15.263162330665025,1.1599026041976397
t2m_min_feb,Hipolito Yrigoyen,13.880336734693877,1.090242375668524
t2m_min_feb,Hucal,15.380065534834625,1.0585768243199878
t2m_min_feb,Iguazu,22.649391387255683,0.9818286549815036
t2m_min_feb,Independencia,21.891636904761906,1.1023577921755836
t2m_min_feb,Iriondo,17.41858917705013,0.9933847298269965
t2m_min_feb,Ischilin,15.312626511419614,1.057532621559933
t2m_min_feb,Itati,21.534806403940888,0.9403245989449978
t2m_min_feb,Ituzaingo,22.206611694152922,1.1437269527749394
t2m_min_feb,Jimenez,20.718330140485314,0.8933620732375739
t2m_min_feb,Juan F. Ibarra,20.377476688951443,0.994033418726164
t2m_min_feb,Juan Martin De Pueyrredon,16.271281814449917,1.0354229733139007
t2m_min_feb,Juarez Celman,16.03723899570952,1.1012452428596302
t2m_min_feb,Junin,16.681566480273375,0.9980540130231523
t2m_min_feb,La Caldera,8.641741871921182,0.7774528317597362
t2m_min_feb,La Candelaria,17.008672563069116,0.9009089168139722
t2m_min_feb,La Capital,18.120075702694873,0.9925981083965395
t2m_min_feb,La Cocha,16.635669371196755,0.8228500001581678
t2m_min_feb,La Paz,19.45962904911181,1.0914001761696717
t2m_min_feb,La Plata,18.181939039408867,0.9559840554425296
t2m_min_feb,La Vina,13.01650976099252,0.7300562135540285
t2m_min_feb,Laishi,21.241837568058077,1.233869053377999
t2m_min_feb,Laprida,13.646527466786088,1.135138728367724
t2m_min_feb,Las Colonias,18.733170622480966,0.9182118549005115
t2m_min_feb,Las Flores,15.49502963362069,1.0852078008665218
t2m_min_feb,Lavalle,20.837938530734633,1.1282744229980293
t2m_min_feb,Leales,20.5317663617171,0.8377789637061146
t2m_min_feb,Leandro N. Alem,16.719886083743845,0.9470441800290758
t2m_min_feb,Ledesma,18.03452454257565,0.860423196267833
t2m_min_feb,Libertad,22.27253826530612,1.1546616131833891
t2m_min_feb,Libertador General San Martin,21.40317858638639,1.2451858363684374
t2m_min_feb,Lincoln,16.059727571279296,0.9915018767495511
t2m_min_feb,Loberia,16.731687554332076,0.8825624179455221
t2m_min_feb,Lobos,16.284408504781226,1.0682709443569969
t2m_min_feb,Loreto,20.41345499328258,1.1048549054034025
t2m_min_feb,Lujan,16.70863449768622,1.0266645787316107
t2m_min_feb,Magdalena,20.02185784658691,0.9003682605197045
t2m_min_feb,Maipu,21.42277561037,1.3248097377413497
t2m_min_feb,Mar Chiquita,15.529918015482057,0.9839464266523825
t2m_min_feb,Maraco,15.17113334701697,1.2018830497175514
t2m_min_feb,Marcos Juarez,17.05250688206317,0.9958061924005237
t2m_min_feb,Marcos Paz,16.98604490337249,1.0569598552211799
t2m_min_feb,Mayor Luis J. Fontana,,
t2m_min_feb,Mburucuya,20.991047333476118,1.0673377137130682
t2m_min_feb,Mercedes,16.585466648914924,0.9846807173147097
t2m_min_feb,Metan,17.449426702904706,0.9087354749406035
t2m_min_feb,Mitre,20.611080846131557,1.028122230494261
t2m_min_feb,Monte,16.194492610837436,1.0731577596280268
t2m_min_feb,Monte Caseros,19.714347290640394,1.255711331693923
t2m_min_feb,Montecarlo,20.942502199155523,1.0468112375936411
t2m_min_feb,Moreno,21.430905732198834,1.2990966361661425
t2m_min_feb,Navarro,16.209078593819974,1.0156882067583815
t2m_min_feb,Necochea,15.439481219211823,0.8438584006800804
t2m_min_feb,Nogoya,18.20393183135323,0.9789943719295457
t2m_min_feb,O'Higgins,21.921663265306123,1.1034138314429718
t2m_min_feb,Obera,20.400323481116583,1.0292452568861044
t2m_min_feb,Olavarria,14.016710703090013,1.0600544549769269
t2m_min_feb,Oran,21.39537754002463,0.9231396175215947
t2m_min_feb,Palpala,18.482776121337828,0.8664237798804733
t2m_min_feb,Parana,19.643900582176443,0.9744250342012638
t2m_min_feb,Paso De Los Libres,20.31241467276566,1.3351670853081876
t2m_min_feb,Patagones,20.815866630176973,0.850826627494256
t2m_min_feb,Patino,22.499822044334977,1.2125803985688914
t2m_min_feb,Pehuajo,15.645475369458127,0.9882689179553009
t2m_min_feb,Pellegrini,20.185167770330292,1.0026584199523654
t2m_min_feb,Pergamino,16.726391998805795,0.9487486777905896
t2m_min_feb,Pila,16.025419129720852,1.0864308860806204
t2m_min_feb,Pilagas,22.283689655172417,1.238048989672262
t2m_min_feb,Pilar,17.587433259176866,0.9831253875284334
t2m_min_feb,Pilcomayo,22.537082453671125,1.2123196436555845
t2m_min_feb,Pirane,22.22726307764485,1.2557366790003042
t2m_min_feb,Pocho,16.854845463213096,0.9765923849359404
t2m_min_feb,Presidencia De La Plaza,20.94189539716749,1.2221046073440907
t2m_min_feb,Presidente Roque Saenz Pena,16.15126270012315,0.9931876671491716
t2m_min_feb,Puan,17.54131519849319,1.0176870977574972
t2m_min_feb,Quemu Quemu,15.998736316365628,1.111183684494104
t2m_min_feb,Quitilipi,20.94189539716749,1.2221046073440907
t2m_min_feb,Ramallo,17.513636264850767,0.9897180893809796
t2m_min_feb,Rancul,15.783779761904762,1.1700107597455451
t2m_min_feb,Rauch,13.972953201970443,1.1015521308025378
t2m_min_feb,Realico,15.79960491279457,1.1576552113470666
t2m_min_feb,Rio Cuarto,15.40731340498582,1.0275846318752917
t2m_min_feb,Rio Hondo,20.33239802955665,0.9186529725198588
t2m_min_feb,Rio Primero,16.857444053483462,0.9865377718895548
t2m_min_feb,Rio Seco,14.00623301985371,0.964866690183943
t2m_min_feb,Rio Segundo,18.308802433198988,0.9585077660289192
t2m_min_feb,Rivadavia,17.537729245740127,0.9878122602259647
t2m_min_feb,Robles,20.76265369458128,1.1004552686118583
t2m_min_feb,Rojas,16.67535303776683,0.9217140931617983
t2m_min_feb,Roque Perez,15.982862772695285,1.0731093070919508
t2m_min_feb,Rosario,18.055831876688384,0.951356276768571
t2m_min_feb,Rosario De La Frontera,16.995707941483804,0.9047438550443805
t2m_min_feb,Rosario De Lerma,8.611187602627258,0.7409114598844379
t2m_min_feb,Saavedra,14.47870450191571,1.1137401381078469
t2m_min_feb,Saladas,21.121699507389163,0.9873621137968343
t2m_min_feb,Saladillo,15.87016408287453,1.0694725001074759
t2m_min_feb,Salliquelo,15.594320900774102,1.0375848519390962
t2m_min_feb,Salto,16.336707717569787,0.9343353120144793
t2m_min_feb,San Alberto,15.463246135552913,0.955403731299532
t2m_min_feb,San Andres De Giles,16.636828432881774,0.9837231032122804
t2m_min_feb,San Antonio,8.62727093596059,0.7301234634365612
t2m_min_feb,San Antonio De Areco,17.267367995689654,1.0217380433153307
t2m_min_feb,San Cayetano,14.216087027914615,0.8366424352256351
t2m_min_feb,San Cosme,21.68991738505747,1.0025733282517957
t2m_min_feb,San Cristobal,19.17374153325123,1.0163002513080261
t2m_min_feb,San Fernando,21.960929989550678,1.0519887509650705
t2m_min_feb,San Ignacio,21.105236771015413,1.0764525052381682
t2m_min_feb,San Javier,19.859262079831932,1.1889914673549293
t2m_min_feb,San Jeronimo,20.80674695740365,1.1084178825748727
t2m_min_feb,San Justo,15.226408886389201,0.9623576974380492
t2m_min_feb,San Lorenzo,18.830288066224675,0.9652846668703707
t2m_min_feb,San Luis Del Palmar,21.759343007067894,1.0108026091795448
t2m_min_feb,San Martin,19.66349630541872,0.9614085880508678
t2m_min_feb,San Miguel,21.254034790640393,1.0845670137186925
t2m_min_feb,San Nicolas,17.49901020408163,0.9788866627689045
t2m_min_feb,San Pedro,17.68695031425174,0.9725451763679002
t2m_min_feb,San Roque,20.99086441473141,1.0669322614575898
t2m_min_feb,San Salvador,19.028826530612243,0.8207500955412803
t2m_min_feb,San Vicente,16.96745894909688,0.945049980739429
t2m_min_feb,Santa Barbara,11.067690886699507,0.763760623950402
t2m_min_feb,Santa Maria,15.273217907852795,0.954663579168578
t2m_min_feb,Santa Rosa,17.34134929187192,0.8792224471565775
t2m_min_feb,Santo Tome,20.48356424466338,1.1864144933040615
t2m_min_feb,Sargento Cabral,21.925267087438424,1.0483582380988503
t2m_min_feb,Sarmiento,20.39360960591133,1.078973741949598
t2m_min_feb,Sauce,19.008887707120465,1.1868283931989914
t2m_min_feb,Silipica,20.260360563765737,1.03803864818158
t2m_min_feb,Simoca,18.141979474548442,0.785037207047624
t2m_min_feb,Sobremonte,15.3112546182266,0.9543352628704199
t2m_min_feb,Suipacha,15.926492610837439,1.0064385425894986
t2m_min_feb,Tafi Del Valle,14.93548190190619,0.8046345011941665
t2m_min_feb,Tala,19.241274992755724,1.113939463798095
t2m_min_feb,Tandil,13.399806826178747,1.1109020072086988
t2m_min_feb,Tapalque,14.598917025862068,1.0609413358071893
t2m_min_feb,Tercero Arriba,15.40324326282237,0.9709910633227028
t2m_min_feb,Toay,15.197519242610838,1.1769219179029093
t2m_min_feb,Tordillo,15.430579802955664,1.1903467505180905
t2m_min_feb,Tornquist,14.524100985221676,1.1225043918415323
t2m_min_feb,Totoral,15.344747723540827,1.0182266144705079
t2m_min_feb,Trancas,17.049071683370137,0.907136837487941
t2m_min_feb,Trenel,15.435340380405036,1.1249929206764038
t2m_min_feb,Trenque Lauquen,15.831842012667137,0.9907072833909922
t2m_min_feb,Tres Arroyos,14.134178054981724,0.8659533883378809
t2m_min_feb,Tres Lomas,15.907154101520666,1.0292845659609404
t2m_min_feb,Tulumba,15.328547853624208,0.9939248980677656
t2m_min_feb,Union,16.01441894312584,1.1175819968028888
t2m_min_feb,Uruguay,19.631970443349754,0.9620657220547524
t2m_min_feb,Utracan,16.204212909301653,1.1753116881525003
t2m_min_feb,Vera,20.0689815644126,1.090306608384401
t2m_min_feb,Victoria,18.09743842364532,1.009632605168161
t2m_min_feb,Villa Constitucion,17.268162126919734,0.9440284703235642
t2m_min_feb,Villaguay,18.465547305128947,1.0285166972256365
t2m_min_feb,Villarino,20.797078020863516,0.8679716776685132
t2m_min_feb,Zarate,17.912255618842366,1.0218808677332014
t2m_min_mar,12 De Octubre,20.016165898617512,1.3935592710135898
t2m_min_mar,1° De Mayo,19.143170189099,1.390696101922959
t2m_min_mar,2 De Abril,19.81290322580645,1.3519153330138223
t2m_min_mar,25 De Mayo,13.810824141519252,1.213407092957578
t2m_min_mar,9 De Julio,13.698159456252021,1.2642934427464392
t2m_min_mar,Adolfo Alsina,16.064940092165898,1.107978913280462
t2m_min_mar,Adolfo Gonzales Chaves,11.780834914611006,1.0967685300228884
t2m_min_mar,Aguirre,19.773891129032258,1.0939014680745232
t2m_min_mar,Alberdi,18.53882488479263,1.159878563135646
t2m_min_mar,Alberti,19.416862170087978,0.8488061192029691
t2m_min_mar,Almirante Brown,20.525539170506914,1.3106561842299342
t2m_min_mar,Anta,19.999648093841643,1.0234403420515192
t2m_min_mar,Apostoles,19.04859521331946,1.2515892957212342
t2m_min_mar,Arrecifes,14.873880455407969,1.3226436136103275
t2m_min_mar,Atreuco,12.805180840664711,1.1915326645362385
t2m_min_mar,Avellaneda,18.274645161290323,1.3804983276069716
t2m_min_mar,Ayacucho,12.410286738351253,1.1981858812221804
t2m_min_mar,Azul,11.950664136622391,1.1687263499735172
t2m_min_mar,Balcarce,12.381981566820278,1.050047627128248
t2m_min_mar,Banda,18.447009925558312,1.271083130696839
t2m_min_mar,Baradero,15.19295210166178,1.3130715521830956
t2m_min_mar,Belgrano,15.503203300825207,1.37594031865965
t2m_min_mar,Bella Vista,19.074719235364395,1.5324804909688396
t2m_min_mar,Benito Juarez,11.642346041055719,1.122156880506834
t2m_min_mar,Bermejo,20.01348387096774,1.4332965134775926
t2m_min_mar,Beron De Astrada,20.075256166982925,1.2377665195330765
t2m_min_mar,Bolivar,19.369810246679318,0.8200418726475637
t2m_min_mar,Bragado,14.013415559772296,1.240964114972379
t2m_min_mar,Brandsen,15.699124423963134,1.1238752321261687
t2m_min_mar,Burruyacu,16.65703003337041,1.0233133573289623
t2m_min_mar,Cachi,3.1982352941176475,1.1135162997986896
t2m_min_mar,Cainguas,19.08146722164412,1.199130482866962
t2m_min_mar,Calamuchita,13.779011446409989,1.204807392420163
t2m_min_mar,Campana,15.929962049335863,1.1866017970268115
t2m_min_mar,Candelaria,19.431212121212123,1.256521419833713
t2m_min_mar,Canuelas,14.829233870967741,1.2453255560936387
t2m_min_mar,Capayan,20.23482404692082,1.0255788397611403
t2m_min_mar,Capital,13.035503606914387,1.2934866376548795
t2m_min_mar,Capitan Sarmiento,14.873880455407969,1.3226436136103275
t2m_min_mar,Carlos Casares,13.675188940092166,1.2293753807202725
t2m_min_mar,Carlos Tejedor,13.864724857685008,1.2398218494142408
t2m_min_mar,Carmen De Areco,14.530030241935483,1.2557160538744179
t2m_min_mar,Caseros,15.343034274193549,1.3947863711851483
t2m_min_mar,Castellanos,16.785601173020527,1.4565102643724512
t2m_min_mar,Castelli,15.9187465437788,1.1119636266005801
t2m_min_mar,Catrilo,13.565806451612904,1.2351779859250056
t2m_min_mar,Cerrillos,11.069491691104595,0.8504786022908656
t2m_min_mar,Chacabuco,14.330626120071685,1.2685283357851833
t2m_min_mar,Chapaleufu,14.113888888888889,1.2129756129601537
t2m_min_mar,Chascomus,14.75465844402277,1.2203720438459702
t2m_min_mar,Chicoana,11.149354838709677,0.8479490554942215
t2m_min_mar,Chivilcoy,14.13731182795699,1.245237884330112
t2m_min_mar,Choya,17.94991935483871,1.1871383772286275
t2m_min_mar,Colon,14.655835674946612,1.304721530858407
t2m_min_mar,Comandante Fernandez,19.56939964157706,1.3355656760554302
t2m_min_mar,Concepcion,18.664932167621345,1.4108535534968232
t2m_min_mar,Concordia,17.064051233396583,1.3921365970347728
t2m_min_mar,Conhelo,13.423548387096774,1.3492789434771584
t2m_min_mar,Copo,18.512389486260453,1.1733462648724609
t2m_min_mar,Coronel Dorrego,12.542637571157496,1.1096309762911472
t2m_min_mar,Coronel Pringles,11.815997610513739,1.080941834498399
t2m_min_mar,Coronel Suarez,11.76040796963947,1.145496535976096
t2m_min_mar,Cruz Alta,19.120299539170507,1.0991256152922109
t2m_min_mar,Curuzu Cuatia,17.322639296187685,1.2904528837292957
t2m_min_mar,Daireaux,13.186129032258064,1.1935013760678657
t2m_min_mar,Diamante,17.350948766603416,1.3630018587830957
t2m_min_mar,Dolores,14.184213098729227,1.2115402483116682
t2m_min_mar,Dr. Manuel Belgrano,4.328740399385561,1.1697278244070761
t2m_min_mar,El Alto,15.948477822580646,1.0686462000958612
t2m_min_mar,El Carmen,17.30377240143369,0.9174797818525416
t2m_min_mar,Eldorado,18.75694623655914,0.9989072997102517
t2m_min_mar,Empedrado,19.27647966339411,1.3491507537145866
t2m_min_mar,Esquina,17.96021505376344,1.3120077157474193
t2m_min_mar,Exaltacion De La Cruz,14.329042338709677,1.2136672419472836
t2m_min_mar,Federacion,17.4292220113852,1.3875929552379855
t2m_min_mar,Federal,16.875170777988615,1.4164799563532502
t2m_min_mar,Feliciano,17.61114369501466,1.4018300346192647
t2m_min_mar,Figueroa,19.342563667232596,1.3961631866714006
t2m_min_mar,Florentino Ameghino,13.831735791090631,1.2000992175258878
t2m_min_mar,Formosa,20.92648093841642,1.3692459013373128
t2m_min_mar,Fray Justo Santa Maria De Oro,18.776954459203036,1.3231009590716407
t2m_min_mar,Garay,15.76511679644049,1.1718223884847647
t2m_min_mar,General Alvarado,16.0010599078341,1.1130648579693485
t2m_min_mar,General Alvear,13.26998044965787,1.0859027044486245
t2m_min_mar,General Arenales,14.768406647116326,1.3082563697740326
t2m_min_mar,General Belgrano,13.747552182163188,1.2192462819633203
t2m_min_mar,General Donovan,19.23991935483871,1.3351169785158705
t2m_min_mar,General Guemes,16.43707297726071,0.9490207715208164
t2m_min_mar,General Guido,13.974660734149055,1.1180620683393145
t2m_min_mar,General Jose De San Martin,11.093410138248847,0.8468736736928021
t2m_min_mar,General Juan Madariaga,16.027979127134728,0.9650383653013356
t2m_min_mar,General La Madrid,11.774387096774195,1.151187352475469
t2m_min_mar,General Las Heras,14.662369727047146,1.1771077270057089
t2m_min_mar,General Lavalle,16.06522102747909,1.052072754262385
t2m_min_mar,General Lopez,14.774601518026566,1.3468839187308945
t2m_min_mar,General Manuel Belgrano,19.22426638917794,0.9567653104296805
t2m_min_mar,General Obligado,18.859620493358634,1.6284014544205563
t2m_min_mar,General Paz,12.1055222734255,1.2208115206862147
t2m_min_mar,General Pedernera,14.598225806451614,1.0928128776338275
t2m_min_mar,General Pinto,14.03624633431085,1.268119543867061
t2m_min_mar,General Pueyrredon,15.556129032258065,0.8269074543470527
t2m_min_mar,General Roca,15.66141366223909,1.3759240592320494
t2m_min_mar,General Rodriguez,15.414285714285715,1.2116142132982932
t2m_min_mar,General San Martin,14.700508308895406,1.3863299667582532
t2m_min_mar,General Taboada,19.235559139784943,1.3073364604908984
t2m_min_mar,General Viamonte,19.399963133640554,0.8273524419734597
t2m_min_mar,General Villegas,14.18429760665973,1.2861855463770797
t2m_min_mar,Gobernador Dupuy,13.920387096774194,1.1081412652827292
t2m_min_mar,Goya,18.47766862170088,1.2369115290253894
t2m_min_mar,Graneros,16.494447004608293,1.0554892325360599
t2m_min_mar,Gualeguay,15.666383186705767,1.3320215334178795
t2m_min_mar,Gualeguaychu,15.937829912023458,1.2915530505832558
t2m_min_mar,Guamini,13.150635673624288,1.207945451510886
t2m_min_mar,Guarani,18.646314760508307,1.1972733341729167
t2m_min_mar,Guasayan,18.098997695852535,1.1316060962322503
t2m_min_mar,Guatrache,12.836229838709677,1.2148161665601094
t2m_min_mar,Hipolito Yrigoyen,11.948175115207373,1.1515050841231422
t2m_min_mar,Hucal,13.13352534562212,1.162161544060205
t2m_min_mar,Iguazu,21.3442767950052,1.113936331978312
t2m_min_mar,Independencia,20.067607526881723,1.4077592816897309
t2m_min_mar,Iriondo,15.383946869070211,1.3361828702734688
t2m_min_mar,Ischilin,13.9447311827957,1.1092038610771116
t2m_min_mar,Itati,19.669909677419355,1.1775894947038072
t2m_min_mar,Ituzaingo,20.764417952314165,1.345728993459213
t2m_min_mar,Jimenez,18.992497013142174,1.1200444582740037
t2m_min_mar,Juan F. Ibarra,18.507488479262673,1.1517046449913535
t2m_min_mar,Juan Martin De Pueyrredon,14.384005376344085,1.0643063498372165
t2m_min_mar,Juarez Celman,14.493943808532778,1.3322372169205836
t2m_min_mar,Junin,14.660825341470503,1.2763971343822895
t2m_min_mar,La Caldera,7.809677419354839,0.9118511263286834
t2m_min_mar,La Candelaria,15.92041055718475,0.9966715851532901
t2m_min_mar,La Capital,15.950189753320686,1.3092089125311066
t2m_min_mar,La Cocha,14.740607210626186,1.153948098204622
t2m_min_mar,La Paz,17.390830889540567,1.4791557271394513
t2m_min_mar,La Plata,15.776354838709675,1.094406958458499
t2m_min_mar,La Vina,11.989032258064515,0.8645161753268383
t2m_min_mar,Laishi,20.069405772495756,1.336140148615157
t2m_min_mar,Laprida,11.642160312805474,1.1392614932628646
t2m_min_mar,Las Colonias,16.66215053763441,1.508779291250106
t2m_min_mar,Las Flores,13.354213709677419,1.155146457165177
t2m_min_mar,Lavalle,18.654179523141657,1.3448825054761175
t2m_min_mar,Leales,19.120299539170507,1.0991256152922109
t2m_min_mar,Leandro N. Alem,14.606261200716846,1.2794263004681727
t2m_min_mar,Ledesma,16.95983870967742,0.9512451408519113
t2m_min_mar,Libertad,20.87491935483871,1.2022140474276086
t2m_min_mar,Libertador General San Martin,19.627587828131123,1.310414828922676
t2m_min_mar,Lincoln,14.048768328445748,1.2721917883104112
t2m_min_mar,Loberia,15.567542694497153,0.8365397450730663
t2m_min_mar,Lobos,14.246081593927894,1.1642334680829876
t2m_min_mar,Loreto,18.71674486803519,1.3243240351338161
t2m_min_mar,Lujan,14.70008797653959,1.2489062886168305
t2m_min_mar,Magdalena,17.871720430107526,0.9597400051879144
t2m_min_mar,Maipu,19.716237344007535,1.3003860155237716
t2m_min_mar,Mar Chiquita,13.984608294930874,1.0351314951674593
t2m_min_mar,Maraco,12.794704301075269,1.1584718007727552
t2m_min_mar,Marcos Juarez,15.25602466793169,1.3752617079552791
t2m_min_mar,Marcos Paz,14.891724565756824,1.183246940896514
t2m_min_mar,Mayor Luis J. Fontana,,
t2m_min_mar,Mburucuya,19.157826086956522,1.2413135976495582
t2m_min_mar,Mercedes,14.66357454228422,1.2268127588337288
t2m_min_mar,Metan,16.361279199110122,0.9330352766280747
t2m_min_mar,Mitre,18.399032258064516,1.3388763110439705
t2m_min_mar,Monte,14.249474654377881,1.2366046068068892
t2m_min_mar,Monte Caseros,18.026055718475074,1.5415091381468107
t2m_min_mar,Montecarlo,19.451209677419353,1.3214914173883847
t2m_min_mar,Moreno,19.669433040078204,1.273876297863113
t2m_min_mar,Navarro,14.30603128054741,1.249195090704936
t2m_min_mar,Necochea,14.090836693548386,0.9459301985425522
t2m_min_mar,Nogoya,15.985654648956356,1.4155097081827226
t2m_min_mar,O'Higgins,19.996976958525345,1.362057090198407
t2m_min_mar,Obera,18.666279569892474,1.2147675000509233
t2m_min_mar,Olavarria,12.022903225806452,1.1885136699914318
t2m_min_mar,Oran,20.314697580645163,0.834972338020834
t2m_min_mar,Palpala,17.19314091680815,1.077527905602615
t2m_min_mar,Parana,17.58060606060606,1.3971012890806929
t2m_min_mar,Paso De Los Libres,18.483294930875577,1.51498762894818
t2m_min_mar,Patagones,19.294062126642775,0.8413408159125799
t2m_min_mar,Patino,21.196161290322582,1.262850692443839
t2m_min_mar,Pehuajo,13.419981566820276,1.2284266163108795
t2m_min_mar,Pellegrini,18.57562665256478,1.249556285949318
t2m_min_mar,Pergamino,14.693098729227762,1.3362279195315832
t2m_min_mar,Pila,13.874612903225806,1.09659281739817
t2m_min_mar,Pilagas,21.243564516129034,1.2422874789473712
t2m_min_mar,Pilar,15.483954214360041,1.2154190248430137
t2m_min_mar,Pilcomayo,21.428970814132104,1.2850407647649462
t2m_min_mar,Pirane,20.945360983102915,1.276287150891851
t2m_min_mar,Pocho,15.149583766909469,1.19587049668392
t2m_min_mar,Presidencia De La Plaza,19.15930443548387,1.2964566141360514
t2m_min_mar,Presidente Roque Saenz Pena,14.617762096774193,1.3853664859315695
t2m_min_mar,Puan,15.499288425047439,1.2244184604127077
t2m_min_mar,Quemu Quemu,13.77568100358423,1.257623177409131
t2m_min_mar,Quitilipi,19.15930443548387,1.2964566141360514
t2m_min_mar,Ramallo,15.393738140417456,1.3295851783755592
t2m_min_mar,Rancul,13.766505376344087,1.275854011126565
t2m_min_mar,Rauch,12.050497695852535,1.1659016928184256
t2m_min_mar,Realico,13.7922406277245,1.2677112889168907
t2m_min_mar,Rio Cuarto,13.85366568914956,1.2142957293115983
t2m_min_mar,Rio Hondo,18.43228387096774,1.198713417126707
t2m_min_mar,Rio Primero,15.347935483870966,1.2677541757210455
t2m_min_mar,Rio Seco,12.5072238514174,1.2413302304467713
t2m_min_mar,Rio Segundo,16.391251221896383,1.4349091268709577
t2m_min_mar,Rivadavia,15.471401374933897,1.2013021509259891
t2m_min_mar,Robles,19.23465806451613,1.3694514007774143
t2m_min_mar,Rojas,14.705190615835777,1.2886331893295913
t2m_min_mar,Roque Perez,13.984147465437788,1.2165784585807458
t2m_min_mar,Rosario,16.051529656607702,1.3662078660214634
t2m_min_mar,Rosario De La Frontera,15.923391984359727,0.9989742206404734
t2m_min_mar,Rosario De Lerma,7.766064516129033,0.923446599206857
t2m_min_mar,Saavedra,12.34410394265233,1.0985121946696959
t2m_min_mar,Saladas,18.855967741935483,1.4799305256808755
t2m_min_mar,Saladillo,13.900996204933586,1.1543017951827985
t2m_min_mar,Salliquelo,13.276000000000002,1.224797030703366
t2m_min_mar,Salto,14.406480938416422,1.2965787205316979
t2m_min_mar,San Alberto,13.78933259176863,1.131639093654098
t2m_min_mar,San Andres De Giles,14.66008064516129,1.301447581912405
t2m_min_mar,San Antonio,7.75216129032258,0.9343487768498155
t2m_min_mar,San Antonio De Areco,15.228538306451613,1.3178149767230352
t2m_min_mar,San Cayetano,12.74310752688172,1.0713647108726694
t2m_min_mar,San Cosme,19.937083333333334,1.2752151832353498
t2m_min_mar,San Cristobal,17.14141129032258,1.4836463268180864
t2m_min_mar,San Fernando,19.957390029325513,1.3845281528589548
t2m_min_mar,San Ignacio,19.28970863683663,1.1992889278216874
t2m_min_mar,San Javier,18.16857092030361,1.2330898258405218
t2m_min_mar,San Jeronimo,18.901793168880456,1.6245134002726709
t2m_min_mar,San Justo,13.853202946405892,1.1908721952989203
t2m_min_mar,San Lorenzo,16.599514916323066,1.3126624424788926
t2m_min_mar,San Luis Del Palmar,19.810925666199157,1.0711571984860966
t2m_min_mar,San Martin,17.531039589442816,1.3864908743385478
t2m_min_mar,San Miguel,19.248481182795697,1.0981021186315916
t2m_min_mar,San Nicolas,15.413115207373274,1.314893227578496
t2m_min_mar,San Pedro,15.612557285873192,1.2726436794579679
t2m_min_mar,San Roque,19.264193548387098,1.5906077575887654
t2m_min_mar,San Salvador,15.888202764976956,1.1175372985328909
t2m_min_mar,San Vicente,14.271075268817205,1.3164080362610628
t2m_min_mar,Santa Barbara,10.356129032258066,0.8795481693369401
t2m_min_mar,Santa Maria,13.86545540796964,1.2182842082177927
t2m_min_mar,Santa Rosa,15.968387096774194,1.0677485216291518
t2m_min_mar,Santo Tome,19.021129032258063,1.3100016525672769
t2m_min_mar,Sargento Cabral,19.994455645161292,1.3899476268095154
t2m_min_mar,Sarmiento,18.42566129032258,1.2414747959303845
t2m_min_mar,Sauce,17.265307917888563,1.5234428900381847
t2m_min_mar,Silipica,18.35284946236559,1.2445091952456069
t2m_min_mar,Simoca,16.11083870967742,1.1407407363987234
t2m_min_mar,Sobremonte,13.784354838709676,1.17871074447367
t2m_min_mar,Suipacha,14.107344086021506,1.1729272642589472
t2m_min_mar,Tafi Del Valle,13.701458625525946,1.0011445151757252
t2m_min_mar,Tala,16.99641366223909,1.4219406636481868
t2m_min_mar,Tandil,11.560129032258065,1.1249930054940245
t2m_min_mar,Tapalque,12.620141129032259,1.2018418555319308
t2m_min_mar,Tercero Arriba,13.970303605313093,1.21707652530407
t2m_min_mar,Toay,13.054223790322581,1.315405820761452
t2m_min_mar,Tordillo,13.051174193548386,1.0033547780391259
t2m_min_mar,Tornquist,12.29444971537002,1.108241656752999
t2m_min_mar,Totoral,13.88789833822092,1.1583554960644968
t2m_min_mar,Trancas,15.852747497219132,1.0074658632388334
t2m_min_mar,Trenel,13.495367383512544,1.3207002258961695
t2m_min_mar,Trenque Lauquen,13.627336405529954,1.2285115421961976
t2m_min_mar,Tres Arroyos,12.615109261186264,1.099631830976155
t2m_min_mar,Tres Lomas,13.557363253856943,1.2906613728693621
t2m_min_mar,Tulumba,13.803447004608294,1.1868778100471427
t2m_min_mar,Union,14.552570869990225,1.3359379742725082
t2m_min_mar,Uruguay,17.53467741935484,1.401593640157082
t2m_min_mar,Utracan,14.140521821631879,1.2168200494700394
t2m_min_mar,Vera,18.069354838709675,1.5810475356021114
t2m_min_mar,Victoria,16.0919257086999,1.3029427727948213
t2m_min_mar,Villa Constitucion,15.307694497153701,1.3250990141006753
t2m_min_mar,Villaguay,16.3253889943074,1.4214829987075088
t2m_min_mar,Villarino,19.356176470588235,0.8054877020754349
t2m_min_mar,Zarate,15.96217741935484,1.2146919554389244
rh2m_sep,12 De Octubre,70.16227619047619,7.991141262446633
rh2m_sep,1° De Mayo,54.32398850574713,8.485789068492247
rh2m_sep,2 De Abril,67.7110634920635,8.45195810423639
rh2m_sep,25 De Mayo,74.2141,5.418673512134117
rh2m_sep,9 De Julio,71.30608584169454,5.600033261165824
rh2m_sep,Adolfo Alsina,78.5518380952381,3.6501311108795322
rh2m_sep,Adolfo Gonzales Chaves,74.18669607843137,4.815513797487129
rh2m_sep,Aguirre,41.57346875,5.710655804043313
rh2m_sep,Alberdi,44.14388095238095,6.079523442319661
rh2m_sep,Alberti,77.67383838383839,3.186530569488734
rh2m_sep,Almirante Brown,49.51363809523809,7.1512011036363585
rh2m_sep,Anta,40.26092929292929,5.964644532668675
rh2m_sep,Apostoles,80.23821505376344,5.409108487198634
rh2m_sep,Arrecifes,71.82128431372549,5.400766574927197
rh2m_sep,Atreuco,62.20504040404041,7.836366534978997
rh2m_sep,Avellaneda,46.4134,5.556453896860524
rh2m_sep,Ayacucho,77.95038888888888,4.179020383974946
rh2m_sep,Azul,75.72233333333334,5.019269359414468
rh2m_sep,Balcarce,79.01531428571428,4.179183808689927
rh2m_sep,Banda,44.5584358974359,6.762723652342206
rh2m_sep,Baradero,74.71600000000001,4.580439268872945
rh2m_sep,Belgrano,64.71207493540052,7.283462113568803
rh2m_sep,Bella Vista,70.06432098765433,7.284968189150568
rh2m_sep,Benito Juarez,74.64414141414142,4.9946903787299055
rh2m_sep,Bermejo,68.58858888888888,7.596782547261069
rh2m_sep,Beron De Astrada,74.92590196078432,7.1789206378473
rh2m_sep,Bolivar,77.8966862745098,3.252087389689316
rh2m_sep,Bragado,71.15708823529411,5.6792485746311545
rh2m_sep,Brandsen,78.77434920634921,4.077719342797434
rh2m_sep,Burruyacu,46.25591954022988,5.944295956452554
rh2m_sep,Cachi,27.977588235294117,4.182300268408609
rh2m_sep,Cainguas,80.20269892473118,6.378353478094275
rh2m_sep,Calamuchita,53.90511827956989,8.198555220754805
rh2m_sep,Campana,76.4223137254902,4.162917471965036
rh2m_sep,Candelaria,79.81558585858586,6.3445627585699444
rh2m_sep,Canuelas,77.07429166666667,4.203831703036551
rh2m_sep,Capayan,36.220106060606064,6.156260563076471
rh2m_sep,Capital,61.720805907172995,8.16659368383641
rh2m_sep,Capitan Sarmiento,71.82128431372549,5.400766574927197
rh2m_sep,Carlos Casares,70.23179047619048,5.937757173837791
rh2m_sep,Carlos Tejedor,67.33164705882352,6.7129309198708
rh2m_sep,Carmen De Areco,72.47514583333333,5.35772576928932
rh2m_sep,Caseros,67.89501041666666,6.351095916766966
rh2m_sep,Castellanos,61.60008080808081,7.854992365099155
rh2m_sep,Castelli,80.57482857142857,3.328784707649116
rh2m_sep,Catrilo,63.13090476190476,6.980603190677406
rh2m_sep,Cerrillos,45.155242424242424,4.818932454589289
rh2m_sep,Chacabuco,70.40660995370371,5.861279543447451
rh2m_sep,Chapaleufu,63.35126851851852,8.111073586709242
rh2m_sep,Chascomus,79.31416666666667,4.229862631394948
rh2m_sep,Chicoana,45.230862068965514,4.988545171163633
rh2m_sep,Chivilcoy,73.57366666666667,5.30770906258581
rh2m_sep,Choya,44.76284523809524,6.208611534064841
rh2m_sep,Colon,68.42126596980256,6.509089391370185
rh2m_sep,Comandante Fernandez,58.03732407407407,8.018676183140862
rh2m_sep,Concepcion,73.04883489096572,6.996323223264464
rh2m_sep,Concordia,76.45414705882352,5.117084169582693
rh2m_sep,Conhelo,63.66290740740741,8.282612723512404
rh2m_sep,Copo,44.36855555555556,6.07572237764831
rh2m_sep,Coronel Dorrego,71.08310784313726,6.719884699047208
rh2m_sep,Coronel Pringles,71.961237654321,6.092869672272999
rh2m_sep,Coronel Suarez,69.99776470588235,5.662422484008365
rh2m_sep,Cruz Alta,42.36785714285714,6.396004852843798
rh2m_sep,Curuzu Cuatia,76.78562121212121,5.151599354364465
rh2m_sep,Daireaux,67.1636380952381,5.860327247979248
rh2m_sep,Diamante,67.94811764705882,6.117028464175316
rh2m_sep,Dolores,80.26240404040405,3.4174134211962164
rh2m_sep,Dr. Manuel Belgrano,36.683571428571426,4.314944578172284
rh2m_sep,El Alto,44.54304166666667,6.848159485751912
rh2m_sep,El Carmen,40.54900925925926,5.575226937646668
rh2m_sep,Eldorado,79.3552888888889,6.859314328931915
rh2m_sep,Empedrado,69.57659420289856,7.426575544131501
rh2m_sep,Esquina,68.84933333333333,6.477638172939029
rh2m_sep,Exaltacion De La Cruz,75.73057291666666,4.772481263857041
rh2m_sep,Federacion,76.69223529411765,5.217204559050034
rh2m_sep,Federal,75.15554901960785,5.818976456030803
rh2m_sep,Feliciano,67.28227272727273,6.742553348908614
rh2m_sep,Figueroa,50.86142105263158,8.037604410044802
rh2m_sep,Florentino Ameghino,65.39771428571427,7.582233056652691
rh2m_sep,Formosa,66.92242424242424,8.421883551331529
rh2m_sep,Fray Justo Santa Maria De Oro,57.22705882352941,8.443930974342772
rh2m_sep,Garay,68.73194252873563,6.291117576840122
rh2m_sep,General Alvarado,78.2836380952381,3.876626495982785
rh2m_sep,General Alvear,75.30115151515152,4.959037659423022
rh2m_sep,General Arenales,69.36803030303031,6.303102220866475
rh2m_sep,General Belgrano,77.99853921568626,4.696679728194439
rh2m_sep,General Donovan,63.07588095238095,8.070874202763012
rh2m_sep,General Guemes,42.902907103825136,5.933729607323143
rh2m_sep,General Guido,79.95400000000001,3.6920453390653636
rh2m_sep,General Jose De San Martin,45.53630476190476,4.931830576215387
rh2m_sep,General Juan Madariaga,81.7345980392157,2.8120995053774633
rh2m_sep,General La Madrid,72.4658380952381,5.4439600664444665
rh2m_sep,General Las Heras,76.11784615384616,4.960499436531472
rh2m_sep,General Lavalle,81.45492592592592,3.118963086971651
rh2m_sep,General Lopez,66.64324509803922,6.661477691857616
rh2m_sep,General Manuel Belgrano,75.3261182795699,7.960383945955437
rh2m_sep,General Obligado,66.37743137254903,7.343972540133287
rh2m_sep,General Paz,75.47574206349206,4.3463747962812445
rh2m_sep,General Pedernera,55.81155555555555,6.816098652261358
rh2m_sep,General Pinto,68.41776767676768,6.511275458283484
rh2m_sep,General Pueyrredon,81.8194,2.837094403132823
rh2m_sep,General Roca,65.12125490196078,7.458183980699217
rh2m_sep,General Rodriguez,75.43245238095237,4.652904598571707
rh2m_sep,General San Martin,65.5250303030303,6.343554509502168
rh2m_sep,General Taboada,42.95543333333333,6.632358195031621
rh2m_sep,General Viamonte,77.8183142857143,3.237280855825732
rh2m_sep,General Villegas,65.59998924731183,7.1136367807211425
rh2m_sep,Gobernador Dupuy,56.755720000000004,7.210493356958365
rh2m_sep,Goya,66.2879696969697,7.667213382790329
rh2m_sep,Graneros,47.17783333333333,6.214953208740292
rh2m_sep,Gualeguay,73.59841414141414,5.407949455450783
rh2m_sep,Gualeguaychu,76.39250505050505,4.521161331512509
rh2m_sep,Guamini,68.17011764705883,5.6579561400482286
rh2m_sep,Guarani,80.29851515151516,5.555644079004321
rh2m_sep,Guasayan,44.45713095238096,6.226376380033392
rh2m_sep,Guatrache,65.92126041666667,7.174813707688263
rh2m_sep,Hipolito Yrigoyen,75.68151428571429,4.950798846441573
rh2m_sep,Hucal,63.75078571428571,8.107606025627062
rh2m_sep,Iguazu,73.03351612903226,7.997624660248357
rh2m_sep,Independencia,70.03373148148148,7.913827735917318
rh2m_sep,Iriondo,68.1228725490196,6.5884465819899765
rh2m_sep,Ischilin,53.4310404040404,7.931120725571784
rh2m_sep,Itati,70.45146666666666,7.111257850916548
rh2m_sep,Ituzaingo,78.48636231884058,5.125542329435865
rh2m_sep,Jimenez,40.92471604938272,6.136048571014058
rh2m_sep,Juan F. Ibarra,43.86967857142857,6.520413575008374
rh2m_sep,Juan Martin De Pueyrredon,54.23356944444444,6.922414689619831
rh2m_sep,Juarez Celman,65.55821505376345,7.151533273852897
rh2m_sep,Junin,69.0645945945946,6.333850908262034
rh2m_sep,La Caldera,39.99617333333333,4.767984336251613
rh2m_sep,La Candelaria,46.95554545454545,6.868065855028994
rh2m_sep,La Capital,68.97904901960784,5.855858301911832
rh2m_sep,La Cocha,47.36058823529412,5.793159594788169
rh2m_sep,La Paz,69.84794949494949,6.029574406922889
rh2m_sep,La Plata,78.76698333333334,4.183508432031323
rh2m_sep,La Vina,51.1798024691358,5.15082884895972
rh2m_sep,Laishi,70.34642105263158,6.802690784655063
rh2m_sep,Laprida,74.85317171717172,5.521499573083745
rh2m_sep,Las Colonias,66.19461616161617,7.142815354976369
rh2m_sep,Las Flores,76.56870833333333,4.722445671099609
rh2m_sep,Lavalle,66.16539130434784,7.222990928700003
rh2m_sep,Leales,42.36785714285714,6.396004852843798
rh2m_sep,Leandro N. Alem,68.46022453703705,6.603309174036126
rh2m_sep,Ledesma,38.90430952380952,5.597823396759241
rh2m_sep,Libertad,43.49503571428571,6.6116251249534645
rh2m_sep,Libertador General San Martin,62.97675168690958,8.047014223305844
rh2m_sep,Lincoln,69.88940404040405,5.881566426578972
rh2m_sep,Loberia,81.76836274509803,2.8634046514179468
rh2m_sep,Lobos,75.09432352941177,4.936579566330902
rh2m_sep,Loreto,43.600530303030304,6.88146147395715
rh2m_sep,Lujan,74.2510606060606,4.621298836978256
rh2m_sep,Magdalena,80.33992063492063,3.43418283973343
rh2m_sep,Maipu,54.482941605839414,8.012001256784837
rh2m_sep,Mar Chiquita,80.58477142857143,3.354771786138095
rh2m_sep,Maraco,61.713564814814816,8.11501046359464
rh2m_sep,Marcos Juarez,65.18424509803921,6.967987386921838
rh2m_sep,Marcos Paz,76.2856923076923,4.854697204813843
rh2m_sep,Mayor Luis J. Fontana,,
rh2m_sep,Mburucuya,71.65302898550725,7.251556340728377
rh2m_sep,Mercedes,74.30887987987988,4.707793985475835
rh2m_sep,Metan,45.13519540229885,6.264352145094965
rh2m_sep,Mitre,46.66901960784314,5.439246533643992
rh2m_sep,Monte,77.90398095238096,4.886212345426039
rh2m_sep,Monte Caseros,77.24171212121212,5.196280728610985
rh2m_sep,Montecarlo,80.24447619047619,6.5719080626386
rh2m_sep,Moreno,49.645161616161616,7.636705781636882
rh2m_sep,Navarro,74.8338888888889,4.854992699864826
rh2m_sep,Necochea,77.50440625,3.2681216671156523
rh2m_sep,Nogoya,71.11267647058824,6.033399389942142
rh2m_sep,O'Higgins,69.76429523809524,7.86004903765384
rh2m_sep,Obera,80.52584444444445,5.467209952491603
rh2m_sep,Olavarria,74.37938383838383,5.365373340614341
rh2m_sep,Oran,41.03729166666667,7.060596268620574
rh2m_sep,Palpala,38.24156140350877,4.870731621790917
rh2m_sep,Parana,67.67329292929293,6.406735562496779
rh2m_sep,Paso De Los Libres,78.43097619047619,4.646294534015832
rh2m_sep,Patagones,77.53832098765433,3.117128541782578
rh2m_sep,Patino,54.49615,7.221151624047607
rh2m_sep,Pehuajo,68.35717142857143,6.144662438210242
rh2m_sep,Pellegrini,44.18819945355192,6.593713966130458
rh2m_sep,Pergamino,69.82694949494949,5.915905314348918
rh2m_sep,Pila,79.19836666666667,4.254990042669709
rh2m_sep,Pilagas,62.1962,9.20987678413492
rh2m_sep,Pilar,75.67125806451614,4.491768781118929
rh2m_sep,Pilcomayo,62.70142857142857,9.417883609355398
rh2m_sep,Pirane,59.562873015873016,7.981566770778911
rh2m_sep,Pocho,57.603010752688164,7.536875817277719
rh2m_sep,Presidencia De La Plaza,63.97747916666667,8.036879045256466
rh2m_sep,Presidente Roque Saenz Pena,65.85241666666667,6.6563466682364085
rh2m_sep,Puan,75.89210784313727,4.463536913998834
rh2m_sep,Quemu Quemu,62.198675925925926,7.8212679540746874
rh2m_sep,Quitilipi,63.97747916666667,8.036879045256466
rh2m_sep,Ramallo,72.10604901960785,5.185986337279878
rh2m_sep,Rancul,62.536611111111114,8.647762181398825
rh2m_sep,Rauch,75.91302857142857,4.572241543041865
rh2m_sep,Realico,62.62645045045045,8.544301854472787
rh2m_sep,Rio Cuarto,59.49960606060606,7.063384007828363
rh2m_sep,Rio Hondo,44.502399999999994,6.609921216681841
rh2m_sep,Rio Primero,57.68501904761905,7.526590326356483
rh2m_sep,Rio Seco,57.63179797979798,8.143216996260767
rh2m_sep,Rio Segundo,62.10555555555556,7.005976288967446
rh2m_sep,Rivadavia,75.92959836065573,4.167984240371636
rh2m_sep,Robles,43.37638666666667,6.38167741263133
rh2m_sep,Rojas,69.56169696969697,6.0042677763656584
rh2m_sep,Roque Perez,76.2224761904762,5.258351909035095
rh2m_sep,Rosario,69.0535376344086,6.008779464822267
rh2m_sep,Rosario De La Frontera,46.96907070707071,6.848344234069757
rh2m_sep,Rosario De Lerma,39.47398888888889,4.998641145223656
rh2m_sep,Saavedra,67.48033333333333,6.707110452987295
rh2m_sep,Saladas,69.89107142857144,7.1460147798490965
rh2m_sep,Saladillo,74.053,5.378276335100338
rh2m_sep,Salliquelo,65.1246,6.501404186085471
rh2m_sep,Salto,72.3419696969697,5.299067003415973
rh2m_sep,San Alberto,54.95335632183908,7.289007251590464
rh2m_sep,San Andres De Giles,73.8161875,4.9728555378443104
rh2m_sep,San Antonio,39.482822222222225,5.001942355088379
rh2m_sep,San Antonio De Areco,74.80598958333333,4.623997518388953
rh2m_sep,San Cayetano,75.42414444444444,3.673700231675067
rh2m_sep,San Cosme,69.77383333333334,7.8013968376411595
rh2m_sep,San Cristobal,63.22603125,7.198761983049424
rh2m_sep,San Fernando,69.54311111111112,7.994111462884317
rh2m_sep,San Ignacio,79.59430107526882,6.3644126506547005
rh2m_sep,San Javier,80.95799142156864,3.736623251962854
rh2m_sep,San Jeronimo,67.44832352941177,6.86924504229391
rh2m_sep,San Justo,53.92890288713911,8.146505591969035
rh2m_sep,San Lorenzo,68.10477192982455,6.580127502189048
rh2m_sep,San Luis Del Palmar,69.3091884057971,8.148877974339015
rh2m_sep,San Martin,68.04448484848486,6.258735243365683
rh2m_sep,San Miguel,75.86456944444444,6.406147689305175
rh2m_sep,San Nicolas,71.7680380952381,5.486550774734054
rh2m_sep,San Pedro,73.5311908045977,5.484444815323223
rh2m_sep,San Roque,70.67969841269841,7.4221175526670615
rh2m_sep,San Salvador,75.1842380952381,5.863253459942793
rh2m_sep,San Vicente,70.81680952380952,5.936507311703133
rh2m_sep,Santa Barbara,46.75808823529412,5.859077012905451
rh2m_sep,Santa Maria,54.85872549019608,7.55542427818392
rh2m_sep,Santa Rosa,44.86986458333333,6.975684026715155
rh2m_sep,Santo Tome,79.57673611111112,3.853386709147359
rh2m_sep,Sargento Cabral,69.1541875,7.798374427585124
rh2m_sep,Sarmiento,45.294866666666664,6.285654267610479
rh2m_sep,Sauce,73.46154545454546,6.505496319694626
rh2m_sep,Silipica,44.693555555555555,6.256941505762693
rh2m_sep,Simoca,46.29028888888889,5.901979504983786
rh2m_sep,Sobremonte,53.27580555555556,7.805445054678838
rh2m_sep,Suipacha,73.53001111111112,5.570310584132963
rh2m_sep,Tafi Del Valle,49.469144927536234,4.464766040479961
rh2m_sep,Tala,76.7590294117647,4.712570110486081
rh2m_sep,Tandil,75.56079047619048,4.441299661904691
rh2m_sep,Tapalque,75.12484375,5.3158253906724005
rh2m_sep,Tercero Arriba,55.64524509803921,7.231880003561866
rh2m_sep,Toay,62.789260416666664,8.126941823534475
rh2m_sep,Tordillo,65.13982666666666,6.643835349348996
rh2m_sep,Tornquist,67.42192156862745,6.8070075850569145
rh2m_sep,Totoral,53.650888888888886,7.90901780699072
rh2m_sep,Trancas,47.52245977011494,6.186934819731134
rh2m_sep,Trenel,62.22035185185185,8.7499691406057
rh2m_sep,Trenque Lauquen,66.50766666666667,6.5070053321137555
rh2m_sep,Tres Arroyos,73.69663440860215,4.210921648351388
rh2m_sep,Tres Lomas,60.74463768115942,7.611465636822897
rh2m_sep,Tulumba,54.252276190476195,8.070967572647668
rh2m_sep,Union,65.80154545454546,6.8619190807644745
rh2m_sep,Uruguay,67.52771568627452,6.365766837957129
rh2m_sep,Utracan,63.92846078431373,7.904372610380622
rh2m_sep,Vera,65.92844444444445,7.409959589346
rh2m_sep,Victoria,68.92425252525253,5.987148317223539
rh2m_sep,Villa Constitucion,69.26117647058824,6.101192213479829
rh2m_sep,Villaguay,75.37757843137256,5.495949991752463
rh2m_sep,Villarino,77.74132352941176,3.196557125692176
rh2m_sep,Zarate,76.3838125,4.016626070323111
rh2m_oct,12 De Octubre,70.20743778801844,7.186665700973623
rh2m_oct,1° De Mayo,57.142358175750836,7.718667817424866
rh2m_oct,2 De Abril,69.21929339477727,7.43011061299373
rh2m_oct,25 De Mayo,72.61882518210199,5.411429699828335
rh2m_oct,9 De Julio,70.40386773114683,5.86588422773688
rh2m_oct,Adolfo Alsina,76.7223133640553,3.9291478683926377
rh2m_oct,Adolfo Gonzales Chaves,72.49482922201139,4.651258635695586
rh2m_oct,Aguirre,45.88304435483871,5.213285311680036
rh2m_oct,Alberdi,45.30498847926267,5.7968503836734655
rh2m_oct,Alberti,77.0171945259042,3.523004743838644
rh2m_oct,Almirante Brown,52.71981566820276,6.896812794344982
rh2m_oct,Anta,44.90453567937438,4.278143168259823
rh2m_oct,Apostoles,80.61526534859522,4.98174336560156
rh2m_oct,Arrecifes,70.81115749525617,5.675066985290379
rh2m_oct,Atreuco,58.26777126099707,8.272742441516339
rh2m_oct,Avellaneda,45.151053763440856,4.976500849255541
rh2m_oct,Ayacucho,74.90230286738351,4.4893978539696935
rh2m_oct,Azul,73.62434535104364,4.843997179619314
rh2m_oct,Balcarce,76.11722580645161,4.594445140651481
rh2m_oct,Banda,46.22207196029777,5.423310607867824
rh2m_oct,Baradero,73.18320625610949,5.003057517902569
rh2m_oct,Belgrano,63.43726431607902,6.618132331300074
rh2m_oct,Bella Vista,69.25041816009558,7.597762418174566
rh2m_oct,Benito Juarez,72.70953079178885,4.8494757882400545
rh2m_oct,Bermejo,69.2378064516129,7.080947729643061
rh2m_oct,Beron De Astrada,73.78939278937382,7.203085884006378
rh2m_oct,Bolivar,77.22181214421254,3.4043182747234946
rh2m_oct,Bragado,70.64203984819734,5.805835866515523
rh2m_oct,Brandsen,76.50603686635945,3.3671739712992816
rh2m_oct,Burruyacu,50.64627363737486,5.43071864002593
rh2m_oct,Cachi,33.38303605313093,5.218308745524391
rh2m_oct,Cainguas,81.70398543184183,4.879218798565608
rh2m_oct,Calamuchita,56.611935483870965,6.615197454114266
rh2m_oct,Campana,74.58440227703986,4.458327989437621
rh2m_oct,Candelaria,80.9922971652004,5.340187766074835
rh2m_oct,Canuelas,75.63141129032257,4.197126980855382
rh2m_oct,Capayan,35.68478005865103,4.268922302276839
rh2m_oct,Capital,59.37291275350483,8.542168479024856
rh2m_oct,Capitan Sarmiento,70.81115749525617,5.675066985290379
rh2m_oct,Carlos Casares,69.2690138248848,6.304837976169805
rh2m_oct,Carlos Tejedor,66.08695445920303,7.08416098355955
rh2m_oct,Carmen De Areco,72.01511088709677,5.304206927676628
rh2m_oct,Caseros,66.42243951612903,6.473286531684009
rh2m_oct,Castellanos,61.89337243401759,7.223811669812124
rh2m_oct,Castelli,77.71163133640553,3.765453844000727
rh2m_oct,Catrilo,61.175999999999995,7.701764109585946
rh2m_oct,Cerrillos,51.90086021505376,4.416156479410766
rh2m_oct,Chacabuco,69.47513552867383,6.070563362178686
rh2m_oct,Chapaleufu,62.21280465949821,8.622845569198084
rh2m_oct,Chascomus,77.0219734345351,4.409298993706028
rh2m_oct,Chicoana,51.52491657397108,4.438140741468436
rh2m_oct,Chivilcoy,72.79565982404692,5.221710406940655
rh2m_oct,Choya,45.8844470046083,5.320781348498729
rh2m_oct,Colon,67.73312240080926,6.589541189940123
rh2m_oct,Comandante Fernandez,59.97399641577061,7.366853767993076
rh2m_oct,Concepcion,72.4779529695508,6.962413893147256
rh2m_oct,Concordia,74.49305502846299,5.843283973251847
rh2m_oct,Conhelo,61.18362903225807,8.654031141183124
rh2m_oct,Copo,45.31727598566308,5.906904906716357
rh2m_oct,Coronel Dorrego,68.40112903225807,6.000095003005527
rh2m_oct,Coronel Pringles,69.3715173237754,6.007363917245811
rh2m_oct,Coronel Suarez,67.88697343453511,5.436595027274481
rh2m_oct,Cruz Alta,46.237730414746544,5.896543079739648
rh2m_oct,Curuzu Cuatia,73.50912023460411,5.5882057051118155
rh2m_oct,Daireaux,65.96569585253457,6.651715883609219
rh2m_oct,Diamante,66.35586337760911,6.737009229547241
rh2m_oct,Dolores,77.1836852394917,3.7407225544171627
rh2m_oct,Dr. Manuel Belgrano,45.067910906298,5.968771714655857
rh2m_oct,El Alto,46.681693548387095,5.917008365980918
rh2m_oct,El Carmen,46.04412186379928,3.949936390047768
rh2m_oct,Eldorado,82.30840860215055,4.454704248919281
rh2m_oct,Empedrado,69.01323983169705,7.527244808188801
rh2m_oct,Esquina,66.54567204301075,6.307792377762871
rh2m_oct,Exaltacion De La Cruz,74.5446068548387,4.516171019750091
rh2m_oct,Federacion,74.79926944971537,5.8618158424038835
rh2m_oct,Federal,73.05677419354839,6.286679082154918
rh2m_oct,Feliciano,66.67534701857284,6.431460523823488
rh2m_oct,Figueroa,52.57453310696095,5.595327074205191
rh2m_oct,Florentino Ameghino,65.36059907834101,8.127971447863946
rh2m_oct,Formosa,67.45809384164222,7.743484842988517
rh2m_oct,Fray Justo Santa Maria De Oro,58.15359582542695,7.210251874364399
rh2m_oct,Garay,67.13743047830923,6.550735050724639
rh2m_oct,General Alvarado,76.61963133640552,4.068556946781348
rh2m_oct,General Alvear,73.1499413489736,4.766140135251614
rh2m_oct,General Arenales,68.39121212121212,6.842161865955595
rh2m_oct,General Belgrano,74.68660578747628,5.230724860986721
rh2m_oct,General Donovan,64.31035714285714,6.961678911814389
rh2m_oct,General Guemes,47.97205446853516,4.2043416458695875
rh2m_oct,General Guido,76.65310344827586,4.132632825304104
rh2m_oct,General Jose De San Martin,51.98550230414747,4.307551662826978
rh2m_oct,General Juan Madariaga,79.58561669829223,3.392733448935688
rh2m_oct,General La Madrid,70.62488479262673,5.276089621487084
rh2m_oct,General Las Heras,74.30913151364764,4.472574922015559
rh2m_oct,General Lavalle,78.9399880525687,3.1469468501325664
rh2m_oct,General Lopez,65.44914611005692,7.658535286037192
rh2m_oct,General Manuel Belgrano,78.59586888657648,5.691140421940941
rh2m_oct,General Obligado,66.53911764705882,6.660850417929482
rh2m_oct,General Paz,72.51926267281107,4.53422732591825
rh2m_oct,General Pedernera,53.702876344086015,7.923009088216366
rh2m_oct,General Pinto,67.45575757575757,7.189758003964736
rh2m_oct,General Pueyrredon,80.60857142857144,3.3724107025659897
rh2m_oct,General Roca,64.11870018975333,6.853359786864431
rh2m_oct,General Rodriguez,73.9361405529954,4.283279284758549
rh2m_oct,General San Martin,63.957565982404695,6.482616532826346
rh2m_oct,General Taboada,45.26334408602151,5.637487511133041
rh2m_oct,General Viamonte,77.08359447004608,3.4521244333070014
rh2m_oct,General Villegas,64.19393340270551,8.232081644559962
rh2m_oct,Gobernador Dupuy,53.703870967741935,7.328137368696422
rh2m_oct,Goya,65.6891055718475,7.298139083416136
rh2m_oct,Graneros,50.51839861751152,5.70793172017306
rh2m_oct,Gualeguay,70.99976539589443,6.116552131050383
rh2m_oct,Gualeguaychu,73.65440860215054,5.672994209214396
rh2m_oct,Guamini,65.88498102466794,6.061307103280497
rh2m_oct,Guarani,81.69712609970675,4.49920907415378
rh2m_oct,Guasayan,45.78395161290323,5.973516523297026
rh2m_oct,Guatrache,62.05648185483871,7.2860223706465455
rh2m_oct,Hipolito Yrigoyen,73.47445161290322,4.853922804914625
rh2m_oct,Hucal,59.40447004608295,8.338195718541767
rh2m_oct,Iguazu,76.30310093652446,5.82561127495337
rh2m_oct,Independencia,70.30331541218638,7.106576725068521
rh2m_oct,Iriondo,66.90048387096775,6.39187849397494
rh2m_oct,Ischilin,54.79746823069404,6.756029345147553
rh2m_oct,Itati,70.20522580645162,7.0675299611670885
rh2m_oct,Ituzaingo,77.87249649368864,5.55908857680143
rh2m_oct,Jimenez,44.951051373954606,5.888865850374146
rh2m_oct,Juan F. Ibarra,44.966555299539166,6.086327861923186
rh2m_oct,Juan Martin De Pueyrredon,51.46954301075269,7.700254394428751
rh2m_oct,Juarez Celman,64.65162330905306,6.988375611224041
rh2m_oct,Junin,68.57025283347863,6.213970456509133
rh2m_oct,La Caldera,48.226425806451616,4.9670997410980124
rh2m_oct,La Candelaria,51.01521016617791,4.84730767428
rh2m_oct,La Capital,67.41283681214422,6.309442603871891
rh2m_oct,La Cocha,50.327628083491454,6.2956725046586905
rh2m_oct,La Paz,68.65702834799609,6.214817686979913
rh2m_oct,La Plata,76.57774193548387,3.4381584111715906
rh2m_oct,La Vina,55.55308243727599,4.117521854094921
rh2m_oct,Laishi,70.32103565365026,6.732022032414768
rh2m_oct,Laprida,72.74941348973607,4.9316638438852705
rh2m_oct,Las Colonias,65.26682306940371,7.156893173397888
rh2m_oct,Las Flores,74.19279233870968,4.912009056085548
rh2m_oct,Lavalle,64.73424964936886,6.681002519893107
rh2m_oct,Leales,46.237730414746544,5.896543079739648
rh2m_oct,Leandro N. Alem,67.57528001792114,6.613169084876788
rh2m_oct,Ledesma,46.29201612903226,4.111348216476922
rh2m_oct,Libertad,47.07099078341014,5.439279753261063
rh2m_oct,Libertador General San Martin,64.01505158678334,6.487486365854975
rh2m_oct,Lincoln,69.03710654936461,6.177741900998204
rh2m_oct,Loberia,80.57662239089184,3.417745812091516
rh2m_oct,Lobos,73.90755218216319,4.981037577872218
rh2m_oct,Loreto,43.73175953079179,5.016909000095557
rh2m_oct,Lujan,73.3681036168133,4.849268202430108
rh2m_oct,Magdalena,78.39560675883256,2.7772995318579876
rh2m_oct,Maipu,56.90138450671062,7.552350525044771
rh2m_oct,Mar Chiquita,77.66046082949309,4.05671065472301
rh2m_oct,Maraco,57.72140681003585,8.17402722331149
rh2m_oct,Marcos Juarez,64.30736242884251,6.887339909526809
rh2m_oct,Marcos Paz,74.9113523573201,4.658011211400151
rh2m_oct,Mayor Luis J. Fontana,,
rh2m_oct,Mburucuya,70.09124824684432,7.7106232541109865
rh2m_oct,Mercedes,72.69136878814298,5.1083806509749605
rh2m_oct,Metan,49.40806451612903,4.421977757748816
rh2m_oct,Mitre,45.526185958254274,4.827312049823339
rh2m_oct,Monte,75.47010138248848,5.179248608834823
rh2m_oct,Monte Caseros,74.08134897360704,5.8619832079116865
rh2m_oct,Montecarlo,81.97511520737328,5.192209304214909
rh2m_oct,Moreno,52.622727272727275,6.543454302266212
rh2m_oct,Navarro,73.91097751710656,5.072493069712288
rh2m_oct,Necochea,76.43439516129033,3.9322273563219334
rh2m_oct,Nogoya,68.63962998102467,6.861436616374751
rh2m_oct,O'Higgins,70.0146267281106,6.992875132990102
rh2m_oct,Obera,81.83901075268817,4.529563820167591
rh2m_oct,Olavarria,72.21211143695015,5.541190422528195
rh2m_oct,Oran,46.34992943548387,5.0271743724168685
rh2m_oct,Palpala,45.29964346349745,3.53306372359739
rh2m_oct,Parana,66.42224828934506,6.661909772360174
rh2m_oct,Paso De Los Libres,75.3192396313364,5.644440385882851
rh2m_oct,Patagones,76.31641577060931,3.574990081238271
rh2m_oct,Patino,55.51933870967743,6.973646929913671
rh2m_oct,Pehuajo,66.98741013824885,6.647408981559636
rh2m_oct,Pellegrini,45.84907720782655,5.702412344579625
rh2m_oct,Pergamino,68.94869012707723,6.17361713659777
rh2m_oct,Pila,76.27270967741934,4.45022864341262
rh2m_oct,Pilagas,63.32662903225806,8.674490687024882
rh2m_oct,Pilar,74.41957336108221,4.416968545278915
rh2m_oct,Pilcomayo,63.9952841781874,9.069540918433313
rh2m_oct,Pirane,60.48514592933948,7.354015663821177
rh2m_oct,Pocho,57.96469302809574,6.170655537262395
rh2m_oct,Presidencia De La Plaza,64.66175403225806,6.760496618652707
rh2m_oct,Presidente Roque Saenz Pena,64.22821572580645,6.408393269232003
rh2m_oct,Puan,74.54701138519924,4.302635204391674
rh2m_oct,Quemu Quemu,60.44134408602151,8.466322721006629
rh2m_oct,Quitilipi,64.66175403225806,6.760496618652707
rh2m_oct,Ramallo,70.20500948766603,5.744633793943231
rh2m_oct,Rancul,61.11451612903225,8.989968056715778
rh2m_oct,Rauch,73.9249124423963,4.462330304820088
rh2m_oct,Realico,61.17663469921534,8.872277687101471
rh2m_oct,Rio Cuarto,59.421857282502444,7.690735164392508
rh2m_oct,Rio Hondo,45.232180645161286,5.839687186693494
rh2m_oct,Rio Primero,58.38020276497696,5.896629455083707
rh2m_oct,Rio Seco,58.74088954056696,6.522629172184708
rh2m_oct,Rio Segundo,61.43648093841642,6.428352746390133
rh2m_oct,Rivadavia,74.04117927022739,4.355524266816111
rh2m_oct,Robles,45.81432258064517,5.184894111849595
rh2m_oct,Rojas,68.96138807429129,6.26253485656057
rh2m_oct,Roque Perez,74.23567741935484,5.328322328441812
rh2m_oct,Rosario,67.43323621227889,6.21054806714939
rh2m_oct,Rosario De La Frontera,50.92509286412512,4.869336364787193
rh2m_oct,Rosario De Lerma,47.98920430107527,5.217553857921653
rh2m_oct,Saavedra,64.03500896057348,6.511444166805318
rh2m_oct,Saladas,69.65543778801843,8.550098436178654
rh2m_oct,Saladillo,72.74526565464896,5.388957374865952
rh2m_oct,Salliquelo,62.55314285714286,6.903825229939626
rh2m_oct,Salto,71.57434995112415,5.459501765603149
rh2m_oct,San Alberto,54.97260289210234,7.487457514947087
rh2m_oct,San Andres De Giles,72.61793346774193,4.965485139405933
rh2m_oct,San Antonio,48.38935483870968,4.607227790488789
rh2m_oct,San Antonio De Areco,73.33431451612904,5.006016738215819
rh2m_oct,San Cayetano,74.27354838709677,4.13226460573683
rh2m_oct,San Cosme,69.21059139784946,7.873126492564429
rh2m_oct,San Cristobal,63.60219758064516,6.73880673805172
rh2m_oct,San Fernando,69.87089931573803,7.056164929548594
rh2m_oct,San Ignacio,80.84632674297606,5.432112216567772
rh2m_oct,San Javier,80.04313211574951,3.296450176502393
rh2m_oct,San Jeronimo,67.2585294117647,5.628885987221499
rh2m_oct,San Justo,55.69650241300483,6.988703440427904
rh2m_oct,San Lorenzo,66.4147319912685,6.599705006207142
rh2m_oct,San Luis Del Palmar,69.44490883590463,7.757401469008895
rh2m_oct,San Martin,66.07328152492668,6.1207268959399626
rh2m_oct,San Miguel,75.12017473118279,6.893221192722007
rh2m_oct,San Nicolas,69.97906912442396,5.815231880177501
rh2m_oct,San Pedro,71.03393103448276,5.808239367288747
rh2m_oct,San Roque,67.98379416282643,7.695255975986094
rh2m_oct,San Salvador,73.3888940092166,6.876360562302919
rh2m_oct,San Vicente,68.90589861751153,5.5093196304306336
rh2m_oct,Santa Barbara,55.763339658444025,3.9164236241256614
rh2m_oct,Santa Maria,56.678320683111956,6.194258081274254
rh2m_oct,Santa Rosa,47.14308467741935,5.532804755383687
rh2m_oct,Santo Tome,78.16975806451613,4.650052426538941
rh2m_oct,Sargento Cabral,69.73448588709678,7.12472325661824
rh2m_oct,Sarmiento,44.84312903225806,4.986729527964234
rh2m_oct,Sauce,70.55561583577713,6.11403872552984
rh2m_oct,Silipica,44.67333333333333,5.281049279829786
rh2m_oct,Simoca,49.34322580645161,6.576360863654644
rh2m_oct,Sobremonte,54.98349462365591,6.663067278190697
rh2m_oct,Suipacha,72.9271935483871,5.20893662423719
rh2m_oct,Tafi Del Valle,53.76764375876578,3.8796713216753655
rh2m_oct,Tala,74.32853889943074,5.765591099180949
rh2m_oct,Tandil,73.51747465437788,4.461420671799407
rh2m_oct,Tapalque,72.94076612903226,5.308455794487078
rh2m_oct,Tercero Arriba,56.92980075901328,6.781178344293056
rh2m_oct,Toay,60.13564516129032,8.696740463704092
rh2m_oct,Tordillo,61.04587096774194,7.160631496382548
rh2m_oct,Tornquist,64.43994307400379,6.0291143749415435
rh2m_oct,Totoral,54.57564027370479,6.555831338017025
rh2m_oct,Trancas,51.191968854282536,5.018956672857991
rh2m_oct,Trenel,61.07805555555555,8.860913786683884
rh2m_oct,Trenque Lauquen,65.17566820276497,6.99747962710141
rh2m_oct,Tres Arroyos,72.07561914672216,4.42602255403175
rh2m_oct,Tres Lomas,60.932594670406736,8.896035635504944
rh2m_oct,Tulumba,55.351244239631335,7.125369866933669
rh2m_oct,Union,64.5219257086999,6.783003197572838
rh2m_oct,Uruguay,66.1716129032258,6.721010121285413
rh2m_oct,Utracan,62.88846299810246,8.385869268793865
rh2m_oct,Vera,65.48527859237537,6.545347072047638
rh2m_oct,Victoria,67.55293255131964,6.359354147046496
rh2m_oct,Villa Constitucion,68.37573055028463,6.175053385931543
rh2m_oct,Villaguay,72.95215370018975,6.444910458720808
rh2m_oct,Villarino,76.59042694497154,3.6127544609790836
rh2m_oct,Zarate,74.78153225806452,4.34033616001582
rh2m_nov,12 De Octubre,68.59715238095238,9.544929995033174
rh2m_nov,1° De Mayo,60.16693103448276,9.97085620632137
rh2m_nov,2 De Abril,67.43719047619048,9.905432167122255
rh2m_nov,25 De Mayo,67.41843225806451,6.696652708930489
rh2m_nov,9 De Julio,65.44542474916388,6.679509996995819
rh2m_nov,Adolfo Alsina,71.43072380952381,5.016307196088325
rh2m_nov,Adolfo Gonzales Chaves,66.39736274509804,6.548769903444997
rh2m_nov,Aguirre,50.84504166666667,6.318170578622697
rh2m_nov,Alberdi,48.669916666666666,6.273777637160483
rh2m_nov,Alberti,73.66426262626263,3.5172738464351196
rh2m_nov,Almirante Brown,56.458866666666665,8.578285491967456
rh2m_nov,Anta,50.60264646464646,5.814874450457134
rh2m_nov,Apostoles,75.36533333333333,8.471121712859173
rh2m_nov,Arrecifes,66.41448039215686,5.590909378451331
rh2m_nov,Atreuco,50.475656565656564,7.8479885486863115
rh2m_nov,Avellaneda,48.89728888888889,6.79597359653992
rh2m_nov,Ayacucho,68.81652777777778,5.560725224284107
rh2m_nov,Azul,67.21832352941176,6.408393494081427
rh2m_nov,Balcarce,69.7409619047619,5.039292998037987
rh2m_nov,Banda,49.2566282051282,5.026410338581091
rh2m_nov,Baradero,68.5489797979798,5.377650433054821
rh2m_nov,Belgrano,60.26171059431525,6.034787841102436
rh2m_nov,Bella Vista,65.6028148148148,10.547752486462198
rh2m_nov,Benito Juarez,66.038898989899,6.517431473388234
rh2m_nov,Bermejo,68.79096666666666,9.470329421884108
rh2m_nov,Beron De Astrada,68.77664705882353,10.709608726558612
rh2m_nov,Bolivar,73.4963137254902,3.5534437699035757
rh2m_nov,Bragado,66.00202941176471,6.256031838642772
rh2m_nov,Brandsen,71.3837619047619,4.320010482424082
rh2m_nov,Burruyacu,57.87303448275862,5.096771859876174
rh2m_nov,Cachi,40.291745098039215,4.009125989763529
rh2m_nov,Cainguas,77.12018279569892,8.97614136551002
rh2m_nov,Calamuchita,58.055290322580646,5.771830107572554
rh2m_nov,Campana,69.77043137254903,4.886163353804636
rh2m_nov,Candelaria,76.68516161616161,8.575399777740044
rh2m_nov,Canuelas,70.32623958333333,5.325159032228615
rh2m_nov,Capayan,39.07759090909091,3.341791237723743
rh2m_nov,Capital,52.94467158931083,8.221198267804915
rh2m_nov,Capitan Sarmiento,66.41448039215686,5.590909378451331
rh2m_nov,Carlos Casares,64.2112380952381,6.783724290208504
rh2m_nov,Carlos Tejedor,60.559666666666665,6.897796900030766
rh2m_nov,Carmen De Areco,67.4385,5.346436198207681
rh2m_nov,Caseros,63.276885416666666,5.010656244881333
rh2m_nov,Castellanos,60.46164646464646,5.7636757772151705
rh2m_nov,Castelli,72.19185714285715,4.025439358382038
rh2m_nov,Catrilo,54.40321904761905,6.981846107694006
rh2m_nov,Cerrillos,59.05686868686869,5.260288309945166
rh2m_nov,Chacabuco,64.36312268518519,6.846973883292714
rh2m_nov,Chapaleufu,57.65081481481482,7.76657712126775
rh2m_nov,Chascomus,71.24498039215686,5.227408361194678
rh2m_nov,Chicoana,58.65886206896552,5.336144024642147
rh2m_nov,Chivilcoy,68.27387878787879,5.757276008704464
rh2m_nov,Choya,48.224738095238095,5.713360271452943
rh2m_nov,Colon,63.05909175377468,6.797940613108716
rh2m_nov,Comandante Fernandez,62.28430555555556,9.60503537630959
rh2m_nov,Concepcion,68.56580373831775,9.758589641344798
rh2m_nov,Concordia,69.81073529411765,5.892325009596515
rh2m_nov,Conhelo,54.49310185185185,8.549947552357265
rh2m_nov,Copo,48.84858024691358,6.320283852757238
rh2m_nov,Coronel Dorrego,60.28077450980392,6.783513396324832
rh2m_nov,Coronel Pringles,62.283049382716044,6.919084590743383
rh2m_nov,Coronel Suarez,61.24839215686275,6.799555112932658
rh2m_nov,Cruz Alta,53.107773809523806,5.065052499578477
rh2m_nov,Curuzu Cuatia,69.55534848484848,8.090955216284959
rh2m_nov,Daireaux,60.52417142857143,6.610819183006101
rh2m_nov,Diamante,62.753009803921564,5.642524868545716
rh2m_nov,Dolores,70.96292929292929,4.3581300500373725
rh2m_nov,Dr. Manuel Belgrano,52.53384126984127,3.9043373297726305
rh2m_nov,El Alto,50.044947916666665,5.957121969415276
rh2m_nov,El Carmen,52.41540740740741,6.424890870105811
rh2m_nov,Eldorado,79.0633,7.678244061790026
rh2m_nov,Empedrado,66.8593188405797,10.641179469390616
rh2m_nov,Esquina,63.94852777777778,9.192995877673628
rh2m_nov,Exaltacion De La Cruz,69.73309375,5.23834988124911
rh2m_nov,Federacion,70.15214705882352,6.517811079440755
rh2m_nov,Federal,68.76133333333334,6.715558761672888
rh2m_nov,Feliciano,63.7169494949495,4.426935195263647
rh2m_nov,Figueroa,56.72373684210526,9.36258442845708
rh2m_nov,Florentino Ameghino,59.93823809523809,6.770064628891299
rh2m_nov,Formosa,67.43863636363636,9.623430323684232
rh2m_nov,Fray Justo Santa Maria De Oro,60.43805882352942,9.278629349343339
rh2m_nov,Garay,63.298264367816095,5.5795946312471605
rh2m_nov,General Alvarado,71.327,4.741737401174734
rh2m_nov,General Alvear,66.77715151515152,6.306920557395497
rh2m_nov,General Arenales,63.712838383838395,7.286043183013031
rh2m_nov,General Belgrano,67.97304166666667,6.121738857094854
rh2m_nov,General Donovan,65.70160714285714,9.498535561831149
rh2m_nov,General Guemes,54.58272950819672,6.225122317986036
rh2m_nov,General Guido,70.22968965517242,4.546305197831932
rh2m_nov,General Jose De San Martin,59.217523809523804,5.319140172227276
rh2m_nov,General Juan Madariaga,75.1382450980392,3.4655253466113285
rh2m_nov,General La Madrid,64.52101904761905,6.846680256083112
rh2m_nov,General Las Heras,68.98734615384616,5.364165178897434
rh2m_nov,General Lavalle,73.85125925925925,3.2607891818268646
rh2m_nov,General Lopez,61.83382352941176,7.180209387151279
rh2m_nov,General Manuel Belgrano,75.61801075268816,8.13015078420779
rh2m_nov,General Obligado,64.86555882352941,9.427360451845868
rh2m_nov,General Paz,66.79473809523809,5.891147597107099
rh2m_nov,General Pedernera,51.820930555555556,5.913456822705447
rh2m_nov,General Pinto,62.92711111111112,7.091341898001522
rh2m_nov,General Pueyrredon,76.42186666666666,3.1742950369647986
rh2m_nov,General Roca,61.125313725490194,5.450913781203014
rh2m_nov,General Rodriguez,69.36446428571428,5.226717896526526
rh2m_nov,General San Martin,62.414414141414134,5.956459376074139
rh2m_nov,General Taboada,49.05832222222222,5.856373335724238
rh2m_nov,General Viamonte,73.47277142857143,3.503566720245524
rh2m_nov,General Villegas,59.59869892473119,7.5961513590301175
rh2m_nov,Gobernador Dupuy,48.28125333333333,6.631278585500575
rh2m_nov,Goya,63.88704545454545,10.538343664869432
rh2m_nov,Graneros,57.09903571428571,4.660096764515125
rh2m_nov,Gualeguay,66.37878787878788,6.2417409718642185
rh2m_nov,Gualeguaychu,68.20053535353534,6.287748822633069
rh2m_nov,Guamini,59.34433333333333,6.853875938508909
rh2m_nov,Guarani,77.11015151515153,8.028134059222822
rh2m_nov,Guasayan,49.731904761904765,5.7605888615441065
rh2m_nov,Guatrache,54.30495833333333,7.262078189158255
rh2m_nov,Hipolito Yrigoyen,66.98601904761904,6.461302294896266
rh2m_nov,Hucal,49.91721428571429,7.145219257112852
rh2m_nov,Iguazu,73.2711935483871,7.556225636188617
rh2m_nov,Independencia,68.73382407407408,9.443257827505144
rh2m_nov,Iriondo,63.16354901960784,4.718898834971565
rh2m_nov,Ischilin,57.3050202020202,6.608954663381696
rh2m_nov,Itati,67.64226666666667,10.368379582493432
rh2m_nov,Ituzaingo,74.52810144927537,7.882153675871101
rh2m_nov,Jimenez,51.034641975308645,5.427288781770729
rh2m_nov,Juan F. Ibarra,48.60527380952381,6.334354866318858
rh2m_nov,Juan Martin De Pueyrredon,49.13386111111111,5.967824944587699
rh2m_nov,Juarez Celman,62.40004301075268,6.25827324412161
rh2m_nov,Junin,63.78265465465466,7.149851027752004
rh2m_nov,La Caldera,56.19285333333333,5.043533714973466
rh2m_nov,La Candelaria,58.16868686868687,5.378245707335062
rh2m_nov,La Capital,63.46995098039216,5.64321842236391
rh2m_nov,La Cocha,55.16327450980392,4.406047875167493
rh2m_nov,La Paz,66.08019191919192,6.320842240726698
rh2m_nov,La Plata,71.37461666666667,4.432028670019108
rh2m_nov,La Vina,60.7624938271605,5.490421201417754
rh2m_nov,Laishi,70.88057894736842,7.134007101134564
rh2m_nov,Laprida,65.93453535353535,6.4402280486814725
rh2m_nov,Las Colonias,62.46216161616161,5.5321316209644795
rh2m_nov,Las Flores,67.31271875,6.349055901430831
rh2m_nov,Lavalle,63.15647826086956,10.419667515792312
rh2m_nov,Leales,53.107773809523806,5.065052499578477
rh2m_nov,Leandro N. Alem,62.81372453703703,6.977431557054481
rh2m_nov,Ledesma,53.14707142857143,6.656929667311503
rh2m_nov,Libertad,50.997107142857146,7.553904386601831
rh2m_nov,Libertador General San Martin,64.85306342780027,8.589165029516623
rh2m_nov,Lincoln,64.5519595959596,6.7166449088551525
rh2m_nov,Loberia,76.4348725490196,3.2210847661628073
rh2m_nov,Lobos,69.00133333333333,5.7802588521022455
rh2m_nov,Loreto,46.979151515151514,5.729598426999936
rh2m_nov,Lujan,68.52106060606062,5.364847623557439
rh2m_nov,Magdalena,74.10087301587302,3.335812007553103
rh2m_nov,Maipu,59.90270802919708,9.578477603208771
rh2m_nov,Mar Chiquita,71.67872380952382,4.187767245972794
rh2m_nov,Maraco,49.86474074074074,7.79075517219521
rh2m_nov,Marcos Juarez,61.180990196078426,5.643360886104137
rh2m_nov,Marcos Paz,69.8651923076923,5.15306996495882
rh2m_nov,Mayor Luis J. Fontana,,
rh2m_nov,Mburucuya,66.54807246376811,10.968848077212803
rh2m_nov,Mercedes,67.995996996997,5.898735816710599
rh2m_nov,Metan,55.881678160919535,5.649269606170031
rh2m_nov,Mitre,49.484529411764704,6.570187581943769
rh2m_nov,Monte,69.52540952380953,6.239946440132611
rh2m_nov,Monte Caseros,69.08801515151515,9.719778939327227
rh2m_nov,Montecarlo,79.10175000000001,7.910037276592204
rh2m_nov,Moreno,56.41525252525253,8.6785142477743
rh2m_nov,Navarro,68.99450505050504,5.938989631336251
rh2m_nov,Necochea,71.92853125,4.368418519031216
rh2m_nov,Nogoya,64.55012745098038,6.262447634149878
rh2m_nov,O'Higgins,68.39178095238096,9.352126743880953
rh2m_nov,Obera,77.4867,8.30251313766798
rh2m_nov,Olavarria,65.66062626262625,6.5502465071073495
rh2m_nov,Oran,52.38132291666667,7.721512531962246
rh2m_nov,Palpala,50.62454385964912,6.009491294600818
rh2m_nov,Parana,63.33417171717172,5.025164508170365
rh2m_nov,Paso De Los Libres,71.51547619047619,8.259523925886741
rh2m_nov,Patagones,72.8576049382716,3.724804037795096
rh2m_nov,Patino,58.13435,7.548548951203366
rh2m_nov,Pehuajo,61.42441904761905,6.932603238022184
rh2m_nov,Pellegrini,49.47458196721311,5.663281714427806
rh2m_nov,Pergamino,64.98137373737373,5.554646175073704
rh2m_nov,Pila,69.19519999999999,5.170266809185086
rh2m_nov,Pilagas,63.876666666666665,9.554483544450198
rh2m_nov,Pilar,69.52082795698925,5.162927498483763
rh2m_nov,Pilcomayo,64.97603174603175,10.695579891247267
rh2m_nov,Pirane,62.3744126984127,8.714038036986809
rh2m_nov,Pocho,58.614731182795694,5.792125552033013
rh2m_nov,Presidencia De La Plaza,65.96521875,9.067128586671512
rh2m_nov,Presidente Roque Saenz Pena,62.818375,5.6610151006276315
rh2m_nov,Puan,69.48192156862744,5.083188384129028
rh2m_nov,Quemu Quemu,54.34073148148148,7.713959278145389
rh2m_nov,Quitilipi,65.96521875,9.067128586671512
rh2m_nov,Ramallo,66.04657843137255,5.6963718645808274
rh2m_nov,Rancul,56.77064814814815,8.161998687663766
rh2m_nov,Rauch,68.24515238095238,6.096647595003806
rh2m_nov,Realico,56.949468468468474,8.121013148137296
rh2m_nov,Rio Cuarto,60.066878787878785,6.695154073520772
rh2m_nov,Rio Hondo,49.40796,5.1871881426295925
rh2m_nov,Rio Primero,59.060276190476195,5.468151779074132
rh2m_nov,Rio Seco,61.00270707070707,6.198502951406435
rh2m_nov,Rio Segundo,59.97467676767677,5.666252591173298
rh2m_nov,Rivadavia,69.32482513661203,5.283022394099149
rh2m_nov,Robles,48.75421333333334,5.649518216004175
rh2m_nov,Rojas,64.49750505050505,6.098368677656308
rh2m_nov,Roque Perez,68.54574285714286,6.540923329359566
rh2m_nov,Rosario,64.24084946236559,5.083872240897505
rh2m_nov,Rosario De La Frontera,57.985868686868685,5.531849620316999
rh2m_nov,Rosario De Lerma,56.321299999999994,4.928826881906156
rh2m_nov,Saavedra,56.13787037037037,6.55722420573701
rh2m_nov,Saladas,67.35697619047619,11.65375927862661
rh2m_nov,Saladillo,67.61569607843137,6.294020578791172
rh2m_nov,Salliquelo,55.88453333333333,7.234300503786455
rh2m_nov,Salto,66.79920202020203,5.655655690655665
rh2m_nov,San Alberto,56.609655172413795,6.95670136293328
rh2m_nov,San Andres De Giles,67.9784375,5.491011962173055
rh2m_nov,San Antonio,56.70717777777778,5.047921770872953
rh2m_nov,San Antonio De Areco,68.85333333333334,5.166872015343431
rh2m_nov,San Cayetano,69.57163333333332,4.860759945906003
rh2m_nov,San Cosme,67.14826388888889,10.566914331655779
rh2m_nov,San Cristobal,62.62914583333333,5.803661141444532
rh2m_nov,San Fernando,68.3039696969697,9.5395054631617
rh2m_nov,San Ignacio,76.75502150537633,8.968278888903471
rh2m_nov,San Javier,75.72487132352941,5.178435896715807
rh2m_nov,San Jeronimo,65.35900980392158,8.499475061423867
rh2m_nov,San Justo,57.94681102362205,6.007854085428498
rh2m_nov,San Lorenzo,62.21545864661653,6.041823166848215
rh2m_nov,San Luis Del Palmar,67.9235652173913,10.58647953398974
rh2m_nov,San Martin,62.71447878787878,5.775464574060238
rh2m_nov,San Miguel,69.95531944444444,10.475448637610658
rh2m_nov,San Nicolas,65.90438095238095,5.674679250469138
rh2m_nov,San Pedro,66.35183218390804,6.414213789880264
rh2m_nov,San Roque,63.920841269841276,10.819536620093531
rh2m_nov,San Salvador,67.5005,6.515279600234417
rh2m_nov,San Vicente,64.8054126984127,4.963011536361053
rh2m_nov,Santa Barbara,62.97648039215686,5.372985624381096
rh2m_nov,Santa Maria,58.25929411764706,5.519687913129524
rh2m_nov,Santa Rosa,50.664833333333334,4.96515372857549
rh2m_nov,Santo Tome,73.92230555555555,5.993677992956645
rh2m_nov,Sargento Cabral,68.84190625,9.169529637852632
rh2m_nov,Sarmiento,49.30638333333333,6.528787879293294
rh2m_nov,Sauce,67.53163636363637,9.190602727014726
rh2m_nov,Silipica,48.45914814814815,6.367113591974071
rh2m_nov,Simoca,55.84408888888889,4.792558155523424
rh2m_nov,Sobremonte,57.882666666666665,6.316716149857802
rh2m_nov,Suipacha,68.29993333333333,5.552965011312265
rh2m_nov,Tafi Del Valle,60.28675362318841,5.201989370061827
rh2m_nov,Tala,69.19757843137255,7.018150798347256
rh2m_nov,Tandil,67.64050476190477,6.107817025164155
rh2m_nov,Tapalque,66.43170833333333,6.147117499589823
rh2m_nov,Tercero Arriba,58.34943137254902,6.263718084273531
rh2m_nov,Toay,53.22086458333333,8.34201535986508
rh2m_nov,Tordillo,52.990066666666664,6.0866213313694395
rh2m_nov,Tornquist,56.267225490196076,6.203040511502729
rh2m_nov,Totoral,57.139464646464646,6.649763028849743
rh2m_nov,Trancas,58.21867816091954,5.586150254205623
rh2m_nov,Trenel,55.95960185185185,8.20018027049984
rh2m_nov,Trenque Lauquen,59.47219047619048,6.964287406966684
rh2m_nov,Tres Arroyos,66.90222580645161,5.480796166405223
rh2m_nov,Tres Lomas,52.46321739130435,6.726789107971063
rh2m_nov,Tulumba,57.48511428571429,6.656606826610008
rh2m_nov,Union,62.80262626262626,6.198412122918153
rh2m_nov,Uruguay,62.84220588235295,5.719798142240495
rh2m_nov,Utracan,58.07576470588236,7.781561505994703
rh2m_nov,Vera,64.22472727272728,8.94159359416187
rh2m_nov,Victoria,63.878808080808085,5.266640522106983
rh2m_nov,Villa Constitucion,64.20501960784314,5.782342470900728
rh2m_nov,Villaguay,67.98839215686274,6.878953589610663
rh2m_nov,Villarino,73.24732352941177,3.8417974928842837
rh2m_nov,Zarate,70.12016666666666,4.728644003802291
rh2m_dic,12 De Octubre,65.97589861751152,11.09364685190675
rh2m_dic,1° De Mayo,61.850978865406006,9.366064621247906
rh2m_dic,2 De Abril,66.2784331797235,11.399832204018097
rh2m_dic,25 De Mayo,62.00718626430801,8.301751629638355
rh2m_dic,9 De Julio,61.250430467148554,8.241598995392241
rh2m_dic,Adolfo Alsina,65.39226728110599,5.247567533727437
rh2m_dic,Adolfo Gonzales Chaves,60.89674573055029,6.238533742262785
rh2m_dic,Aguirre,56.91429435483871,6.183270775030165
rh2m_dic,Alberdi,54.2730069124424,7.1738731550974455
rh2m_dic,Alberti,70.10246334310851,3.9124007068833446
rh2m_dic,Almirante Brown,59.18820276497696,9.214546433144315
rh2m_dic,Anta,57.68268817204301,5.380344691455437
rh2m_dic,Apostoles,71.0762018730489,10.095760913018475
rh2m_dic,Arrecifes,61.37037950664136,7.571288562529295
rh2m_dic,Atreuco,44.75655913978495,8.228509860422253
rh2m_dic,Avellaneda,54.11961290322581,7.123708997605306
rh2m_dic,Ayacucho,61.918378136200715,4.9765474829841585
rh2m_dic,Azul,60.53862428842505,6.297001746760098
rh2m_dic,Balcarce,64.00047926267281,4.229223523473798
rh2m_dic,Banda,54.99688585607941,7.087135944180775
rh2m_dic,Baradero,63.21309872922776,6.9941951133182325
rh2m_dic,Belgrano,59.36569642410603,7.332621154055685
rh2m_dic,Bella Vista,61.13271206690561,11.538779219682088
rh2m_dic,Benito Juarez,60.10590420332356,5.762128594510688
rh2m_dic,Bermejo,65.64211827956989,10.290679278248566
rh2m_dic,Beron De Astrada,63.45195445920304,11.139097684398063
rh2m_dic,Bolivar,69.97377609108159,3.929962602575025
rh2m_dic,Bragado,61.96651802656546,8.405174197237335
rh2m_dic,Brandsen,64.30499231950846,5.040705300173289
rh2m_dic,Burruyacu,64.23849833147942,5.371797076389642
rh2m_dic,Cachi,55.06901328273244,8.446095190414226
rh2m_dic,Cainguas,74.80248699271591,10.49734737753188
rh2m_dic,Calamuchita,60.32610822060354,7.000540657945024
rh2m_dic,Campana,64.40683111954459,6.37434089822139
rh2m_dic,Candelaria,72.42975562072336,11.05849369568816
rh2m_dic,Canuelas,63.91295362903226,6.500203658787593
rh2m_dic,Capayan,42.87640762463343,5.580756197270007
rh2m_dic,Capital,48.87000340274942,8.891397665133097
rh2m_dic,Capitan Sarmiento,61.37037950664136,7.571288562529295
rh2m_dic,Carlos Casares,59.85150230414747,8.437227306108369
rh2m_dic,Carlos Tejedor,56.00721062618596,8.163574259520734
rh2m_dic,Carmen De Areco,62.623618951612904,7.547881997799762
rh2m_dic,Caseros,60.546985887096774,7.479870026376742
rh2m_dic,Castellanos,60.144496578690124,8.19232570686609
rh2m_dic,Castelli,66.37481105990784,4.325695807719069
rh2m_dic,Catrilo,50.400552995391706,8.421791811287743
rh2m_dic,Cerrillos,67.60578690127078,4.19664531423212
rh2m_dic,Chacabuco,60.95182347670251,8.286244957812169
rh2m_dic,Chapaleufu,55.44424731182796,9.264898449969182
rh2m_dic,Chascomus,63.46854838709677,5.866733580117007
rh2m_dic,Chicoana,67.9553170189099,4.106321309414908
rh2m_dic,Chivilcoy,63.422140762463336,8.042514085141013
rh2m_dic,Choya,53.118076036866356,6.471666798936019
rh2m_dic,Colon,60.14198381476903,8.100142628977625
rh2m_dic,Comandante Fernandez,63.804650537634416,9.743673170434098
rh2m_dic,Concepcion,63.91618329816099,11.438871017966779
rh2m_dic,Concordia,62.934316888045544,8.79171075841122
rh2m_dic,Conhelo,50.99358422939068,9.59850936062756
rh2m_dic,Copo,54.634934289127834,7.045213310017331
rh2m_dic,Coronel Dorrego,53.69330170777988,6.285042565854856
rh2m_dic,Coronel Pringles,55.32054062126643,6.769554610272287
rh2m_dic,Coronel Suarez,55.07075901328273,7.380792857982901
rh2m_dic,Cruz Alta,59.45748847926267,5.914177268967841
rh2m_dic,Curuzu Cuatia,61.38143695014662,10.0494605708219
rh2m_dic,Daireaux,55.443345622119814,7.90873159150432
rh2m_dic,Diamante,60.12259962049336,7.344844790742826
rh2m_dic,Dolores,64.18097751710656,4.307808812266262
rh2m_dic,Dr. Manuel Belgrano,63.93817204301075,6.100668469823838
rh2m_dic,El Alto,54.7364314516129,6.101947178553747
rh2m_dic,El Carmen,61.043252688172046,5.396917821351158
rh2m_dic,Eldorado,77.61369892473118,8.902840116637181
rh2m_dic,Empedrado,64.07851332398317,11.358615892246704
rh2m_dic,Esquina,58.97904569892473,9.774337755303875
rh2m_dic,Exaltacion De La Cruz,64.36701612903225,7.269455715890301
rh2m_dic,Federacion,63.1522485768501,9.132525765783965
rh2m_dic,Federal,62.1942220113852,9.242033536801264
rh2m_dic,Feliciano,60.62913000977517,7.551733004259178
rh2m_dic,Figueroa,58.168353140916814,9.16485327120156
rh2m_dic,Florentino Ameghino,55.85086021505376,8.709005915770733
rh2m_dic,Formosa,65.40215542521993,11.025212666388562
rh2m_dic,Fray Justo Santa Maria De Oro,62.528870967741945,10.086539460336756
rh2m_dic,Garay,59.5060956618465,6.9422520813664645
rh2m_dic,General Alvarado,65.482866359447,5.3431577196827
rh2m_dic,General Alvear,60.23236559139785,7.277587985039148
rh2m_dic,General Arenales,61.03533724340176,8.409559744144843
rh2m_dic,General Belgrano,60.77807637571158,6.421983520479901
rh2m_dic,General Donovan,65.58315668202765,9.058059003782164
rh2m_dic,General Guemes,62.972908514013746,5.364404144894701
rh2m_dic,General Guido,64.06362625139043,4.54515197123453
rh2m_dic,General Jose De San Martin,67.34789861751152,4.255924998950418
rh2m_dic,General Juan Madariaga,71.23581593927895,3.288541773170064
rh2m_dic,General La Madrid,57.97077419354839,7.277764990463199
rh2m_dic,General Las Heras,61.663163771712156,6.362113016891654
rh2m_dic,General Lavalle,69.13813620071684,3.5056182592974126
rh2m_dic,General Lopez,59.44827324478178,7.992719966620153
rh2m_dic,General Manuel Belgrano,75.399802289282,9.351371751584534
rh2m_dic,General Obligado,62.01561669829222,10.695135649777157
rh2m_dic,General Paz,60.19685867895545,5.633322757393383
rh2m_dic,General Pedernera,50.32985215053764,7.075568727848332
rh2m_dic,General Pinto,59.750527859237536,8.044808827361699
rh2m_dic,General Pueyrredon,73.17444239631337,3.0317707702093015
rh2m_dic,General Roca,60.56018026565465,6.9096579265734634
rh2m_dic,General Rodriguez,62.639539170506914,6.450198887115306
rh2m_dic,General San Martin,64.05805474095796,5.445082498572879
rh2m_dic,General Taboada,54.4018064516129,7.35220083522838
rh2m_dic,General Viamonte,69.87877419354838,3.912319076585888
rh2m_dic,General Villegas,56.6815296566077,8.671822176111242
rh2m_dic,Gobernador Dupuy,45.60847741935484,6.804067913461947
rh2m_dic,Goya,61.117609970674486,11.17417130937711
rh2m_dic,Graneros,62.991486175115206,5.596025356504798
rh2m_dic,Gualeguay,61.649726295210165,7.129946538640274
rh2m_dic,Gualeguaychu,62.47228739002933,8.032614519702538
rh2m_dic,Guamini,53.83669829222011,7.738596095152543
rh2m_dic,Guarani,74.60072336265885,9.905491088647404
rh2m_dic,Guasayan,55.37585253456221,6.353109178684391
rh2m_dic,Guatrache,47.31463709677419,7.726054174869649
rh2m_dic,Hipolito Yrigoyen,60.34188940092165,6.311945062271746
rh2m_dic,Hucal,43.55153225806452,7.514364728819063
rh2m_dic,Iguazu,70.35346514047868,9.980400405687178
rh2m_dic,Independencia,65.99241935483872,10.93446701809572
rh2m_dic,Iriondo,60.73034155597723,7.154952877273741
rh2m_dic,Ischilin,61.69913978494623,7.477990486667911
rh2m_dic,Itati,64.0704,11.69804007440475
rh2m_dic,Ituzaingo,68.48454417952314,9.098882044487297
rh2m_dic,Jimenez,57.11126642771804,6.70196602398251
rh2m_dic,Juan F. Ibarra,54.169251152073734,7.339536638876318
rh2m_dic,Juan Martin De Pueyrredon,48.18866935483871,6.851330193157202
rh2m_dic,Juarez Celman,62.38477627471384,6.233971133259935
rh2m_dic,Junin,60.70232781168265,8.43987346271302
rh2m_dic,La Caldera,68.14536774193547,4.586670245130453
rh2m_dic,La Candelaria,65.55440860215054,5.458011581562561
rh2m_dic,La Capital,60.33471537001897,7.12398395674632
rh2m_dic,La Cocha,60.23138519924099,7.114856254589709
rh2m_dic,La Paz,62.40879765395894,8.666538281506188
rh2m_dic,La Plata,64.71512903225806,4.798712035223486
rh2m_dic,La Vina,69.17555555555556,3.6405054021705925
rh2m_dic,Laishi,68.28382003395586,9.624076205914042
rh2m_dic,Laprida,58.69910068426197,6.061350109126321
rh2m_dic,Las Colonias,60.41961876832844,8.074221619271949
rh2m_dic,Las Flores,60.700312499999995,7.240704197631358
rh2m_dic,Lavalle,59.32478260869566,10.393436160724555
rh2m_dic,Leales,59.45748847926267,5.914177268967841
rh2m_dic,Leandro N. Alem,59.700073924731186,8.334241431248579
rh2m_dic,Ledesma,63.534723502304146,5.56864787593024
rh2m_dic,Libertad,55.28111751152073,7.2281572140913575
rh2m_dic,Libertador General San Martin,64.38764137390623,8.796504722840146
rh2m_dic,Lincoln,61.1058651026393,8.257547952536521
rh2m_dic,Loberia,73.3288045540797,2.934438266219795
rh2m_dic,Lobos,63.62626185958255,7.659040559984247
rh2m_dic,Loreto,53.26627565982404,7.298976923303984
rh2m_dic,Lujan,63.20809384164223,7.041699159827539
rh2m_dic,Magdalena,68.70663594470045,3.5874851822837384
rh2m_dic,Maipu,61.7496468095126,9.693834548946777
rh2m_dic,Mar Chiquita,66.60467281105991,3.756580232632187
rh2m_dic,Maraco,44.18387992831541,8.165893833798453
rh2m_dic,Marcos Juarez,60.34443074003795,6.7624033539993915
rh2m_dic,Marcos Paz,62.21100496277916,6.395901267738186
rh2m_dic,Mayor Luis J. Fontana,,
rh2m_dic,Mburucuya,63.01705469845723,11.877215330626475
rh2m_dic,Mercedes,62.068381284510316,7.305083362461873
rh2m_dic,Metan,63.256340378198,5.14254043824934
rh2m_dic,Mitre,53.9768880455408,6.690273178439613
rh2m_dic,Monte,62.30376958525346,6.958077189110774
rh2m_dic,Monte Caseros,61.637434017595304,10.450888732225971
rh2m_dic,Montecarlo,76.21791474654378,9.524779195682038
rh2m_dic,Moreno,59.42630498533724,9.240283765976743
rh2m_dic,Navarro,63.7696871945259,7.846614632401518
rh2m_dic,Necochea,68.00246975806452,4.071193099868333
rh2m_dic,Nogoya,60.23834914611005,7.9262025572539425
rh2m_dic,O'Higgins,65.60249769585253,10.837192087706956
rh2m_dic,Obera,75.6094623655914,9.083622191761895
rh2m_dic,Olavarria,59.084330400782015,6.459868826968818
rh2m_dic,Oran,60.185030241935486,6.805724020202061
rh2m_dic,Palpala,61.00011884550085,5.4655120988014545
rh2m_dic,Parana,60.565161290322585,7.569622824040244
rh2m_dic,Paso De Los Libres,64.15437788018433,9.741134570724014
rh2m_dic,Patagones,69.52019115890083,3.693108534342863
rh2m_dic,Patino,59.918903225806446,9.02984976224613
rh2m_dic,Pehuajo,56.68397235023042,7.915692541490367
rh2m_dic,Pellegrini,54.752472236911686,6.966881835029555
rh2m_dic,Pergamino,60.777096774193545,7.9997654906770395
rh2m_dic,Pila,61.468978494623656,5.514399589736758
rh2m_dic,Pilagas,64.53345161290324,11.425348232527291
rh2m_dic,Pilar,63.290790842872006,6.680552672910409
rh2m_dic,Pilcomayo,65.35984639016897,12.528973788366876
rh2m_dic,Pirane,63.31617511520738,9.597817838229412
rh2m_dic,Pocho,60.91945889698231,6.485366946336235
rh2m_dic,Presidencia De La Plaza,65.93533266129032,9.093605798357812
rh2m_dic,Presidente Roque Saenz Pena,63.73446572580645,5.761236539531368
rh2m_dic,Puan,63.531110056926,6.459728241107034
rh2m_dic,Quemu Quemu,51.150161290322586,9.2085474275902
rh2m_dic,Quitilipi,65.93533266129032,9.093605798357812
rh2m_dic,Ramallo,61.832988614800755,6.969071276429667
rh2m_dic,Rancul,55.23713261648746,9.453409310977637
rh2m_dic,Rauch,61.93157603686635,5.874085135703993
rh2m_dic,Realico,55.13332170880558,9.34255160318804
rh2m_dic,Rio Cuarto,61.44320625610948,6.661488677892749
rh2m_dic,Rio Hondo,54.60492903225806,6.587234014688814
rh2m_dic,Rio Primero,61.9617603686636,7.410376605603698
rh2m_dic,Rio Seco,65.43168132942327,7.921304320263137
rh2m_dic,Rio Segundo,61.101075268817205,7.377658010877139
rh2m_dic,Rivadavia,63.591322051824434,6.410500280447312
rh2m_dic,Robles,54.54141935483871,7.6796984413124605
rh2m_dic,Rojas,60.8588660801564,7.941512549468706
rh2m_dic,Roque Perez,62.008377880184334,7.758561581509596
rh2m_dic,Rosario,60.81513007284079,7.037347103241939
rh2m_dic,Rosario De La Frontera,65.22343108504398,5.370571150364514
rh2m_dic,Rosario De Lerma,67.06469892473119,4.925869078964108
rh2m_dic,Saavedra,49.19304659498208,6.919553666031218
rh2m_dic,Saladas,62.384032258064515,11.640333004230232
rh2m_dic,Saladillo,62.188140417457305,8.413945770557314
rh2m_dic,Salliquelo,50.804036866359446,8.0226227895803
rh2m_dic,Salto,62.0402541544477,7.858555938735303
rh2m_dic,San Alberto,60.700856507230256,6.5598470296527776
rh2m_dic,San Andres De Giles,62.62392137096774,7.337156412956286
rh2m_dic,San Antonio,67.38334408602151,4.598474978751586
rh2m_dic,San Antonio De Areco,63.52152217741936,6.874329209168376
rh2m_dic,San Cayetano,65.15609677419356,5.0347381772087365
rh2m_dic,San Cosme,64.98653225806451,11.611513629362605
rh2m_dic,San Cristobal,61.86128024193548,8.417247402702541
rh2m_dic,San Fernando,65.10009775171066,10.910155223271078
rh2m_dic,San Ignacio,73.14843912591051,11.126775429609234
rh2m_dic,San Javier,73.21954459203036,6.797969057735517
rh2m_dic,San Jeronimo,61.625284629981024,10.738694635277714
rh2m_dic,San Justo,62.0411049022098,7.477238111543598
rh2m_dic,San Lorenzo,59.07138976473442,7.162060618702104
rh2m_dic,San Luis Del Palmar,64.81339410939691,12.035665775755202
rh2m_dic,San Martin,59.29674340175953,7.109375911473428
rh2m_dic,San Miguel,64.48956989247311,12.100791265189747
rh2m_dic,San Nicolas,61.456552995391704,7.2179718309126235
rh2m_dic,San Pedro,61.54515906562848,7.0462649263926975
rh2m_dic,San Roque,59.67181259600614,11.396511734912476
rh2m_dic,San Salvador,60.89191244239631,10.620867237053393
rh2m_dic,San Vicente,59.50256528417818,7.872981222816416
rh2m_dic,Santa Barbara,70.9915559772296,4.275445797097372
rh2m_dic,Santa Maria,61.82780834914611,7.602931571750375
rh2m_dic,Santa Rosa,55.187852822580645,5.589353322972768
rh2m_dic,Santo Tome,68.24008064516129,7.175745279183365
rh2m_dic,Sargento Cabral,65.79945564516129,10.305833673373991
rh2m_dic,Sarmiento,53.59745161290323,7.427065226548231
rh2m_dic,Sauce,61.351290322580645,9.281669922018411
rh2m_dic,Silipica,52.74209677419355,7.295861142137356
rh2m_dic,Simoca,63.035612903225804,6.350001386819212
rh2m_dic,Sobremonte,60.73711021505377,6.993340435468388
rh2m_dic,Suipacha,63.62806451612903,8.130694497406399
rh2m_dic,Tafi Del Valle,66.34440392706873,4.297503164199306
rh2m_dic,Tala,62.4279411764706,9.224901484785434
rh2m_dic,Tandil,61.97618433179723,5.635533945465782
rh2m_dic,Tapalque,59.9145564516129,6.624873893536898
rh2m_dic,Tercero Arriba,61.38428842504744,7.327623646838826
rh2m_dic,Toay,49.28519153225807,9.325820928464765
rh2m_dic,Tordillo,45.75130322580645,7.023110938681229
rh2m_dic,Tornquist,48.902011385199245,7.014846091199295
rh2m_dic,Totoral,61.548729227761484,7.692206093571217
rh2m_dic,Trancas,65.73145717463849,4.809271178852973
rh2m_dic,Trenel,53.53162186379929,9.665197833772714
rh2m_dic,Trenque Lauquen,55.007115207373275,8.00160381485238
rh2m_dic,Tres Arroyos,62.00240374609781,5.6483801973875725
rh2m_dic,Tres Lomas,48.64207573632539,8.38274593094576
rh2m_dic,Tulumba,61.640248847926266,7.631714464484095
rh2m_dic,Union,63.90039100684261,5.450528336688813
rh2m_dic,Uruguay,60.31997153700189,7.5899185193916265
rh2m_dic,Utracan,56.23696394686907,8.909620473711248
rh2m_dic,Vera,62.17227761485825,10.297497330629405
rh2m_dic,Victoria,60.687429130009775,6.979585889499268
rh2m_dic,Villa Constitucion,60.75703036053131,7.29805453994289
rh2m_dic,Villaguay,61.837087286527506,9.144988425213736
rh2m_dic,Villarino,70.0114990512334,3.875599464166716
rh2m_dic,Zarate,64.7095564516129,6.403927435171697
rh2m_ene,12 De Octubre,63.29162211981567,9.316848772863604
rh2m_ene,1° De Mayo,60.254872080088994,8.480847912601094
rh2m_ene,2 De Abril,64.20061443932411,9.396293165048967
rh2m_ene,25 De Mayo,59.623420395421434,7.046226104563042
rh2m_ene,9 De Julio,60.18549465961808,6.95468187334096
rh2m_ene,Adolfo Alsina,63.845456221198155,4.607959182485849
rh2m_ene,Adolfo Gonzales Chaves,59.47853889943074,5.951790880858192
rh2m_ene,Aguirre,61.741602822580646,6.525746638913408
rh2m_ene,Alberdi,58.91950460829493,7.746055923356489
rh2m_ene,Alberti,69.46847507331378,2.988213058326104
rh2m_ene,Almirante Brown,58.358387096774194,7.915423802809707
rh2m_ene,Anta,64.49042033235581,6.8012347207796555
rh2m_ene,Apostoles,69.25463059313216,10.264099873810261
rh2m_ene,Arrecifes,61.0807210626186,5.958820951535792
rh2m_ene,Atreuco,44.507390029325514,7.33768176971894
rh2m_ene,Avellaneda,59.84120430107527,8.524470650612153
rh2m_ene,Ayacucho,60.72258064516129,4.715896031406406
rh2m_ene,Azul,59.21441176470588,4.985258493767448
rh2m_ene,Balcarce,63.80555760368664,4.322543801059179
rh2m_ene,Banda,60.88023573200993,7.0182983203690945
rh2m_ene,Baradero,62.22335288367546,5.525195284109467
rh2m_ene,Belgrano,58.24371592898225,6.653310668581561
rh2m_ene,Bella Vista,60.707945041816004,10.652210036101945
rh2m_ene,Benito Juarez,59.118533724340175,5.167322869528105
rh2m_ene,Bermejo,63.56018279569892,9.318511026045604
rh2m_ene,Beron De Astrada,62.03592030360531,8.501649320413597
rh2m_ene,Bolivar,69.40976280834914,2.947294979353541
rh2m_ene,Bragado,61.837087286527506,6.588131205971258
rh2m_ene,Brandsen,64.03827956989247,4.098831706258036
rh2m_ene,Burruyacu,70.91398220244716,5.996908189738425
rh2m_ene,Cachi,68.22749525616699,4.4076244137343386
rh2m_ene,Cainguas,73.92667013527576,10.118610620224107
rh2m_ene,Calamuchita,63.853090530697195,5.975823769524452
rh2m_ene,Campana,62.6507495256167,5.520277175420357
rh2m_ene,Candelaria,70.8918963831867,10.61449891081608
rh2m_ene,Canuelas,62.19501008064516,4.834524499431897
rh2m_ene,Capayan,47.80533724340176,5.5159218803255845
rh2m_ene,Capital,49.17938274125493,8.140439812115096
rh2m_ene,Capitan Sarmiento,61.0807210626186,5.958820951535792
rh2m_ene,Carlos Casares,59.26272811059907,6.55944758768485
rh2m_ene,Carlos Tejedor,55.960056925996206,7.321090203828191
rh2m_ene,Carmen De Areco,61.84554435483871,5.974358099466806
rh2m_ene,Caseros,59.54330645161291,6.540206905059006
rh2m_ene,Castellanos,59.180097751710655,7.198349345183026
rh2m_ene,Castelli,65.7665806451613,3.12791420311415
rh2m_ene,Catrilo,50.94417511520737,7.221157299896545
rh2m_ene,Cerrillos,74.82894428152493,3.8945934713297845
rh2m_ene,Chacabuco,60.68881832437276,7.3066344691952825
rh2m_ene,Chapaleufu,56.178467741935485,9.074531599717632
rh2m_ene,Chascomus,62.056091081593934,4.3437328223027105
rh2m_ene,Chicoana,74.84913236929923,3.987563334989593
rh2m_ene,Chivilcoy,62.45154447702834,6.204205349097654
rh2m_ene,Choya,58.53705069124424,6.500070320904295
rh2m_ene,Colon,59.760436102056865,7.298547353085668
rh2m_ene,Comandante Fernandez,61.73784050179212,8.091713675088252
rh2m_ene,Concepcion,62.75522761531504,10.325552935090029
rh2m_ene,Concordia,60.39253320683112,8.738658371921613
rh2m_ene,Conhelo,50.8634229390681,8.860664361584986
rh2m_ene,Copo,59.246654719235366,7.693965578602949
rh2m_ene,Coronel Dorrego,51.99379506641366,5.62813411150957
rh2m_ene,Coronel Pringles,53.82881123058542,6.320602594396204
rh2m_ene,Coronel Suarez,54.58748576850095,6.196132056096883
rh2m_ene,Cruz Alta,66.04627880184331,6.985293681041565
rh2m_ene,Curuzu Cuatia,60.78705278592375,10.583392324086379
rh2m_ene,Daireaux,55.246866359447004,6.4842588749746595
rh2m_ene,Diamante,57.789876660341555,7.2423536414313565
rh2m_ene,Dolores,63.843714565004895,3.047830731061094
rh2m_ene,Dr. Manuel Belgrano,73.62832565284178,3.5138961741603674
rh2m_ene,El Alto,59.085584677419355,6.074621449026088
rh2m_ene,El Carmen,69.39641577060932,6.10514218545886
rh2m_ene,Eldorado,77.71435483870967,8.936225678379701
rh2m_ene,Empedrado,62.3143618513324,9.7051400856265
rh2m_ene,Esquina,58.78547043010752,9.66855554821864
rh2m_ene,Exaltacion De La Cruz,62.96665322580645,5.392788630245007
rh2m_ene,Federacion,60.919032258064526,9.118833099703206
rh2m_ene,Federal,60.106698292220116,9.332851929012223
rh2m_ene,Feliciano,57.989002932551315,7.392355924059941
rh2m_ene,Figueroa,58.972088285229205,7.359334425328016
rh2m_ene,Florentino Ameghino,56.617281105990784,7.48590030923931
rh2m_ene,Formosa,61.57684750733138,8.820790530996252
rh2m_ene,Fray Justo Santa Maria De Oro,61.29025616698292,8.849316187014999
rh2m_ene,Garay,59.008509454949944,6.426871341267596
rh2m_ene,General Alvarado,63.98754838709678,4.290282963535682
rh2m_ene,General Alvear,58.37770283479961,6.040486321350571
rh2m_ene,General Arenales,60.64039100684261,7.9162309561086275
rh2m_ene,General Belgrano,59.27925996204934,5.41721345716117
rh2m_ene,General Donovan,63.82754608294931,8.054156280210279
rh2m_ene,General Guemes,71.31840560549973,5.996950345141388
rh2m_ene,General Guido,63.30698553948832,3.1303842811312483
rh2m_ene,General Jose De San Martin,74.9870599078341,3.8341460305560515
rh2m_ene,General Juan Madariaga,70.7168311195446,2.7513669950826554
rh2m_ene,General La Madrid,56.54810138248848,6.142057085630013
rh2m_ene,General Las Heras,60.91411910669975,5.7688565187824885
rh2m_ene,General Lavalle,69.0073835125448,2.325479190319032
rh2m_ene,General Lopez,59.65032258064516,7.8055033079685066
rh2m_ene,General Manuel Belgrano,76.01804370447451,8.418937699028792
rh2m_ene,General Obligado,60.29543643263758,10.548423167731189
rh2m_ene,General Paz,59.00708141321045,5.7600970573126435
rh2m_ene,General Pedernera,51.99797043010753,6.759750330144886
rh2m_ene,General Pinto,59.14513196480938,6.942526325233382
rh2m_ene,General Pueyrredon,72.98665437788019,3.0803918193471667
rh2m_ene,General Roca,59.26259962049336,6.2794094163977086
rh2m_ene,General Rodriguez,62.29801843317972,5.688858406404736
rh2m_ene,General San Martin,65.32797653958944,4.77176648766512
rh2m_ene,General Taboada,57.74715053763441,7.956226508189688
rh2m_ene,General Viamonte,69.28363133640553,2.997979517260672
rh2m_ene,General Villegas,57.12899063475546,8.681120527272492
rh2m_ene,Gobernador Dupuy,47.285458064516135,7.517719781776142
rh2m_ene,Goya,59.8258797653959,10.218687793853597
rh2m_ene,Graneros,69.17662442396313,6.323513194388579
rh2m_ene,Gualeguay,59.372746823069406,7.2019846913572945
rh2m_ene,Gualeguaychu,59.776793743890515,8.094929049710391
rh2m_ene,Guamini,53.74450664136622,6.4892551124350275
rh2m_ene,Guarani,73.5177908113392,9.682071226064947
rh2m_ene,Guasayan,61.13747695852535,6.661051998047222
rh2m_ene,Guatrache,47.669314516129035,7.116723299876484
rh2m_ene,Hipolito Yrigoyen,58.85579723502304,5.350045869814452
rh2m_ene,Hucal,44.63641705069124,6.347124274198513
rh2m_ene,Iguazu,71.3396878251821,8.658353167505311
rh2m_ene,Independencia,63.69846774193549,9.501705485735402
rh2m_ene,Iriondo,59.728368121442124,6.488561868463048
rh2m_ene,Ischilin,64.40924731182795,6.077971233154001
rh2m_ene,Itati,62.10676129032258,8.513685596374993
rh2m_ene,Ituzaingo,66.43697054698457,8.92458642303616
rh2m_ene,Jimenez,63.689856630824366,6.677705112101208
rh2m_ene,Juan F. Ibarra,59.22080645161291,7.5513792533276325
rh2m_ene,Juan Martin De Pueyrredon,50.196344086021504,6.937928022090678
rh2m_ene,Juarez Celman,63.67477627471384,6.32283947595033
rh2m_ene,Junin,59.9535803545481,7.848946396941335
rh2m_ene,La Caldera,75.33784516129032,3.3306876663173406
rh2m_ene,La Candelaria,72.86428152492668,5.618341434323604
rh2m_ene,La Capital,59.184525616698295,6.369187754108577
rh2m_ene,La Cocha,66.44242884250474,5.5273933482045425
rh2m_ene,La Paz,60.44198435972629,9.13137117433198
rh2m_ene,La Plata,63.99637096774194,4.200693978581673
rh2m_ene,La Vina,75.1068458781362,3.818860313674755
rh2m_ene,Laishi,63.518811544991514,8.423996544574974
rh2m_ene,Laprida,57.331818181818186,5.433198535923698
rh2m_ene,Las Colonias,58.20500488758553,7.354763368902286
rh2m_ene,Las Flores,58.90797379032258,5.787857136295436
rh2m_ene,Lavalle,59.73220196353436,10.260511019171304
rh2m_ene,Leales,66.04627880184331,6.985293681041565
rh2m_ene,Leandro N. Alem,59.321969086021504,7.326593659013772
rh2m_ene,Ledesma,70.19579493087558,6.543834880629458
rh2m_ene,Libertad,55.92213133640553,6.901779305198915
rh2m_ene,Libertador General San Martin,63.76261851900222,7.4323175039897675
rh2m_ene,Lincoln,61.00374389051809,7.0097929500834555
rh2m_ene,Loberia,73.15238140417458,2.9641074370328226
rh2m_ene,Lobos,62.233434535104365,6.15994697647271
rh2m_ene,Loreto,59.26120234604105,6.385894442360132
rh2m_ene,Lujan,61.92646138807429,5.75298222017328
rh2m_ene,Magdalena,68.74416282642089,2.7006460608030682
rh2m_ene,Maipu,60.1611066635272,7.9415595513322765
rh2m_ene,Mar Chiquita,66.11716129032258,3.394117910233208
rh2m_ene,Maraco,44.290976702508964,7.057227188340093
rh2m_ene,Marcos Juarez,59.9585294117647,6.0340342726551475
rh2m_ene,Marcos Paz,60.777791563275436,5.599981103500382
rh2m_ene,Mayor Luis J. Fontana,,
rh2m_ene,Mburucuya,62.49532959326789,10.184284747189643
rh2m_ene,Mercedes,61.71376344086022,5.755310859892739
rh2m_ene,Metan,71.47315906562848,5.677050391485028
rh2m_ene,Mitre,59.864155597722956,8.362296654116989
rh2m_ene,Monte,60.082534562211976,5.6959279926767685
rh2m_ene,Monte Caseros,61.94409090909091,10.505575654356477
rh2m_ene,Montecarlo,75.73220046082949,9.824331614119563
rh2m_ene,Moreno,59.36590420332356,7.900349999526344
rh2m_ene,Navarro,62.29593352883676,6.247064735263894
rh2m_ene,Necochea,66.6734375,4.253263801646337
rh2m_ene,Nogoya,58.29332068311196,7.785716263039765
rh2m_ene,O'Higgins,63.71852534562212,9.63965056483343
rh2m_ene,Obera,74.13607526881721,9.715278588390742
rh2m_ene,Olavarria,57.646656891495596,5.817483738255167
rh2m_ene,Oran,66.87087701612903,7.563530876747734
rh2m_ene,Palpala,67.97780984719864,5.750193567829702
rh2m_ene,Parana,57.975395894428154,7.566158449063267
rh2m_ene,Paso De Los Libres,64.6097465437788,11.180046526264622
rh2m_ene,Patagones,69.02136200716846,2.990770948225711
rh2m_ene,Patino,57.70877419354839,8.104006044346887
rh2m_ene,Pehuajo,56.09898617511521,6.122765875363458
rh2m_ene,Pellegrini,59.81898202009519,7.31849203440909
rh2m_ene,Pergamino,60.905806451612904,6.430771843436938
rh2m_ene,Pila,60.931483870967746,3.5899543005261942
rh2m_ene,Pilagas,61.01569354838709,9.016072480255506
rh2m_ene,Pilar,62.39125910509886,5.696939104491403
rh2m_ene,Pilcomayo,61.03829493087557,9.819046011708599
rh2m_ene,Pirane,60.68258064516129,8.431487395983984
rh2m_ene,Pocho,63.2288969823101,5.409944083792552
rh2m_ene,Presidencia De La Plaza,64.67605846774194,7.92820841569637
rh2m_ene,Presidente Roque Saenz Pena,65.27597782258064,4.648240324621062
rh2m_ene,Puan,62.26416508538899,5.4748128711689725
rh2m_ene,Quemu Quemu,51.63905913978495,8.019423272663284
rh2m_ene,Quitilipi,64.67605846774194,7.92820841569637
rh2m_ene,Ramallo,61.05469639468691,6.0423097189540975
rh2m_ene,Rancul,56.650501792114696,9.29130612671473
rh2m_ene,Rauch,60.53247926267281,4.5651300984891625
rh2m_ene,Realico,56.37033129904098,9.318513452655253
rh2m_ene,Rio Cuarto,63.89817204301075,6.592466750035949
rh2m_ene,Rio Hondo,60.31221935483871,7.003103915374363
rh2m_ene,Rio Primero,63.80301382488479,5.991045979390979
rh2m_ene,Rio Seco,67.55875855327467,6.735425483174316
rh2m_ene,Rio Segundo,59.43784946236559,6.812561838814061
rh2m_ene,Rivadavia,62.27599418297197,5.342474639425023
rh2m_ene,Robles,59.10002580645161,7.291214328323302
rh2m_ene,Rojas,60.468494623655914,6.8047688514115725
rh2m_ene,Roque Perez,59.728700460829494,6.1357676975025965
rh2m_ene,Rosario,59.42418314255983,6.109850851669684
rh2m_ene,Rosario De La Frontera,72.59217008797654,5.8060331156716
rh2m_ene,Rosario De Lerma,75.05070967741935,3.337020515345876
rh2m_ene,Saavedra,48.73437275985663,5.752139723486396
rh2m_ene,Saladas,62.80117511520738,11.777552709986177
rh2m_ene,Saladillo,60.27590132827325,6.9521415649859035
rh2m_ene,Salliquelo,50.79576036866359,6.969280917144039
rh2m_ene,Salto,61.70950146627566,6.055973269999563
rh2m_ene,San Alberto,63.47547274749722,5.962999084602462
rh2m_ene,San Andres De Giles,61.84494959677419,5.963600977809701
rh2m_ene,San Antonio,75.22920430107527,3.321134662442204
rh2m_ene,San Antonio De Areco,62.4765625,5.415579371303358
rh2m_ene,San Cayetano,63.87515053763441,5.353633095638159
rh2m_ene,San Cosme,62.81572580645161,9.075271544718076
rh2m_ene,San Cristobal,59.84675403225806,8.19525472000307
rh2m_ene,San Fernando,63.35395894428152,9.699710029871216
rh2m_ene,San Ignacio,71.58723204994797,10.925678439197304
rh2m_ene,San Javier,72.53767552182163,7.468245046248652
rh2m_ene,San Jeronimo,60.65543643263757,10.37242025865168
rh2m_ene,San Justo,64.32431038862077,5.946228661932194
rh2m_ene,San Lorenzo,57.27405772495756,6.841989258992304
rh2m_ene,San Luis Del Palmar,62.28667601683029,9.437013118891876
rh2m_ene,San Martin,57.59552346041056,7.354497324438955
rh2m_ene,San Miguel,63.012499999999996,10.30800835694895
rh2m_ene,San Nicolas,60.799603686635955,6.141109660113254
rh2m_ene,San Pedro,60.253679644048944,6.271316089338785
rh2m_ene,San Roque,59.37250384024577,10.134922252414396
rh2m_ene,San Salvador,59.071405529953914,9.875416219440998
rh2m_ene,San Vicente,60.4878955453149,6.590044525909977
rh2m_ene,Santa Barbara,77.55568311195445,3.4937260253424527
rh2m_ene,Santa Maria,64.34050284629981,5.958565058586913
rh2m_ene,Santa Rosa,59.07916330645161,6.079623988898685
rh2m_ene,Santo Tome,67.15005376344085,8.302110249182016
rh2m_ene,Sargento Cabral,63.97646169354839,9.160732775857186
rh2m_ene,Sarmiento,60.54443548387097,7.311859227260524
rh2m_ene,Sauce,61.9924926686217,9.583182216270153
rh2m_ene,Silipica,59.20125448028674,7.235029254840971
rh2m_ene,Simoca,69.00238709677419,5.997297604840263
rh2m_ene,Sobremonte,64.1565188172043,6.277965756335798
rh2m_ene,Suipacha,62.2341935483871,6.470684043411943
rh2m_ene,Tafi Del Valle,73.51971949509117,5.66189857482579
rh2m_ene,Tala,60.154278937381406,8.970509189035933
rh2m_ene,Tandil,61.16567741935484,5.230489230769275
rh2m_ene,Tapalque,58.481189516129035,5.228698204571342
rh2m_ene,Tercero Arriba,63.73619544592031,6.295127311946348
rh2m_ene,Toay,50.52239919354839,8.109082668895155
rh2m_ene,Tordillo,45.82322580645161,5.507812828992027
rh2m_ene,Tornquist,48.989962049335865,5.816016419768427
rh2m_ene,Totoral,64.26824046920821,6.1629091671268545
rh2m_ene,Trancas,73.01547274749721,5.652566506703018
rh2m_ene,Trenel,54.7141935483871,8.88950517300602
rh2m_ene,Trenque Lauquen,54.54435023041474,6.765200997695059
rh2m_ene,Tres Arroyos,60.719895941727366,5.7218240813405385
rh2m_ene,Tres Lomas,48.45217391304348,6.840309493901032
rh2m_ene,Tulumba,64.00714285714285,6.090561281294403
rh2m_ene,Union,65.21301075268818,4.980186997528336
rh2m_ene,Uruguay,57.75203984819734,7.563609783702138
rh2m_ene,Utracan,56.61217267552182,9.148568362120741
rh2m_ene,Vera,60.16083088954056,10.053929075790178
rh2m_ene,Victoria,59.51284457478006,6.191895458120927
rh2m_ene,Villa Constitucion,60.42678368121443,6.004006522122949
rh2m_ene,Villaguay,59.281451612903226,8.979263332883232
rh2m_ene,Villarino,69.06971537001897,3.2487194887456834
rh2m_ene,Zarate,63.15454637096774,5.228788252322228
rh2m_feb,12 De Octubre,67.2873536242083,8.887804053893431
rh2m_feb,1° De Mayo,65.55452862238832,9.328152542758808
rh2m_feb,2 De Abril,67.22412913441238,9.632584690529036
rh2m_feb,25 De Mayo,65.08892487684729,6.662413148767752
rh2m_feb,9 De Julio,65.25447686870851,6.395838383277628
rh2m_feb,Adolfo Alsina,68.8039496833216,4.957493121860203
rh2m_feb,Adolfo Gonzales Chaves,64.80460880904086,5.1994117980535615
rh2m_feb,Aguirre,65.20389970751232,8.478127993370613
rh2m_feb,Alberdi,63.86489048205489,8.482186050355292
rh2m_feb,Alberti,72.46773361695774,4.116156230948619
rh2m_feb,Almirante Brown,61.95928817733991,8.296005917087065
rh2m_feb,Anta,69.27684020002987,5.910188855655909
rh2m_feb,Apostoles,74.27377880184332,10.07023596650868
rh2m_feb,Arrecifes,67.10731780643292,6.717280079675164
rh2m_feb,Atreuco,49.60036460665771,7.096464277573797
rh2m_feb,Avellaneda,63.67695155993432,9.00080587609509
rh2m_feb,Ayacucho,65.96117816091954,5.477428905442853
rh2m_feb,Azul,65.07120653433788,5.189195931532671
rh2m_feb,Balcarce,68.38380295566502,5.08055709578394
rh2m_feb,Banda,65.48538651004168,7.549947322418616
rh2m_feb,Baradero,68.08788849081952,6.309230239406083
rh2m_feb,Belgrano,65.22108288463741,8.273733586474657
rh2m_feb,Bella Vista,68.21331964969896,9.50569777745441
rh2m_feb,Benito Juarez,64.82198872966114,4.9796375505773804
rh2m_feb,Bermejo,68.49256527093596,9.081601820133168
rh2m_feb,Beron De Astrada,69.32374529121994,8.07427484867065
rh2m_feb,Bolivar,72.41845950449145,4.101795204429836
rh2m_feb,Bragado,67.10646008403361,6.273418138705282
rh2m_feb,Brandsen,69.51920771756978,5.488233829216527
rh2m_feb,Burruyacu,75.45459189740104,5.675800331242302
rh2m_feb,Cachi,70.32238264271226,5.067723728791628
rh2m_feb,Cainguas,78.75482718894008,9.287897992100651
rh2m_feb,Calamuchita,68.57172294613062,6.845395699083766
rh2m_feb,Campana,68.30310417270357,6.343257416351472
rh2m_feb,Candelaria,74.01583706523363,11.338425382634501
rh2m_feb,Canuelas,68.11455549568966,5.936044554560784
rh2m_feb,Capayan,52.175807769816394,5.802608347361308
rh2m_feb,Capital,53.750729614849,7.827710892409681
rh2m_feb,Capitan Sarmiento,67.10731780643292,6.717280079675164
rh2m_feb,Carlos Casares,64.35906474313863,6.389739582166057
rh2m_feb,Carlos Tejedor,60.63509671109824,7.512130787969037
rh2m_feb,Carmen De Areco,68.02222713977832,6.429490145296603
rh2m_feb,Caseros,66.80132389162561,6.8994772347841
rh2m_feb,Castellanos,65.33569786535304,7.8458441594494435
rh2m_feb,Castelli,70.01394123856439,4.882747335506574
rh2m_feb,Catrilo,55.4017445460943,7.32382371145663
rh2m_feb,Cerrillos,78.1240670249291,4.115526319139229
rh2m_feb,Chacabuco,66.67785752770936,7.190092784321898
rh2m_feb,Chapaleufu,59.88616447728517,8.367118449545819
rh2m_feb,Chascomus,67.45868769921762,5.357590618298256
rh2m_feb,Chicoana,78.22391031085442,4.234798944910653
rh2m_feb,Chivilcoy,67.90020376175548,5.886161478708439
rh2m_feb,Choya,63.41962790288529,7.3875349319415475
rh2m_feb,Colon,65.53127143372066,7.517666258866355
rh2m_feb,Comandante Fernandez,65.31806718664478,8.761081705321754
rh2m_feb,Concepcion,69.40534102941854,9.321060404620193
rh2m_feb,Concordia,66.98210047812229,8.661910111609966
rh2m_feb,Conhelo,54.898260125889436,8.114110289320406
rh2m_feb,Copo,64.07470124064952,8.56940538746745
rh2m_feb,Coronel Dorrego,57.49460446247465,5.425376499808461
rh2m_feb,Coronel Pringles,59.98099080915891,5.704189459674621
rh2m_feb,Coronel Suarez,60.01204324833381,5.665024625763715
rh2m_feb,Cruz Alta,70.84258972554538,6.87042463949611
rh2m_feb,Curuzu Cuatia,70.35146663681145,9.222742806428075
rh2m_feb,Daireaux,60.36434658691062,6.315050637142578
rh2m_feb,Diamante,64.53117683280209,7.428532808277436
rh2m_feb,Dolores,68.40681146439766,4.8724885810827026
rh2m_feb,Dr. Manuel Belgrano,75.49974607084212,3.528441670118116
rh2m_feb,El Alto,64.21757889470443,6.383751676563541
rh2m_feb,El Carmen,74.01438013136288,6.2358757311960815
rh2m_feb,Eldorado,79.88210960591134,10.770360939832052
rh2m_feb,Empedrado,69.77687674020133,8.182465851130939
rh2m_feb,Esquina,67.66725472085386,8.685950849896132
rh2m_feb,Exaltacion De La Cruz,68.38444504310345,6.027267003618142
rh2m_feb,Federacion,67.9903057084903,8.768901365665727
rh2m_feb,Federal,67.28484316140249,8.93370339032141
rh2m_feb,Feliciano,65.11601619644723,7.109294681997329
rh2m_feb,Figueroa,65.48224137931034,8.113367647055442
rh2m_feb,Florentino Ameghino,62.53002756274924,8.827074482153147
rh2m_feb,Formosa,65.8601169950739,8.199950354220475
rh2m_feb,Fray Justo Santa Maria De Oro,65.2506860330339,9.080544500139204
rh2m_feb,Garay,66.76720570749107,6.824851613755682
rh2m_feb,General Alvarado,69.08126389866291,5.529979377773909
rh2m_feb,General Alvear,64.91795939692491,6.628468985890272
rh2m_feb,General Arenales,65.75078967010002,7.58967754920214
rh2m_feb,General Belgrano,66.06150979788468,6.5448634612041765
rh2m_feb,General Donovan,68.89210415200563,8.308812420463822
rh2m_feb,General Guemes,75.94754683840749,6.20029098978414
rh2m_feb,General Guido,68.57306820112112,5.822077595669296
rh2m_feb,General Jose De San Martin,78.04326143560873,4.009440550977544
rh2m_feb,General Juan Madariaga,73.91430491161982,3.7065902266264144
rh2m_feb,General La Madrid,61.98377656579873,5.563487809182676
rh2m_feb,General Las Heras,67.46738347859038,5.8266314327339455
rh2m_feb,General Lavalle,72.3046113847838,3.8852351421689875
rh2m_feb,General Lopez,64.59405425963489,7.663762831771864
rh2m_feb,General Manuel Belgrano,80.06504648021611,8.137504856769407
rh2m_feb,General Obligado,66.5694012605042,9.006127921845714
rh2m_feb,General Paz,65.0074061693643,5.307704936158464
rh2m_feb,General Pedernera,57.66640342775042,6.237787978793514
rh2m_feb,General Pinto,63.227441782355584,7.556114740191007
rh2m_feb,General Pueyrredon,75.3387554539057,3.6149798931414177
rh2m_feb,General Roca,65.21677158794553,8.030046455328932
rh2m_feb,General Rodriguez,68.53218464109781,5.590818811698284
rh2m_feb,General San Martin,69.90407560829975,5.2770602843046355
rh2m_feb,General Taboada,61.56059646962233,8.003370276922043
rh2m_feb,General Viamonte,72.29339021815623,4.108206482393065
rh2m_feb,General Villegas,60.527380422691884,8.50562384882459
rh2m_feb,Gobernador Dupuy,52.66135714285714,6.685742330876042
rh2m_feb,Goya,67.93906012091357,8.463756474733781
rh2m_feb,Graneros,74.26191678395496,6.598076437695778
rh2m_feb,Gualeguay,65.96783699059561,7.723128678985107
rh2m_feb,Gualeguaychu,66.740407896701,8.361300698213133
rh2m_feb,Guamini,58.572990799768185,6.23544208618732
rh2m_feb,Guarani,77.22544260337364,9.825133735173363
rh2m_feb,Guasayan,65.73462394440534,7.369385236005298
rh2m_feb,Guatrache,52.879085591133006,7.431963505107015
rh2m_feb,Hipolito Yrigoyen,64.9790700211119,5.141291806183471
rh2m_feb,Hucal,50.50927163969036,6.143439840036014
rh2m_feb,Iguazu,74.49088034323852,8.93924476860487
rh2m_feb,Independencia,67.61458983305967,8.977255906626079
rh2m_feb,Iriondo,66.33957548536655,7.796774809174736
rh2m_feb,Ischilin,68.3643394536498,6.956402577715445
rh2m_feb,Itati,69.1837945812808,8.111159385775705
rh2m_feb,Ituzaingo,70.80529235382309,8.485265753186553
rh2m_feb,Jimenez,68.8032713008575,6.359335612271507
rh2m_feb,Juan F. Ibarra,63.90470575299086,8.457189941824948
rh2m_feb,Juan Martin De Pueyrredon,56.18467159277504,6.502180970621854
rh2m_feb,Juarez Celman,67.99233870967741,5.840191190708365
rh2m_feb,Junin,66.0188442506546,7.822960261845118
rh2m_feb,La Caldera,77.87732167487685,3.269853646144563
rh2m_feb,La Candelaria,77.8771290491118,5.129305918777323
rh2m_feb,La Capital,65.8366480730223,6.865441160658093
rh2m_feb,La Cocha,71.65928716314113,6.384438728753094
rh2m_feb,La Paz,66.98179802955666,8.409653830472198
rh2m_feb,La Plata,68.91647167487685,4.865734659061491
rh2m_feb,La Vina,78.73993158182813,4.042848009411898
rh2m_feb,Laishi,67.95426367643246,7.2527262756917334
rh2m_feb,Laprida,63.14298589341693,5.77650299203363
rh2m_feb,Las Colonias,65.6128433348261,7.779843595060327
rh2m_feb,Las Flores,66.17087592364533,6.255994559721961
rh2m_feb,Lavalle,68.32405707860356,8.917624774186358
rh2m_feb,Leales,70.84258972554538,6.87042463949611
rh2m_feb,Leandro N. Alem,65.68551211001642,7.504661044291974
rh2m_feb,Ledesma,75.09563819493314,6.459288713445045
rh2m_feb,Libertad,60.27835723082337,8.109446376604012
rh2m_feb,Libertador General San Martin,67.7675984723081,7.427174181740138
rh2m_feb,Lincoln,65.93942230183609,6.828015085004567
rh2m_feb,Loberia,75.29602977397856,3.66036254916027
rh2m_feb,Lobos,68.22466531440162,5.745920738370288
rh2m_feb,Loreto,63.497923197492156,6.992932386587171
rh2m_feb,Lujan,68.25366659202865,6.117563922342575
rh2m_feb,Magdalena,72.5965810462116,4.125968317570767
rh2m_feb,Maipu,63.81115979288771,9.034506175607545
rh2m_feb,Mar Chiquita,70.31006474313864,4.566005797936775
rh2m_feb,Maraco,49.73089730432403,6.909258285643235
rh2m_feb,Marcos Juarez,66.08197370327441,6.842255124026748
rh2m_feb,Marcos Paz,67.68711585827965,5.709745896779701
rh2m_feb,Mayor Luis J. Fontana,,
rh2m_feb,Mburucuya,68.8728035982009,9.14772062467862
rh2m_feb,Mercedes,68.06628922025473,5.931833225497413
rh2m_feb,Metan,77.23038049940547,5.029588583132791
rh2m_feb,Mitre,64.18966024340772,8.565700430118113
rh2m_feb,Monte,66.83519493314567,6.35313991831044
rh2m_feb,Monte Caseros,70.28080049261084,10.297280865880019
rh2m_feb,Montecarlo,79.7924472202674,8.644056542184112
rh2m_feb,Moreno,62.416520749365574,9.8526963936639
rh2m_feb,Navarro,68.21961374832064,5.735472567685399
rh2m_feb,Necochea,69.43325084667488,4.167669338014923
rh2m_feb,Nogoya,64.96062047232687,8.061280328453757
rh2m_feb,O'Higgins,68.03230260380015,8.74615804446669
rh2m_feb,Obera,78.14245566502464,9.769624815298801
rh2m_feb,Olavarria,63.74146066577101,5.712695652303883
rh2m_feb,Oran,71.61055495689655,6.952559219389481
rh2m_feb,Palpala,74.08760111485611,5.785787882594416
rh2m_feb,Parana,64.98125429168533,7.591145011523537
rh2m_feb,Paso De Los Libres,70.88422501759325,10.44809056355254
rh2m_feb,Patagones,71.80223955482576,4.531753089783848
rh2m_feb,Patino,60.84872044334976,7.4391907586715025
rh2m_feb,Pehuajo,61.088989795918366,6.759110252802963
rh2m_feb,Pellegrini,64.88125524913187,7.759094965907994
rh2m_feb,Pergamino,67.38562061501717,6.767206289537909
rh2m_feb,Pila,66.60199917898194,5.707550881654788
rh2m_feb,Pilagas,64.70625,7.436046358278068
rh2m_feb,Pilar,68.2333608771651,5.426637655578081
rh2m_feb,Pilcomayo,65.41663206661975,8.396354086078079
rh2m_feb,Pirane,64.56868109312691,7.3603205312592905
rh2m_feb,Pocho,68.47408271094866,6.668146815014653
rh2m_feb,Presidencia De La Plaza,69.31496074507389,7.9713013444686185
rh2m_feb,Presidente Roque Saenz Pena,69.42494727524631,5.884216039049953
rh2m_feb,Puan,68.00191937119676,6.038261621372181
rh2m_feb,Quemu Quemu,55.56437294745484,7.383952627299431
rh2m_feb,Quitilipi,69.31496074507389,7.9713013444686185
rh2m_feb,Ramallo,67.06156766154739,6.666818690218511
rh2m_feb,Rancul,60.21409927476738,8.521297518235563
rh2m_feb,Rauch,65.59467311752287,5.030688836518732
rh2m_feb,Realico,60.19647683397684,8.40279641276695
rh2m_feb,Rio Cuarto,67.67245297805643,6.818994241729796
rh2m_feb,Rio Hondo,65.56060886699507,7.103315235545441
rh2m_feb,Rio Primero,68.29414074595356,6.202652144423047
rh2m_feb,Rio Seco,72.1608251231527,6.836633561077012
rh2m_feb,Rio Segundo,65.0539315569488,7.955343070546394
rh2m_feb,Rivadavia,68.6041908261326,6.004832616899142
rh2m_feb,Robles,63.02465665024631,7.542445367433428
rh2m_feb,Rojas,66.91105351545006,7.1931743246600925
rh2m_feb,Roque Perez,66.08463265306122,6.361035844730468
rh2m_feb,Rosario,66.13817853170188,6.586768952806371
rh2m_feb,Rosario De La Frontera,77.95995596357665,4.9871690505813016
rh2m_feb,Rosario De Lerma,77.4303538587849,3.561108557999304
rh2m_feb,Saavedra,54.37737753147236,5.911922062112091
rh2m_feb,Saladas,71.69860397607319,8.077857908321139
rh2m_feb,Saladillo,65.94219718922052,6.245225758185112
rh2m_feb,Salliquelo,55.24927375087967,6.7703168777675025
rh2m_feb,Salto,67.73540715032094,6.392680266971717
rh2m_feb,San Alberto,68.20876167827416,7.054186427852966
rh2m_feb,San Andres De Giles,68.17411676416256,6.241086242199464
rh2m_feb,San Antonio,77.73802052545156,3.2924657954552106
rh2m_feb,San Antonio De Areco,68.31018241995073,6.277513764125048
rh2m_feb,San Cayetano,67.73290311986864,4.630617986737871
rh2m_feb,San Cosme,68.33078663793104,8.93211525840883
rh2m_feb,San Cristobal,65.99613108066502,8.13465699306918
rh2m_feb,San Fernando,68.18709396924915,8.909529011156899
rh2m_feb,San Ignacio,74.83371365008739,11.939843118586198
rh2m_feb,San Javier,74.90386839865256,7.930535349791538
rh2m_feb,San Jeronimo,66.00782345696899,9.058118332879866
rh2m_feb,San Justo,68.89516455917148,6.401108702847957
rh2m_feb,San Lorenzo,64.70471424867588,7.636275664884626
rh2m_feb,San Luis Del Palmar,69.04216052687941,8.656578039835438
rh2m_feb,San Martin,65.02039946260636,7.5586687376265616
rh2m_feb,San Miguel,69.6340019499179,9.253657382974755
rh2m_feb,San Nicolas,66.83308937368051,6.705691893379423
rh2m_feb,San Pedro,66.25577131815865,6.822247304644352
rh2m_feb,San Roque,68.26967628430683,8.94655986674056
rh2m_feb,San Salvador,67.61718947923997,8.095984709513576
rh2m_feb,San Vicente,67.87827644851043,7.215363279666115
rh2m_feb,Santa Barbara,80.5255809910171,3.0504369623548566
rh2m_feb,Santa Maria,68.38666763257027,6.582130280565523
rh2m_feb,Santa Rosa,64.72542487684728,6.348970237133997
rh2m_feb,Santo Tome,71.63890034893268,8.173146858600132
rh2m_feb,Sargento Cabral,68.54920181650246,8.801916397210315
rh2m_feb,Sarmiento,65.79991687192118,7.985505603456584
rh2m_feb,Sauce,70.74092084639499,7.420475748948903
rh2m_feb,Silipica,64.6011548987411,8.908121881265734
rh2m_feb,Simoca,73.8577947454844,6.856015961427633
rh2m_feb,Sobremonte,69.85249640804598,6.087343365488136
rh2m_feb,Suipacha,68.05114039408866,6.072169782999706
rh2m_feb,Tafi Del Valle,78.32946615977725,4.517566750430963
rh2m_feb,Tala,66.39293610547668,9.147471913468669
rh2m_feb,Tandil,66.49290358902182,4.8650220895300675
rh2m_feb,Tapalque,64.60541910406404,6.085379651039764
rh2m_feb,Tercero Arriba,67.70207657200811,6.735203108598226
rh2m_feb,Toay,54.342304110221676,7.933073480514084
rh2m_feb,Tordillo,51.815502955665025,6.3097522856193144
rh2m_feb,Tornquist,54.39971276441611,5.659799454270655
rh2m_feb,Totoral,68.68775936706972,6.850355386495444
rh2m_feb,Trancas,77.71240062850347,5.07631525211609
rh2m_feb,Trenel,58.55130097153804,8.098918841183242
rh2m_feb,Trenque Lauquen,59.20350985221675,7.243536082701995
rh2m_feb,Tres Arroyos,65.15591967265216,4.830520178582567
rh2m_feb,Tres Lomas,54.78419790104948,8.287890831865294
rh2m_feb,Tulumba,68.41731597466573,6.738740302303807
rh2m_feb,Union,69.7355974772354,5.291090985877027
rh2m_feb,Uruguay,64.87558859750797,7.500591574298152
rh2m_feb,Utracan,60.175740365111565,8.500128121250633
rh2m_feb,Vera,66.65153306463651,9.071537839760117
rh2m_feb,Victoria,65.9908616957755,6.908678580530847
rh2m_feb,Villa Constitucion,66.9826568385975,6.735282471133485
rh2m_feb,Villaguay,66.1630646913938,9.028309250873642
rh2m_feb,Villarino,71.89859787018256,4.23844621065792
rh2m_feb,Zarate,68.97578702278325,5.904707638635257
rh2m_mar,12 De Octubre,71.63845161290322,7.991726990618945
rh2m_mar,1° De Mayo,69.29133481646274,8.129681935729531
rh2m_mar,2 De Abril,71.45588325652841,8.839614316140386
rh2m_mar,25 De Mayo,70.00410093652445,7.163864179557334
rh2m_mar,9 De Julio,69.93430035602546,7.1153848507456265
rh2m_mar,Adolfo Alsina,73.00885714285714,5.276648665989732
rh2m_mar,Adolfo Gonzales Chaves,69.99840607210626,5.089122439006573
rh2m_mar,Aguirre,67.89997983870968,6.611188226607311
rh2m_mar,Alberdi,66.88497695852534,7.083730200700429
rh2m_mar,Alberti,73.98446725317693,3.7898778214703457
rh2m_mar,Almirante Brown,65.68063594470046,8.490991984969424
rh2m_mar,Anta,71.70514173998046,5.943028755647134
rh2m_mar,Apostoles,75.1281581685744,8.570716231045179
rh2m_mar,Arrecifes,70.99800759013283,6.829977581645346
rh2m_mar,Atreuco,58.1682991202346,8.55693950080285
rh2m_mar,Avellaneda,66.5199569892473,8.036483385035918
rh2m_mar,Ayacucho,71.38612604540023,5.56061924735592
rh2m_mar,Azul,71.46924098671727,5.905501274976797
rh2m_mar,Balcarce,73.30705069124424,4.904287020098713
rh2m_mar,Banda,67.39327543424318,7.061848226647942
rh2m_mar,Baradero,71.89352883675464,6.410641508527406
rh2m_mar,Belgrano,69.06669167291822,7.827589944403872
rh2m_mar,Bella Vista,71.00493428912783,8.652991759368296
rh2m_mar,Benito Juarez,71.25408602150537,5.425363622124826
rh2m_mar,Bermejo,71.477311827957,8.221779697655066
rh2m_mar,Beron De Astrada,72.0184440227704,8.516646253870737
rh2m_mar,Bolivar,74.02028462998102,3.8297475565239756
rh2m_mar,Bragado,71.15918406072106,6.983745232280405
rh2m_mar,Brandsen,72.71359447004609,5.762401046424182
rh2m_mar,Burruyacu,77.6075083426029,5.116952660106009
rh2m_mar,Cachi,66.59660341555978,4.677355393219028
rh2m_mar,Cainguas,77.92360041623309,8.311277556689296
rh2m_mar,Calamuchita,71.69135275754422,7.234876161047332
rh2m_mar,Campana,71.90249525616699,6.248006638414437
rh2m_mar,Candelaria,74.00914956011731,9.914386092881065
rh2m_mar,Canuelas,72.01076612903226,6.1722094286114535
rh2m_mar,Capayan,54.981422287390025,4.971496433335894
rh2m_mar,Capital,61.8933476248809,8.646263156576335
rh2m_mar,Capitan Sarmiento,70.99800759013283,6.829977581645346
rh2m_mar,Carlos Casares,69.53921658986175,7.281096334082969
rh2m_mar,Carlos Tejedor,67.94242884250474,8.254546986997791
rh2m_mar,Carmen De Areco,71.62838709677419,6.794545614615693
rh2m_mar,Caseros,71.1591129032258,6.827647062155257
rh2m_mar,Castellanos,69.8646725317693,6.0654632186222575
rh2m_mar,Castelli,73.81220276497696,4.537945086157477
rh2m_mar,Catrilo,62.90367741935484,7.45176741635643
rh2m_mar,Cerrillos,78.32958944281525,4.007308371486761
rh2m_mar,Chacabuco,70.41374103942651,7.331518758771092
rh2m_mar,Chapaleufu,66.97689964157706,8.268947731816512
rh2m_mar,Chascomus,72.45848197343453,6.059222131154273
rh2m_mar,Chicoana,78.70532814238041,3.975825787355129
rh2m_mar,Chivilcoy,71.84644183773216,6.498537615894272
rh2m_mar,Choya,65.56630184331797,6.475521986983679
rh2m_mar,Colon,69.6472294031696,7.967593764906902
rh2m_mar,Comandante Fernandez,69.55444444444444,7.6759478453142584
rh2m_mar,Concepcion,71.36315345191437,9.031079429588427
rh2m_mar,Concordia,71.3688614800759,7.48090442065241
rh2m_mar,Conhelo,63.411684587813625,9.404307767463317
rh2m_mar,Copo,67.07465949820788,7.1458401826895
rh2m_mar,Coronel Dorrego,63.5354459203036,5.836086450656131
rh2m_mar,Coronel Pringles,66.86795101553166,5.611457590095487
rh2m_mar,Coronel Suarez,66.42784629981026,6.0581640636756395
rh2m_mar,Cruz Alta,72.53849078341014,5.939263343375294
rh2m_mar,Curuzu Cuatia,71.64175953079179,8.35085093150315
rh2m_mar,Daireaux,66.98879262672811,6.324875647614116
rh2m_mar,Diamante,69.12838709677419,6.66829368204682
rh2m_mar,Dolores,73.23375366568915,4.822482671635468
rh2m_mar,Dr. Manuel Belgrano,73.78562211981567,3.6259489834966203
rh2m_mar,El Alto,67.15983870967742,5.396609286967148
rh2m_mar,El Carmen,76.22833333333332,5.483489259418105
rh2m_mar,Eldorado,77.21522580645161,9.040367333957514
rh2m_mar,Empedrado,72.4837307152875,7.402649727984777
rh2m_mar,Esquina,69.8653629032258,8.572121944988575
rh2m_mar,Exaltacion De La Cruz,72.46270161290323,6.6483026857175975
rh2m_mar,Federacion,72.176944971537,7.571709193477219
rh2m_mar,Federal,71.90820683111954,7.719221937800213
rh2m_mar,Feliciano,69.51062561094818,6.5502558944200215
rh2m_mar,Figueroa,65.86947368421052,8.737193495057982
rh2m_mar,Florentino Ameghino,68.06649769585253,7.789752881918002
rh2m_mar,Formosa,67.72854838709678,7.964868435715418
rh2m_mar,Fray Justo Santa Maria De Oro,70.11057874762808,7.572345721474601
rh2m_mar,Garay,70.75666295884317,6.822675963903584
rh2m_mar,General Alvarado,72.98397235023042,5.5298595376851765
rh2m_mar,General Alvear,70.7052688172043,7.132982226893943
rh2m_mar,General Arenales,69.49733137829912,7.808181603692903
rh2m_mar,General Belgrano,71.49364563567363,6.3684610686663685
rh2m_mar,General Donovan,72.50291474654378,6.553815570744914
rh2m_mar,General Guemes,78.14910364886303,5.212293047274003
rh2m_mar,General Guido,73.48142380422692,5.050198161269816
rh2m_mar,General Jose De San Martin,78.18051612903226,4.038596864463408
rh2m_mar,General Juan Madariaga,76.53208728652751,3.3795652075740135
rh2m_mar,General La Madrid,68.46752995391705,5.760623432774285
rh2m_mar,General Las Heras,71.08102977667494,6.267321071666317
rh2m_mar,General Lavalle,75.326798088411,3.646322150871343
rh2m_mar,General Lopez,69.57717267552182,7.785672721482423
rh2m_mar,General Manuel Belgrano,77.93569198751301,7.6728549735196
rh2m_mar,General Obligado,70.26864326375711,8.68341744489131
rh2m_mar,General Paz,71.01477342549923,5.665478097574284
rh2m_mar,General Pedernera,60.826545698924726,5.8218316554699205
rh2m_mar,General Pinto,68.36739980449659,7.987146158591998
rh2m_mar,General Pueyrredon,77.53116129032259,3.139435611712813
rh2m_mar,General Roca,69.22578747628083,8.228734064705305
rh2m_mar,General Rodriguez,71.72843317972351,6.242923693899028
rh2m_mar,General San Martin,73.57330400782013,5.1420805065343895
rh2m_mar,General Taboada,63.87463440860215,7.270575306499201
rh2m_mar,General Viamonte,73.90057142857142,3.838903327028933
rh2m_mar,General Villegas,66.72359001040583,8.109032498347585
rh2m_mar,Gobernador Dupuy,57.671729032258064,7.072623246202663
rh2m_mar,Goya,70.49910557184751,9.016364541319492
rh2m_mar,Graneros,76.17168202764978,5.548598461116148
rh2m_mar,Gualeguay,70.60797653958944,7.147702832624723
rh2m_mar,Gualeguaychu,70.77168132942326,7.3421520076025235
rh2m_mar,Guamini,65.09914611005694,6.161068443637262
rh2m_mar,Guarani,76.63391984359727,9.102314488060163
rh2m_mar,Guasayan,68.04873271889402,5.991688693051977
rh2m_mar,Guatrache,60.60261088709677,7.917103458655108
rh2m_mar,Hipolito Yrigoyen,71.47633179723502,5.818158764504797
rh2m_mar,Hucal,58.94710829493088,6.5824437591042795
rh2m_mar,Iguazu,71.72338189386056,8.281433610322855
rh2m_mar,Independencia,71.65717741935484,7.877533399830036
rh2m_mar,Iriondo,70.33570208728652,8.048241053892193
rh2m_mar,Ischilin,72.12695014662756,6.9859563651972
rh2m_mar,Itati,71.32443870967741,8.078486956805275
rh2m_mar,Ituzaingo,72.33413744740533,7.650056998527069
rh2m_mar,Jimenez,70.72819593787337,6.253442503632379
rh2m_mar,Juan F. Ibarra,67.07259216589861,7.0122698308311096
rh2m_mar,Juan Martin De Pueyrredon,59.55220430107527,5.918561288849744
rh2m_mar,Juarez Celman,72.73053069719042,5.40161050131964
rh2m_mar,Junin,69.51480092996222,7.88838110632037
rh2m_mar,La Caldera,75.69345806451612,3.518616956096842
rh2m_mar,La Candelaria,79.9431769305963,4.636935976259183
rh2m_mar,La Capital,70.06185009487666,6.731475403139589
rh2m_mar,La Cocha,74.5772485768501,4.752186507432782
rh2m_mar,La Paz,71.39950146627567,7.5391407591573225
rh2m_mar,La Plata,72.50153225806451,5.827420464183886
rh2m_mar,La Vina,80.49409796893669,3.590937223539119
rh2m_mar,Laishi,70.80220713073005,6.677670442929698
rh2m_mar,Laprida,69.83173998044965,5.8155890619732755
rh2m_mar,Las Colonias,70.26775171065493,6.227995181603905
rh2m_mar,Las Flores,71.93800403225806,6.321487140480892
rh2m_mar,Lavalle,70.84488078541375,7.973291551178953
rh2m_mar,Leales,72.53849078341014,5.939263343375294
rh2m_mar,Leandro N. Alem,69.7595922939068,8.066484328557056
rh2m_mar,Ledesma,77.32887096774193,5.129321396913198
rh2m_mar,Libertad,63.96808755760368,8.117276270662066
rh2m_mar,Libertador General San Martin,70.6581063079535,6.932108667242487
rh2m_mar,Lincoln,70.12349951124145,7.26979053234982
rh2m_mar,Loberia,77.54945920303605,3.1847528539645817
rh2m_mar,Lobos,72.07942125237192,6.189875593042391
rh2m_mar,Loreto,65.38736070381232,6.883615799113994
rh2m_mar,Lujan,72.03799608993157,6.242791090061956
rh2m_mar,Magdalena,74.33350230414746,4.113801602435508
rh2m_mar,Maipu,67.86684247704262,8.678285843608348
rh2m_mar,Mar Chiquita,74.46660829493088,4.363754163928576
rh2m_mar,Maraco,57.92187275985663,8.270841708716969
rh2m_mar,Marcos Juarez,69.82351992409866,7.14592531407785
rh2m_mar,Marcos Paz,72.24713399503722,6.633372593893913
rh2m_mar,Mayor Luis J. Fontana,,
rh2m_mar,Mburucuya,71.70312762973353,8.509746967357005
rh2m_mar,Mercedes,71.54568730020344,6.367162664576506
rh2m_mar,Metan,78.71991101223583,5.093121461239923
rh2m_mar,Mitre,66.90635673624288,7.947210450916333
rh2m_mar,Monte,72.1801474654378,6.5330659970025
rh2m_mar,Monte Caseros,72.06340175953079,8.904841179914175
rh2m_mar,Montecarlo,76.7566129032258,8.517001512319855
rh2m_mar,Moreno,65.45786901270772,8.43110405939672
rh2m_mar,Navarro,72.30635386119256,5.975768697088549
rh2m_mar,Necochea,73.03266129032258,3.7902494274163745
rh2m_mar,Nogoya,70.20053130929792,6.9426698292316225
rh2m_mar,O'Higgins,71.94618433179724,7.796496464356447
rh2m_mar,Obera,77.49712903225806,8.606223588471922
rh2m_mar,Olavarria,70.31434017595308,5.891593743174954
rh2m_mar,Oran,74.74107862903226,6.185540963616969
rh2m_mar,Palpala,77.10268251273345,5.1238258420552905
rh2m_mar,Parana,69.40182795698925,6.624024452385652
rh2m_mar,Paso De Los Libres,73.21523041474654,8.659990888360195
rh2m_mar,Patagones,73.10313022700119,4.167113119690876
rh2m_mar,Patino,65.74072580645161,8.523908423239076
rh2m_mar,Pehuajo,67.66689400921659,7.463007983128842
rh2m_mar,Pellegrini,67.61283183500794,7.010208707455684
rh2m_mar,Pergamino,71.10836754643206,7.291481827321482
rh2m_mar,Pila,72.00809677419355,6.135628026030975
rh2m_mar,Pilagas,66.33683870967742,7.0850077974864
rh2m_mar,Pilar,72.03534859521332,6.131812721196444
rh2m_mar,Pilcomayo,66.57665130568355,8.258017128440263
rh2m_mar,Pirane,68.03181259600615,7.766512795580432
rh2m_mar,Pocho,71.63453694068679,7.309386432313966
rh2m_mar,Presidencia De La Plaza,72.79482862903225,6.285164480582833
rh2m_mar,Presidente Roque Saenz Pena,72.76147177419355,6.554834526317165
rh2m_mar,Puan,71.5823624288425,6.393497183993613
rh2m_mar,Quemu Quemu,63.06810035842294,8.009155005699633
rh2m_mar,Quitilipi,72.79482862903225,6.285164480582833
rh2m_mar,Ramallo,71.17723908918407,6.535229743515593
rh2m_mar,Rancul,67.51284050179211,9.119726823324342
rh2m_mar,Rauch,71.24080184331797,5.663173523188716
rh2m_mar,Realico,67.73673931996514,9.094723246385088
rh2m_mar,Rio Cuarto,71.53051808406647,5.829608596422497
rh2m_mar,Rio Hondo,67.91239999999999,6.809791074269418
rh2m_mar,Rio Primero,72.01664516129033,5.753351649881865
rh2m_mar,Rio Seco,74.88758553274681,7.1155520907698735
rh2m_mar,Rio Segundo,68.95256109481916,7.803519557731582
rh2m_mar,Rivadavia,71.96912480169223,5.924714362950845
rh2m_mar,Robles,64.31638709677419,7.461587328881699
rh2m_mar,Rojas,70.76075268817205,7.239063156524362
rh2m_mar,Roque Perez,71.59468202764977,6.72018999810624
rh2m_mar,Rosario,70.55622268470343,6.615337902293656
rh2m_mar,Rosario De La Frontera,79.78043010752687,4.859037570204018
rh2m_mar,Rosario De Lerma,75.73167741935484,3.805698232791934
rh2m_mar,Saavedra,61.60906810035843,6.440586991530172
rh2m_mar,Saladas,71.52126728110599,9.289746770534842
rh2m_mar,Saladillo,70.8635009487666,6.718401611731701
rh2m_mar,Salliquelo,62.542184331797245,7.10811281935223
rh2m_mar,Salto,71.25703812316715,6.670488760752594
rh2m_mar,San Alberto,71.98976640711902,7.334187093252983
rh2m_mar,San Andres De Giles,71.61484879032258,6.122511076210049
rh2m_mar,San Antonio,75.98094623655915,3.673378735537196
rh2m_mar,San Antonio De Areco,72.10810483870968,6.391680895628713
rh2m_mar,San Cayetano,71.49649462365592,3.988219908095837
rh2m_mar,San Cosme,71.94477150537635,7.64504146347361
rh2m_mar,San Cristobal,70.57900201612904,6.670532279758471
rh2m_mar,San Fernando,71.70805474095798,7.8929595749141015
rh2m_mar,San Ignacio,74.93683662851197,10.048183576674987
rh2m_mar,San Javier,75.70693904174573,7.333353341803897
rh2m_mar,San Jeronimo,69.71810246679317,9.045947476847555
rh2m_mar,San Justo,72.08192786385573,6.3038339781608395
rh2m_mar,San Lorenzo,69.15642250788261,7.363470768187198
rh2m_mar,San Luis Del Palmar,72.13791023842917,7.990800090904348
rh2m_mar,San Martin,68.80607917888562,6.813903432639083
rh2m_mar,San Miguel,71.53779569892474,8.84805113574467
rh2m_mar,San Nicolas,70.98111520737326,6.542120010919268
rh2m_mar,San Pedro,70.42825806451613,7.026204694950194
rh2m_mar,San Roque,69.78502304147466,8.646387899002383
rh2m_mar,San Salvador,71.2434331797235,7.5321332571390505
rh2m_mar,San Vicente,70.64552995391705,7.9986835052869365
rh2m_mar,Santa Barbara,81.33173624288425,2.8976249667915925
rh2m_mar,Santa Maria,71.82117647058824,7.025129292648011
rh2m_mar,Santa Rosa,67.33475806451612,5.35783498284525
rh2m_mar,Santo Tome,73.06501344086021,7.281965746117059
rh2m_mar,Sargento Cabral,71.57402217741935,7.981008090536744
rh2m_mar,Sarmiento,67.91956451612903,7.0979162156248945
rh2m_mar,Sauce,72.71410557184751,7.194458472034599
rh2m_mar,Silipica,66.9399641577061,7.587848635190175
rh2m_mar,Simoca,77.03638709677419,5.31519313352559
rh2m_mar,Sobremonte,73.47380376344086,6.0004904872579266
rh2m_mar,Suipacha,71.32508602150537,6.50398750807602
rh2m_mar,Tafi Del Valle,79.23032258064516,4.565548740746721
rh2m_mar,Tala,71.48332068311196,7.289761204490837
rh2m_mar,Tandil,71.894,5.23956937999219
rh2m_mar,Tapalque,70.9504435483871,6.50658698359489
rh2m_mar,Tercero Arriba,71.48540796963947,6.335515984642079
rh2m_mar,Toay,62.470201612903224,9.20955746098053
rh2m_mar,Tordillo,59.02677419354839,6.9301758964152524
rh2m_mar,Tornquist,61.59062618595825,6.325493345255034
rh2m_mar,Totoral,72.00814271749755,7.064791488700364
rh2m_mar,Trancas,79.58221357063404,4.583767203497524
rh2m_mar,Trenel,66.21153225806452,9.49683232468653
rh2m_mar,Trenque Lauquen,66.32759447004608,7.740864474599751
rh2m_mar,Tres Arroyos,69.33766909469303,4.388600878079557
rh2m_mar,Tres Lomas,61.39040673211781,7.594968732923501
rh2m_mar,Tulumba,71.71615668202766,6.958705298793875
rh2m_mar,Union,73.5393450635386,5.183412343642467
rh2m_mar,Uruguay,69.27414611005692,6.565238983612379
rh2m_mar,Utracan,67.27353889943073,8.41642505230993
rh2m_mar,Vera,71.08345063538611,8.109625952359355
rh2m_mar,Victoria,70.33391984359726,6.806164551698301
rh2m_mar,Villa Constitucion,70.95659392789373,7.025720708832496
rh2m_mar,Villaguay,70.9661669829222,7.671848226220307
rh2m_mar,Villarino,73.49725806451613,3.9808630111366687
rh2m_mar,Zarate,72.33328629032258,6.000389745678775
allsky_sfc_sw_dwn_sep,12 De Octubre,16.754875000000002,1.9645168982142087
allsky_sfc_sw_dwn_sep,1° De Mayo,18.083153846153845,1.8224416935791736
allsky_sfc_sw_dwn_sep,2 De Abril,16.448920634920633,2.0445634494781024
allsky_sfc_sw_dwn_sep,25 De Mayo,16.101694835680753,1.003664813814423
allsky_sfc_sw_dwn_sep,9 De Julio,16.104135265700485,0.9906131231810323
allsky_sfc_sw_dwn_sep,Adolfo Alsina,16.129416666666668,1.1401170002212704
allsky_sfc_sw_dwn_sep,Adolfo Gonzales Chaves,15.53778494623656,1.1161982418787617
allsky_sfc_sw_dwn_sep,Aguirre,17.986310344827583,1.6487429553408222
allsky_sfc_sw_dwn_sep,Alberdi,18.85288,1.419040693436812
allsky_sfc_sw_dwn_sep,Alberti,16.376944444444444,1.0936886200255698
allsky_sfc_sw_dwn_sep,Almirante Brown,17.559145833333332,1.8058834788925107
allsky_sfc_sw_dwn_sep,Anta,18.847077777777777,1.5968421823799126
allsky_sfc_sw_dwn_sep,Apostoles,15.153880952380954,1.5004967496102175
allsky_sfc_sw_dwn_sep,Arrecifes,16.39106451612903,1.143274298506203
allsky_sfc_sw_dwn_sep,Atreuco,16.200688888888887,1.065017118684332
allsky_sfc_sw_dwn_sep,Avellaneda,18.43,1.4529658748000014
allsky_sfc_sw_dwn_sep,Ayacucho,15.43220138888889,1.1982819596914682
allsky_sfc_sw_dwn_sep,Azul,15.769838709677419,1.059698569548654
allsky_sfc_sw_dwn_sep,Balcarce,15.410124999999999,1.2015905073326059
allsky_sfc_sw_dwn_sep,Banda,18.601555555555553,1.3955332666148332
allsky_sfc_sw_dwn_sep,Baradero,16.636788888888887,1.2476008132188425
allsky_sfc_sw_dwn_sep,Belgrano,17.364780626780625,1.2480757090044194
allsky_sfc_sw_dwn_sep,Bella Vista,16.251722222222224,1.9359733366098861
allsky_sfc_sw_dwn_sep,Benito Juarez,15.55508888888889,0.9954545735081348
allsky_sfc_sw_dwn_sep,Bermejo,16.2090987654321,1.8479241016872714
allsky_sfc_sw_dwn_sep,Beron De Astrada,15.51852380952381,1.7266663732020622
allsky_sfc_sw_dwn_sep,Bolivar,16.259236559139786,1.1707114145887998
allsky_sfc_sw_dwn_sep,Bragado,16.047043010752688,1.0102688008348393
allsky_sfc_sw_dwn_sep,Brandsen,15.714092592592591,1.2298035913410064
allsky_sfc_sw_dwn_sep,Burruyacu,18.64526923076923,1.2183794191711506
allsky_sfc_sw_dwn_sep,Cachi,25.228235294117646,0.6527762800010621
allsky_sfc_sw_dwn_sep,Cainguas,15.143583333333334,1.4280095117462832
allsky_sfc_sw_dwn_sep,Calamuchita,18.631214285714286,1.3223262150648076
allsky_sfc_sw_dwn_sep,Campana,16.205075268817204,1.2047168000073014
allsky_sfc_sw_dwn_sep,Candelaria,15.354411111111112,1.5921551063357195
allsky_sfc_sw_dwn_sep,Canuelas,15.766183908045978,1.1219823180927375
allsky_sfc_sw_dwn_sep,Capayan,22.104824561403507,0.9725488427127914
allsky_sfc_sw_dwn_sep,Capital,16.531087227414332,1.1058260257111507
allsky_sfc_sw_dwn_sep,Capitan Sarmiento,16.80377419354839,1.1738515061211705
allsky_sfc_sw_dwn_sep,Carlos Casares,16.427635416666668,1.0793297646814977
allsky_sfc_sw_dwn_sep,Carlos Tejedor,16.39104301075269,1.0669126964246498
allsky_sfc_sw_dwn_sep,Carmen De Areco,16.806988505747128,1.2149827044387864
allsky_sfc_sw_dwn_sep,Caseros,17.056241379310343,1.2343479510487907
allsky_sfc_sw_dwn_sep,Castellanos,17.849666666666668,1.2758706470665346
allsky_sfc_sw_dwn_sep,Castelli,15.470354166666667,1.0438132907430804
allsky_sfc_sw_dwn_sep,Catrilo,16.307395833333334,1.095212607426499
allsky_sfc_sw_dwn_sep,Cerrillos,22.014722222222225,0.9064148952463184
allsky_sfc_sw_dwn_sep,Chacabuco,16.44259669211196,1.1610357264304012
allsky_sfc_sw_dwn_sep,Chapaleufu,16.720828282828283,1.1145228149340056
allsky_sfc_sw_dwn_sep,Chascomus,15.685258064516129,1.0144846227032298
allsky_sfc_sw_dwn_sep,Chicoana,21.667705128205128,1.0490373251570453
allsky_sfc_sw_dwn_sep,Chivilcoy,16.405244444444445,1.160042927377636
allsky_sfc_sw_dwn_sep,Choya,18.675466666666665,1.2633190962258463
allsky_sfc_sw_dwn_sep,Colon,17.065051378446114,1.194088489267629
allsky_sfc_sw_dwn_sep,Comandante Fernandez,17.212464646464646,1.8679273308852278
allsky_sfc_sw_dwn_sep,Concepcion,15.48775,1.7751678415003675
allsky_sfc_sw_dwn_sep,Concordia,16.27005376344086,1.5917261398935907
allsky_sfc_sw_dwn_sep,Conhelo,16.466373737373736,1.1046765827531453
allsky_sfc_sw_dwn_sep,Copo,18.826375,1.4432259568202108
allsky_sfc_sw_dwn_sep,Coronel Dorrego,15.612666666666666,0.9428803506042293
allsky_sfc_sw_dwn_sep,Coronel Pringles,15.993479166666667,1.0588269939277961
allsky_sfc_sw_dwn_sep,Coronel Suarez,15.842430107526882,0.9337183975257939
allsky_sfc_sw_dwn_sep,Cruz Alta,20.672159999999998,0.8209771623566103
allsky_sfc_sw_dwn_sep,Curuzu Cuatia,16.21961403508772,1.8540138048121557
allsky_sfc_sw_dwn_sep,Daireaux,16.114,0.9767350337552547
allsky_sfc_sw_dwn_sep,Diamante,17.0632688172043,1.2757813246365997
allsky_sfc_sw_dwn_sep,Dolores,15.364144444444443,0.9883078990479442
allsky_sfc_sw_dwn_sep,Dr. Manuel Belgrano,22.035857142857143,0.9814037427833692
allsky_sfc_sw_dwn_sep,El Alto,19.91937931034483,1.270884368137282
allsky_sfc_sw_dwn_sep,El Carmen,22.00349494949495,0.8956591850931642
allsky_sfc_sw_dwn_sep,Eldorado,15.756827160493826,1.6908420331134837
allsky_sfc_sw_dwn_sep,Empedrado,16.211750000000002,1.6166504244979
allsky_sfc_sw_dwn_sep,Esquina,17.404174603174603,1.4092735150465427
allsky_sfc_sw_dwn_sep,Exaltacion De La Cruz,15.900896551724138,1.1533017305863187
allsky_sfc_sw_dwn_sep,Federacion,16.22332258064516,1.6142603224912067
allsky_sfc_sw_dwn_sep,Federal,16.505333333333333,1.678988913117168
allsky_sfc_sw_dwn_sep,Feliciano,17.428433333333334,1.2992823428775633
allsky_sfc_sw_dwn_sep,Figueroa,17.583450980392158,1.4973748136376335
allsky_sfc_sw_dwn_sep,Florentino Ameghino,16.556190476190476,1.2519127080477412
allsky_sfc_sw_dwn_sep,Formosa,15.41361403508772,1.5829122920226866
allsky_sfc_sw_dwn_sep,Fray Justo Santa Maria De Oro,17.88866666666667,1.9296140469975773
allsky_sfc_sw_dwn_sep,Garay,17.052615384615386,1.2675657885790659
allsky_sfc_sw_dwn_sep,General Alvarado,16.216791666666666,1.1911050191593802
allsky_sfc_sw_dwn_sep,General Alvear,15.848177777777778,1.027395717161796
allsky_sfc_sw_dwn_sep,General Arenales,16.67653333333333,1.1445293151582918
allsky_sfc_sw_dwn_sep,General Belgrano,15.790991935483872,1.1275903018487352
allsky_sfc_sw_dwn_sep,General Donovan,17.397613333333332,1.8051304038253901
allsky_sfc_sw_dwn_sep,General Guemes,18.69510606060606,1.5300846884357622
allsky_sfc_sw_dwn_sep,General Guido,15.547935897435897,1.1889179656560962
allsky_sfc_sw_dwn_sep,General Jose De San Martin,21.551583333333333,0.9912936517211499
allsky_sfc_sw_dwn_sep,General Juan Madariaga,15.561967741935483,1.1298249859711595
allsky_sfc_sw_dwn_sep,General La Madrid,15.893822916666666,0.9634446339110553
allsky_sfc_sw_dwn_sep,General Las Heras,16.176753623188407,1.1155888249880852
allsky_sfc_sw_dwn_sep,General Lavalle,14.92351388888889,0.9598115353409704
allsky_sfc_sw_dwn_sep,General Lopez,16.707451612903228,1.1165240524134195
allsky_sfc_sw_dwn_sep,General Manuel Belgrano,16.029535714285714,1.742025204608723
allsky_sfc_sw_dwn_sep,General Obligado,16.664290322580644,1.721238018580501
allsky_sfc_sw_dwn_sep,General Paz,15.934888888888887,1.0838201867390629
allsky_sfc_sw_dwn_sep,General Pedernera,18.219650793650793,0.9928848119169967
allsky_sfc_sw_dwn_sep,General Pinto,16.699944444444444,1.0424583091467345
allsky_sfc_sw_dwn_sep,General Pueyrredon,15.057291666666666,1.2185110243602455
allsky_sfc_sw_dwn_sep,General Roca,17.280569892473117,1.2568576960421414
allsky_sfc_sw_dwn_sep,General Rodriguez,16.276173333333332,1.2062111483668365
allsky_sfc_sw_dwn_sep,General San Martin,17.518666666666665,1.2929232849205154
allsky_sfc_sw_dwn_sep,General Taboada,18.921493827160493,1.3665991364503172
allsky_sfc_sw_dwn_sep,General Viamonte,16.289927083333332,1.1646864384408333
allsky_sfc_sw_dwn_sep,General Villegas,16.544642857142858,1.0739194317611394
allsky_sfc_sw_dwn_sep,Gobernador Dupuy,17.004560606060604,1.1486948443160814
allsky_sfc_sw_dwn_sep,Goya,16.48717543859649,1.8096012669340023
allsky_sfc_sw_dwn_sep,Graneros,19.03658666666667,1.041998930475032
allsky_sfc_sw_dwn_sep,Gualeguay,16.736422222222224,1.3170380414226004
allsky_sfc_sw_dwn_sep,Gualeguaychu,16.694977777777776,1.2098365740411439
allsky_sfc_sw_dwn_sep,Guamini,16.076860215053763,1.009351132876201
allsky_sfc_sw_dwn_sep,Guarani,15.287966666666668,1.536287851554925
allsky_sfc_sw_dwn_sep,Guasayan,18.51132,1.2935680610306206
allsky_sfc_sw_dwn_sep,Guatrache,15.92680459770115,0.9547109448582196
allsky_sfc_sw_dwn_sep,Hipolito Yrigoyen,15.888875,1.0189694869878037
allsky_sfc_sw_dwn_sep,Hucal,16.097333333333335,1.1557010658919127
allsky_sfc_sw_dwn_sep,Iguazu,16.342428571428574,1.681412354241832
allsky_sfc_sw_dwn_sep,Independencia,16.053727272727272,1.9396193613813653
allsky_sfc_sw_dwn_sep,Iriondo,17.237655913978497,1.2992448903365796
allsky_sfc_sw_dwn_sep,Ischilin,18.685722222222225,1.2694598002877509
allsky_sfc_sw_dwn_sep,Itati,15.985000000000001,1.8507202630498993
allsky_sfc_sw_dwn_sep,Ituzaingo,15.534216666666666,1.3814151963609063
allsky_sfc_sw_dwn_sep,Jimenez,18.759888888888888,1.350939800511287
allsky_sfc_sw_dwn_sep,Juan F. Ibarra,18.805026666666667,1.4168653420164568
allsky_sfc_sw_dwn_sep,Juan Martin De Pueyrredon,18.475031746031746,0.9170262561657411
allsky_sfc_sw_dwn_sep,Juarez Celman,17.298416666666665,1.2954244124750054
allsky_sfc_sw_dwn_sep,Junin,16.43741414141414,1.1192018222943563
allsky_sfc_sw_dwn_sep,La Caldera,22.05636363636364,0.9519194916665589
allsky_sfc_sw_dwn_sep,La Candelaria,20.871388888888887,1.124806398269837
allsky_sfc_sw_dwn_sep,La Capital,16.776064516129033,1.2531049833923056
allsky_sfc_sw_dwn_sep,La Cocha,19.253823529411765,1.0335607754912077
allsky_sfc_sw_dwn_sep,La Paz,17.24206666666667,1.4585272748544178
allsky_sfc_sw_dwn_sep,La Plata,15.444333333333335,1.5837967567420597
allsky_sfc_sw_dwn_sep,La Vina,21.629680555555556,1.0428906662865944
allsky_sfc_sw_dwn_sep,Laishi,15.493791666666667,1.657045706135537
allsky_sfc_sw_dwn_sep,Laprida,15.597655555555555,0.996824154256056
allsky_sfc_sw_dwn_sep,Las Colonias,17.849666666666668,1.2758706470665346
allsky_sfc_sw_dwn_sep,Las Flores,15.707908045977012,1.0673661356034068
allsky_sfc_sw_dwn_sep,Lavalle,16.284066666666668,1.7276012460915502
allsky_sfc_sw_dwn_sep,Leales,19.03658666666667,1.041998930475032
allsky_sfc_sw_dwn_sep,Leandro N. Alem,16.69006818181818,1.13584127370321
allsky_sfc_sw_dwn_sep,Ledesma,18.638573333333333,1.566261178376355
allsky_sfc_sw_dwn_sep,Libertad,18.07590666666667,1.8503845534254646
allsky_sfc_sw_dwn_sep,Libertador General San Martin,16.536411851851852,1.9377162051047545
allsky_sfc_sw_dwn_sep,Lincoln,16.719255555555556,1.0684149992396481
allsky_sfc_sw_dwn_sep,Loberia,15.322677419354838,1.0078570426399993
allsky_sfc_sw_dwn_sep,Lobos,15.963118279569892,1.1676495242449831
allsky_sfc_sw_dwn_sep,Loreto,18.786016666666665,1.4299586117390086
allsky_sfc_sw_dwn_sep,Lujan,16.83387777777778,1.226225428148743
allsky_sfc_sw_dwn_sep,Magdalena,15.54737037037037,1.1878982257020168
allsky_sfc_sw_dwn_sep,Maipu,17.26412,1.8648719763490582
allsky_sfc_sw_dwn_sep,Mar Chiquita,15.239989583333333,1.0962671935913366
allsky_sfc_sw_dwn_sep,Maraco,16.249484848484848,1.1155489994060128
allsky_sfc_sw_dwn_sep,Marcos Juarez,17.12089247311828,1.2281881306822933
allsky_sfc_sw_dwn_sep,Marcos Paz,16.336202898550724,1.229479198024536
allsky_sfc_sw_dwn_sep,Mayor Luis J. Fontana,,
allsky_sfc_sw_dwn_sep,Mburucuya,15.863716666666667,1.7922095065859558
allsky_sfc_sw_dwn_sep,Mercedes,16.660949494949495,1.1411489201534686
allsky_sfc_sw_dwn_sep,Metan,19.048871794871793,1.460108808964967
allsky_sfc_sw_dwn_sep,Mitre,18.49533333333333,1.4172067567765096
allsky_sfc_sw_dwn_sep,Monte,15.87940625,1.1748360756069296
allsky_sfc_sw_dwn_sep,Monte Caseros,16.305140350877192,1.3985935674317964
allsky_sfc_sw_dwn_sep,Montecarlo,15.913466666666666,1.6806329164930696
allsky_sfc_sw_dwn_sep,Moreno,17.9362,1.6359243736560194
allsky_sfc_sw_dwn_sep,Navarro,15.996177777777778,1.2235018635936412
allsky_sfc_sw_dwn_sep,Necochea,15.241390804597701,1.240764220048957
allsky_sfc_sw_dwn_sep,Nogoya,17.137698924731186,1.2469200584873381
allsky_sfc_sw_dwn_sep,O'Higgins,16.06803125,1.9688860692865504
allsky_sfc_sw_dwn_sep,Obera,15.215259259259259,1.4928311665214826
allsky_sfc_sw_dwn_sep,Olavarria,15.993333333333334,0.9201137943950272
allsky_sfc_sw_dwn_sep,Oran,18.44426436781609,1.4698449663936064
allsky_sfc_sw_dwn_sep,Palpala,22.201175438596493,0.9374969983057868
allsky_sfc_sw_dwn_sep,Parana,17.371455555555556,1.285214425162678
allsky_sfc_sw_dwn_sep,Paso De Los Libres,15.715424242424241,1.5861988742546973
allsky_sfc_sw_dwn_sep,Patagones,16.295958333333335,1.1877350275936742
allsky_sfc_sw_dwn_sep,Patino,16.005843137254903,1.656295196941585
allsky_sfc_sw_dwn_sep,Pehuajo,16.427635416666668,1.0793297646814977
allsky_sfc_sw_dwn_sep,Pellegrini,18.70140303030303,1.421235378898704
allsky_sfc_sw_dwn_sep,Pergamino,16.750822222222222,1.2669054908953516
allsky_sfc_sw_dwn_sep,Pila,15.369518518518518,0.9906185511891614
allsky_sfc_sw_dwn_sep,Pilagas,15.513803921568627,1.4242279587884699
allsky_sfc_sw_dwn_sep,Pilar,16.229511904761903,1.1696448494851344
allsky_sfc_sw_dwn_sep,Pilcomayo,15.43312962962963,1.4234662937341511
allsky_sfc_sw_dwn_sep,Pirane,16.01762962962963,1.6076202803733934
allsky_sfc_sw_dwn_sep,Pocho,18.308095238095238,1.3808563897793977
allsky_sfc_sw_dwn_sep,Presidencia De La Plaza,16.58251724137931,1.9548308792724747
allsky_sfc_sw_dwn_sep,Presidente Roque Saenz Pena,17.719632183908047,1.3435740075812113
allsky_sfc_sw_dwn_sep,Puan,16.292182795698924,1.1989685716657852
allsky_sfc_sw_dwn_sep,Quemu Quemu,16.35088888888889,1.1065400519520625
allsky_sfc_sw_dwn_sep,Quitilipi,17.2991724137931,1.8721739880240953
allsky_sfc_sw_dwn_sep,Ramallo,16.800989247311826,1.2727535779760741
allsky_sfc_sw_dwn_sep,Rancul,16.550373737373736,1.0993412224220913
allsky_sfc_sw_dwn_sep,Rauch,15.746364583333333,1.0508899159661726
allsky_sfc_sw_dwn_sep,Realico,16.60355882352941,1.1261006070698205
allsky_sfc_sw_dwn_sep,Rio Cuarto,17.51461111111111,1.2824132814320655
allsky_sfc_sw_dwn_sep,Rio Hondo,18.736954545454545,1.4268919058790022
allsky_sfc_sw_dwn_sep,Rio Primero,18.374364583333332,1.3028441602133287
allsky_sfc_sw_dwn_sep,Rio Seco,18.805988888888887,1.2365379785053434
allsky_sfc_sw_dwn_sep,Rio Segundo,18.004433333333335,1.3624440152299888
allsky_sfc_sw_dwn_sep,Rivadavia,16.263546546546547,1.1892576589534234
allsky_sfc_sw_dwn_sep,Robles,18.520565217391304,1.5118758781918604
allsky_sfc_sw_dwn_sep,Rojas,16.449055555555557,1.2141965259807432
allsky_sfc_sw_dwn_sep,Roque Perez,16.022625,1.1969704192618174
allsky_sfc_sw_dwn_sep,Rosario,16.811559523809525,1.2894739159303636
allsky_sfc_sw_dwn_sep,Rosario De La Frontera,19.12178888888889,1.4335476062328334
allsky_sfc_sw_dwn_sep,Rosario De Lerma,22.047098765432096,0.9315529439093143
allsky_sfc_sw_dwn_sep,Saavedra,16.140626262626263,1.014423761433526
allsky_sfc_sw_dwn_sep,Saladas,15.930393939393939,1.510515069020291
allsky_sfc_sw_dwn_sep,Saladillo,16.04117204301075,1.2120731944374628
allsky_sfc_sw_dwn_sep,Salliquelo,16.221979166666667,1.0458095282815327
allsky_sfc_sw_dwn_sep,Salto,16.398044444444444,1.1621468630469693
allsky_sfc_sw_dwn_sep,San Alberto,18.64751282051282,1.2947150256356952
allsky_sfc_sw_dwn_sep,San Andres De Giles,16.917620689655173,1.231864475140104
allsky_sfc_sw_dwn_sep,San Antonio,22.05648148148148,0.9200589554379015
allsky_sfc_sw_dwn_sep,San Antonio De Areco,16.77335632183908,1.2020267076075575
allsky_sfc_sw_dwn_sep,San Cayetano,15.280567901234567,1.241614801239311
allsky_sfc_sw_dwn_sep,San Cosme,15.9555873015873,1.835957793949529
allsky_sfc_sw_dwn_sep,San Cristobal,18.16344827586207,1.2938603132200517
allsky_sfc_sw_dwn_sep,San Fernando,16.118644444444445,1.958231102116799
allsky_sfc_sw_dwn_sep,San Ignacio,15.267178571428571,1.603516427732939
allsky_sfc_sw_dwn_sep,San Javier,15.35823252688172,1.5600520958460746
allsky_sfc_sw_dwn_sep,San Jeronimo,16.80568817204301,1.825451982458822
allsky_sfc_sw_dwn_sep,San Justo,18.661749287749288,1.2704485880044174
allsky_sfc_sw_dwn_sep,San Lorenzo,17.110128415300547,1.292029917070633
allsky_sfc_sw_dwn_sep,San Luis Del Palmar,16.096316666666667,1.8913095573736378
allsky_sfc_sw_dwn_sep,San Martin,17.392305699481867,1.2521427996309291
allsky_sfc_sw_dwn_sep,San Miguel,15.644603174603176,1.7743158168684108
allsky_sfc_sw_dwn_sep,San Nicolas,16.818635416666666,1.2560299244185817
allsky_sfc_sw_dwn_sep,San Pedro,16.613472839506173,1.2520737702010074
allsky_sfc_sw_dwn_sep,San Roque,15.392462962962961,1.7779593764479544
allsky_sfc_sw_dwn_sep,San Salvador,16.838285714285714,1.4778156255768256
allsky_sfc_sw_dwn_sep,San Vicente,16.71462962962963,1.4418506711947292
allsky_sfc_sw_dwn_sep,Santa Barbara,18.610311827956988,1.481287555386976
allsky_sfc_sw_dwn_sep,Santa Maria,18.528483870967744,1.2335285336179709
allsky_sfc_sw_dwn_sep,Santa Rosa,19.980425287356322,1.3018785111941669
allsky_sfc_sw_dwn_sep,Santo Tome,15.19395238095238,1.4641174144086275
allsky_sfc_sw_dwn_sep,Sargento Cabral,16.20267816091954,1.9370610418935938
allsky_sfc_sw_dwn_sep,Sarmiento,18.476529411764705,1.3022507548835491
allsky_sfc_sw_dwn_sep,Sauce,16.266684210526318,1.5423433608911443
allsky_sfc_sw_dwn_sep,Silipica,18.660958333333333,1.2661862122429213
allsky_sfc_sw_dwn_sep,Simoca,19.276955555555556,1.0945372499528707
allsky_sfc_sw_dwn_sep,Sobremonte,18.76295238095238,1.4658063131324857
allsky_sfc_sw_dwn_sep,Suipacha,16.721765432098763,1.1542456256053932
allsky_sfc_sw_dwn_sep,Tafi Del Valle,20.6332,0.7908308784832401
allsky_sfc_sw_dwn_sep,Tala,16.33895698924731,1.5678751904737915
allsky_sfc_sw_dwn_sep,Tandil,15.457364583333334,1.0796263536557746
allsky_sfc_sw_dwn_sep,Tapalque,15.916436781609194,0.8772319791625609
allsky_sfc_sw_dwn_sep,Tercero Arriba,18.18913978494624,1.2352127025535249
allsky_sfc_sw_dwn_sep,Toay,16.271632183908046,1.0316840114890438
allsky_sfc_sw_dwn_sep,Tordillo,15.685863636363637,0.8309051968353229
allsky_sfc_sw_dwn_sep,Tornquist,15.807752688172043,0.9199568225284308
allsky_sfc_sw_dwn_sep,Totoral,18.63588888888889,1.3056797361663794
allsky_sfc_sw_dwn_sep,Trancas,20.761576923076923,0.9246206792587011
allsky_sfc_sw_dwn_sep,Trenel,16.591040404040402,1.1411556026360337
allsky_sfc_sw_dwn_sep,Trenque Lauquen,16.463083333333334,1.1259028014351713
allsky_sfc_sw_dwn_sep,Tres Arroyos,15.512095238095238,1.183872504039225
allsky_sfc_sw_dwn_sep,Tres Lomas,16.162159420289857,1.0630800490093248
allsky_sfc_sw_dwn_sep,Tulumba,18.621260416666665,1.264339536693249
allsky_sfc_sw_dwn_sep,Union,17.072177777777778,1.218342280997171
allsky_sfc_sw_dwn_sep,Uruguay,17.39152688172043,1.2685446451922293
allsky_sfc_sw_dwn_sep,Utracan,16.63703225806452,1.0971916587186425
allsky_sfc_sw_dwn_sep,Vera,17.695533333333334,1.4714517724933924
allsky_sfc_sw_dwn_sep,Victoria,17.063933333333335,1.2975856755685202
allsky_sfc_sw_dwn_sep,Villa Constitucion,16.818516129032258,1.2631425093018038
allsky_sfc_sw_dwn_sep,Villaguay,17.119344086021506,1.3322342149878263
allsky_sfc_sw_dwn_sep,Villarino,16.32559139784946,1.1217197996650385
allsky_sfc_sw_dwn_sep,Zarate,16.77335632183908,1.2020267076075575
allsky_sfc_sw_dwn_oct,12 De Octubre,19.918477822580645,1.8326231924930136
allsky_sfc_sw_dwn_oct,1° De Mayo,21.15710918114144,1.9430374335308462
allsky_sfc_sw_dwn_oct,2 De Abril,19.816082949308754,2.2210148922905546
allsky_sfc_sw_dwn_oct,25 De Mayo,19.94650613357565,1.6678730958977335
allsky_sfc_sw_dwn_oct,9 De Julio,19.875030388031792,1.647100127447213
allsky_sfc_sw_dwn_oct,Adolfo Alsina,20.05725806451613,1.7250495933430834
allsky_sfc_sw_dwn_oct,Adolfo Gonzales Chaves,19.742955254942768,1.3904558454625175
allsky_sfc_sw_dwn_oct,Aguirre,20.517441601779755,1.6522181754070768
allsky_sfc_sw_dwn_oct,Alberdi,21.540374193548388,1.6621889694943557
allsky_sfc_sw_dwn_oct,Alberti,20.077225806451615,1.7452028570649265
allsky_sfc_sw_dwn_oct,Almirante Brown,20.257550403225807,1.6426154566156819
allsky_sfc_sw_dwn_oct,Anta,20.536516129032258,1.4473889463174194
allsky_sfc_sw_dwn_oct,Apostoles,18.533629032258066,2.1666062259773344
allsky_sfc_sw_dwn_oct,Arrecifes,19.8338813735692,1.6869642693167028
allsky_sfc_sw_dwn_oct,Atreuco,20.639365591397848,1.533261437144969
allsky_sfc_sw_dwn_oct,Avellaneda,21.533573200992556,1.562886477830849
allsky_sfc_sw_dwn_oct,Ayacucho,19.6262063172043,1.6184543433010739
allsky_sfc_sw_dwn_oct,Azul,19.891519250780437,1.561679763909854
allsky_sfc_sw_dwn_oct,Balcarce,19.562006048387097,1.739288052037565
allsky_sfc_sw_dwn_oct,Banda,20.9629435483871,1.8905371291456512
allsky_sfc_sw_dwn_oct,Baradero,20.166483870967742,1.8846810476398979
allsky_sfc_sw_dwn_oct,Belgrano,20.835679625034462,1.5544751021569705
allsky_sfc_sw_dwn_oct,Bella Vista,19.857446236559138,1.8167437344958675
allsky_sfc_sw_dwn_oct,Benito Juarez,19.702516129032258,1.7140021076675502
allsky_sfc_sw_dwn_oct,Bermejo,19.587885304659498,2.142897287222483
allsky_sfc_sw_dwn_oct,Beron De Astrada,19.26258064516129,1.8754729407007522
allsky_sfc_sw_dwn_oct,Bolivar,20.015941727367327,1.7282543161923092
allsky_sfc_sw_dwn_oct,Bragado,19.76993756503642,1.6527120931087713
allsky_sfc_sw_dwn_oct,Brandsen,20.02772401433692,1.523652384165369
allsky_sfc_sw_dwn_oct,Burruyacu,20.710620347394542,1.8256071723530056
allsky_sfc_sw_dwn_oct,Cachi,29.412808349146108,0.7335286224241893
allsky_sfc_sw_dwn_oct,Cainguas,18.47820276497696,2.126937975468521
allsky_sfc_sw_dwn_oct,Calamuchita,21.45278801843318,1.8226972255549394
allsky_sfc_sw_dwn_oct,Campana,20.03932362122789,1.7322221084248928
allsky_sfc_sw_dwn_oct,Candelaria,18.892752688172042,2.2336833647158705
allsky_sfc_sw_dwn_oct,Canuelas,19.64457174638487,1.6705651995179316
allsky_sfc_sw_dwn_oct,Capayan,26.03295415959253,1.2886185130353085
allsky_sfc_sw_dwn_oct,Capital,20.734319415134156,1.7094101934820551
allsky_sfc_sw_dwn_oct,Capitan Sarmiento,20.437939646201876,1.7382679584884475
allsky_sfc_sw_dwn_oct,Carlos Casares,20.230483870967742,1.5363550135092998
allsky_sfc_sw_dwn_oct,Carlos Tejedor,20.152497398543186,1.6709594137039558
allsky_sfc_sw_dwn_oct,Carmen De Areco,20.386807563959955,1.7578594209730996
allsky_sfc_sw_dwn_oct,Caseros,20.34988876529477,1.726163663612779
allsky_sfc_sw_dwn_oct,Castellanos,20.84147311827957,1.671006614970661
allsky_sfc_sw_dwn_oct,Castelli,19.53404233870968,1.693651417478181
allsky_sfc_sw_dwn_oct,Catrilo,20.480090725806452,1.5376679223040446
allsky_sfc_sw_dwn_oct,Cerrillos,23.51863440860215,1.152524214452292
allsky_sfc_sw_dwn_oct,Chacabuco,20.039883033735535,1.6629645733364133
allsky_sfc_sw_dwn_oct,Chapaleufu,20.575298142717497,1.7073107897718494
allsky_sfc_sw_dwn_oct,Chascomus,19.70296566077003,1.6328223394982648
allsky_sfc_sw_dwn_oct,Chicoana,23.319789081885858,1.213903917813986
allsky_sfc_sw_dwn_oct,Chivilcoy,19.85884946236559,1.7099675970156691
allsky_sfc_sw_dwn_oct,Choya,21.38036129032258,1.7776352354116134
allsky_sfc_sw_dwn_oct,Colon,20.470812515158865,1.6473240619436165
allsky_sfc_sw_dwn_oct,Comandante Fernandez,20.276471163245358,1.8863818244149437
allsky_sfc_sw_dwn_oct,Concepcion,19.030040322580646,2.098353941788656
allsky_sfc_sw_dwn_oct,Concordia,19.779958376690946,2.0535558591406073
allsky_sfc_sw_dwn_oct,Conhelo,20.66497556207234,1.6672513356798107
allsky_sfc_sw_dwn_oct,Copo,21.591182795698927,1.6779908231069223
allsky_sfc_sw_dwn_oct,Coronel Dorrego,20.026919875130073,1.3763827099050723
allsky_sfc_sw_dwn_oct,Coronel Pringles,20.27934139784946,1.5593220801066103
allsky_sfc_sw_dwn_oct,Coronel Suarez,20.105972944849114,1.5078182764201657
allsky_sfc_sw_dwn_oct,Cruz Alta,22.585574193548386,1.2945121115719975
allsky_sfc_sw_dwn_oct,Curuzu Cuatia,19.99271646859083,1.9810334613939076
allsky_sfc_sw_dwn_oct,Daireaux,20.219435483870967,1.5473507913478042
allsky_sfc_sw_dwn_oct,Diamante,20.365619146722164,1.783759581142406
allsky_sfc_sw_dwn_oct,Dolores,19.46909677419355,1.730835489473657
allsky_sfc_sw_dwn_oct,Dr. Manuel Belgrano,23.75531490015361,1.0722304624521155
allsky_sfc_sw_dwn_oct,El Alto,22.469866518353726,1.7239644041611297
allsky_sfc_sw_dwn_oct,El Carmen,23.447321603128053,1.1321167844631428
allsky_sfc_sw_dwn_oct,Eldorado,18.68720430107527,2.016916158009928
allsky_sfc_sw_dwn_oct,Empedrado,19.423129032258064,2.0343209679782075
allsky_sfc_sw_dwn_oct,Esquina,21.06373271889401,1.9471400157969847
allsky_sfc_sw_dwn_oct,Exaltacion De La Cruz,19.878709677419355,1.698963510660097
allsky_sfc_sw_dwn_oct,Federacion,19.638387096774192,2.0455791727344796
allsky_sfc_sw_dwn_oct,Federal,19.854380853277835,2.0769193376982287
allsky_sfc_sw_dwn_oct,Feliciano,20.586956989247312,1.6846738433513995
allsky_sfc_sw_dwn_oct,Figueroa,20.680398481973434,1.9208024715930272
allsky_sfc_sw_dwn_oct,Florentino Ameghino,20.264039938556067,1.8288913742721495
allsky_sfc_sw_dwn_oct,Formosa,19.001986417657047,1.9441511350284877
allsky_sfc_sw_dwn_oct,Fray Justo Santa Maria De Oro,20.939916753381894,1.8916510872932852
allsky_sfc_sw_dwn_oct,Garay,20.496612903225806,1.7338636596995274
allsky_sfc_sw_dwn_oct,General Alvarado,19.993336693548386,1.671123773062486
allsky_sfc_sw_dwn_oct,General Alvear,19.994075268817205,1.6317319725396078
allsky_sfc_sw_dwn_oct,General Arenales,20.224612903225808,1.8007905380057787
allsky_sfc_sw_dwn_oct,General Belgrano,19.809765868886576,1.6492816230302707
allsky_sfc_sw_dwn_oct,General Donovan,20.64789677419355,1.9132426060254168
allsky_sfc_sw_dwn_oct,General Guemes,20.408246334310853,1.5779281741559126
allsky_sfc_sw_dwn_oct,General Guido,19.316091811414392,1.7054580834232238
allsky_sfc_sw_dwn_oct,General Jose De San Martin,23.12710685483871,1.2891879675536482
allsky_sfc_sw_dwn_oct,General Juan Madariaga,19.511155046826225,1.7060077187035403
allsky_sfc_sw_dwn_oct,General La Madrid,20.17734879032258,1.5372706633859134
allsky_sfc_sw_dwn_oct,General Las Heras,20.264081346423563,1.5222102400258688
allsky_sfc_sw_dwn_oct,General Lavalle,19.123629032258066,1.5396456095168727
allsky_sfc_sw_dwn_oct,General Lopez,20.235556711758584,1.771366215839808
allsky_sfc_sw_dwn_oct,General Manuel Belgrano,18.857476958525346,1.8824877903946329
allsky_sfc_sw_dwn_oct,General Obligado,19.895359001040582,1.9039708577720842
allsky_sfc_sw_dwn_oct,General Paz,20.240416666666665,1.6610695101550674
allsky_sfc_sw_dwn_oct,General Pedernera,21.756021505376346,2.0131753650129025
allsky_sfc_sw_dwn_oct,General Pinto,20.200311827956988,1.7657661544472878
allsky_sfc_sw_dwn_oct,General Pueyrredon,19.45008064516129,1.5101166614672457
allsky_sfc_sw_dwn_oct,General Roca,20.698751300728407,1.6440758631906307
allsky_sfc_sw_dwn_oct,General Rodriguez,20.26482580645161,1.4606249092644044
allsky_sfc_sw_dwn_oct,General San Martin,20.696870967741933,1.568354630065945
allsky_sfc_sw_dwn_oct,General Taboada,21.289904420549583,1.7487937886323257
allsky_sfc_sw_dwn_oct,General Viamonte,20.033377016129034,1.7030091661808033
allsky_sfc_sw_dwn_oct,General Villegas,20.568214285714284,1.8213994850630921
allsky_sfc_sw_dwn_oct,Gobernador Dupuy,21.219516129032257,1.9866501751162635
allsky_sfc_sw_dwn_oct,Goya,19.967317487266552,2.140204881397595
allsky_sfc_sw_dwn_oct,Graneros,21.051096774193546,1.8825677339685645
allsky_sfc_sw_dwn_oct,Gualeguay,20.18068817204301,1.8927079915008167
allsky_sfc_sw_dwn_oct,Gualeguaychu,20.23863440860215,1.8904523804144373
allsky_sfc_sw_dwn_oct,Guamini,20.37095733610822,1.3626713539064885
allsky_sfc_sw_dwn_oct,Guarani,18.58347311827957,2.1671686147324634
allsky_sfc_sw_dwn_oct,Guasayan,21.137045161290324,2.041166663515832
allsky_sfc_sw_dwn_oct,Guatrache,20.626140155728585,1.5338529014785456
allsky_sfc_sw_dwn_oct,Hipolito Yrigoyen,19.97735887096774,1.5934464181809531
allsky_sfc_sw_dwn_oct,Hucal,20.613380645161293,1.6363236829193333
allsky_sfc_sw_dwn_oct,Iguazu,18.886774193548387,1.9316627234516635
allsky_sfc_sw_dwn_oct,Independencia,19.39939393939394,1.9886227085043666
allsky_sfc_sw_dwn_oct,Iriondo,20.62053069719043,1.6394483128073567
allsky_sfc_sw_dwn_oct,Ischilin,21.652559139784948,1.8814702767990412
allsky_sfc_sw_dwn_oct,Itati,19.418958944281524,2.0240783498087214
allsky_sfc_sw_dwn_oct,Ituzaingo,18.816709677419354,2.248773333643606
allsky_sfc_sw_dwn_oct,Jimenez,20.94073924731183,1.8192068625705653
allsky_sfc_sw_dwn_oct,Juan F. Ibarra,21.61476129032258,1.6468858352097033
allsky_sfc_sw_dwn_oct,Juan Martin De Pueyrredon,22.49678955453149,1.8758543290597318
allsky_sfc_sw_dwn_oct,Juarez Celman,20.471543778801845,1.767611240049841
allsky_sfc_sw_dwn_oct,Junin,20.09291951775823,1.6288741893821608
allsky_sfc_sw_dwn_oct,La Caldera,23.57161290322581,1.1140260681738257
allsky_sfc_sw_dwn_oct,La Candelaria,22.54337634408602,1.2938894935077305
allsky_sfc_sw_dwn_oct,La Capital,20.137513007284078,1.6937110975467928
allsky_sfc_sw_dwn_oct,La Cocha,21.539829222011385,1.8897538851891522
allsky_sfc_sw_dwn_oct,La Paz,20.396236559139783,1.9901538416821603
allsky_sfc_sw_dwn_oct,La Plata,19.982144212523718,1.7689564896260515
allsky_sfc_sw_dwn_oct,La Vina,23.257661290322577,1.2440936722310163
allsky_sfc_sw_dwn_oct,Laishi,18.82945564516129,2.0451825978970413
allsky_sfc_sw_dwn_oct,Laprida,19.78495698924731,1.5455740331869152
allsky_sfc_sw_dwn_oct,Las Colonias,20.84147311827957,1.671006614970661
allsky_sfc_sw_dwn_oct,Las Flores,19.82397107897664,1.5718655992305328
allsky_sfc_sw_dwn_oct,Lavalle,20.035887096774193,2.0464853995454275
allsky_sfc_sw_dwn_oct,Leales,21.051096774193546,1.8825677339685645
allsky_sfc_sw_dwn_oct,Leandro N. Alem,20.22968963831867,1.7113317315398122
allsky_sfc_sw_dwn_oct,Ledesma,19.699664516129033,1.3743161875458925
allsky_sfc_sw_dwn_oct,Libertad,20.75726451612903,1.5495299381219836
allsky_sfc_sw_dwn_oct,Libertador General San Martin,19.683635842293906,1.8217002084696472
allsky_sfc_sw_dwn_oct,Lincoln,20.28683870967742,1.5498224076125517
allsky_sfc_sw_dwn_oct,Loberia,19.342018730489073,1.5350054621293219
allsky_sfc_sw_dwn_oct,Lobos,19.83665972944849,1.629171493141353
allsky_sfc_sw_dwn_oct,Loreto,21.734241935483873,1.5859657041683421
allsky_sfc_sw_dwn_oct,Lujan,20.38741935483871,1.7398446810435446
allsky_sfc_sw_dwn_oct,Magdalena,19.791756272401432,1.4524339538536482
allsky_sfc_sw_dwn_oct,Maipu,20.333607741935484,1.837908179358921
allsky_sfc_sw_dwn_oct,Mar Chiquita,19.343407258064516,1.5100647886951284
allsky_sfc_sw_dwn_oct,Maraco,20.7233137829912,1.5259944244011436
allsky_sfc_sw_dwn_oct,Marcos Juarez,20.417783558792927,1.6613910455778595
allsky_sfc_sw_dwn_oct,Marcos Paz,20.05287517531557,1.771392937309681
allsky_sfc_sw_dwn_oct,Mayor Luis J. Fontana,,
allsky_sfc_sw_dwn_oct,Mburucuya,19.68701612903226,1.8815223454233243
allsky_sfc_sw_dwn_oct,Mercedes,20.53893450635386,1.844657613696437
allsky_sfc_sw_dwn_oct,Metan,20.737543424317614,1.7090590021578544
allsky_sfc_sw_dwn_oct,Mitre,21.509493087557605,1.5042734701793752
allsky_sfc_sw_dwn_oct,Monte,19.702389112903226,1.5993257803291652
allsky_sfc_sw_dwn_oct,Monte Caseros,20.049728353140917,1.9113738900508235
allsky_sfc_sw_dwn_oct,Montecarlo,18.576309677419353,1.9719119156775538
allsky_sfc_sw_dwn_oct,Moreno,20.56647311827957,1.6393094816678646
allsky_sfc_sw_dwn_oct,Navarro,19.726655913978494,1.5697159063729498
allsky_sfc_sw_dwn_oct,Necochea,19.636629588431592,1.5922215636809178
allsky_sfc_sw_dwn_oct,Nogoya,20.60414151925078,1.9610230206515478
allsky_sfc_sw_dwn_oct,O'Higgins,19.446048387096774,2.002009632819899
allsky_sfc_sw_dwn_oct,Obera,18.533918757467145,2.207878071804329
allsky_sfc_sw_dwn_oct,Olavarria,19.894494623655916,1.5261379701164046
allsky_sfc_sw_dwn_oct,Oran,19.787664071190214,1.5468709734963517
allsky_sfc_sw_dwn_oct,Palpala,23.558081494057728,1.0525909291674602
allsky_sfc_sw_dwn_oct,Parana,20.623064516129034,1.709352796746587
allsky_sfc_sw_dwn_oct,Paso De Los Libres,19.547096774193548,2.5083760495243257
allsky_sfc_sw_dwn_oct,Patagones,20.37258064516129,1.7859743919768272
allsky_sfc_sw_dwn_oct,Patino,19.398880455407973,1.8815363838791883
allsky_sfc_sw_dwn_oct,Pehuajo,20.230483870967742,1.5363550135092998
allsky_sfc_sw_dwn_oct,Pellegrini,21.17200879765396,1.8555663776706475
allsky_sfc_sw_dwn_oct,Pergamino,20.21620430107527,1.709147792298338
allsky_sfc_sw_dwn_oct,Pila,19.585663082437275,1.7699213108714194
allsky_sfc_sw_dwn_oct,Pilagas,19.032846299810245,1.962855388910344
allsky_sfc_sw_dwn_oct,Pilar,19.955541474654378,1.727892982810576
allsky_sfc_sw_dwn_oct,Pilcomayo,18.99091397849462,1.912541675564229
allsky_sfc_sw_dwn_oct,Pirane,19.4976164874552,1.8728085334952504
allsky_sfc_sw_dwn_oct,Pocho,21.248156682027652,1.6709317490049322
allsky_sfc_sw_dwn_oct,Presidencia De La Plaza,19.794671857619576,1.999166290890912
allsky_sfc_sw_dwn_oct,Presidente Roque Saenz Pena,20.89352614015573,1.7765987361265458
allsky_sfc_sw_dwn_oct,Puan,20.056451612903224,1.676123701432664
allsky_sfc_sw_dwn_oct,Quemu Quemu,20.53039100684262,1.540788218669822
allsky_sfc_sw_dwn_oct,Quitilipi,20.42373748609566,1.9396034356069223
allsky_sfc_sw_dwn_oct,Ramallo,20.176389177939647,1.720194477989171
allsky_sfc_sw_dwn_oct,Rancul,20.683607038123167,1.8312228846364786
allsky_sfc_sw_dwn_oct,Rauch,19.953497983870967,1.5757839114060364
allsky_sfc_sw_dwn_oct,Realico,20.68370018975332,1.8032637232862896
allsky_sfc_sw_dwn_oct,Rio Cuarto,20.70431182795699,1.899918388013137
allsky_sfc_sw_dwn_oct,Rio Hondo,21.571099706744867,1.7042015796911185
allsky_sfc_sw_dwn_oct,Rio Primero,21.160917338709677,1.5496779849373863
allsky_sfc_sw_dwn_oct,Rio Seco,22.118892473118276,1.4861849459814929
allsky_sfc_sw_dwn_oct,Rio Segundo,21.10677419354839,1.6006763927855752
allsky_sfc_sw_dwn_oct,Rivadavia,20.248384190642255,1.641470454513964
allsky_sfc_sw_dwn_oct,Robles,21.315021037868163,1.8013594909847737
allsky_sfc_sw_dwn_oct,Rojas,19.816086021505377,1.7161536244303628
allsky_sfc_sw_dwn_oct,Roque Perez,19.819889112903226,1.6054845130666906
allsky_sfc_sw_dwn_oct,Rosario,20.14709677419355,1.7652421759853354
allsky_sfc_sw_dwn_oct,Rosario De La Frontera,20.85916129032258,1.6674138955277082
allsky_sfc_sw_dwn_oct,Rosario De Lerma,23.571517323775385,1.0669141041872674
allsky_sfc_sw_dwn_oct,Saavedra,20.543792766373414,1.516488461234929
allsky_sfc_sw_dwn_oct,Saladas,19.495366568914957,2.483777435493809
allsky_sfc_sw_dwn_oct,Saladillo,19.840853277835585,1.6275648059906953
allsky_sfc_sw_dwn_oct,Salliquelo,20.355201612903226,1.5005551583631487
allsky_sfc_sw_dwn_oct,Salto,19.81093548387097,1.7108759149495243
allsky_sfc_sw_dwn_oct,San Alberto,21.946265508684863,1.737677913209704
allsky_sfc_sw_dwn_oct,San Andres De Giles,20.61177975528365,1.603679783522898
allsky_sfc_sw_dwn_oct,San Antonio,23.590286738351256,1.091930302384917
allsky_sfc_sw_dwn_oct,San Antonio De Areco,20.421134593993326,1.7877838553855716
allsky_sfc_sw_dwn_oct,San Cayetano,19.640035842293905,1.4476832952492542
allsky_sfc_sw_dwn_oct,San Cosme,19.438187403993854,2.0716128767949655
allsky_sfc_sw_dwn_oct,San Cristobal,21.046685205784204,1.7215077042531992
allsky_sfc_sw_dwn_oct,San Fernando,19.509860215053763,2.052137413946877
allsky_sfc_sw_dwn_oct,San Ignacio,18.80705069124424,2.3686132079836213
allsky_sfc_sw_dwn_oct,San Javier,18.764466701352756,2.1996787356124248
allsky_sfc_sw_dwn_oct,San Jeronimo,19.879229968782518,1.8878243256581875
allsky_sfc_sw_dwn_oct,San Justo,21.5839205955335,1.778174138373657
allsky_sfc_sw_dwn_oct,San Lorenzo,20.560290851401376,1.6955606455137293
allsky_sfc_sw_dwn_oct,San Luis Del Palmar,19.202112903225803,2.0848721739623324
allsky_sfc_sw_dwn_oct,San Martin,20.837088417182017,1.5920113886845748
allsky_sfc_sw_dwn_oct,San Miguel,19.083763440860213,2.190746135429527
allsky_sfc_sw_dwn_oct,San Nicolas,20.19211693548387,1.6945591749692277
allsky_sfc_sw_dwn_oct,San Pedro,20.251075268817203,1.7992661093340534
allsky_sfc_sw_dwn_oct,San Roque,19.976953405017923,1.7414334866733598
allsky_sfc_sw_dwn_oct,San Salvador,20.41622119815668,2.2580370130497047
allsky_sfc_sw_dwn_oct,San Vicente,20.76405017921147,1.6014555807177306
allsky_sfc_sw_dwn_oct,Santa Barbara,19.558491155046827,1.5393258800579812
allsky_sfc_sw_dwn_oct,Santa Maria,21.485712799167537,1.8005170591109334
allsky_sfc_sw_dwn_oct,Santa Rosa,22.46131256952169,1.7154421590896218
allsky_sfc_sw_dwn_oct,Santo Tome,18.81036866359447,2.2170058585755994
allsky_sfc_sw_dwn_oct,Sargento Cabral,19.523426028921023,2.087091822966145
allsky_sfc_sw_dwn_oct,Sarmiento,21.58667931688805,1.4190401904019083
allsky_sfc_sw_dwn_oct,Sauce,19.98972835314092,2.1349355712066234
allsky_sfc_sw_dwn_oct,Silipica,22.049092741935485,1.1408238634084735
allsky_sfc_sw_dwn_oct,Simoca,21.361548387096775,1.945692483124726
allsky_sfc_sw_dwn_oct,Sobremonte,21.816728110599076,1.8283982040483586
allsky_sfc_sw_dwn_oct,Suipacha,20.350645161290323,1.8092895799509563
allsky_sfc_sw_dwn_oct,Tafi Del Valle,22.326209677419353,0.9971290673003416
allsky_sfc_sw_dwn_oct,Tala,19.887658688865763,1.9414242726682183
allsky_sfc_sw_dwn_oct,Tandil,19.777560483870968,1.7099216913386863
allsky_sfc_sw_dwn_oct,Tapalque,19.974705228031144,1.6650736628270875
allsky_sfc_sw_dwn_oct,Tercero Arriba,21.169864724245578,1.9649267871969198
allsky_sfc_sw_dwn_oct,Toay,20.498387096774195,1.6889028736445235
allsky_sfc_sw_dwn_oct,Tordillo,20.344193548387096,1.634307356998338
allsky_sfc_sw_dwn_oct,Tornquist,20.474016649323623,1.4831648643480915
allsky_sfc_sw_dwn_oct,Totoral,21.80682795698925,1.7517490059593794
allsky_sfc_sw_dwn_oct,Trancas,22.588114143920595,1.2684237768867128
allsky_sfc_sw_dwn_oct,Trenel,20.60077223851417,1.7641573523236993
allsky_sfc_sw_dwn_oct,Trenque Lauquen,20.172298387096774,1.647599459838796
allsky_sfc_sw_dwn_oct,Tres Arroyos,19.851739631336407,1.3852782036616151
allsky_sfc_sw_dwn_oct,Tres Lomas,20.33789621318373,1.6209065974361403
allsky_sfc_sw_dwn_oct,Tulumba,21.73639112903226,1.720210126401282
allsky_sfc_sw_dwn_oct,Union,20.37794623655914,1.674666048068252
allsky_sfc_sw_dwn_oct,Uruguay,20.61995837669095,1.6807111120363132
allsky_sfc_sw_dwn_oct,Utracan,20.453735691987514,1.6888012356159394
allsky_sfc_sw_dwn_oct,Vera,20.786537634408603,1.981909925311812
allsky_sfc_sw_dwn_oct,Victoria,20.35389247311828,1.8130376345721544
allsky_sfc_sw_dwn_oct,Villa Constitucion,20.221768990634754,1.7589032602597159
allsky_sfc_sw_dwn_oct,Villaguay,20.436514047866805,1.907779681190211
allsky_sfc_sw_dwn_oct,Villarino,20.24251821019771,1.7135171437334882
allsky_sfc_sw_dwn_oct,Zarate,20.421134593993326,1.7877838553855716
allsky_sfc_sw_dwn_nov,12 De Octubre,23.571572916666668,1.752409469249886
allsky_sfc_sw_dwn_nov,1° De Mayo,23.86992307692308,1.5773702173982618
allsky_sfc_sw_dwn_nov,2 De Abril,23.78231746031746,1.8814799596658847
allsky_sfc_sw_dwn_nov,25 De Mayo,24.26245305164319,1.3666511874451874
allsky_sfc_sw_dwn_nov,9 De Julio,24.264834541062804,1.4510723155821843
allsky_sfc_sw_dwn_nov,Adolfo Alsina,24.362114583333334,1.5455766056054292
allsky_sfc_sw_dwn_nov,Adolfo Gonzales Chaves,25.017268817204304,1.4080626943621795
allsky_sfc_sw_dwn_nov,Aguirre,22.968091954022988,1.636124279481587
allsky_sfc_sw_dwn_nov,Alberdi,23.7672,1.960811217233733
allsky_sfc_sw_dwn_nov,Alberti,24.22201111111111,1.510409717024572
allsky_sfc_sw_dwn_nov,Almirante Brown,22.996958333333332,1.4389342724745258
allsky_sfc_sw_dwn_nov,Anta,22.619555555555557,1.7870930918755676
allsky_sfc_sw_dwn_nov,Apostoles,23.02922619047619,2.441958281247756
allsky_sfc_sw_dwn_nov,Arrecifes,24.13064516129032,1.4270981848323303
allsky_sfc_sw_dwn_nov,Atreuco,25.985,1.4169224650737426
allsky_sfc_sw_dwn_nov,Avellaneda,23.78548717948718,2.220006146201805
allsky_sfc_sw_dwn_nov,Ayacucho,24.244274305555553,1.3363220415821266
allsky_sfc_sw_dwn_nov,Azul,24.527,1.4629197922369215
allsky_sfc_sw_dwn_nov,Balcarce,24.169864583333332,1.3469665370893713
allsky_sfc_sw_dwn_nov,Banda,23.157319444444443,1.83450539209214
allsky_sfc_sw_dwn_nov,Baradero,24.386788888888887,1.5092739582654775
allsky_sfc_sw_dwn_nov,Belgrano,24.75174358974359,1.373998554423088
allsky_sfc_sw_dwn_nov,Bella Vista,23.51575,2.0079647427712866
allsky_sfc_sw_dwn_nov,Benito Juarez,24.555088888888886,1.2971355737960286
allsky_sfc_sw_dwn_nov,Bermejo,23.273234567901234,1.8745609988976513
allsky_sfc_sw_dwn_nov,Beron De Astrada,23.589428571428574,2.135488780610268
allsky_sfc_sw_dwn_nov,Bolivar,24.298763440860213,1.528130880068483
allsky_sfc_sw_dwn_nov,Bragado,24.18293548387097,1.481150204750435
allsky_sfc_sw_dwn_nov,Brandsen,24.143944444444443,1.490045502002948
allsky_sfc_sw_dwn_nov,Burruyacu,22.44823076923077,1.7979801154980826
allsky_sfc_sw_dwn_nov,Cachi,31.606490196078433,0.9169025463001858
allsky_sfc_sw_dwn_nov,Cainguas,23.05783333333333,2.667110772432968
allsky_sfc_sw_dwn_nov,Calamuchita,24.645214285714285,1.4919364669840194
allsky_sfc_sw_dwn_nov,Campana,24.312215053763442,1.544744105737346
allsky_sfc_sw_dwn_nov,Candelaria,23.11731111111111,2.3601693100078514
allsky_sfc_sw_dwn_nov,Canuelas,24.032563218390806,1.5755813467371644
allsky_sfc_sw_dwn_nov,Capayan,28.480701754385965,1.232649444498087
allsky_sfc_sw_dwn_nov,Capital,25.8894992211838,1.4677055247806958
allsky_sfc_sw_dwn_nov,Capitan Sarmiento,24.562731182795698,1.3412376468503089
allsky_sfc_sw_dwn_nov,Carlos Casares,24.619854166666666,1.5923866331755394
allsky_sfc_sw_dwn_nov,Carlos Tejedor,24.77567741935484,1.6769012172674687
allsky_sfc_sw_dwn_nov,Carmen De Areco,24.438781609195402,1.2912712859563684
allsky_sfc_sw_dwn_nov,Caseros,24.387781609195404,1.6948427896281302
allsky_sfc_sw_dwn_nov,Castellanos,24.749933333333335,1.2853511093586452
allsky_sfc_sw_dwn_nov,Castelli,24.003666666666668,1.598800280497087
allsky_sfc_sw_dwn_nov,Catrilo,25.667833333333334,1.5526505352421742
allsky_sfc_sw_dwn_nov,Cerrillos,24.745677777777775,1.4964992699652029
allsky_sfc_sw_dwn_nov,Chacabuco,24.27516921119593,1.3714463215808874
allsky_sfc_sw_dwn_nov,Chapaleufu,25.360484848484848,1.6491025612665087
allsky_sfc_sw_dwn_nov,Chascomus,24.063795698924732,1.5516265150012616
allsky_sfc_sw_dwn_nov,Chicoana,24.308666666666667,1.5683983054200372
allsky_sfc_sw_dwn_nov,Chivilcoy,24.102444444444448,1.4426826792122744
allsky_sfc_sw_dwn_nov,Choya,23.91388,2.033205792630246
allsky_sfc_sw_dwn_nov,Colon,24.534793233082706,1.687739227257717
allsky_sfc_sw_dwn_nov,Comandante Fernandez,23.60667676767677,1.38445753888594
allsky_sfc_sw_dwn_nov,Concepcion,23.092694444444444,2.429547027627618
allsky_sfc_sw_dwn_nov,Concordia,24.04284946236559,1.7562075487711615
allsky_sfc_sw_dwn_nov,Conhelo,25.884262626262625,1.5538751240348354
allsky_sfc_sw_dwn_nov,Copo,23.69247222222222,1.9662830820141688
allsky_sfc_sw_dwn_nov,Coronel Dorrego,25.234913978494625,1.4614748207249086
allsky_sfc_sw_dwn_nov,Coronel Pringles,25.294864583333336,1.3841808653564747
allsky_sfc_sw_dwn_nov,Coronel Suarez,25.18659139784946,1.4521065610058144
allsky_sfc_sw_dwn_nov,Cruz Alta,23.349146666666666,1.600442872966615
allsky_sfc_sw_dwn_nov,Curuzu Cuatia,23.708070175438596,2.6982534579236406
allsky_sfc_sw_dwn_nov,Daireaux,24.940083333333334,1.4282853720257214
allsky_sfc_sw_dwn_nov,Diamante,24.480182795698926,1.3655951106432187
allsky_sfc_sw_dwn_nov,Dolores,23.930211111111113,1.619325666102747
allsky_sfc_sw_dwn_nov,Dr. Manuel Belgrano,24.98284126984127,1.2100247867940899
allsky_sfc_sw_dwn_nov,El Alto,24.568091954022986,1.8064899511548427
allsky_sfc_sw_dwn_nov,El Carmen,24.66441414141414,1.4985813685836311
allsky_sfc_sw_dwn_nov,Eldorado,22.614444444444445,2.3890866849141723
allsky_sfc_sw_dwn_nov,Empedrado,23.167983333333332,1.9926748676998396
allsky_sfc_sw_dwn_nov,Esquina,24.309079365079363,2.154691225377683
allsky_sfc_sw_dwn_nov,Exaltacion De La Cruz,24.20303448275862,1.4183729733838057
allsky_sfc_sw_dwn_nov,Federacion,23.809064516129034,2.4123544261116363
allsky_sfc_sw_dwn_nov,Federal,23.928784946236558,2.1194549885540312
allsky_sfc_sw_dwn_nov,Feliciano,24.604466666666667,1.2306857216990328
allsky_sfc_sw_dwn_nov,Figueroa,23.602019607843136,1.411218019372845
allsky_sfc_sw_dwn_nov,Florentino Ameghino,24.580841269841272,1.5412903671168499
allsky_sfc_sw_dwn_nov,Formosa,22.855719298245614,1.7491116661130626
allsky_sfc_sw_dwn_nov,Fray Justo Santa Maria De Oro,23.90583870967742,1.590389353378757
allsky_sfc_sw_dwn_nov,Garay,24.548294871794873,1.2859404248406365
allsky_sfc_sw_dwn_nov,General Alvarado,24.398791666666668,1.5414595181958421
allsky_sfc_sw_dwn_nov,General Alvear,24.66658888888889,1.2831509728123869
allsky_sfc_sw_dwn_nov,General Arenales,24.386788888888887,1.468508353845118
allsky_sfc_sw_dwn_nov,General Belgrano,24.22409139784946,1.5277562207922133
allsky_sfc_sw_dwn_nov,General Donovan,23.663866666666667,1.4153888976113536
allsky_sfc_sw_dwn_nov,General Guemes,21.773290909090907,1.8523377785625648
allsky_sfc_sw_dwn_nov,General Guido,24.110782051282055,1.4453575549701887
allsky_sfc_sw_dwn_nov,General Jose De San Martin,24.18028125,1.4893219094232082
allsky_sfc_sw_dwn_nov,General Juan Madariaga,23.974172043010753,1.57839624624342
allsky_sfc_sw_dwn_nov,General La Madrid,25.163020833333334,1.4347027440238904
allsky_sfc_sw_dwn_nov,General Las Heras,24.275318840579708,1.4709863916525117
allsky_sfc_sw_dwn_nov,General Lavalle,23.582569444444445,1.3833090882428032
allsky_sfc_sw_dwn_nov,General Lopez,24.327451612903225,1.4471361720164493
allsky_sfc_sw_dwn_nov,General Manuel Belgrano,22.75019047619048,2.377872016873536
allsky_sfc_sw_dwn_nov,General Obligado,23.83062365591398,2.0067889954258984
allsky_sfc_sw_dwn_nov,General Paz,24.731449074074074,1.2614972872823491
allsky_sfc_sw_dwn_nov,General Pedernera,25.67488888888889,1.288463172988716
allsky_sfc_sw_dwn_nov,General Pinto,24.301388888888887,1.418589629539507
allsky_sfc_sw_dwn_nov,General Pueyrredon,24.180395833333332,1.3490690575847546
allsky_sfc_sw_dwn_nov,General Roca,24.744709677419355,1.4125679419698736
allsky_sfc_sw_dwn_nov,General Rodriguez,24.210879999999996,1.4328590199706006
allsky_sfc_sw_dwn_nov,General San Martin,24.758155555555557,1.4347325881463568
allsky_sfc_sw_dwn_nov,General Taboada,23.451814814814814,1.6049914432057057
allsky_sfc_sw_dwn_nov,General Viamonte,24.31284375,1.505390193370674
allsky_sfc_sw_dwn_nov,General Villegas,25.214488095238096,1.7063211684481263
allsky_sfc_sw_dwn_nov,Gobernador Dupuy,26.15595454545455,1.3797319665147998
allsky_sfc_sw_dwn_nov,Goya,23.665087719298246,2.2569086003091603
allsky_sfc_sw_dwn_nov,Graneros,22.34230666666667,1.8548478197535347
allsky_sfc_sw_dwn_nov,Gualeguay,24.378888888888888,1.4981452577377967
allsky_sfc_sw_dwn_nov,Gualeguaychu,24.575233333333333,1.5152646144235464
allsky_sfc_sw_dwn_nov,Guamini,25.623462365591397,1.417001896748304
allsky_sfc_sw_dwn_nov,Guarani,23.09498888888889,2.4148667867138
allsky_sfc_sw_dwn_nov,Guasayan,23.320533333333334,1.9824488877629585
allsky_sfc_sw_dwn_nov,Guatrache,25.846367816091956,1.3862527494206864
allsky_sfc_sw_dwn_nov,Hipolito Yrigoyen,24.615979166666666,1.4542587069186643
allsky_sfc_sw_dwn_nov,Hucal,26.14474666666667,1.386148745692607
allsky_sfc_sw_dwn_nov,Iguazu,22.750630952380952,2.2142481568044303
allsky_sfc_sw_dwn_nov,Independencia,23.397151515151513,1.858803888651152
allsky_sfc_sw_dwn_nov,Iriondo,24.728763440860217,1.4078067080958305
allsky_sfc_sw_dwn_nov,Ischilin,24.639833333333335,1.6228277924848664
allsky_sfc_sw_dwn_nov,Itati,23.527,2.0712850597978534
allsky_sfc_sw_dwn_nov,Ituzaingo,22.788116666666667,2.2301157688330133
allsky_sfc_sw_dwn_nov,Jimenez,22.464388888888887,1.733609444749398
allsky_sfc_sw_dwn_nov,Juan F. Ibarra,23.65349333333333,1.9347243873003759
allsky_sfc_sw_dwn_nov,Juan Martin De Pueyrredon,26.425857142857144,1.2412630197210348
allsky_sfc_sw_dwn_nov,Juarez Celman,24.54342857142857,1.560806006450104
allsky_sfc_sw_dwn_nov,Junin,24.159430976430976,1.279779285155534
allsky_sfc_sw_dwn_nov,La Caldera,24.8395,1.6663729669792915
allsky_sfc_sw_dwn_nov,La Candelaria,23.386777777777777,1.4661938065673124
allsky_sfc_sw_dwn_nov,La Capital,24.46352688172043,1.575325755316784
allsky_sfc_sw_dwn_nov,La Cocha,22.631176470588237,2.059023137172519
allsky_sfc_sw_dwn_nov,La Paz,24.12377777777778,1.8127359739814684
allsky_sfc_sw_dwn_nov,La Plata,24.121823529411763,1.8788573253060514
allsky_sfc_sw_dwn_nov,La Vina,24.303458333333335,1.6328614278722042
allsky_sfc_sw_dwn_nov,Laishi,22.6028125,1.6336629507257838
allsky_sfc_sw_dwn_nov,Laprida,24.676166666666667,1.4126974489873898
allsky_sfc_sw_dwn_nov,Las Colonias,24.749933333333335,1.2853511093586452
allsky_sfc_sw_dwn_nov,Las Flores,24.5406091954023,1.4700158596190278
allsky_sfc_sw_dwn_nov,Lavalle,23.82815,2.226148809081603
allsky_sfc_sw_dwn_nov,Leales,22.34230666666667,1.8548478197535347
allsky_sfc_sw_dwn_nov,Leandro N. Alem,24.462371212121212,1.3655927516795552
allsky_sfc_sw_dwn_nov,Ledesma,21.496853333333334,1.70584252583964
allsky_sfc_sw_dwn_nov,Libertad,22.909946666666666,1.6915017343790715
allsky_sfc_sw_dwn_nov,Libertador General San Martin,23.24258222222222,1.6250686454609586
allsky_sfc_sw_dwn_nov,Lincoln,24.264,1.43638210105455
allsky_sfc_sw_dwn_nov,Loberia,23.94720430107527,1.5016046421459335
allsky_sfc_sw_dwn_nov,Lobos,24.216956989247315,1.3679643696408648
allsky_sfc_sw_dwn_nov,Loreto,23.698933333333333,1.9664207684512724
allsky_sfc_sw_dwn_nov,Lujan,24.520333333333333,1.3098426391989235
allsky_sfc_sw_dwn_nov,Magdalena,23.76712962962963,1.5832794877898415
allsky_sfc_sw_dwn_nov,Maipu,23.615869333333332,1.3856127579043804
allsky_sfc_sw_dwn_nov,Mar Chiquita,23.931,1.4800280487509707
allsky_sfc_sw_dwn_nov,Maraco,26.046929292929292,1.3951359595174662
allsky_sfc_sw_dwn_nov,Marcos Juarez,24.515817204301076,1.5967858058977003
allsky_sfc_sw_dwn_nov,Marcos Paz,24.094971014492756,1.3675347203061659
allsky_sfc_sw_dwn_nov,Mayor Luis J. Fontana,,
allsky_sfc_sw_dwn_nov,Mburucuya,23.510616666666667,2.339292236331123
allsky_sfc_sw_dwn_nov,Mercedes,24.555013468013467,1.3698207729225527
allsky_sfc_sw_dwn_nov,Metan,22.244653846153845,1.7159454937750316
allsky_sfc_sw_dwn_nov,Mitre,23.722595238095238,2.1458548519849954
allsky_sfc_sw_dwn_nov,Monte,24.081625,1.5184028199578377
allsky_sfc_sw_dwn_nov,Monte Caseros,23.595543859649123,2.7921207042838327
allsky_sfc_sw_dwn_nov,Montecarlo,22.497106666666667,2.331536776065981
allsky_sfc_sw_dwn_nov,Moreno,23.293333333333333,1.5782169554977823
allsky_sfc_sw_dwn_nov,Navarro,24.21967777777778,1.37183811999029
allsky_sfc_sw_dwn_nov,Necochea,24.387114942528733,1.329552070638299
allsky_sfc_sw_dwn_nov,Nogoya,24.644967741935485,1.5198623021324165
allsky_sfc_sw_dwn_nov,O'Higgins,23.436697916666667,1.8743890481037915
allsky_sfc_sw_dwn_nov,Obera,22.929197530864197,2.4293160854943374
allsky_sfc_sw_dwn_nov,Olavarria,24.52138888888889,1.4532851438898104
allsky_sfc_sw_dwn_nov,Oran,21.284402298850573,1.7153428353227058
allsky_sfc_sw_dwn_nov,Palpala,25.167964912280702,1.1348543328221226
allsky_sfc_sw_dwn_nov,Parana,24.65997777777778,1.2952229291788935
allsky_sfc_sw_dwn_nov,Paso De Los Libres,23.048757575757577,2.9292488725910184
allsky_sfc_sw_dwn_nov,Patagones,24.521486111111113,1.5770140744784296
allsky_sfc_sw_dwn_nov,Patino,22.773607843137256,1.6696386137395705
allsky_sfc_sw_dwn_nov,Pehuajo,24.619854166666666,1.5923866331755394
allsky_sfc_sw_dwn_nov,Pellegrini,23.302930303030305,1.847171680521328
allsky_sfc_sw_dwn_nov,Pergamino,24.336355555555556,1.5617449272784436
allsky_sfc_sw_dwn_nov,Pila,24.36664197530864,1.488094194834527
allsky_sfc_sw_dwn_nov,Pilagas,23.147235294117646,1.5386719867610306
allsky_sfc_sw_dwn_nov,Pilar,24.302714285714284,1.3808631484276341
allsky_sfc_sw_dwn_nov,Pilcomayo,23.019555555555556,1.5879811658223584
allsky_sfc_sw_dwn_nov,Pirane,22.900166666666664,1.7064640629205214
allsky_sfc_sw_dwn_nov,Pocho,24.75117857142857,1.4616864533540939
allsky_sfc_sw_dwn_nov,Presidencia De La Plaza,23.191758620689658,1.6416912903557037
allsky_sfc_sw_dwn_nov,Presidente Roque Saenz Pena,24.82587356321839,1.5941441262782867
allsky_sfc_sw_dwn_nov,Puan,24.59584946236559,1.2792502776545838
allsky_sfc_sw_dwn_nov,Quemu Quemu,25.713161616161614,1.5502232503229163
allsky_sfc_sw_dwn_nov,Quitilipi,23.706862068965517,1.4452274070447688
allsky_sfc_sw_dwn_nov,Ramallo,24.40778494623656,1.6002236083293861
allsky_sfc_sw_dwn_nov,Rancul,25.52159595959596,1.7419484874813955
allsky_sfc_sw_dwn_nov,Rauch,24.536520833333334,1.4401383295205086
allsky_sfc_sw_dwn_nov,Realico,25.52850980392157,1.7158259611211162
allsky_sfc_sw_dwn_nov,Rio Cuarto,24.747922222222222,1.6515359985969296
allsky_sfc_sw_dwn_nov,Rio Hondo,23.365378787878786,1.7362252837494152
allsky_sfc_sw_dwn_nov,Rio Primero,24.60309375,1.4727463488774022
allsky_sfc_sw_dwn_nov,Rio Seco,24.962522222222223,1.5002795670083067
allsky_sfc_sw_dwn_nov,Rio Segundo,24.797988888888888,1.3354160557735868
allsky_sfc_sw_dwn_nov,Rivadavia,24.338945945945948,1.4923419907158064
allsky_sfc_sw_dwn_nov,Robles,24.150884057971012,1.7170589302015247
allsky_sfc_sw_dwn_nov,Rojas,24.13081111111111,1.438967516942205
allsky_sfc_sw_dwn_nov,Roque Perez,24.190802083333335,1.3538285254829328
allsky_sfc_sw_dwn_nov,Rosario,24.226107142857142,1.5629979504252438
allsky_sfc_sw_dwn_nov,Rosario De La Frontera,22.28781111111111,1.8847831906440475
allsky_sfc_sw_dwn_nov,Rosario De Lerma,24.764654320987656,1.5559938162640554
allsky_sfc_sw_dwn_nov,Saavedra,25.596646464646465,1.3764700927538491
allsky_sfc_sw_dwn_nov,Saladas,23.36530303030303,2.7198714408121307
allsky_sfc_sw_dwn_nov,Saladillo,24.225258064516126,1.361869854851471
allsky_sfc_sw_dwn_nov,Salliquelo,25.257822916666665,1.49109268342682
allsky_sfc_sw_dwn_nov,Salto,24.1402,1.4504859183162437
allsky_sfc_sw_dwn_nov,San Alberto,24.787923076923075,1.4633433296779068
allsky_sfc_sw_dwn_nov,San Andres De Giles,24.53519540229885,1.345158716419389
allsky_sfc_sw_dwn_nov,San Antonio,24.75456790123457,1.5606749740050283
allsky_sfc_sw_dwn_nov,San Antonio De Areco,24.517540229885057,1.3633494975575493
allsky_sfc_sw_dwn_nov,San Cayetano,24.45788888888889,1.3603552137924524
allsky_sfc_sw_dwn_nov,San Cosme,23.488190476190475,1.9587832775913285
allsky_sfc_sw_dwn_nov,San Cristobal,24.44065517241379,1.231655040484978
allsky_sfc_sw_dwn_nov,San Fernando,23.49851111111111,1.9209574235895843
allsky_sfc_sw_dwn_nov,San Ignacio,22.90040476190476,2.396150917836028
allsky_sfc_sw_dwn_nov,San Javier,22.97431317204301,2.316122796196105
allsky_sfc_sw_dwn_nov,San Jeronimo,23.922548387096775,2.0884028605050875
allsky_sfc_sw_dwn_nov,San Justo,24.49879202279202,1.5632617197567673
allsky_sfc_sw_dwn_nov,San Lorenzo,24.624333333333333,1.32751349621939
allsky_sfc_sw_dwn_nov,San Luis Del Palmar,23.434966666666668,2.082181505871141
allsky_sfc_sw_dwn_nov,San Martin,24.7693195164076,1.3315291412412904
allsky_sfc_sw_dwn_nov,San Miguel,23.387349206349207,2.307768586694829
allsky_sfc_sw_dwn_nov,San Nicolas,24.414208333333335,1.5746212829083108
allsky_sfc_sw_dwn_nov,San Pedro,24.49884691358025,1.4872053834496743
allsky_sfc_sw_dwn_nov,San Roque,23.665666666666667,2.3099129797150826
allsky_sfc_sw_dwn_nov,San Salvador,24.672738095238095,2.2188186322254064
allsky_sfc_sw_dwn_nov,San Vicente,24.465,1.4358454319929999
allsky_sfc_sw_dwn_nov,Santa Barbara,21.276,1.633400424925912
allsky_sfc_sw_dwn_nov,Santa Maria,24.513806451612904,1.5160586321462437
allsky_sfc_sw_dwn_nov,Santa Rosa,24.429011494252872,1.6271205369998432
allsky_sfc_sw_dwn_nov,Santo Tome,22.924555555555553,2.3391973275115197
allsky_sfc_sw_dwn_nov,Sargento Cabral,23.417103448275864,1.9015649071380951
allsky_sfc_sw_dwn_nov,Sarmiento,23.529176470588233,2.0229543924310827
allsky_sfc_sw_dwn_nov,Sauce,23.547087719298244,2.417384028502827
allsky_sfc_sw_dwn_nov,Silipica,24.185645833333332,1.9627997972237223
allsky_sfc_sw_dwn_nov,Simoca,22.7794,2.141691621866837
allsky_sfc_sw_dwn_nov,Sobremonte,24.683015873015876,1.3917394451077338
allsky_sfc_sw_dwn_nov,Suipacha,24.486012345679015,1.3270518783664451
allsky_sfc_sw_dwn_nov,Tafi Del Valle,23.36505,1.7751844588282923
allsky_sfc_sw_dwn_nov,Tala,24.101279569892473,1.8326523747407124
allsky_sfc_sw_dwn_nov,Tandil,24.532520833333333,1.2653197477586844
allsky_sfc_sw_dwn_nov,Tapalque,24.671977011494253,1.3224482494481689
allsky_sfc_sw_dwn_nov,Tercero Arriba,24.4512688172043,1.6051487145118133
allsky_sfc_sw_dwn_nov,Toay,26.026655172413793,1.4661772573134415
allsky_sfc_sw_dwn_nov,Tordillo,25.709530303030306,1.3254394126493056
allsky_sfc_sw_dwn_nov,Tornquist,25.558935483870968,1.3760662651447038
allsky_sfc_sw_dwn_nov,Totoral,24.67487777777778,1.6207409508485147
allsky_sfc_sw_dwn_nov,Trancas,23.360346153846155,1.5691468495283092
allsky_sfc_sw_dwn_nov,Trenel,25.48371717171717,1.722124231551635
allsky_sfc_sw_dwn_nov,Trenque Lauquen,24.78263541666667,1.6501022176644213
allsky_sfc_sw_dwn_nov,Tres Arroyos,24.768511904761905,1.4637438060993393
allsky_sfc_sw_dwn_nov,Tres Lomas,25.570275362318842,1.458929885439331
allsky_sfc_sw_dwn_nov,Tulumba,24.578677083333332,1.6148847412390033
allsky_sfc_sw_dwn_nov,Union,24.467022222222223,1.6004036510307142
allsky_sfc_sw_dwn_nov,Uruguay,24.69652688172043,1.2896097479590725
allsky_sfc_sw_dwn_nov,Utracan,25.339956989247312,1.6841154524995228
allsky_sfc_sw_dwn_nov,Vera,24.075644444444443,1.5679974317100447
allsky_sfc_sw_dwn_nov,Victoria,24.4492,1.3778138845225585
allsky_sfc_sw_dwn_nov,Villa Constitucion,24.321494623655912,1.5230440568296792
allsky_sfc_sw_dwn_nov,Villaguay,24.453774193548387,1.5125656824112212
allsky_sfc_sw_dwn_nov,Villarino,24.42183870967742,1.5684082397295713
allsky_sfc_sw_dwn_nov,Zarate,24.517540229885057,1.3633494975575493
allsky_sfc_sw_dwn_dic,12 De Octubre,24.12054435483871,1.3179513190872172
allsky_sfc_sw_dwn_dic,1° De Mayo,24.906997518610424,1.4136797535260583
allsky_sfc_sw_dwn_dic,2 De Abril,24.18121351766513,1.6510114955463646
allsky_sfc_sw_dwn_dic,25 De Mayo,26.555314629713767,1.5132753209269614
allsky_sfc_sw_dwn_dic,9 De Julio,26.387837774661058,1.614639515605076
allsky_sfc_sw_dwn_dic,Adolfo Alsina,26.461663306451612,1.391960488039923
allsky_sfc_sw_dwn_dic,Adolfo Gonzales Chaves,27.467492195629553,1.658092074809
allsky_sfc_sw_dwn_dic,Aguirre,23.148364849833147,1.5029799024830597
allsky_sfc_sw_dwn_dic,Alberdi,23.974490322580646,1.7126190126277798
allsky_sfc_sw_dwn_dic,Alberti,26.47304301075269,1.4788830363569392
allsky_sfc_sw_dwn_dic,Almirante Brown,23.246149193548387,1.3999901238700363
allsky_sfc_sw_dwn_dic,Anta,22.959774193548387,1.6554809603743046
allsky_sfc_sw_dwn_dic,Apostoles,23.793790322580644,1.8544787279893078
allsky_sfc_sw_dwn_dic,Arrecifes,26.17006243496358,1.5462795500462136
allsky_sfc_sw_dwn_dic,Atreuco,28.198741935483874,1.6147934537833977
allsky_sfc_sw_dwn_dic,Avellaneda,24.44833746898263,1.3110462273712684
allsky_sfc_sw_dwn_dic,Ayacucho,26.870735887096775,1.5195400913690615
allsky_sfc_sw_dwn_dic,Azul,26.786004162330904,1.628841376397738
allsky_sfc_sw_dwn_dic,Balcarce,26.76985887096774,1.581594603120764
allsky_sfc_sw_dwn_dic,Banda,24.13478494623656,1.8775767796104312
allsky_sfc_sw_dwn_dic,Baradero,25.942204301075268,1.5741335650312032
allsky_sfc_sw_dwn_dic,Belgrano,25.782845326716295,1.7583659239008071
allsky_sfc_sw_dwn_dic,Bella Vista,24.35965053763441,1.4112817388371832
allsky_sfc_sw_dwn_dic,Benito Juarez,27.000354838709676,1.6684343457990982
allsky_sfc_sw_dwn_dic,Bermejo,24.08431302270012,1.4623506337523036
allsky_sfc_sw_dwn_dic,Beron De Astrada,24.268571428571427,1.3612622315159653
allsky_sfc_sw_dwn_dic,Bolivar,26.419885535900104,1.4209538001058626
allsky_sfc_sw_dwn_dic,Bragado,26.478074921956296,1.6729652018672834
allsky_sfc_sw_dwn_dic,Brandsen,26.977293906810033,1.2842478737848046
allsky_sfc_sw_dwn_dic,Burruyacu,23.163970223325062,1.8366579764704747
allsky_sfc_sw_dwn_dic,Cachi,30.08833017077799,1.712540436929233
allsky_sfc_sw_dwn_dic,Cainguas,23.62066820276498,1.8809366435834007
allsky_sfc_sw_dwn_dic,Calamuchita,25.848698156682026,1.6594764859555378
allsky_sfc_sw_dwn_dic,Campana,26.445275754422475,1.4157385592131484
allsky_sfc_sw_dwn_dic,Candelaria,23.988774193548387,1.9315284543990587
allsky_sfc_sw_dwn_dic,Canuelas,26.278164627363736,1.5031201162966075
allsky_sfc_sw_dwn_dic,Capayan,29.02539898132428,1.0934128961120022
allsky_sfc_sw_dwn_dic,Capital,28.077540699427196,1.766465598413997
allsky_sfc_sw_dwn_dic,Capitan Sarmiento,26.61656607700312,1.5555190376770398
allsky_sfc_sw_dwn_dic,Carlos Casares,26.700181451612902,1.8056466932328663
allsky_sfc_sw_dwn_dic,Carlos Tejedor,26.816399583766913,1.8202937257440541
allsky_sfc_sw_dwn_dic,Carmen De Areco,26.57060066740823,1.5145803977376289
allsky_sfc_sw_dwn_dic,Caseros,26.05031145717464,1.7880732132622592
allsky_sfc_sw_dwn_dic,Castellanos,25.855139784946235,1.7283585465741897
allsky_sfc_sw_dwn_dic,Castelli,26.528104838709677,1.5343806181562563
allsky_sfc_sw_dwn_dic,Catrilo,27.748457661290324,1.740313903445032
allsky_sfc_sw_dwn_dic,Cerrillos,23.66305376344086,1.4310473360605847
allsky_sfc_sw_dwn_dic,Chacabuco,26.1425067717311,1.4868985616321002
allsky_sfc_sw_dwn_dic,Chapaleufu,27.373411534701855,1.8629449112608518
allsky_sfc_sw_dwn_dic,Chascomus,26.394183142559836,1.46198602557594
allsky_sfc_sw_dwn_dic,Chicoana,23.348138957816374,1.5771585728301882
allsky_sfc_sw_dwn_dic,Chivilcoy,26.2207311827957,1.5463171368118271
allsky_sfc_sw_dwn_dic,Choya,24.634606451612903,1.6648764340803668
allsky_sfc_sw_dwn_dic,Colon,25.972459374242057,1.6506512412126986
allsky_sfc_sw_dwn_dic,Comandante Fernandez,24.049042033235583,1.5070208232596147
allsky_sfc_sw_dwn_dic,Concepcion,24.385084005376346,1.55915495749721
allsky_sfc_sw_dwn_dic,Concordia,25.13802289281998,1.7758782006579785
allsky_sfc_sw_dwn_dic,Conhelo,27.976930596285435,1.7909745055439532
allsky_sfc_sw_dwn_dic,Copo,23.953064516129032,1.7460277161587996
allsky_sfc_sw_dwn_dic,Coronel Dorrego,27.8505098855359,1.7035460043885768
allsky_sfc_sw_dwn_dic,Coronel Pringles,27.714566532258065,1.6020910847591274
allsky_sfc_sw_dwn_dic,Coronel Suarez,27.508168574401665,1.5555531562219593
allsky_sfc_sw_dwn_dic,Cruz Alta,23.219135483870968,1.5072139966057714
allsky_sfc_sw_dwn_dic,Curuzu Cuatia,24.884940577249576,1.6800777289491124
allsky_sfc_sw_dwn_dic,Daireaux,27.153497983870967,1.5802341246220089
allsky_sfc_sw_dwn_dic,Diamante,25.526326742976064,1.7128416664260055
allsky_sfc_sw_dwn_dic,Dolores,26.50251612903226,1.558001931877874
allsky_sfc_sw_dwn_dic,Dr. Manuel Belgrano,23.744254992319508,1.2845526056414456
allsky_sfc_sw_dwn_dic,El Alto,24.972513904338154,1.7393564911383976
allsky_sfc_sw_dwn_dic,El Carmen,23.615630498533722,1.4898498457986304
allsky_sfc_sw_dwn_dic,Eldorado,23.063094384707288,1.8743521845951836
allsky_sfc_sw_dwn_dic,Empedrado,23.7725,1.2291594427951467
allsky_sfc_sw_dwn_dic,Esquina,25.482672811059906,1.4974016904312344
allsky_sfc_sw_dwn_dic,Exaltacion De La Cruz,26.554571746384873,1.6110608303769016
allsky_sfc_sw_dwn_dic,Federacion,25.05710718002081,1.6897675553599716
allsky_sfc_sw_dwn_dic,Federal,25.02063475546306,1.5900608052646676
allsky_sfc_sw_dwn_dic,Feliciano,25.709892473118277,1.6301897964199121
allsky_sfc_sw_dwn_dic,Figueroa,24.23785578747628,1.6083940353048019
allsky_sfc_sw_dwn_dic,Florentino Ameghino,26.75205837173579,1.6600083261334464
allsky_sfc_sw_dwn_dic,Formosa,23.68,1.32785200490502
allsky_sfc_sw_dwn_dic,Fray Justo Santa Maria De Oro,24.478876170655568,1.690323963454593
allsky_sfc_sw_dwn_dic,Garay,25.99528535980149,1.4981971797470666
allsky_sfc_sw_dwn_dic,General Alvarado,26.51445564516129,1.4491358294955927
allsky_sfc_sw_dwn_dic,General Alvear,27.028645161290324,1.5402803036554704
allsky_sfc_sw_dwn_dic,General Arenales,26.16727956989247,1.6616408837409211
allsky_sfc_sw_dwn_dic,General Belgrano,26.268132154006242,1.4272109071370938
allsky_sfc_sw_dwn_dic,General Donovan,24.422477419354838,1.360055919715066
allsky_sfc_sw_dwn_dic,General Guemes,22.18209090909091,1.6964876950467391
allsky_sfc_sw_dwn_dic,General Guido,26.7272952853598,1.3715955270860125
allsky_sfc_sw_dwn_dic,General Jose De San Martin,23.4313810483871,1.5526176493692587
allsky_sfc_sw_dwn_dic,General Juan Madariaga,26.493423517169614,1.5283767745159473
allsky_sfc_sw_dwn_dic,General La Madrid,27.57634072580645,1.5781024880277736
allsky_sfc_sw_dwn_dic,General Las Heras,26.863492286115008,1.3282178328159193
allsky_sfc_sw_dwn_dic,General Lavalle,26.130766129032256,1.2698159175583121
allsky_sfc_sw_dwn_dic,General Lopez,26.241644120707598,1.6126277944500413
allsky_sfc_sw_dwn_dic,General Manuel Belgrano,23.103467741935482,1.86187992215643
allsky_sfc_sw_dwn_dic,General Obligado,24.69908428720083,1.537025577104726
allsky_sfc_sw_dwn_dic,General Paz,26.983875448028673,1.4999409792270968
allsky_sfc_sw_dwn_dic,General Pedernera,27.451981566820276,1.8703972970357758
allsky_sfc_sw_dwn_dic,General Pinto,26.128129032258066,1.574831619986968
allsky_sfc_sw_dwn_dic,General Pueyrredon,26.47695564516129,1.5892360203710563
allsky_sfc_sw_dwn_dic,General Roca,25.592788761706554,1.749034349400405
allsky_sfc_sw_dwn_dic,General Rodriguez,26.798851612903228,1.3307498006429321
allsky_sfc_sw_dwn_dic,General San Martin,25.80416129032258,1.7558730886835467
allsky_sfc_sw_dwn_dic,General Taboada,24.17227001194743,1.6722463288077538
allsky_sfc_sw_dwn_dic,General Viamonte,26.491058467741937,1.454673808887985
allsky_sfc_sw_dwn_dic,General Villegas,27.307108294930877,1.92586570852389
allsky_sfc_sw_dwn_dic,Gobernador Dupuy,28.238152492668622,1.5167218378335763
allsky_sfc_sw_dwn_dic,Goya,24.519847198641767,1.581996165261715
allsky_sfc_sw_dwn_dic,Graneros,22.555987096774192,2.19747851213787
allsky_sfc_sw_dwn_dic,Gualeguay,25.890924731182796,1.529415370761051
allsky_sfc_sw_dwn_dic,Gualeguaychu,25.992032258064516,1.6023778801034423
allsky_sfc_sw_dwn_dic,Guamini,27.89961498439126,1.5401481957681495
allsky_sfc_sw_dwn_dic,Guarani,23.8135376344086,1.9098238386044033
allsky_sfc_sw_dwn_dic,Guasayan,23.885909677419352,1.7754917750746166
allsky_sfc_sw_dwn_dic,Guatrache,28.151535038932145,1.6136528181075505
allsky_sfc_sw_dwn_dic,Hipolito Yrigoyen,26.94022177419355,1.6307935161900118
allsky_sfc_sw_dwn_dic,Hucal,28.52927741935484,1.6866909174852676
allsky_sfc_sw_dwn_dic,Iguazu,23.320921658986176,1.9762138145182668
allsky_sfc_sw_dwn_dic,Independencia,24.077653958944282,1.4913154231818033
allsky_sfc_sw_dwn_dic,Iriondo,25.81840790842872,1.841057118656367
allsky_sfc_sw_dwn_dic,Ischilin,25.53498924731183,1.9964423446409618
allsky_sfc_sw_dwn_dic,Itati,24.165791788856303,1.4087356820794856
allsky_sfc_sw_dwn_dic,Ituzaingo,24.158548387096776,1.4413374006048645
allsky_sfc_sw_dwn_dic,Jimenez,23.54364247311828,1.7824039540454075
allsky_sfc_sw_dwn_dic,Juan F. Ibarra,24.081780645161288,1.8264126860290437
allsky_sfc_sw_dwn_dic,Juan Martin De Pueyrredon,28.318694316436254,1.61066516490098
allsky_sfc_sw_dwn_dic,Juarez Celman,26.048790322580647,1.9590526453656472
allsky_sfc_sw_dwn_dic,Junin,26.10388725969371,1.409364449430012
allsky_sfc_sw_dwn_dic,La Caldera,23.459208211143697,1.4938104222408843
allsky_sfc_sw_dwn_dic,La Candelaria,23.245913978494624,1.4490114282339883
allsky_sfc_sw_dwn_dic,La Capital,25.987460978147762,1.5700527081473985
allsky_sfc_sw_dwn_dic,La Cocha,23.27092979127135,2.020440470318115
allsky_sfc_sw_dwn_dic,La Paz,25.183075268817205,1.4697768917823706
allsky_sfc_sw_dwn_dic,La Plata,26.575199240986716,1.403660142654337
allsky_sfc_sw_dwn_dic,La Vina,23.128521505376344,1.4313044217761375
allsky_sfc_sw_dwn_dic,Laishi,23.400201612903224,1.2425239431172195
allsky_sfc_sw_dwn_dic,Laprida,27.17882795698925,1.697995131394925
allsky_sfc_sw_dwn_dic,Las Colonias,25.855139784946235,1.7283585465741897
allsky_sfc_sw_dwn_dic,Las Flores,26.85503893214683,1.596010228763609
allsky_sfc_sw_dwn_dic,Lavalle,24.759693548387098,1.4777012263457088
allsky_sfc_sw_dwn_dic,Leales,22.555987096774192,2.19747851213787
allsky_sfc_sw_dwn_dic,Leandro N. Alem,26.302160312805476,1.5850428092585498
allsky_sfc_sw_dwn_dic,Ledesma,21.517587096774196,1.5747908843773082
allsky_sfc_sw_dwn_dic,Libertad,23.26851612903226,1.4984441086645635
allsky_sfc_sw_dwn_dic,Libertador General San Martin,23.920313978494626,1.5728622029998018
allsky_sfc_sw_dwn_dic,Lincoln,26.169483870967742,1.6177989782523143
allsky_sfc_sw_dwn_dic,Loberia,26.519281997918835,1.480817753451238
allsky_sfc_sw_dwn_dic,Lobos,26.628709677419355,1.5784583424385108
allsky_sfc_sw_dwn_dic,Loreto,24.80008064516129,1.8795314896750763
allsky_sfc_sw_dwn_dic,Lujan,26.447881720430107,1.4484325602942068
allsky_sfc_sw_dwn_dic,Magdalena,26.600161290322582,1.1581559601409632
allsky_sfc_sw_dwn_dic,Maipu,24.044252903225807,1.5100715905412003
allsky_sfc_sw_dwn_dic,Mar Chiquita,26.58585685483871,1.5046314568519574
allsky_sfc_sw_dwn_dic,Maraco,28.360078201368523,1.6855508071102592
allsky_sfc_sw_dwn_dic,Marcos Juarez,26.079500520291365,1.7745347743002662
allsky_sfc_sw_dwn_dic,Marcos Paz,26.752328190743334,1.312680408497478
allsky_sfc_sw_dwn_dic,Mayor Luis J. Fontana,,
allsky_sfc_sw_dwn_dic,Mburucuya,24.285806451612906,1.4776751470800122
allsky_sfc_sw_dwn_dic,Mercedes,26.706722059302702,1.5022127454504421
allsky_sfc_sw_dwn_dic,Metan,22.827332506203472,1.755963905293201
allsky_sfc_sw_dwn_dic,Mitre,24.253433179723505,1.4554899952748004
allsky_sfc_sw_dwn_dic,Monte,26.327530241935484,1.457582272726128
allsky_sfc_sw_dwn_dic,Monte Caseros,25.161273344651953,1.7002269015146507
allsky_sfc_sw_dwn_dic,Montecarlo,23.096464516129032,1.9530855469383275
allsky_sfc_sw_dwn_dic,Moreno,23.63821505376344,1.6557942494118856
allsky_sfc_sw_dwn_dic,Navarro,26.582494623655915,1.627332621280735
allsky_sfc_sw_dwn_dic,Necochea,26.81231368186874,1.524762912867477
allsky_sfc_sw_dwn_dic,Nogoya,25.809344432882416,1.8144997877092033
allsky_sfc_sw_dwn_dic,O'Higgins,24.10803427419355,1.5047670981694505
allsky_sfc_sw_dwn_dic,Obera,23.711350059737157,1.8367759215365442
allsky_sfc_sw_dwn_dic,Olavarria,26.817397849462363,1.5852307480909233
allsky_sfc_sw_dwn_dic,Oran,21.615684093437153,1.5664936013801039
allsky_sfc_sw_dwn_dic,Palpala,23.68918505942275,1.2852017308794854
allsky_sfc_sw_dwn_dic,Parana,25.71416129032258,1.6316404111517957
allsky_sfc_sw_dwn_dic,Paso De Los Libres,24.800117302052787,1.902118465574817
allsky_sfc_sw_dwn_dic,Patagones,26.44592741935484,1.2521251890852394
allsky_sfc_sw_dwn_dic,Patino,23.265256166982923,1.2826173810045485
allsky_sfc_sw_dwn_dic,Pehuajo,26.700181451612902,1.8056466932328663
allsky_sfc_sw_dwn_dic,Pellegrini,24.02293841642229,1.8051094733772761
allsky_sfc_sw_dwn_dic,Pergamino,26.040720430107527,1.5888430319199605
allsky_sfc_sw_dwn_dic,Pila,26.83405017921147,1.4982448450541983
allsky_sfc_sw_dwn_dic,Pilagas,23.468785578747628,1.4840974385795518
allsky_sfc_sw_dwn_dic,Pilar,26.583248847926267,1.518931523413159
allsky_sfc_sw_dwn_dic,Pilcomayo,23.485125448028676,1.4414539771800559
allsky_sfc_sw_dwn_dic,Pirane,23.38152329749104,1.338529471904687
allsky_sfc_sw_dwn_dic,Pocho,25.979412442396313,1.5203031537228777
allsky_sfc_sw_dwn_dic,Presidencia De La Plaza,23.93134593993326,1.5956718162527441
allsky_sfc_sw_dwn_dic,Presidente Roque Saenz Pena,26.14749721913237,1.8038132758931784
allsky_sfc_sw_dwn_dic,Puan,26.554318418314256,1.4201283270643854
allsky_sfc_sw_dwn_dic,Quemu Quemu,27.806608015640276,1.7451745313604086
allsky_sfc_sw_dwn_dic,Quitilipi,24.205661846496106,1.5189146059264413
allsky_sfc_sw_dwn_dic,Ramallo,25.933048907388137,1.5136148653889439
allsky_sfc_sw_dwn_dic,Rancul,27.50649071358749,1.9721814355450367
allsky_sfc_sw_dwn_dic,Rauch,26.811280241935485,1.6087211515074777
allsky_sfc_sw_dwn_dic,Realico,27.456925996204934,1.9634567657917945
allsky_sfc_sw_dwn_dic,Rio Cuarto,26.366150537634407,2.028967887576816
allsky_sfc_sw_dwn_dic,Rio Hondo,24.247375366568917,1.7806782547055418
allsky_sfc_sw_dwn_dic,Rio Primero,25.765332661290323,1.7297242332697198
allsky_sfc_sw_dwn_dic,Rio Seco,25.789086021505376,1.7642490114769371
allsky_sfc_sw_dwn_dic,Rio Segundo,25.783881720430106,1.6909947599193795
allsky_sfc_sw_dwn_dic,Rivadavia,26.482513804126707,1.4647283897473744
allsky_sfc_sw_dwn_dic,Robles,24.84711079943899,1.6900830528007513
allsky_sfc_sw_dwn_dic,Rojas,26.07031182795699,1.5052418570017714
allsky_sfc_sw_dwn_dic,Roque Perez,26.580887096774195,1.5761797976510106
allsky_sfc_sw_dwn_dic,Rosario,25.924193548387098,1.6137074649637302
allsky_sfc_sw_dwn_dic,Rosario De La Frontera,22.830408602150538,1.7908477557661486
allsky_sfc_sw_dwn_dic,Rosario De Lerma,23.613405017921146,1.484451616174503
allsky_sfc_sw_dwn_dic,Saavedra,27.98153470185728,1.5335785927512977
allsky_sfc_sw_dwn_dic,Saladas,24.318592375366567,1.3420504081738696
allsky_sfc_sw_dwn_dic,Saladillo,26.554495317377732,1.5950305282205386
allsky_sfc_sw_dwn_dic,Salliquelo,27.399354838709677,1.6710914321092074
allsky_sfc_sw_dwn_dic,Salto,26.141806451612904,1.5645523856216548
allsky_sfc_sw_dwn_dic,San Alberto,25.63816377171216,1.7110904052006928
allsky_sfc_sw_dwn_dic,San Andres De Giles,26.595150166852058,1.5806685469979787
allsky_sfc_sw_dwn_dic,San Antonio,23.581911589008364,1.4422384367240015
allsky_sfc_sw_dwn_dic,San Antonio De Areco,26.588186874304782,1.5428582126530834
allsky_sfc_sw_dwn_dic,San Cayetano,27.060943847072878,1.6805742495051925
allsky_sfc_sw_dwn_dic,San Cosme,23.9278955453149,1.2664106882902113
allsky_sfc_sw_dwn_dic,San Cristobal,25.46972191323693,1.5527117546742042
allsky_sfc_sw_dwn_dic,San Fernando,24.207548387096775,1.4901607990429078
allsky_sfc_sw_dwn_dic,San Ignacio,23.846670506912442,1.9471134305627371
allsky_sfc_sw_dwn_dic,San Javier,23.832202133194592,1.896018873102679
allsky_sfc_sw_dwn_dic,San Jeronimo,24.838428720083247,1.6437878490953148
allsky_sfc_sw_dwn_dic,San Justo,25.491058726220018,1.987537540612014
allsky_sfc_sw_dwn_dic,San Lorenzo,25.703310417768375,1.589693071923693
allsky_sfc_sw_dwn_dic,San Luis Del Palmar,23.974145161290323,1.524064980608955
allsky_sfc_sw_dwn_dic,San Martin,25.79940498077887,1.6440143356116905
allsky_sfc_sw_dwn_dic,San Miguel,24.160399385560677,1.5048785525436759
allsky_sfc_sw_dwn_dic,San Nicolas,26.008618951612902,1.549152148479017
allsky_sfc_sw_dwn_dic,San Pedro,26.031445639187577,1.5178949746090318
allsky_sfc_sw_dwn_dic,San Roque,24.635304659498207,1.219854837710982
allsky_sfc_sw_dwn_dic,San Salvador,25.856013824884794,1.687278568208481
allsky_sfc_sw_dwn_dic,San Vicente,26.517831541218637,1.3356651592779343
allsky_sfc_sw_dwn_dic,Santa Barbara,21.412872008324662,1.476379639215505
allsky_sfc_sw_dwn_dic,Santa Maria,25.32079084287201,1.845495476614725
allsky_sfc_sw_dwn_dic,Santa Rosa,24.997875417130146,1.747840974269038
allsky_sfc_sw_dwn_dic,Santo Tome,24.617081413210446,1.4936475494016004
allsky_sfc_sw_dwn_dic,Sargento Cabral,24.146451612903228,1.4778029933758297
allsky_sfc_sw_dwn_dic,Sarmiento,24.714667931688805,1.6512366676971988
allsky_sfc_sw_dwn_dic,Sauce,25.126468590831916,1.606526622572917
allsky_sfc_sw_dwn_dic,Silipica,25.49227822580645,1.4445062766200059
allsky_sfc_sw_dwn_dic,Simoca,23.00698924731183,1.9761452720553685
allsky_sfc_sw_dwn_dic,Sobremonte,25.6578801843318,1.7326033973420019
allsky_sfc_sw_dwn_dic,Suipacha,26.5842054958184,1.5371647947410576
allsky_sfc_sw_dwn_dic,Tafi Del Valle,23.348032258064517,1.47039313494787
allsky_sfc_sw_dwn_dic,Tala,25.13806451612903,1.7843254218999107
allsky_sfc_sw_dwn_dic,Tandil,27.07686491935484,1.6528240170307642
allsky_sfc_sw_dwn_dic,Tapalque,26.90808676307008,1.4778341436003701
allsky_sfc_sw_dwn_dic,Tercero Arriba,25.570603537981267,2.0138128247803078
allsky_sfc_sw_dwn_dic,Toay,28.04761957730812,1.8900397674872256
allsky_sfc_sw_dwn_dic,Tordillo,28.231495601173023,1.6137626974125792
allsky_sfc_sw_dwn_dic,Tornquist,28.204755463059314,1.7309515907208237
allsky_sfc_sw_dwn_dic,Totoral,25.599172043010753,2.01292297465308
allsky_sfc_sw_dwn_dic,Trancas,23.21890818858561,1.4767625447388568
allsky_sfc_sw_dwn_dic,Trenel,27.41132942326491,1.9755352937000057
allsky_sfc_sw_dwn_dic,Trenque Lauquen,26.784798387096775,1.7995942552144981
allsky_sfc_sw_dwn_dic,Tres Arroyos,27.251947004608294,1.688068260358396
allsky_sfc_sw_dwn_dic,Tres Lomas,27.975539971949512,1.5452366858229427
allsky_sfc_sw_dwn_dic,Tulumba,25.59375,2.0122565761219624
allsky_sfc_sw_dwn_dic,Union,26.01838709677419,1.7713797365371398
allsky_sfc_sw_dwn_dic,Uruguay,25.67987513007284,1.6155341267162824
allsky_sfc_sw_dwn_dic,Utracan,27.294068678459936,1.8944274262997274
allsky_sfc_sw_dwn_dic,Vera,25.029301075268815,1.4539499888400436
allsky_sfc_sw_dwn_dic,Victoria,25.559602150537632,1.7319020057822945
allsky_sfc_sw_dwn_dic,Villa Constitucion,26.0156087408949,1.5676072548845126
allsky_sfc_sw_dwn_dic,Villaguay,25.36064516129032,1.5988305494674877
allsky_sfc_sw_dwn_dic,Villarino,26.399771071800206,1.430114037967751
allsky_sfc_sw_dwn_dic,Zarate,26.588186874304782,1.5428582126530834
allsky_sfc_sw_dwn_ene,12 De Octubre,24.38307917888563,1.7372613684318672
allsky_sfc_sw_dwn_ene,1° De Mayo,24.440203106332138,1.7644796611837252
allsky_sfc_sw_dwn_ene,2 De Abril,24.757235023041474,1.595797894991402
allsky_sfc_sw_dwn_ene,25 De Mayo,26.20189254651547,1.2645962034853395
allsky_sfc_sw_dwn_ene,9 De Julio,26.129695592912313,1.3070479076637629
allsky_sfc_sw_dwn_ene,Adolfo Alsina,26.237018572825026,1.3731511480456853
allsky_sfc_sw_dwn_ene,Adolfo Gonzales Chaves,27.003256048387097,1.0425997320792761
allsky_sfc_sw_dwn_ene,Aguirre,23.292301075268817,1.8040998173052312
allsky_sfc_sw_dwn_ene,Alberdi,24.241923076923076,2.0141480486703798
allsky_sfc_sw_dwn_ene,Alberti,26.139032258064514,1.3881544454711965
allsky_sfc_sw_dwn_ene,Almirante Brown,23.532639296187686,1.687659123523523
allsky_sfc_sw_dwn_ene,Anta,23.21341311134235,1.788106530797801
allsky_sfc_sw_dwn_ene,Apostoles,23.320500556173524,1.8720780961259864
allsky_sfc_sw_dwn_ene,Arrecifes,25.771088709677418,1.2482250719659143
allsky_sfc_sw_dwn_ene,Atreuco,27.889011446409988,1.2483334542543651
allsky_sfc_sw_dwn_ene,Avellaneda,24.317642679900743,1.8745369477225458
allsky_sfc_sw_dwn_ene,Ayacucho,26.14283225806452,1.2439996899611296
allsky_sfc_sw_dwn_ene,Azul,26.168739919354838,1.2934902101022874
allsky_sfc_sw_dwn_ene,Balcarce,26.160332355816227,1.0450009910576403
allsky_sfc_sw_dwn_ene,Banda,23.56936827956989,1.9602216017681326
allsky_sfc_sw_dwn_ene,Baradero,25.877398543184185,1.3162557864734319
allsky_sfc_sw_dwn_ene,Belgrano,25.65311117035457,1.3651158916391681
allsky_sfc_sw_dwn_ene,Bella Vista,24.398632258064517,1.6590769791734936
allsky_sfc_sw_dwn_ene,Benito Juarez,26.402663891779397,1.0246957907248635
allsky_sfc_sw_dwn_ene,Bermejo,24.323986175115206,1.7825969754355295
allsky_sfc_sw_dwn_ene,Beron De Astrada,24.063612903225806,1.9970315647507852
allsky_sfc_sw_dwn_ene,Bolivar,26.15733870967742,1.3698945055474512
allsky_sfc_sw_dwn_ene,Bragado,26.006058467741937,1.3041522158644308
allsky_sfc_sw_dwn_ene,Brandsen,25.79346349745331,1.48535166439153
allsky_sfc_sw_dwn_ene,Burruyacu,23.35247311827957,1.8847271712493625
allsky_sfc_sw_dwn_ene,Cachi,27.32925996204934,1.5803387818799697
allsky_sfc_sw_dwn_ene,Cainguas,23.21015572858732,1.8548744048272232
allsky_sfc_sw_dwn_ene,Calamuchita,25.124905450500556,1.4187516113910363
allsky_sfc_sw_dwn_ene,Campana,26.146219758064515,1.3651755545776478
allsky_sfc_sw_dwn_ene,Candelaria,23.454828303850157,1.9065848296593773
allsky_sfc_sw_dwn_ene,Canuelas,25.70952688172043,1.4212505283084729
allsky_sfc_sw_dwn_ene,Capayan,27.394129032258064,1.3159143504792583
allsky_sfc_sw_dwn_ene,Capital,27.753904615609684,1.3207549425832734
allsky_sfc_sw_dwn_ene,Capitan Sarmiento,26.047288306451613,1.1572874005552687
allsky_sfc_sw_dwn_ene,Carlos Casares,26.525591397849464,1.4605293331719982
allsky_sfc_sw_dwn_ene,Carlos Tejedor,26.699254032258064,1.543593852253776
allsky_sfc_sw_dwn_ene,Carmen De Areco,26.151150537634408,0.9826852231646397
allsky_sfc_sw_dwn_ene,Caseros,25.727924731182796,1.5044228542267402
allsky_sfc_sw_dwn_ene,Castellanos,25.584703433922996,1.4974658620969081
allsky_sfc_sw_dwn_ene,Castelli,25.770596285434994,1.3999222842475791
allsky_sfc_sw_dwn_ene,Catrilo,27.363010752688172,1.4574716640738563
allsky_sfc_sw_dwn_ene,Cerrillos,22.809344432882416,1.4580602732925974
allsky_sfc_sw_dwn_ene,Chacabuco,25.954422092608024,1.2375942278307703
allsky_sfc_sw_dwn_ene,Chapaleufu,27.2076944971537,1.5480933538012829
allsky_sfc_sw_dwn_ene,Chascomus,25.788316532258065,1.3755513723189179
allsky_sfc_sw_dwn_ene,Chicoana,22.964205495818398,1.5157548069946574
allsky_sfc_sw_dwn_ene,Chivilcoy,25.754474505723206,1.2652564591149853
allsky_sfc_sw_dwn_ene,Choya,24.212121588089328,2.0298081498679017
allsky_sfc_sw_dwn_ene,Colon,25.883821339950373,1.4477339661208675
allsky_sfc_sw_dwn_ene,Comandante Fernandez,24.153472485768503,1.6301059459446468
allsky_sfc_sw_dwn_ene,Concepcion,24.177797328119908,1.7101651080302414
allsky_sfc_sw_dwn_ene,Concordia,25.060987903225808,1.6905239510714978
allsky_sfc_sw_dwn_ene,Conhelo,27.72945920303605,1.3698265475648082
allsky_sfc_sw_dwn_ene,Copo,24.168890322580648,2.0202397750083625
allsky_sfc_sw_dwn_ene,Coronel Dorrego,27.340614919354838,1.3020120411776495
allsky_sfc_sw_dwn_ene,Coronel Pringles,26.79838387096774,1.3266659199370319
allsky_sfc_sw_dwn_ene,Coronel Suarez,26.73875,1.3490040504383567
allsky_sfc_sw_dwn_ene,Cruz Alta,22.827406947890818,1.500225427336298
allsky_sfc_sw_dwn_ene,Curuzu Cuatia,24.624645161290324,1.8780966910987738
allsky_sfc_sw_dwn_ene,Daireaux,26.454173998044965,1.2534727435012414
allsky_sfc_sw_dwn_ene,Diamante,25.383427419354838,1.339748514976183
allsky_sfc_sw_dwn_ene,Dolores,25.78624349635796,1.4148371321948827
allsky_sfc_sw_dwn_ene,Dr. Manuel Belgrano,22.564608294930878,1.4761262870168794
allsky_sfc_sw_dwn_ene,El Alto,24.482795698924733,1.6454280516855697
allsky_sfc_sw_dwn_ene,El Carmen,22.635806451612904,1.5143437212207453
allsky_sfc_sw_dwn_ene,Eldorado,23.041002304147465,2.092519834926798
allsky_sfc_sw_dwn_ene,Empedrado,24.186973886328726,1.7781974366142779
allsky_sfc_sw_dwn_ene,Esquina,24.969310850439886,1.516507889048961
allsky_sfc_sw_dwn_ene,Exaltacion De La Cruz,25.884010752688173,1.2747919735912356
allsky_sfc_sw_dwn_ene,Federacion,24.9890625,1.8037379244818215
allsky_sfc_sw_dwn_ene,Federal,24.905826612903226,1.722554000849134
allsky_sfc_sw_dwn_ene,Feliciano,25.658720083246617,1.5135043088757885
allsky_sfc_sw_dwn_ene,Figueroa,23.48662239089184,1.6478402094404314
allsky_sfc_sw_dwn_ene,Florentino Ameghino,26.380614439324116,1.461543041968008
allsky_sfc_sw_dwn_ene,Formosa,23.762887096774193,2.0268771258086
allsky_sfc_sw_dwn_ene,Fray Justo Santa Maria De Oro,24.469506048387096,1.6770013867012108
allsky_sfc_sw_dwn_ene,Garay,25.589510155316606,1.2356170890424656
allsky_sfc_sw_dwn_ene,General Alvarado,26.24819159335288,1.3051720434798575
allsky_sfc_sw_dwn_ene,General Alvear,26.275150884495318,1.1770321192174782
allsky_sfc_sw_dwn_ene,General Arenales,25.950707596253903,1.5014527487427909
allsky_sfc_sw_dwn_ene,General Belgrano,25.78405745967742,1.3703797209635493
allsky_sfc_sw_dwn_ene,General Donovan,24.174627791563275,1.6334159757330267
allsky_sfc_sw_dwn_ene,General Guemes,22.326655348047538,1.8774529056841633
allsky_sfc_sw_dwn_ene,General Guido,26.075089605734767,1.2432201963781024
allsky_sfc_sw_dwn_ene,General Jose De San Martin,23.021681329423267,1.445024481296116
allsky_sfc_sw_dwn_ene,General Juan Madariaga,25.903820564516128,1.389585669947542
allsky_sfc_sw_dwn_ene,General La Madrid,26.717233626588463,1.3334992681152429
allsky_sfc_sw_dwn_ene,General Las Heras,26.29127688172043,1.423931237779459
allsky_sfc_sw_dwn_ene,General Lavalle,25.347380645161294,0.868843543263589
allsky_sfc_sw_dwn_ene,General Lopez,25.988004032258065,1.5008125118348075
allsky_sfc_sw_dwn_ene,General Manuel Belgrano,23.415761957730812,2.0134490034714894
allsky_sfc_sw_dwn_ene,General Obligado,24.667439516129033,1.7159881330153353
allsky_sfc_sw_dwn_ene,General Paz,26.675114601018674,1.226883149891016
allsky_sfc_sw_dwn_ene,General Pedernera,27.368563049853375,1.4168100903935374
allsky_sfc_sw_dwn_ene,General Pinto,26.048980228928198,1.4795506158802425
allsky_sfc_sw_dwn_ene,General Pueyrredon,25.925434995112415,1.1289840085347245
allsky_sfc_sw_dwn_ene,General Roca,25.617237903225806,1.3102009993274002
allsky_sfc_sw_dwn_ene,General Rodriguez,26.314292803970222,1.370009826314232
allsky_sfc_sw_dwn_ene,General San Martin,25.721508844953174,1.2995810295993868
allsky_sfc_sw_dwn_ene,General Taboada,23.990264976958525,2.0050463680657327
allsky_sfc_sw_dwn_ene,General Viamonte,26.17657869012708,1.3528424519943247
allsky_sfc_sw_dwn_ene,General Villegas,27.313236929922137,1.64623971720459
allsky_sfc_sw_dwn_ene,Gobernador Dupuy,27.872019635343623,1.4673831768608654
allsky_sfc_sw_dwn_ene,Goya,24.668290322580646,1.6778244094335257
allsky_sfc_sw_dwn_ene,Graneros,22.650992555831262,1.842647931641851
allsky_sfc_sw_dwn_ene,Gualeguay,25.99500520291363,1.3127299293067591
allsky_sfc_sw_dwn_ene,Gualeguaychu,26.237950052029138,1.3624977969181884
allsky_sfc_sw_dwn_ene,Guamini,27.268225806451614,1.4125774169510845
allsky_sfc_sw_dwn_ene,Guarani,23.45596253902185,1.9284591083497085
allsky_sfc_sw_dwn_ene,Guasayan,23.8154094292804,1.9627822473020737
allsky_sfc_sw_dwn_ene,Guatrache,27.53955913978495,1.35912499180863
allsky_sfc_sw_dwn_ene,Hipolito Yrigoyen,26.218347996089932,1.2150689895260487
allsky_sfc_sw_dwn_ene,Hucal,27.791240694789085,1.3151830334940031
allsky_sfc_sw_dwn_ene,Iguazu,23.203726362625137,2.062028697697463
allsky_sfc_sw_dwn_ene,Independencia,24.22185958254269,1.7446849884924431
allsky_sfc_sw_dwn_ene,Iriondo,25.69827620967742,1.3939323564587702
allsky_sfc_sw_dwn_ene,Ischilin,25.109989594172735,1.4073438165545216
allsky_sfc_sw_dwn_ene,Itati,24.248863955119216,1.6521808209278341
allsky_sfc_sw_dwn_ene,Ituzaingo,23.859646697388634,1.9959125007794185
allsky_sfc_sw_dwn_ene,Jimenez,23.41643870967742,1.9192620346227411
allsky_sfc_sw_dwn_ene,Juan F. Ibarra,24.087096774193547,2.022883782397389
allsky_sfc_sw_dwn_ene,Juan Martin De Pueyrredon,27.752565982404693,1.3704648123413605
allsky_sfc_sw_dwn_ene,Juarez Celman,26.1230255839822,1.666246446881926
allsky_sfc_sw_dwn_ene,Junin,26.0872345756342,1.09667912636496
allsky_sfc_sw_dwn_ene,La Caldera,22.80970546984572,1.3959409308167114
allsky_sfc_sw_dwn_ene,La Candelaria,22.909240374609784,1.3825766675851512
allsky_sfc_sw_dwn_ene,La Capital,25.76045362903226,1.2744561824706762
allsky_sfc_sw_dwn_ene,La Cocha,22.406660341555977,1.8029814882281943
allsky_sfc_sw_dwn_ene,La Paz,25.09843912591051,1.5533637498271176
allsky_sfc_sw_dwn_ene,La Plata,26.112885304659496,1.5130467254004598
allsky_sfc_sw_dwn_ene,La Vina,22.94094193548387,1.5560861928829286
allsky_sfc_sw_dwn_ene,Laishi,23.960588235294118,2.139075296058384
allsky_sfc_sw_dwn_ene,Laprida,26.42391259105099,1.2647766703883407
allsky_sfc_sw_dwn_ene,Las Colonias,25.584703433922996,1.4974658620969081
allsky_sfc_sw_dwn_ene,Las Flores,26.128709677419355,1.329624329494499
allsky_sfc_sw_dwn_ene,Lavalle,24.308448540706607,1.5088440304453914
allsky_sfc_sw_dwn_ene,Leales,22.650992555831262,1.842647931641851
allsky_sfc_sw_dwn_ene,Leandro N. Alem,26.143840132827325,1.4813050517121595
allsky_sfc_sw_dwn_ene,Ledesma,22.102394540942928,1.9049896849253054
allsky_sfc_sw_dwn_ene,Libertad,23.337506203473943,1.8341702551655232
allsky_sfc_sw_dwn_ene,Libertador General San Martin,23.97377085650723,1.695696906424382
allsky_sfc_sw_dwn_ene,Lincoln,25.955587929240373,1.4974451879077393
allsky_sfc_sw_dwn_ene,Loberia,25.88798387096774,1.15629560350052
allsky_sfc_sw_dwn_ene,Lobos,26.00523185483871,1.3180754866021747
allsky_sfc_sw_dwn_ene,Loreto,23.911241935483872,1.9232444936867237
allsky_sfc_sw_dwn_ene,Lujan,26.21652445369407,1.0229806846481582
allsky_sfc_sw_dwn_ene,Magdalena,25.487249575551782,1.5813005347806295
allsky_sfc_sw_dwn_ene,Maipu,24.177844461115278,1.6077695993680856
allsky_sfc_sw_dwn_ene,Mar Chiquita,25.892355816226786,1.138362166214046
allsky_sfc_sw_dwn_ene,Maraco,27.871451612903225,1.2172459542921574
allsky_sfc_sw_dwn_ene,Marcos Juarez,25.95313508064516,1.4332744685818009
allsky_sfc_sw_dwn_ene,Marcos Paz,26.434502688172042,1.1751285385471706
allsky_sfc_sw_dwn_ene,Mayor Luis J. Fontana,,
allsky_sfc_sw_dwn_ene,Mburucuya,24.348356374807988,1.6702748030918506
allsky_sfc_sw_dwn_ene,Mercedes,26.18003131850924,1.1903545790310934
allsky_sfc_sw_dwn_ene,Metan,23.01885304659498,1.8762865045757615
allsky_sfc_sw_dwn_ene,Mitre,24.48615053763441,1.8850003616474795
allsky_sfc_sw_dwn_ene,Monte,25.812375366568915,1.4032993070715565
allsky_sfc_sw_dwn_ene,Monte Caseros,24.72591935483871,1.9206836970806351
allsky_sfc_sw_dwn_ene,Montecarlo,22.871476426799006,2.0095534745045875
allsky_sfc_sw_dwn_ene,Moreno,23.712851196670137,1.8520643975726057
allsky_sfc_sw_dwn_ene,Navarro,25.949157127991676,1.300463680154946
allsky_sfc_sw_dwn_ene,Necochea,26.132913978494624,1.0587736963890324
allsky_sfc_sw_dwn_ene,Nogoya,25.838165322580647,1.3820119452451844
allsky_sfc_sw_dwn_ene,O'Higgins,24.24437927663734,1.7667107600471523
allsky_sfc_sw_dwn_ene,Obera,23.291129032258063,1.8996143641115688
allsky_sfc_sw_dwn_ene,Olavarria,26.258324661810615,1.2271910810841875
allsky_sfc_sw_dwn_ene,Oran,21.90132258064516,1.871693348901261
allsky_sfc_sw_dwn_ene,Palpala,22.564668930390493,1.5414273782606147
allsky_sfc_sw_dwn_ene,Parana,25.633610822060355,1.5257550774941455
allsky_sfc_sw_dwn_ene,Paso De Los Libres,24.306397849462368,2.2537436238989814
allsky_sfc_sw_dwn_ene,Patagones,26.24504516129032,1.3654077258158668
allsky_sfc_sw_dwn_ene,Patino,24.040017921146955,1.879096121504236
allsky_sfc_sw_dwn_ene,Pehuajo,26.525591397849464,1.4605293331719982
allsky_sfc_sw_dwn_ene,Pellegrini,23.87069043576684,1.907992968518336
allsky_sfc_sw_dwn_ene,Pergamino,25.706545265348595,1.3008436526983214
allsky_sfc_sw_dwn_ene,Pila,26.090956221198155,1.2016028544547643
allsky_sfc_sw_dwn_ene,Pilagas,23.6918458781362,1.8279470451230806
allsky_sfc_sw_dwn_ene,Pilar,26.324260289210233,1.364190383870105
allsky_sfc_sw_dwn_ene,Pilcomayo,23.71057724957555,1.7783205619434095
allsky_sfc_sw_dwn_ene,Pirane,23.993429541595926,1.8374097278934043
allsky_sfc_sw_dwn_ene,Pocho,25.69503893214683,1.5287815579679798
allsky_sfc_sw_dwn_ene,Presidencia De La Plaza,24.02131182795699,1.7286283706661538
allsky_sfc_sw_dwn_ene,Presidente Roque Saenz Pena,25.791118279569893,1.5198762410013325
allsky_sfc_sw_dwn_ene,Puan,26.207802419354838,1.3626843433581552
allsky_sfc_sw_dwn_ene,Quemu Quemu,27.33611954459203,1.4437589474602774
allsky_sfc_sw_dwn_ene,Quitilipi,24.159311827956987,1.6173235750910036
allsky_sfc_sw_dwn_ene,Ramallo,25.737076612903227,1.2896455870665946
allsky_sfc_sw_dwn_ene,Rancul,27.299781783681215,1.5387786363668312
allsky_sfc_sw_dwn_ene,Rauch,26.18175953079179,1.2753140237102352
allsky_sfc_sw_dwn_ene,Realico,27.327603686635946,1.5248899592446237
allsky_sfc_sw_dwn_ene,Rio Cuarto,26.380811654526532,1.5503378703083268
allsky_sfc_sw_dwn_ene,Rio Hondo,23.894502103786817,2.0580029258341774
allsky_sfc_sw_dwn_ene,Rio Primero,25.694604105571845,1.5909899475547074
allsky_sfc_sw_dwn_ene,Rio Seco,25.43134235171696,1.6689892718979766
allsky_sfc_sw_dwn_ene,Rio Segundo,25.88185223725286,1.5083982632655606
allsky_sfc_sw_dwn_ene,Rivadavia,26.16634125636672,1.370144356748789
allsky_sfc_sw_dwn_ene,Robles,24.15545582047686,1.7767479742618388
allsky_sfc_sw_dwn_ene,Rojas,25.913080124869925,1.190656568928055
allsky_sfc_sw_dwn_ene,Roque Perez,26.019902248289345,1.3000515065359979
allsky_sfc_sw_dwn_ene,Rosario,25.720055617352614,1.2880943868039847
allsky_sfc_sw_dwn_ene,Rosario De La Frontera,22.951311134235173,1.9130294268974013
allsky_sfc_sw_dwn_ene,Rosario De Lerma,22.699942396313364,1.3722336303511826
allsky_sfc_sw_dwn_ene,Saavedra,27.268804554079697,1.3819487581641654
allsky_sfc_sw_dwn_ene,Saladas,24.394354838709678,1.577620035930505
allsky_sfc_sw_dwn_ene,Saladillo,25.974274193548386,1.2937290258732552
allsky_sfc_sw_dwn_ene,Salliquelo,26.87708699902248,1.4470867283100537
allsky_sfc_sw_dwn_ene,Salto,25.744276795005206,1.2594564039109708
allsky_sfc_sw_dwn_ene,San Alberto,25.267335722819595,1.381529277902692
allsky_sfc_sw_dwn_ene,San Andres De Giles,26.06421505376344,1.2403796993877418
allsky_sfc_sw_dwn_ene,San Antonio,22.723513824884794,1.3651279583306437
allsky_sfc_sw_dwn_ene,San Antonio De Areco,26.020956989247313,1.1914956809032937
allsky_sfc_sw_dwn_ene,San Cayetano,26.37332949308756,0.9443395617028948
allsky_sfc_sw_dwn_ene,San Cosme,24.062873900293255,1.6579804198134904
allsky_sfc_sw_dwn_ene,San Cristobal,25.398236559139786,1.5718176871622025
allsky_sfc_sw_dwn_ene,San Fernando,24.26309053069719,1.7781767833179971
allsky_sfc_sw_dwn_ene,San Ignacio,23.46568409343715,1.8657256023576045
allsky_sfc_sw_dwn_ene,San Javier,23.479471220746365,1.8451042839578522
allsky_sfc_sw_dwn_ene,San Jeronimo,24.692227822580644,1.7248429927771116
allsky_sfc_sw_dwn_ene,San Justo,25.14336405529954,1.413748935869412
allsky_sfc_sw_dwn_ene,San Lorenzo,25.45241679467486,1.2863475880846238
allsky_sfc_sw_dwn_ene,San Luis Del Palmar,24.343440860215054,1.6815351594725856
allsky_sfc_sw_dwn_ene,San Martin,25.5531172149473,1.5217641449255546
allsky_sfc_sw_dwn_ene,San Miguel,24.31407624633431,1.717098537532659
allsky_sfc_sw_dwn_ene,San Nicolas,25.72431085043988,1.2714515408263722
allsky_sfc_sw_dwn_ene,San Pedro,25.9786607662746,1.2506082673976613
allsky_sfc_sw_dwn_ene,San Roque,24.391986417657044,1.5940601323874901
allsky_sfc_sw_dwn_ene,San Salvador,25.85594470046083,1.3577185021815166
allsky_sfc_sw_dwn_ene,San Vicente,25.828879456706282,1.4277587404826626
allsky_sfc_sw_dwn_ene,Santa Barbara,21.868719758064515,1.9080986219291323
allsky_sfc_sw_dwn_ene,Santa Maria,25.182792338709678,1.3782157129068167
allsky_sfc_sw_dwn_ene,Santa Rosa,24.53468817204301,1.725905143567825
allsky_sfc_sw_dwn_ene,Santo Tome,23.941950146627565,1.9274172003851273
allsky_sfc_sw_dwn_ene,Sargento Cabral,24.235763440860215,1.8019422876412454
allsky_sfc_sw_dwn_ene,Sarmiento,23.982025089605735,2.0810734413679315
allsky_sfc_sw_dwn_ene,Sauce,24.746080645161292,1.8579713953833532
allsky_sfc_sw_dwn_ene,Silipica,24.318165322580647,1.9694152121248771
allsky_sfc_sw_dwn_ene,Simoca,22.266086021505377,1.8754492365717168
allsky_sfc_sw_dwn_ene,Sobremonte,25.230029325513193,1.5969152784390215
allsky_sfc_sw_dwn_ene,Suipacha,26.14119815668203,1.0166828092448332
allsky_sfc_sw_dwn_ene,Tafi Del Valle,22.73425499231951,1.4987011810787985
allsky_sfc_sw_dwn_ene,Tala,25.103800403225808,1.6919109446580176
allsky_sfc_sw_dwn_ene,Tandil,26.46843597262952,1.0323813501265156
allsky_sfc_sw_dwn_ene,Tapalque,26.287301075268818,1.1330136078353548
allsky_sfc_sw_dwn_ene,Tercero Arriba,25.680967741935483,1.5608876683419064
allsky_sfc_sw_dwn_ene,Toay,27.662139784946238,1.4312539056832367
allsky_sfc_sw_dwn_ene,Tordillo,27.999144460028052,0.9806198031173808
allsky_sfc_sw_dwn_ene,Tornquist,27.68375,1.2178180300252759
allsky_sfc_sw_dwn_ene,Totoral,25.12097814776275,1.405466038923976
allsky_sfc_sw_dwn_ene,Trancas,22.8573715651135,1.4793088156940224
allsky_sfc_sw_dwn_ene,Trenel,27.287827324478176,1.52928057943904
allsky_sfc_sw_dwn_ene,Trenque Lauquen,26.667018572825025,1.5305274544086565
allsky_sfc_sw_dwn_ene,Tres Arroyos,26.732736373748608,1.325046491973717
allsky_sfc_sw_dwn_ene,Tres Lomas,27.193997194950914,1.3004112916220092
allsky_sfc_sw_dwn_ene,Tulumba,25.14960899315738,1.3666558181833683
allsky_sfc_sw_dwn_ene,Union,26.012809573361082,1.4159801087431336
allsky_sfc_sw_dwn_ene,Uruguay,25.6146875,1.5047568025113798
allsky_sfc_sw_dwn_ene,Utracan,27.285252016129032,1.5635191052376638
allsky_sfc_sw_dwn_ene,Vera,24.87913631633715,1.5438760730970256
allsky_sfc_sw_dwn_ene,Victoria,25.384443288241414,1.3618820904802977
allsky_sfc_sw_dwn_ene,Villa Constitucion,25.716008064516128,1.2921986225232636
allsky_sfc_sw_dwn_ene,Villaguay,25.283840725806453,1.4955124852810378
allsky_sfc_sw_dwn_ene,Villarino,26.254203629032258,1.391038470524922
allsky_sfc_sw_dwn_ene,Zarate,26.020956989247313,1.1914956809032937
allsky_sfc_sw_dwn_feb,12 De Octubre,21.757379832810866,1.6844574463727886
allsky_sfc_sw_dwn_feb,1° De Mayo,22.29613711001642,1.99855135839942
allsky_sfc_sw_dwn_feb,2 De Abril,22.013532723434203,1.823541459678344
allsky_sfc_sw_dwn_feb,25 De Mayo,22.896201012121924,1.8011608362592717
allsky_sfc_sw_dwn_feb,9 De Julio,22.825552712828696,1.7806615336875107
allsky_sfc_sw_dwn_feb,Adolfo Alsina,22.979674951485297,1.90844583663102
allsky_sfc_sw_dwn_feb,Adolfo Gonzales Chaves,23.24511584051724,1.4311542905769181
allsky_sfc_sw_dwn_feb,Aguirre,21.30450738916256,1.7333524050427958
allsky_sfc_sw_dwn_feb,Alberdi,22.044655646078063,1.9744561196498969
allsky_sfc_sw_dwn_feb,Alberti,22.810866836167172,2.0174550154398743
allsky_sfc_sw_dwn_feb,Almirante Brown,21.535734064785792,1.6436335238389264
allsky_sfc_sw_dwn_feb,Anta,21.485316621643094,1.6124663661387295
allsky_sfc_sw_dwn_feb,Apostoles,21.140109988109394,1.6908621017144505
allsky_sfc_sw_dwn_feb,Arrecifes,22.556975061576356,1.9417468278959098
allsky_sfc_sw_dwn_feb,Atreuco,24.241221595423486,1.3565903415099108
allsky_sfc_sw_dwn_feb,Avellaneda,22.427761462675257,2.114334084378564
allsky_sfc_sw_dwn_feb,Ayacucho,22.655603325123153,1.5112085958477794
allsky_sfc_sw_dwn_feb,Azul,22.90909328817734,1.5323459016512255
allsky_sfc_sw_dwn_feb,Balcarce,22.642628750559787,1.4974062031904423
allsky_sfc_sw_dwn_feb,Banda,21.783527298850576,2.04895191886924
allsky_sfc_sw_dwn_feb,Baradero,22.209183616716988,1.9400021245597387
allsky_sfc_sw_dwn_feb,Belgrano,22.315228595855558,1.7789769344004203
allsky_sfc_sw_dwn_feb,Bella Vista,21.437333497536947,1.7777753586247773
allsky_sfc_sw_dwn_feb,Benito Juarez,23.018507071349116,1.4178735135287348
allsky_sfc_sw_dwn_feb,Bermejo,21.804991203377902,1.7075036193488469
allsky_sfc_sw_dwn_feb,Beron De Astrada,21.78193596059113,1.924404074874102
allsky_sfc_sw_dwn_feb,Bolivar,22.728113454433498,1.9922660172597437
allsky_sfc_sw_dwn_feb,Bragado,22.76537754002463,1.7549090360350874
allsky_sfc_sw_dwn_feb,Brandsen,22.535321493388643,2.1071022247858977
allsky_sfc_sw_dwn_feb,Burruyacu,21.3933689107827,1.8282547968617964
allsky_sfc_sw_dwn_feb,Cachi,25.825322370327438,2.020282742139197
allsky_sfc_sw_dwn_feb,Cainguas,21.01399269577034,1.6081621259231906
allsky_sfc_sw_dwn_feb,Calamuchita,21.77109690844233,2.018205141710487
allsky_sfc_sw_dwn_feb,Campana,22.851367764778324,2.081475906614855
allsky_sfc_sw_dwn_feb,Candelaria,21.540949467662482,1.6904469669220972
allsky_sfc_sw_dwn_feb,Canuelas,22.238706896551722,1.8716733568478077
allsky_sfc_sw_dwn_feb,Capayan,25.421413793103447,1.4005894689828806
allsky_sfc_sw_dwn_feb,Capital,24.11602484836299,1.5355996669614298
allsky_sfc_sw_dwn_feb,Capitan Sarmiento,22.974321505541873,1.9525646010563116
allsky_sfc_sw_dwn_feb,Carlos Casares,23.23179131213614,1.905191402916565
allsky_sfc_sw_dwn_feb,Carlos Tejedor,23.10728217364532,1.8047345873538865
allsky_sfc_sw_dwn_feb,Carmen De Areco,22.986642036124795,2.0176424184524135
allsky_sfc_sw_dwn_feb,Caseros,22.396963054187193,1.7359123029927632
allsky_sfc_sw_dwn_feb,Castellanos,22.091008263149533,1.661170655938124
allsky_sfc_sw_dwn_feb,Castelli,22.440256754739515,1.711851147489514
allsky_sfc_sw_dwn_feb,Catrilo,23.762041349455146,1.5119493757635323
allsky_sfc_sw_dwn_feb,Cerrillos,21.384576513586527,1.539434318504471
allsky_sfc_sw_dwn_feb,Chacabuco,22.607116136185994,1.948687006350779
allsky_sfc_sw_dwn_feb,Chapaleufu,23.621623080266588,1.648705905052854
allsky_sfc_sw_dwn_feb,Chascomus,22.52613185036946,1.8183261636271253
allsky_sfc_sw_dwn_feb,Chicoana,21.352562488596973,1.666382873503046
allsky_sfc_sw_dwn_feb,Chivilcoy,22.558334657556014,1.97382850774614
allsky_sfc_sw_dwn_feb,Choya,21.993145604395604,2.0809066418102646
allsky_sfc_sw_dwn_feb,Colon,22.55576959165629,1.6992598880226557
allsky_sfc_sw_dwn_feb,Comandante Fernandez,21.880310055056505,1.7635231223915504
allsky_sfc_sw_dwn_feb,Concepcion,21.39131997313032,1.8287779761123497
allsky_sfc_sw_dwn_feb,Concordia,21.53684421182266,1.6537361470610659
allsky_sfc_sw_dwn_feb,Conhelo,24.09896298174442,1.5295634846318353
allsky_sfc_sw_dwn_feb,Copo,22.055670443349754,2.0143553814564816
allsky_sfc_sw_dwn_feb,Coronel Dorrego,23.646734528940886,1.3373102557728689
allsky_sfc_sw_dwn_feb,Coronel Pringles,23.56314236453202,1.5467344683788764
allsky_sfc_sw_dwn_feb,Coronel Suarez,23.61534213362069,1.4972945079364275
allsky_sfc_sw_dwn_feb,Cruz Alta,21.07455901856764,1.4145585256890802
allsky_sfc_sw_dwn_feb,Curuzu Cuatia,21.543534482758623,1.990481202769501
allsky_sfc_sw_dwn_feb,Daireaux,23.333724436483056,1.5526525976832772
allsky_sfc_sw_dwn_feb,Diamante,21.790214747536947,1.729781783966572
allsky_sfc_sw_dwn_feb,Dolores,22.501108374384234,1.6607199915060404
allsky_sfc_sw_dwn_feb,Dr. Manuel Belgrano,21.03133532723434,1.567601174127494
allsky_sfc_sw_dwn_feb,El Alto,21.73238669950739,1.6877437007846494
allsky_sfc_sw_dwn_feb,El Carmen,21.39266806722689,1.5226224447790957
allsky_sfc_sw_dwn_feb,Eldorado,21.346558321604505,1.7035544775622293
allsky_sfc_sw_dwn_feb,Empedrado,21.340266244428808,1.6750619286569384
allsky_sfc_sw_dwn_feb,Esquina,22.16204881325571,1.8740382725391627
allsky_sfc_sw_dwn_feb,Exaltacion De La Cruz,22.55603366174056,1.8029527541527877
allsky_sfc_sw_dwn_feb,Federacion,21.838898552955666,1.8858083163289157
allsky_sfc_sw_dwn_feb,Federal,21.71257697044335,1.6947820864575727
allsky_sfc_sw_dwn_feb,Feliciano,22.16384117273161,1.859907664627346
allsky_sfc_sw_dwn_feb,Figueroa,21.593052013909013,2.2066834056270594
allsky_sfc_sw_dwn_feb,Florentino Ameghino,22.78899190710767,1.985649501078601
allsky_sfc_sw_dwn_feb,Formosa,21.280291256157636,1.6205651502621592
allsky_sfc_sw_dwn_feb,Fray Justo Santa Maria De Oro,22.370876308497536,1.8911657275767109
allsky_sfc_sw_dwn_feb,Garay,21.5851673964605,1.7633730012698279
allsky_sfc_sw_dwn_feb,General Alvarado,22.901026645768024,2.0398124071532737
allsky_sfc_sw_dwn_feb,General Alvear,22.996137374860957,1.5883492985377605
allsky_sfc_sw_dwn_feb,General Arenales,22.802472588590497,1.9027710945573024
allsky_sfc_sw_dwn_feb,General Belgrano,22.3694611106835,1.879477917474015
allsky_sfc_sw_dwn_feb,General Donovan,21.792531735505875,1.9456423557386238
allsky_sfc_sw_dwn_feb,General Guemes,20.66673558897243,1.6409517461098504
allsky_sfc_sw_dwn_feb,General Guido,22.30255473453749,1.8083752533873787
allsky_sfc_sw_dwn_feb,General Jose De San Martin,21.45478616211375,1.6027406413888545
allsky_sfc_sw_dwn_feb,General Juan Madariaga,22.401012546182265,1.728484043792211
allsky_sfc_sw_dwn_feb,General La Madrid,23.64727011494253,1.4850831028430074
allsky_sfc_sw_dwn_feb,General Las Heras,22.697753489326768,2.043959867309059
allsky_sfc_sw_dwn_feb,General Lavalle,21.9886118226601,1.608565854838127
allsky_sfc_sw_dwn_feb,General Lopez,22.833064963054188,1.9345192210210924
allsky_sfc_sw_dwn_feb,General Manuel Belgrano,20.992621878715816,1.5555772438268878
allsky_sfc_sw_dwn_feb,General Obligado,21.889228371305418,1.819336628073397
allsky_sfc_sw_dwn_feb,General Paz,22.93232110448535,1.618250457955313
allsky_sfc_sw_dwn_feb,General Pedernera,23.673067622033138,2.1337602096000015
allsky_sfc_sw_dwn_feb,General Pinto,22.960487049102177,2.017739672833134
allsky_sfc_sw_dwn_feb,General Pueyrredon,22.483802433198985,1.4000748468940916
allsky_sfc_sw_dwn_feb,General Roca,22.305045412561576,1.7820044241288915
allsky_sfc_sw_dwn_feb,General Rodriguez,22.80198844259189,1.9964644170467807
allsky_sfc_sw_dwn_feb,General San Martin,22.313637374860956,1.8050589008069857
allsky_sfc_sw_dwn_feb,General Taboada,21.975461382828993,1.9325995938906624
allsky_sfc_sw_dwn_feb,General Viamonte,22.75608075832214,1.967460387157042
allsky_sfc_sw_dwn_feb,General Villegas,23.688521318158653,1.626160521717748
allsky_sfc_sw_dwn_feb,Gobernador Dupuy,23.97632362390234,1.7582022590634752
allsky_sfc_sw_dwn_feb,Goya,21.361551724137932,1.7666648885048588
allsky_sfc_sw_dwn_feb,Graneros,20.624234084880637,1.9292458784468676
allsky_sfc_sw_dwn_feb,Gualeguay,22.260796519942794,1.941778705406382
allsky_sfc_sw_dwn_feb,Gualeguaychu,22.44523279834737,2.0471677850558274
allsky_sfc_sw_dwn_feb,Guamini,23.892359528940887,1.3767043680987128
allsky_sfc_sw_dwn_feb,Guarani,21.260417130144603,1.761890670432704
allsky_sfc_sw_dwn_feb,Guasayan,21.853960306934443,1.9983749413278216
allsky_sfc_sw_dwn_feb,Guatrache,24.065653119868635,1.3483206038623075
allsky_sfc_sw_dwn_feb,Hipolito Yrigoyen,23.084406254664877,1.5595889465234458
allsky_sfc_sw_dwn_feb,Hucal,24.147965611974232,1.4312017413510751
allsky_sfc_sw_dwn_feb,Iguazu,21.24686130456939,1.4860123114901242
allsky_sfc_sw_dwn_feb,Independencia,21.917970153578672,1.710611905668756
allsky_sfc_sw_dwn_feb,Iriondo,22.309133697660098,1.7744711545106229
allsky_sfc_sw_dwn_feb,Ischilin,21.688575401239476,1.9219550121853195
allsky_sfc_sw_dwn_feb,Itati,21.495502784322124,1.6871130171508613
allsky_sfc_sw_dwn_feb,Ituzaingo,21.779828172648372,1.920746688119189
allsky_sfc_sw_dwn_feb,Jimenez,21.398941871921185,1.9037477469814006
allsky_sfc_sw_dwn_feb,Juan F. Ibarra,22.012547840090942,1.9858678280282933
allsky_sfc_sw_dwn_feb,Juan Martin De Pueyrredon,24.053025078369902,1.9140576590278444
allsky_sfc_sw_dwn_feb,Juarez Celman,22.639831832852046,1.9045039141855769
allsky_sfc_sw_dwn_feb,Junin,22.595061337223203,2.071119102517848
allsky_sfc_sw_dwn_feb,La Caldera,21.223570357678305,1.4882394676470472
allsky_sfc_sw_dwn_feb,La Candelaria,21.15426545367869,1.4054184277854462
allsky_sfc_sw_dwn_feb,La Capital,22.282141702586205,1.8810701872884241
allsky_sfc_sw_dwn_feb,La Cocha,19.93515864966676,1.7964877206489815
allsky_sfc_sw_dwn_feb,La Paz,22.22478627045924,1.7140054071401514
allsky_sfc_sw_dwn_feb,La Plata,22.700678708264913,1.8525847308360621
allsky_sfc_sw_dwn_feb,La Vina,21.32635320197044,1.6947477545461456
allsky_sfc_sw_dwn_feb,Laishi,21.19607142857143,1.5947735993237484
allsky_sfc_sw_dwn_feb,Laprida,23.323673526140155,1.492361063936575
allsky_sfc_sw_dwn_feb,Las Colonias,22.091008263149533,1.661170655938124
allsky_sfc_sw_dwn_feb,Las Flores,22.70407594417077,1.4434215276283227
allsky_sfc_sw_dwn_feb,Lavalle,21.47708714520291,1.7890961562879366
allsky_sfc_sw_dwn_feb,Leales,20.624234084880637,1.9292458784468676
allsky_sfc_sw_dwn_feb,Leandro N. Alem,22.91124864169806,1.9296009683352011
allsky_sfc_sw_dwn_feb,Ledesma,20.428699791587725,1.7201424500988993
allsky_sfc_sw_dwn_feb,Libertad,21.286027851458886,1.8474487521045564
allsky_sfc_sw_dwn_feb,Libertador General San Martin,21.68224106081196,1.7242481472691624
allsky_sfc_sw_dwn_feb,Lincoln,22.801827427300175,1.9573783897709627
allsky_sfc_sw_dwn_feb,Loberia,22.41348252770936,1.4715028342070984
allsky_sfc_sw_dwn_feb,Lobos,22.542300646551723,1.735010648200468
allsky_sfc_sw_dwn_feb,Loreto,21.901871305418716,2.257223012743474
allsky_sfc_sw_dwn_feb,Lujan,22.95063840775465,1.9760915374380847
allsky_sfc_sw_dwn_feb,Magdalena,22.317018408089186,2.072323517071009
allsky_sfc_sw_dwn_feb,Maipu,21.897496276778554,1.7284151082837238
allsky_sfc_sw_dwn_feb,Mar Chiquita,22.335649723839378,1.5157725816991683
allsky_sfc_sw_dwn_feb,Maraco,24.226120327441322,1.3058151028178244
allsky_sfc_sw_dwn_feb,Marcos Juarez,22.57094327278325,1.833697949333868
allsky_sfc_sw_dwn_feb,Marcos Paz,22.578240455665025,1.9232184828331633
allsky_sfc_sw_dwn_feb,Mayor Luis J. Fontana,,
allsky_sfc_sw_dwn_feb,Mburucuya,21.501349401829696,1.8264038917331178
allsky_sfc_sw_dwn_feb,Mercedes,22.961767181596443,2.0054938781924694
allsky_sfc_sw_dwn_feb,Metan,21.161306787082648,1.7305583170481824
allsky_sfc_sw_dwn_feb,Mitre,22.331824302134645,1.9739714026037494
allsky_sfc_sw_dwn_feb,Monte,22.29716898044484,1.8007798428654727
allsky_sfc_sw_dwn_feb,Monte Caseros,21.95598337438424,2.002655278958745
allsky_sfc_sw_dwn_feb,Montecarlo,21.113616426676774,1.5203320067375259
allsky_sfc_sw_dwn_feb,Moreno,21.75539210233593,1.9189261989967228
allsky_sfc_sw_dwn_feb,Navarro,22.486244239631336,1.6889905204054294
allsky_sfc_sw_dwn_feb,Necochea,22.730998357963873,1.209517744386505
allsky_sfc_sw_dwn_feb,Nogoya,22.165943272783252,1.9571037786177308
allsky_sfc_sw_dwn_feb,O'Higgins,21.866815569487983,1.7105219597817622
allsky_sfc_sw_dwn_feb,Obera,21.147601161154117,1.7213995443570944
allsky_sfc_sw_dwn_feb,Olavarria,23.140833465755602,1.5838731971551026
allsky_sfc_sw_dwn_feb,Oran,20.194902298850575,1.7972938724767045
allsky_sfc_sw_dwn_feb,Palpala,20.98837697692507,1.4719351364133333
allsky_sfc_sw_dwn_feb,Parana,22.21030430637216,1.883779367051163
allsky_sfc_sw_dwn_feb,Paso De Los Libres,21.72459462233169,1.8589271942775552
allsky_sfc_sw_dwn_feb,Patagones,22.807206896551726,2.2797501194447785
allsky_sfc_sw_dwn_feb,Patino,21.48121921182266,1.5031865882647042
allsky_sfc_sw_dwn_feb,Pehuajo,23.23179131213614,1.905191402916565
allsky_sfc_sw_dwn_feb,Pellegrini,21.755191642900357,1.887275386841233
allsky_sfc_sw_dwn_feb,Pergamino,22.304768393453045,1.9278711253180711
allsky_sfc_sw_dwn_feb,Pila,22.766021287825474,1.728443908406164
allsky_sfc_sw_dwn_feb,Pilagas,21.47108032293377,1.3766258058223129
allsky_sfc_sw_dwn_feb,Pilar,22.87369288262273,1.9114018867149152
allsky_sfc_sw_dwn_feb,Pilcomayo,21.342959554057558,1.4497237840765977
allsky_sfc_sw_dwn_feb,Pirane,21.38679932590096,1.517704002517083
allsky_sfc_sw_dwn_feb,Pocho,22.255627229488706,1.9199061292883284
allsky_sfc_sw_dwn_feb,Presidencia De La Plaza,21.635378489326765,1.793008048981642
allsky_sfc_sw_dwn_feb,Presidente Roque Saenz Pena,22.499975369458127,1.7983485805492432
allsky_sfc_sw_dwn_feb,Puan,22.933112299876846,1.9807938951189483
allsky_sfc_sw_dwn_feb,Quemu Quemu,23.78478049840626,1.494757105799012
allsky_sfc_sw_dwn_feb,Quitilipi,21.85044293924466,1.8531039364754085
allsky_sfc_sw_dwn_feb,Ramallo,22.322575046182266,1.9020947825563312
allsky_sfc_sw_dwn_feb,Rancul,23.817980657780353,1.635121732526589
allsky_sfc_sw_dwn_feb,Rauch,23.012064487236902,1.6200640657287004
allsky_sfc_sw_dwn_feb,Realico,23.82119106263195,1.6110083307389038
allsky_sfc_sw_dwn_feb,Rio Cuarto,22.879617034800575,1.792566291297668
allsky_sfc_sw_dwn_feb,Rio Hondo,21.852639216106233,2.031389097106107
allsky_sfc_sw_dwn_feb,Rio Primero,22.30344790267204,1.8076215318517208
allsky_sfc_sw_dwn_feb,Rio Seco,21.852302558398222,1.6581973530761318
allsky_sfc_sw_dwn_feb,Rio Segundo,22.392605275703165,1.8197662612327972
allsky_sfc_sw_dwn_feb,Rivadavia,22.79697206378014,2.0491358517637006
allsky_sfc_sw_dwn_feb,Robles,22.1465094238595,2.079125335646616
allsky_sfc_sw_dwn_feb,Rojas,22.55804107738757,1.9739245521018411
allsky_sfc_sw_dwn_feb,Roque Perez,22.57621212121212,1.7187614352205591
allsky_sfc_sw_dwn_feb,Rosario,22.31738788856803,1.9645890218719058
allsky_sfc_sw_dwn_feb,Rosario De La Frontera,21.126591848085173,1.7446525883341373
allsky_sfc_sw_dwn_feb,Rosario De Lerma,21.452566854327937,1.5338332455260457
allsky_sfc_sw_dwn_feb,Saavedra,23.942713706172125,1.3507356413527714
allsky_sfc_sw_dwn_feb,Saladas,20.864265188834153,1.7481296977036964
allsky_sfc_sw_dwn_feb,Saladillo,22.479966517857143,1.6534475381908709
allsky_sfc_sw_dwn_feb,Salliquelo,23.56304411106135,1.5465296062656166
allsky_sfc_sw_dwn_feb,Salto,22.569792229461306,1.972467469091344
allsky_sfc_sw_dwn_feb,San Alberto,21.92304415252691,2.0368727584728714
allsky_sfc_sw_dwn_feb,San Andres De Giles,22.967058702791462,2.015073823219713
allsky_sfc_sw_dwn_feb,San Antonio,21.34087042575651,1.5977268131779867
allsky_sfc_sw_dwn_feb,San Antonio De Areco,22.95096592775041,2.0079588517918734
allsky_sfc_sw_dwn_feb,San Cayetano,22.902899806474316,1.3481042350705754
allsky_sfc_sw_dwn_feb,San Cosme,21.56224641737573,1.6792671927675613
allsky_sfc_sw_dwn_feb,San Cristobal,22.04893472906404,1.5918290219672127
allsky_sfc_sw_dwn_feb,San Fernando,21.919738598442713,1.748461740027946
allsky_sfc_sw_dwn_feb,San Ignacio,21.448736623067777,1.8213061317383117
allsky_sfc_sw_dwn_feb,San Javier,21.55739389548923,1.701807886008617
allsky_sfc_sw_dwn_feb,San Jeronimo,22.034324969211823,1.8464996992012228
allsky_sfc_sw_dwn_feb,San Justo,21.614214202922547,1.8999628332460377
allsky_sfc_sw_dwn_feb,San Lorenzo,21.774118382985378,1.7842546532715844
allsky_sfc_sw_dwn_feb,San Luis Del Palmar,21.248964930799907,1.5832993100395611
allsky_sfc_sw_dwn_feb,San Martin,22.254598778227574,2.005337933467146
allsky_sfc_sw_dwn_feb,San Miguel,21.517433385579935,1.668530539882054
allsky_sfc_sw_dwn_feb,San Nicolas,22.33123264666368,1.8727991490792741
allsky_sfc_sw_dwn_feb,San Pedro,22.379043321299637,1.8750826567878065
allsky_sfc_sw_dwn_feb,San Roque,21.59128467721027,1.833173318446367
allsky_sfc_sw_dwn_feb,San Salvador,21.803011963406053,1.463567433158856
allsky_sfc_sw_dwn_feb,San Vicente,22.41743388644024,2.134082163057173
allsky_sfc_sw_dwn_feb,Santa Barbara,20.20138161945813,1.7161518016023336
allsky_sfc_sw_dwn_feb,Santa Maria,21.74340555726601,1.9834157453550354
allsky_sfc_sw_dwn_feb,Santa Rosa,21.727743842364532,1.6813898914260044
allsky_sfc_sw_dwn_feb,Santo Tome,21.490260300044785,2.0926353724441076
allsky_sfc_sw_dwn_feb,Sargento Cabral,21.90417036124795,1.7761654705218464
allsky_sfc_sw_dwn_feb,Sarmiento,21.90573754789272,2.1636037917062274
allsky_sfc_sw_dwn_feb,Sauce,21.600200738916257,1.7933176745171318
allsky_sfc_sw_dwn_feb,Silipica,22.092637777093596,2.3891958948262046
allsky_sfc_sw_dwn_feb,Simoca,19.932696223316913,1.9203121042109232
allsky_sfc_sw_dwn_feb,Sobremonte,21.43626959247649,2.1593547201296057
allsky_sfc_sw_dwn_feb,Suipacha,22.897295038705135,2.047085754552654
allsky_sfc_sw_dwn_feb,Tafi Del Valle,21.071341191649076,1.4594363269928219
allsky_sfc_sw_dwn_feb,Tala,21.670214747536946,1.7313809297596863
allsky_sfc_sw_dwn_feb,Tandil,23.052277205553068,1.4850745440639266
allsky_sfc_sw_dwn_feb,Tapalque,23.11877791461412,1.5753394538857317
allsky_sfc_sw_dwn_feb,Tercero Arriba,22.17871305418719,1.9879715344487896
allsky_sfc_sw_dwn_feb,Toay,24.04900328407225,1.5807926227232936
allsky_sfc_sw_dwn_feb,Tordillo,24.080473334761194,1.3646882262660798
allsky_sfc_sw_dwn_feb,Tornquist,24.140688500615763,1.231728494394416
allsky_sfc_sw_dwn_feb,Totoral,21.620545447322424,1.9415444757036082
allsky_sfc_sw_dwn_feb,Trancas,21.063662196679438,1.3882439316180153
allsky_sfc_sw_dwn_feb,Trenel,23.811772312373225,1.6342569279755064
allsky_sfc_sw_dwn_feb,Trenque Lauquen,23.050849380504552,1.8056515095331207
allsky_sfc_sw_dwn_feb,Tres Arroyos,23.29605146933922,1.4595706464558995
allsky_sfc_sw_dwn_feb,Tres Lomas,23.549482223174124,1.4938854224037927
allsky_sfc_sw_dwn_feb,Tulumba,21.73683273622929,1.958762821934029
allsky_sfc_sw_dwn_feb,Union,22.577563562688702,1.8636202728256592
allsky_sfc_sw_dwn_feb,Uruguay,22.18799953817734,1.8574372196622129
allsky_sfc_sw_dwn_feb,Utracan,23.55697352216749,1.6774294454696792
allsky_sfc_sw_dwn_feb,Vera,22.32798188463372,1.633439965907509
allsky_sfc_sw_dwn_feb,Victoria,21.81876450023836,1.750694414150591
allsky_sfc_sw_dwn_feb,Villa Constitucion,22.351407019704432,1.894204439674218
allsky_sfc_sw_dwn_feb,Villaguay,21.91129040948276,1.9588604738326196
allsky_sfc_sw_dwn_feb,Villarino,22.918790794334974,2.0633941629867167
allsky_sfc_sw_dwn_feb,Zarate,22.95096592775041,2.0079588517918734
allsky_sfc_sw_dwn_mar,12 De Octubre,18.784007820136853,1.393793546960896
allsky_sfc_sw_dwn_mar,1° De Mayo,19.059545997610513,1.5137085907613832
allsky_sfc_sw_dwn_mar,2 De Abril,19.056666666666665,1.4950829583591667
allsky_sfc_sw_dwn_mar,25 De Mayo,18.548165804249695,1.2853130199918144
allsky_sfc_sw_dwn_mar,9 De Julio,18.505081781008634,1.2263789679638841
allsky_sfc_sw_dwn_mar,Adolfo Alsina,18.992619745845552,1.477958885052337
allsky_sfc_sw_dwn_mar,Adolfo Gonzales Chaves,18.33014112903226,0.9831423614820414
allsky_sfc_sw_dwn_mar,Aguirre,17.799333333333333,1.5447668257027078
allsky_sfc_sw_dwn_mar,Alberdi,17.662468982630273,1.9807003059304744
allsky_sfc_sw_dwn_mar,Alberti,18.832986472424555,1.4754690206354575
allsky_sfc_sw_dwn_mar,Almirante Brown,18.664799608993157,1.544998008405834
allsky_sfc_sw_dwn_mar,Anta,18.115879292403747,1.5609522021453541
allsky_sfc_sw_dwn_mar,Apostoles,18.561490545050056,1.5304306454591061
allsky_sfc_sw_dwn_mar,Arrecifes,18.55757056451613,1.3524894651136588
allsky_sfc_sw_dwn_mar,Atreuco,19.10624349635796,1.228216127718731
allsky_sfc_sw_dwn_mar,Avellaneda,18.340521091811414,1.8886885967918143
allsky_sfc_sw_dwn_mar,Ayacucho,18.16106451612903,1.0913870018577876
allsky_sfc_sw_dwn_mar,Azul,18.37022177419355,1.3007020370739912
allsky_sfc_sw_dwn_mar,Balcarce,18.138299120234603,1.1266449884384662
allsky_sfc_sw_dwn_mar,Banda,18.063319892473118,2.126337028069511
allsky_sfc_sw_dwn_mar,Baradero,18.769354838709678,1.5760906667455055
allsky_sfc_sw_dwn_mar,Belgrano,18.971508930951746,1.558421968733348
allsky_sfc_sw_dwn_mar,Bella Vista,18.5536,1.4688928657758868
allsky_sfc_sw_dwn_mar,Benito Juarez,18.330437044745057,1.2476640887870218
allsky_sfc_sw_dwn_mar,Bermejo,18.81422811059908,1.4747252552531303
allsky_sfc_sw_dwn_mar,Beron De Astrada,18.428924731182796,1.4641737387103286
allsky_sfc_sw_dwn_mar,Bolivar,18.835655241935484,1.4595245077388648
allsky_sfc_sw_dwn_mar,Bragado,18.4290625,1.2425535534064431
allsky_sfc_sw_dwn_mar,Brandsen,18.511341256366723,1.2355653709568377
allsky_sfc_sw_dwn_mar,Burruyacu,17.649235364396652,1.9577237147221174
allsky_sfc_sw_dwn_mar,Cachi,24.89741935483871,1.0247065517354788
allsky_sfc_sw_dwn_mar,Cainguas,18.418665183537264,1.6346751304928013
allsky_sfc_sw_dwn_mar,Calamuchita,18.57105672969967,1.7245566405558983
allsky_sfc_sw_dwn_mar,Campana,18.866975806451613,1.5093127483417985
allsky_sfc_sw_dwn_mar,Candelaria,18.92035379812695,1.4965990473972661
allsky_sfc_sw_dwn_mar,Canuelas,18.21295698924731,1.2584356603885505
allsky_sfc_sw_dwn_mar,Capayan,22.09816129032258,1.3416380927000304
allsky_sfc_sw_dwn_mar,Capital,19.113551312998318,1.451866931337702
allsky_sfc_sw_dwn_mar,Capitan Sarmiento,19.090060483870968,1.4003948728804776
allsky_sfc_sw_dwn_mar,Carlos Casares,18.784848484848485,1.3620453195194613
allsky_sfc_sw_dwn_mar,Carlos Tejedor,18.609092741935484,1.3762186458991656
allsky_sfc_sw_dwn_mar,Carmen De Areco,19.031709677419357,1.415159552580342
allsky_sfc_sw_dwn_mar,Caseros,18.776258064516128,1.4416082912966277
allsky_sfc_sw_dwn_mar,Castellanos,18.845400624349637,1.5725627833950964
allsky_sfc_sw_dwn_mar,Castelli,18.273695014662756,1.3046518070887894
allsky_sfc_sw_dwn_mar,Catrilo,18.78412512218964,1.443686875582545
allsky_sfc_sw_dwn_mar,Cerrillos,19.49959417273673,1.209630940950088
allsky_sfc_sw_dwn_mar,Chacabuco,18.70837757409832,1.3180623324554706
allsky_sfc_sw_dwn_mar,Chapaleufu,18.934127134724857,1.5776481487726335
allsky_sfc_sw_dwn_mar,Chascomus,18.357439516129034,1.329602978338791
allsky_sfc_sw_dwn_mar,Chicoana,18.786618876941457,1.4848227834438608
allsky_sfc_sw_dwn_mar,Chivilcoy,18.523496357960457,1.3608122232765625
allsky_sfc_sw_dwn_mar,Choya,18.034181141439205,1.9874583342633996
allsky_sfc_sw_dwn_mar,Colon,18.962263972586555,1.4328073979906193
allsky_sfc_sw_dwn_mar,Comandante Fernandez,19.08334914611006,1.3657790074744682
allsky_sfc_sw_dwn_mar,Concepcion,18.539302704463992,1.5535158939219385
allsky_sfc_sw_dwn_mar,Concordia,18.466219758064515,1.7054910759779744
allsky_sfc_sw_dwn_mar,Conhelo,19.062703984819734,1.442495982120834
allsky_sfc_sw_dwn_mar,Copo,17.559483870967743,1.9492037471761516
allsky_sfc_sw_dwn_mar,Coronel Dorrego,18.52101814516129,0.9715483936246008
allsky_sfc_sw_dwn_mar,Coronel Pringles,18.59896129032258,1.1819226846415916
allsky_sfc_sw_dwn_mar,Coronel Suarez,18.561612903225807,1.1604546334065908
allsky_sfc_sw_dwn_mar,Cruz Alta,18.627208436724565,1.4464700552543834
allsky_sfc_sw_dwn_mar,Curuzu Cuatia,18.950145161290322,1.7985469592510341
allsky_sfc_sw_dwn_mar,Daireaux,18.518690127077225,1.262057357777244
allsky_sfc_sw_dwn_mar,Diamante,18.679012096774194,1.5640313997203517
allsky_sfc_sw_dwn_mar,Dolores,18.270842872008323,1.3136667951506455
allsky_sfc_sw_dwn_mar,Dr. Manuel Belgrano,19.422703533026112,1.0499509649924408
allsky_sfc_sw_dwn_mar,El Alto,18.55283870967742,1.7580045757250238
allsky_sfc_sw_dwn_mar,El Carmen,19.432239089184062,1.1929293418307745
allsky_sfc_sw_dwn_mar,Eldorado,18.95073732718894,1.5384847934398838
allsky_sfc_sw_dwn_mar,Empedrado,18.613917050691242,1.3928838367881897
allsky_sfc_sw_dwn_mar,Esquina,19.3283284457478,1.657617264824425
allsky_sfc_sw_dwn_mar,Exaltacion De La Cruz,18.250860215053763,1.3315120237906104
allsky_sfc_sw_dwn_mar,Federacion,18.765100806451613,1.7235247862492182
allsky_sfc_sw_dwn_mar,Federal,18.647006048387098,1.6810009534582884
allsky_sfc_sw_dwn_mar,Feliciano,18.99613943808533,1.597330372310758
allsky_sfc_sw_dwn_mar,Figueroa,18.944535104364327,1.6374075720814363
allsky_sfc_sw_dwn_mar,Florentino Ameghino,18.73336405529954,1.5225153709744843
allsky_sfc_sw_dwn_mar,Formosa,18.307822580645162,1.493030789148692
allsky_sfc_sw_dwn_mar,Fray Justo Santa Maria De Oro,18.97422379032258,1.4932539121700312
allsky_sfc_sw_dwn_mar,Garay,18.58373954599761,1.6662989429534414
allsky_sfc_sw_dwn_mar,General Alvarado,18.955386119257085,1.5386118782845255
allsky_sfc_sw_dwn_mar,General Alvear,18.510478668054112,1.3381783162870473
allsky_sfc_sw_dwn_mar,General Arenales,18.662268470343392,1.3465054744055172
allsky_sfc_sw_dwn_mar,General Belgrano,18.32336441532258,1.2807031844940184
allsky_sfc_sw_dwn_mar,General Donovan,19.2,1.5081045017986892
allsky_sfc_sw_dwn_mar,General Guemes,17.09969156762875,1.5380168766884386
allsky_sfc_sw_dwn_mar,General Guido,18.132927120669056,1.3018437317068459
allsky_sfc_sw_dwn_mar,General Jose De San Martin,18.97676441837732,1.5026838989406872
allsky_sfc_sw_dwn_mar,General Juan Madariaga,18.163155241935485,1.2580044136617936
allsky_sfc_sw_dwn_mar,General La Madrid,18.605826001955034,1.1700770598933519
allsky_sfc_sw_dwn_mar,General Las Heras,19.085591397849463,1.3639245023490487
allsky_sfc_sw_dwn_mar,General Lavalle,17.842193548387097,1.2839629026358697
allsky_sfc_sw_dwn_mar,General Lopez,18.627772177419356,1.3477063623262229
allsky_sfc_sw_dwn_mar,General Manuel Belgrano,18.968743047830923,1.5399253145262024
allsky_sfc_sw_dwn_mar,General Obligado,18.7364314516129,1.4340047938670029
allsky_sfc_sw_dwn_mar,General Paz,18.472695246179967,1.2605641720211682
allsky_sfc_sw_dwn_mar,General Pedernera,19.450131964809383,1.5635217694876433
allsky_sfc_sw_dwn_mar,General Pinto,18.70741935483871,1.4006740758668341
allsky_sfc_sw_dwn_mar,General Pueyrredon,17.582267839687194,1.092376764614299
allsky_sfc_sw_dwn_mar,General Roca,18.884647177419357,1.6150322386923246
allsky_sfc_sw_dwn_mar,General Rodriguez,19.00258064516129,1.341182046553681
allsky_sfc_sw_dwn_mar,General San Martin,18.69131113423517,1.4950437112262536
allsky_sfc_sw_dwn_mar,General Taboada,17.96607142857143,1.9371172240960417
allsky_sfc_sw_dwn_mar,General Viamonte,18.883870967741935,1.4629967960970447
allsky_sfc_sw_dwn_mar,General Villegas,19.02905450500556,1.5505842152987763
allsky_sfc_sw_dwn_mar,Gobernador Dupuy,19.319803646563816,1.6361904913522116
allsky_sfc_sw_dwn_mar,Goya,18.932354838709678,1.527654498441403
allsky_sfc_sw_dwn_mar,Graneros,17.126240694789082,1.8209123050901654
allsky_sfc_sw_dwn_mar,Gualeguay,18.7582726326743,1.5764288962245658
allsky_sfc_sw_dwn_mar,Gualeguaychu,18.8384703433923,1.6264729943780656
allsky_sfc_sw_dwn_mar,Guamini,18.846905241935485,0.9929875772392162
allsky_sfc_sw_dwn_mar,Guarani,18.752122788761707,1.6525526009852738
allsky_sfc_sw_dwn_mar,Guasayan,17.68650124069479,2.0694756029274233
allsky_sfc_sw_dwn_mar,Guatrache,19.0737311827957,1.2571778018928035
allsky_sfc_sw_dwn_mar,Hipolito Yrigoyen,18.4827761485826,1.2547733235602476
allsky_sfc_sw_dwn_mar,Hucal,19.02137717121588,1.210353337382408
allsky_sfc_sw_dwn_mar,Iguazu,19.420400444938824,1.3816976765077549
allsky_sfc_sw_dwn_mar,Independencia,18.73345351043643,1.371760147123224
allsky_sfc_sw_dwn_mar,Iriondo,18.88872983870968,1.6078215137434853
allsky_sfc_sw_dwn_mar,Ischilin,18.51621227887617,1.6252120435153645
allsky_sfc_sw_dwn_mar,Itati,18.801458625525946,1.5199656668223325
allsky_sfc_sw_dwn_mar,Ituzaingo,18.735345622119816,1.5485175837874572
allsky_sfc_sw_dwn_mar,Jimenez,17.761006451612904,2.0346027763446934
allsky_sfc_sw_dwn_mar,Juan F. Ibarra,17.663833746898263,1.982556619584904
allsky_sfc_sw_dwn_mar,Juan Martin De Pueyrredon,19.47766862170088,1.51420624857416
allsky_sfc_sw_dwn_mar,Juarez Celman,18.742480533926585,1.4931522877119576
allsky_sfc_sw_dwn_mar,Junin,18.732586908863137,1.3572720174435988
allsky_sfc_sw_dwn_mar,La Caldera,19.40622720897616,1.1334689677320202
allsky_sfc_sw_dwn_mar,La Candelaria,18.645910509885535,1.3935942181509156
allsky_sfc_sw_dwn_mar,La Capital,18.719284274193548,1.4835189075508806
allsky_sfc_sw_dwn_mar,La Cocha,16.71810246679317,1.6734895377985293
allsky_sfc_sw_dwn_mar,La Paz,19.06825182101977,1.600000792954611
allsky_sfc_sw_dwn_mar,La Plata,18.723279569892473,1.736860307313886
allsky_sfc_sw_dwn_mar,La Vina,18.68687741935484,1.4989747036994672
allsky_sfc_sw_dwn_mar,Laishi,18.352998102466792,1.5901525818839002
allsky_sfc_sw_dwn_mar,Laprida,18.53777315296566,1.1345536737127635
allsky_sfc_sw_dwn_mar,Las Colonias,18.845400624349637,1.5725627833950964
allsky_sfc_sw_dwn_mar,Las Flores,18.309139784946236,1.2243642336419234
allsky_sfc_sw_dwn_mar,Lavalle,18.689293394777263,1.5127888072114435
allsky_sfc_sw_dwn_mar,Leales,17.126240694789082,1.8209123050901654
allsky_sfc_sw_dwn_mar,Leandro N. Alem,18.753740512333966,1.387849498398761
allsky_sfc_sw_dwn_mar,Ledesma,17.032952853598015,1.6055244550596064
allsky_sfc_sw_dwn_mar,Libertad,17.77514888337469,1.7310236906321699
allsky_sfc_sw_dwn_mar,Libertador General San Martin,18.82379866518354,1.5187045190687276
allsky_sfc_sw_dwn_mar,Lincoln,18.66760665972945,1.2185579770171044
allsky_sfc_sw_dwn_mar,Loberia,17.829324596774192,1.1218501527208435
allsky_sfc_sw_dwn_mar,Lobos,18.343629032258065,1.2566335948379466
allsky_sfc_sw_dwn_mar,Loreto,17.9391935483871,2.046973354094279
allsky_sfc_sw_dwn_mar,Lujan,19.043392299687827,1.3925501573847323
allsky_sfc_sw_dwn_mar,Magdalena,18.459609507640067,1.189514113740823
allsky_sfc_sw_dwn_mar,Maipu,19.066546636659165,1.3286343674345258
allsky_sfc_sw_dwn_mar,Mar Chiquita,17.816158357771258,1.1067694848212317
allsky_sfc_sw_dwn_mar,Maraco,19.21209677419355,1.2212419963648635
allsky_sfc_sw_dwn_mar,Marcos Juarez,18.80661290322581,1.3969914205304248
allsky_sfc_sw_dwn_mar,Marcos Paz,18.73543010752688,1.5723897382354013
allsky_sfc_sw_dwn_mar,Mayor Luis J. Fontana,,
allsky_sfc_sw_dwn_mar,Mburucuya,18.468417818740402,1.525630477831466
allsky_sfc_sw_dwn_mar,Mercedes,19.164832445975573,1.4282413882325702
allsky_sfc_sw_dwn_mar,Metan,17.68010752688172,1.78140958885626
allsky_sfc_sw_dwn_mar,Mitre,18.115247311827957,2.07345914235705
allsky_sfc_sw_dwn_mar,Monte,18.25293255131965,1.2453744368891424
allsky_sfc_sw_dwn_mar,Monte Caseros,18.7483064516129,1.8650837982838022
allsky_sfc_sw_dwn_mar,Montecarlo,19.036650124069478,1.5313566627431956
allsky_sfc_sw_dwn_mar,Moreno,18.237284079084287,1.5510376569283566
allsky_sfc_sw_dwn_mar,Navarro,18.30086368366285,1.246982809925231
allsky_sfc_sw_dwn_mar,Necochea,17.88555913978495,1.0136997947678945
allsky_sfc_sw_dwn_mar,Nogoya,18.944788306451613,1.608669753371151
allsky_sfc_sw_dwn_mar,O'Higgins,18.72064516129032,1.3909628675890118
allsky_sfc_sw_dwn_mar,Obera,18.60115207373272,1.5432625009836767
allsky_sfc_sw_dwn_mar,Olavarria,18.610468262226846,1.1597021363322542
allsky_sfc_sw_dwn_mar,Oran,16.98198924731183,1.5948539325676543
allsky_sfc_sw_dwn_mar,Palpala,19.177028862478778,0.9694162671090704
allsky_sfc_sw_dwn_mar,Parana,19.003132154006245,1.608696848731056
allsky_sfc_sw_dwn_mar,Paso De Los Libres,19.04725806451613,1.8319400383824112
allsky_sfc_sw_dwn_mar,Patagones,19.007858064516128,1.5837061289954304
allsky_sfc_sw_dwn_mar,Patino,18.551899641577062,1.514529338509156
allsky_sfc_sw_dwn_mar,Pehuajo,18.784848484848485,1.3620453195194613
allsky_sfc_sw_dwn_mar,Pellegrini,17.74264572722128,2.0912134701284044
allsky_sfc_sw_dwn_mar,Pergamino,18.648876170655566,1.5117237392097718
allsky_sfc_sw_dwn_mar,Pila,18.414320276497698,1.3677851014899067
allsky_sfc_sw_dwn_mar,Pilagas,18.27732974910394,1.4213434913001992
allsky_sfc_sw_dwn_mar,Pilar,18.902691879866516,1.513751089578503
allsky_sfc_sw_dwn_mar,Pilcomayo,18.172988115449915,1.4542487333498328
allsky_sfc_sw_dwn_mar,Pirane,18.60533106960951,1.4901708846457709
allsky_sfc_sw_dwn_mar,Pocho,18.94296996662959,1.8276590688402503
allsky_sfc_sw_dwn_mar,Presidencia De La Plaza,18.819881720430107,1.583795463366039
allsky_sfc_sw_dwn_mar,Presidente Roque Saenz Pena,19.08005376344086,1.5757869907324757
allsky_sfc_sw_dwn_mar,Puan,18.917691532258065,1.5511424779403842
allsky_sfc_sw_dwn_mar,Quemu Quemu,18.80417457305503,1.4264433363492564
allsky_sfc_sw_dwn_mar,Quitilipi,19.136053763440863,1.424959013314162
allsky_sfc_sw_dwn_mar,Ramallo,18.628870967741936,1.4590071497353094
allsky_sfc_sw_dwn_mar,Rancul,18.742049335863378,1.6053669110817776
allsky_sfc_sw_dwn_mar,Rauch,18.43902248289345,1.339836919709077
allsky_sfc_sw_dwn_mar,Realico,18.729456221198156,1.5833361494425402
allsky_sfc_sw_dwn_mar,Rio Cuarto,18.7759209157128,1.4875247641724392
allsky_sfc_sw_dwn_mar,Rio Hondo,17.69936886395512,2.097162753255827
allsky_sfc_sw_dwn_mar,Rio Primero,18.87010752688172,1.6635896252923998
allsky_sfc_sw_dwn_mar,Rio Seco,18.436774193548384,1.659982176268457
allsky_sfc_sw_dwn_mar,Rio Segundo,18.81162330905307,1.62800842410445
allsky_sfc_sw_dwn_mar,Rivadavia,18.95144312393888,1.4093063071999667
allsky_sfc_sw_dwn_mar,Robles,18.343155680224402,1.8273467331663458
allsky_sfc_sw_dwn_mar,Rojas,18.598865764828307,1.3524396908492609
allsky_sfc_sw_dwn_mar,Roque Perez,18.310058651026395,1.251786830217029
allsky_sfc_sw_dwn_mar,Rosario,18.635839822024472,1.5426067035500584
allsky_sfc_sw_dwn_mar,Rosario De La Frontera,17.774058272632676,1.7653428932830655
allsky_sfc_sw_dwn_mar,Rosario De Lerma,19.414539170506913,1.1850624969101882
allsky_sfc_sw_dwn_mar,Saavedra,18.78687855787476,1.1331021929653504
allsky_sfc_sw_dwn_mar,Saladas,18.511236559139785,1.4742384781960363
allsky_sfc_sw_dwn_mar,Saladillo,18.282016129032257,1.2612414275514634
allsky_sfc_sw_dwn_mar,Salliquelo,18.650596285434997,1.3669426232595274
allsky_sfc_sw_dwn_mar,Salto,18.600395421436005,1.3526118404442595
allsky_sfc_sw_dwn_mar,San Alberto,18.38372759856631,1.574024820955304
allsky_sfc_sw_dwn_mar,San Andres De Giles,19.208462365591398,1.2333448308137325
allsky_sfc_sw_dwn_mar,San Antonio,19.380541474654375,1.1416451549389233
allsky_sfc_sw_dwn_mar,San Antonio De Areco,18.98230107526882,1.3799102467778084
allsky_sfc_sw_dwn_mar,San Cayetano,18.309930875576036,0.9681091671095252
allsky_sfc_sw_dwn_mar,San Cosme,18.700997067448682,1.4102306046699806
allsky_sfc_sw_dwn_mar,San Cristobal,18.820290322580647,1.647127702967836
allsky_sfc_sw_dwn_mar,San Fernando,18.779281997918833,1.4146786549993262
allsky_sfc_sw_dwn_mar,San Ignacio,18.802680756395993,1.466528297810491
allsky_sfc_sw_dwn_mar,San Javier,18.777055028463,1.53790912937288
allsky_sfc_sw_dwn_mar,San Jeronimo,18.811028225806453,1.4328528319433664
allsky_sfc_sw_dwn_mar,San Justo,18.53511249661155,1.5017217880187146
allsky_sfc_sw_dwn_mar,San Lorenzo,18.77116487455197,1.5983903229535343
allsky_sfc_sw_dwn_mar,San Luis Del Palmar,18.86798771121352,1.5618471144764987
allsky_sfc_sw_dwn_mar,San Martin,19.10581763015011,1.4860173260820608
allsky_sfc_sw_dwn_mar,San Miguel,18.79651026392962,1.5542955391511821
allsky_sfc_sw_dwn_mar,San Nicolas,18.685786901270774,1.4727799920262399
allsky_sfc_sw_dwn_mar,San Pedro,18.887202748340513,1.5758012445470675
allsky_sfc_sw_dwn_mar,San Roque,18.508828522920204,1.4057444796384813
allsky_sfc_sw_dwn_mar,San Salvador,19.26995391705069,1.5074813291349898
allsky_sfc_sw_dwn_mar,San Vicente,19.030101867572156,1.4230549077888512
allsky_sfc_sw_dwn_mar,Santa Barbara,17.033457661290324,1.6137464543647158
allsky_sfc_sw_dwn_mar,Santa Maria,18.514485887096775,1.6045371735174987
allsky_sfc_sw_dwn_mar,Santa Rosa,18.62451612903226,1.7937922686118282
allsky_sfc_sw_dwn_mar,Santo Tome,18.57343108504399,1.6746531384412169
allsky_sfc_sw_dwn_mar,Sargento Cabral,18.816774193548387,1.4231122124258835
allsky_sfc_sw_dwn_mar,Sarmiento,17.99283154121864,2.1803443157158546
allsky_sfc_sw_dwn_mar,Sauce,18.76085483870968,1.7103823586728826
allsky_sfc_sw_dwn_mar,Silipica,18.403487903225805,2.0287994950641113
allsky_sfc_sw_dwn_mar,Simoca,16.50643010752688,1.6441820545824817
allsky_sfc_sw_dwn_mar,Sobremonte,18.28316715542522,1.3520987715463246
allsky_sfc_sw_dwn_mar,Suipacha,19.102396313364057,1.4363107801230584
allsky_sfc_sw_dwn_mar,Tafi Del Valle,18.656267281105993,1.5783803707965995
allsky_sfc_sw_dwn_mar,Tala,18.42070564516129,1.6492023341639377
allsky_sfc_sw_dwn_mar,Tandil,18.346207233626586,1.2443232806774926
allsky_sfc_sw_dwn_mar,Tapalque,18.52793548387097,1.301761880562163
allsky_sfc_sw_dwn_mar,Tercero Arriba,18.69211693548387,1.472489386619189
allsky_sfc_sw_dwn_mar,Toay,18.959021505376345,1.4738640998126629
allsky_sfc_sw_dwn_mar,Tordillo,18.78671809256662,1.1758716725297897
allsky_sfc_sw_dwn_mar,Tornquist,18.81009072580645,1.1354071704370357
allsky_sfc_sw_dwn_mar,Totoral,18.519021852237255,1.6280667946744105
allsky_sfc_sw_dwn_mar,Trancas,18.67751493428913,1.4422668134963288
allsky_sfc_sw_dwn_mar,Trenel,18.761888045540797,1.595303188326014
allsky_sfc_sw_dwn_mar,Trenque Lauquen,18.54670576735093,1.4011535954373897
allsky_sfc_sw_dwn_mar,Tres Arroyos,18.34789766407119,0.9608981842550259
allsky_sfc_sw_dwn_mar,Tres Lomas,18.764586255259466,1.4185075548799695
allsky_sfc_sw_dwn_mar,Tulumba,18.542590420332356,1.5888450971531038
allsky_sfc_sw_dwn_mar,Union,18.79699271592092,1.4190058524703495
allsky_sfc_sw_dwn_mar,Uruguay,19.013306451612905,1.5835836730355886
allsky_sfc_sw_dwn_mar,Utracan,18.85475806451613,1.5914286393980295
allsky_sfc_sw_dwn_mar,Vera,19.01409989594173,1.4176202748967943
allsky_sfc_sw_dwn_mar,Victoria,18.64704474505723,1.5792222190628913
allsky_sfc_sw_dwn_mar,Villa Constitucion,18.691844758064516,1.5085048258689353
allsky_sfc_sw_dwn_mar,Villaguay,18.79560483870968,1.6440335808689166
allsky_sfc_sw_dwn_mar,Villarino,19.081219758064517,1.4647394607877613
allsky_sfc_sw_dwn_mar,Zarate,18.98230107526882,1.3799102467778084
oni_mean_octfeb,12 De Octubre,0.06754285714285713,1.1022975028883761
oni_mean_octfeb,1° De Mayo,-0.07179310344827586,1.070373812516995
oni_mean_octfeb,2 De Abril,-0.038000000000000006,1.1739810901373156
oni_mean_octfeb,25 De Mayo,0.015683870967741917,1.074415811793654
oni_mean_octfeb,9 De Julio,0.07907692307692306,1.0719560137455575
oni_mean_octfeb,Adolfo Alsina,0.05662857142857141,1.103222847887425
oni_mean_octfeb,Adolfo Gonzales Chaves,0.09423529411764704,1.0941338641391063
oni_mean_octfeb,Aguirre,0.12874999999999998,1.1170005631442252
oni_mean_octfeb,Alberdi,0.059857142857142845,1.1522351777141264
oni_mean_octfeb,Alberti,0.16515151515151513,1.0597378249245224
oni_mean_octfeb,Almirante Brown,0.0957142857142857,1.0692143506945144
oni_mean_octfeb,Anta,0.0598181818181818,1.002882142083052
oni_mean_octfeb,Apostoles,-0.009677419354838715,1.1653744573339728
oni_mean_octfeb,Arrecifes,0.12035294117647055,1.0751610417035895
oni_mean_octfeb,Atreuco,0.14557575757575755,1.084198408684471
oni_mean_octfeb,Avellaneda,0.11573333333333329,1.1926711597242952
oni_mean_octfeb,Ayacucho,0.0858333333333333,1.084563123208741
oni_mean_octfeb,Azul,0.12035294117647055,1.0751610417035895
oni_mean_octfeb,Balcarce,0.050114285714285715,1.1090772998952134
oni_mean_octfeb,Banda,0.19138461538461535,1.1386421062624754
oni_mean_octfeb,Baradero,0.15187878787878786,1.075754379423335
oni_mean_octfeb,Belgrano,0.04990697674418604,1.096920401067949
oni_mean_octfeb,Bella Vista,-0.045555555555555564,1.117017778707536
oni_mean_octfeb,Benito Juarez,0.08157575757575757,1.1333178898234773
oni_mean_octfeb,Bermejo,0.05079999999999998,1.1591454164822135
oni_mean_octfeb,Beron De Astrada,-0.0288235294117647,1.2224933657945816
oni_mean_octfeb,Bolivar,0.09888235294117646,1.1034820031130077
oni_mean_octfeb,Bragado,0.12035294117647055,1.0751610417035895
oni_mean_octfeb,Brandsen,0.12314285714285714,1.0953860637106119
oni_mean_octfeb,Burruyacu,0.18772413793103446,1.0880691580091946
oni_mean_octfeb,Cachi,-0.0016470588235294459,1.0608372248592426
oni_mean_octfeb,Cainguas,-0.009677419354838715,1.1653744573339728
oni_mean_octfeb,Calamuchita,0.037096774193548385,1.0844501941794809
oni_mean_octfeb,Campana,0.12082352941176469,1.078097551964015
oni_mean_octfeb,Candelaria,-0.08781818181818184,1.0452647228855907
oni_mean_octfeb,Canuelas,0.120875,1.077884060735243
oni_mean_octfeb,Capayan,0.022636363636363625,1.135013385507583
oni_mean_octfeb,Capital,0.011206751054852308,1.0980645560470825
oni_mean_octfeb,Capitan Sarmiento,0.12035294117647055,1.0751610417035895
oni_mean_octfeb,Carlos Casares,0.07485714285714284,1.0963854287627874
oni_mean_octfeb,Carlos Tejedor,0.07752941176470587,1.1127576510713486
oni_mean_octfeb,Carmen De Areco,0.195125,1.0590034192274753
oni_mean_octfeb,Caseros,0.15349999999999997,1.1005503608532385
oni_mean_octfeb,Castellanos,0.1373333333333333,1.0871916421067018
oni_mean_octfeb,Castelli,0.0957142857142857,1.0692143506945144
oni_mean_octfeb,Catrilo,0.07485714285714284,1.0963854287627874
oni_mean_octfeb,Cerrillos,-0.01793939393939396,1.12225559531335
oni_mean_octfeb,Chacabuco,0.04884027777777776,1.116900890004705
oni_mean_octfeb,Chapaleufu,0.047222222222222214,1.0932562400229904
oni_mean_octfeb,Chascomus,0.09899999999999998,1.0851142936589815
oni_mean_octfeb,Chicoana,-0.006965517241379328,1.1718466038924151
oni_mean_octfeb,Chivilcoy,0.16909090909090907,1.0529996546662646
oni_mean_octfeb,Choya,0.09928571428571427,1.1557207421615454
oni_mean_octfeb,Colon,0.052919860627177684,1.0558870018558295
oni_mean_octfeb,Comandante Fernandez,0.047222222222222214,1.0932562400229904
oni_mean_octfeb,Concepcion,0.02211214953271026,1.121914799569248
oni_mean_octfeb,Concordia,0.11558823529411763,1.0828362062446781
oni_mean_octfeb,Conhelo,0.05461111111111109,1.0874156854744523
oni_mean_octfeb,Copo,0.08629629629629629,1.165497147632546
oni_mean_octfeb,Coronel Dorrego,0.08188235294117645,1.093343267638881
oni_mean_octfeb,Coronel Pringles,0.06464814814814812,1.1267203528595462
oni_mean_octfeb,Coronel Suarez,0.12558823529411764,1.0703643989427452
oni_mean_octfeb,Cruz Alta,0.18135714285714283,1.1074851128264773
oni_mean_octfeb,Curuzu Cuatia,-0.03981818181818184,1.1262556436670028
oni_mean_octfeb,Daireaux,0.06977142857142857,1.1006903471622411
oni_mean_octfeb,Diamante,0.09135294117647057,1.10970099391691
oni_mean_octfeb,Dolores,0.12987878787878787,1.0866632343318168
oni_mean_octfeb,Dr. Manuel Belgrano,-0.02942857142857145,1.1476187769215251
oni_mean_octfeb,El Alto,0.06168749999999998,1.1034520741014129
oni_mean_octfeb,El Carmen,0.030388888888888885,1.0994123957246507
oni_mean_octfeb,Eldorado,-0.05473333333333334,1.0907617690319045
oni_mean_octfeb,Empedrado,0.12252173913043476,1.1002504206508137
oni_mean_octfeb,Esquina,-0.13683333333333336,1.1283607065375731
oni_mean_octfeb,Exaltacion De La Cruz,0.19206249999999997,1.0594976879665436
oni_mean_octfeb,Federacion,0.11558823529411763,1.0828362062446781
oni_mean_octfeb,Federal,0.11558823529411763,1.0828362062446781
oni_mean_octfeb,Feliciano,0.19272727272727272,1.024252876269066
oni_mean_octfeb,Figueroa,0.20273684210526313,1.1942525715602885
oni_mean_octfeb,Florentino Ameghino,-0.029714285714285745,1.1686544888399284
oni_mean_octfeb,Formosa,0.2009090909090909,1.0440948191337756
oni_mean_octfeb,Fray Justo Santa Maria De Oro,0.058764705882352934,1.1176319136791653
oni_mean_octfeb,Garay,0.03931034482758618,1.1338387736058508
oni_mean_octfeb,General Alvarado,0.050114285714285715,1.1090772998952134
oni_mean_octfeb,General Alvear,0.08248484848484845,1.1296633381568852
oni_mean_octfeb,General Arenales,0.05666666666666667,1.1113373325262976
oni_mean_octfeb,General Belgrano,0.08316176470588234,1.079824637481669
oni_mean_octfeb,General Donovan,-0.07264285714285715,1.0900053759393664
oni_mean_octfeb,General Guemes,0.05852459016393441,1.1087862115965774
oni_mean_octfeb,General Guido,0.04875862068965515,1.1346559470723276
oni_mean_octfeb,General Jose De San Martin,0.020799999999999985,1.1139346479933192
oni_mean_octfeb,General Juan Madariaga,0.019705882352941163,1.119043761957713
oni_mean_octfeb,General La Madrid,0.0957142857142857,1.0692143506945144
oni_mean_octfeb,General Las Heras,-0.08330769230769232,1.1983829027228574
oni_mean_octfeb,General Lavalle,0.017999999999999988,1.1465607434678453
oni_mean_octfeb,General Lopez,0.0901764705882353,1.1094282849421093
oni_mean_octfeb,General Manuel Belgrano,0.05012903225806451,1.132388147292717
oni_mean_octfeb,General Obligado,0.09135294117647057,1.10970099391691
oni_mean_octfeb,General Paz,-0.04502380952380954,1.1174486212408261
oni_mean_octfeb,General Pedernera,0.16108333333333333,1.195219460170815
oni_mean_octfeb,General Pinto,0.08830303030303031,1.0801317189597899
oni_mean_octfeb,General Pueyrredon,0.050114285714285715,1.1090772998952134
oni_mean_octfeb,General Roca,0.1461176470588235,1.0463979127465595
oni_mean_octfeb,General Rodriguez,0.0005714285714285362,1.1936507159743304
oni_mean_octfeb,General San Martin,0.15745454545454543,1.0709294179271658
oni_mean_octfeb,General Taboada,0.22899999999999998,1.058164937277152
oni_mean_octfeb,General Viamonte,0.06977142857142857,1.1006903471622411
oni_mean_octfeb,General Villegas,0.08935483870967742,1.1345168001807966
oni_mean_octfeb,Gobernador Dupuy,0.07447999999999999,1.2325993239221469
oni_mean_octfeb,Goya,0.012545454545454533,1.1589532521601726
oni_mean_octfeb,Graneros,0.18135714285714283,1.1074851128264773
oni_mean_octfeb,Gualeguay,0.12199999999999997,1.1121989480304322
oni_mean_octfeb,Gualeguaychu,0.12199999999999997,1.1121989480304322
oni_mean_octfeb,Guamini,0.11970588235294116,1.07979371007984
oni_mean_octfeb,Guarani,-0.018787878787878794,1.1356916328160935
oni_mean_octfeb,Guasayan,0.14578571428571427,1.1504708651852993
oni_mean_octfeb,Guatrache,0.08393749999999998,1.123485415943932
oni_mean_octfeb,Hipolito Yrigoyen,0.06977142857142857,1.1006903471622411
oni_mean_octfeb,Hucal,0.0007142857142857269,1.1180373298327169
oni_mean_octfeb,Iguazu,-0.01703225806451614,1.036968513950511
oni_mean_octfeb,Independencia,0.047222222222222214,1.0932562400229904
oni_mean_octfeb,Iriondo,0.1422941176470588,1.0486287880445893
oni_mean_octfeb,Ischilin,0.10818181818181818,1.1084503105277612
oni_mean_octfeb,Itati,-0.03808000000000001,1.1618741297289192
oni_mean_octfeb,Ituzaingo,0.009739130434782585,1.1139523907482558
oni_mean_octfeb,Jimenez,0.09829629629629627,1.126709259297071
oni_mean_octfeb,Juan F. Ibarra,0.05035714285714284,1.1594130128610487
oni_mean_octfeb,Juan Martin De Pueyrredon,0.16108333333333333,1.195219460170815
oni_mean_octfeb,Juarez Celman,0.1767096774193548,1.1048089485984558
oni_mean_octfeb,Junin,0.11236036036036035,1.1289322774824393
oni_mean_octfeb,La Caldera,-0.022560000000000024,1.0789268619018313
oni_mean_octfeb,La Candelaria,0.061939393939393926,1.10740964471695
oni_mean_octfeb,La Capital,0.11447058823529412,1.0845193946124487
oni_mean_octfeb,La Cocha,-0.016941176470588258,1.2211236869472026
oni_mean_octfeb,La Paz,0.1464242424242424,1.0843599215177309
oni_mean_octfeb,La Plata,0.13909999999999997,1.1213353834180313
oni_mean_octfeb,La Vina,-0.06651851851851853,1.1230584055765676
oni_mean_octfeb,Laishi,0.31326315789473685,0.9795108099967987
oni_mean_octfeb,Laprida,0.16557575757575757,1.0568526100615636
oni_mean_octfeb,Las Colonias,0.1373333333333333,1.0871916421067018
oni_mean_octfeb,Las Flores,0.10081249999999999,1.1115140339107938
oni_mean_octfeb,Lavalle,-0.1491304347826087,1.1612082776279284
oni_mean_octfeb,Leales,0.18135714285714283,1.1074851128264773
oni_mean_octfeb,Leandro N. Alem,0.008666666666666652,1.0708504430258556
oni_mean_octfeb,Ledesma,0.01649999999999998,1.0661887297319397
oni_mean_octfeb,Libertad,-0.06735714285714287,1.0897438439847438
oni_mean_octfeb,Libertador General San Martin,0.002639676113360305,1.1266719661163207
oni_mean_octfeb,Lincoln,0.10587878787878789,1.1214395814525564
oni_mean_octfeb,Loberia,0.05735294117647058,1.1249165593932502
oni_mean_octfeb,Lobos,0.04129411764705882,1.1040780475654175
oni_mean_octfeb,Loreto,0.12181818181818178,1.2017200227120346
oni_mean_octfeb,Lujan,0.12199999999999997,1.1121989480304322
oni_mean_octfeb,Magdalena,0.12314285714285714,1.0953860637106119
oni_mean_octfeb,Maipu,0.0833722627737226,1.0866243127991226
oni_mean_octfeb,Mar Chiquita,0.050114285714285715,1.1090772998952134
oni_mean_octfeb,Maraco,0.047222222222222214,1.0932562400229904
oni_mean_octfeb,Marcos Juarez,0.12576470588235292,1.0706446389717745
oni_mean_octfeb,Marcos Paz,0.04976923076923075,1.2274529500617875
oni_mean_octfeb,Mayor Luis J. Fontana,0.047222222222222214,1.0932562400229904
oni_mean_octfeb,Mburucuya,-0.05747826086956522,1.1892077144646735
oni_mean_octfeb,Mercedes,-0.031027027027027042,1.0953883450793267
oni_mean_octfeb,Metan,-0.05620689655172415,1.061934130971487
oni_mean_octfeb,Mitre,0.005058823529411736,1.1588811668258008
oni_mean_octfeb,Monte,0.06977142857142857,1.1006903471622411
oni_mean_octfeb,Monte Caseros,-0.03172727272727274,1.1232434829892948
oni_mean_octfeb,Montecarlo,-0.06814285714285717,1.1075111809246063
oni_mean_octfeb,Moreno,0.09230303030303029,1.1071411519327743
oni_mean_octfeb,Navarro,0.06666666666666665,1.1052860112507832
oni_mean_octfeb,Necochea,0.06781249999999998,1.1439762415054922
oni_mean_octfeb,Nogoya,0.08476470588235295,1.1136092579188799
oni_mean_octfeb,O'Higgins,0.038114285714285705,1.107830412043621
oni_mean_octfeb,Obera,0.0029333333333333247,1.1831435314837986
oni_mean_octfeb,Olavarria,0.164,1.0615667666237483
oni_mean_octfeb,Oran,0.1104375,1.117760056700381
oni_mean_octfeb,Palpala,-0.15610526315789477,1.1020105814543828
oni_mean_octfeb,Parana,0.1392121212121212,1.0906915168132945
oni_mean_octfeb,Paso De Los Libres,0.037285714285714255,1.1521529297911686
oni_mean_octfeb,Patagones,0.07162962962962961,1.1391012701703496
oni_mean_octfeb,Patino,0.2151,1.0496021251181953
oni_mean_octfeb,Pehuajo,0.07485714285714284,1.0963854287627874
oni_mean_octfeb,Pellegrini,0.10595081967213113,1.0981912541170402
oni_mean_octfeb,Pergamino,0.09660606060606061,1.0827387132693287
oni_mean_octfeb,Pila,0.06426666666666665,1.1025253436240519
oni_mean_octfeb,Pilagas,0.05620000000000001,0.9608563943307635
oni_mean_octfeb,Pilar,0.06709677419354837,1.1701992808873398
oni_mean_octfeb,Pilcomayo,0.16104761904761908,1.0525855060844453
oni_mean_octfeb,Pirane,0.16104761904761908,1.0525855060844453
oni_mean_octfeb,Pocho,0.02270967741935484,1.088823530040517
oni_mean_octfeb,Presidencia De La Plaza,0.0019374999999999913,1.134295687043357
oni_mean_octfeb,Presidente Roque Saenz Pena,0.095625,1.0908157867601482
oni_mean_octfeb,Puan,0.008941176470588227,1.1028424141165099
oni_mean_octfeb,Quemu Quemu,0.047222222222222214,1.0932562400229904
oni_mean_octfeb,Quitilipi,0.0019374999999999913,1.134295687043357
oni_mean_octfeb,Ramallo,0.09888235294117646,1.1034820031130077
oni_mean_octfeb,Rancul,0.00022222222222221933,1.0857896431659078
oni_mean_octfeb,Rauch,0.0957142857142857,1.0692143506945144
oni_mean_octfeb,Realico,0.028270270270270265,1.0841118394706704
oni_mean_octfeb,Rio Cuarto,0.14539393939393938,1.0800701927245846
oni_mean_octfeb,Rio Hondo,0.06735999999999999,1.1606784969720654
oni_mean_octfeb,Rio Primero,0.0982285714285714,1.0672882373157706
oni_mean_octfeb,Rio Seco,0.11806060606060606,1.0578637063497933
oni_mean_octfeb,Rio Segundo,0.1282424242424242,1.047334086809906
oni_mean_octfeb,Rivadavia,0.1133934426229508,1.1153667710696031
oni_mean_octfeb,Robles,0.21159999999999995,1.1515320230024
oni_mean_octfeb,Rojas,0.05945454545454546,1.110964589076456
oni_mean_octfeb,Roque Perez,0.06977142857142857,1.1006903471622411
oni_mean_octfeb,Rosario,0.17987096774193548,1.1084174827785027
oni_mean_octfeb,Rosario De La Frontera,0.04048484848484848,1.0946132913388902
oni_mean_octfeb,Rosario De Lerma,-0.03740000000000001,1.1634687909807495
oni_mean_octfeb,Saavedra,0.047222222222222214,1.0932562400229904
oni_mean_octfeb,Saladas,-0.156,1.3225786002526103
oni_mean_octfeb,Saladillo,0.08323529411764705,1.1143137053218417
oni_mean_octfeb,Salliquelo,0.07485714285714284,1.0963854287627874
oni_mean_octfeb,Salto,0.08933333333333333,1.0762702572619327
oni_mean_octfeb,San Alberto,-0.0727586206896552,1.0805631354322487
oni_mean_octfeb,San Andres De Giles,0.09375000000000001,1.1000309379813502
oni_mean_octfeb,San Antonio,-0.12733333333333335,1.0812941586225575
oni_mean_octfeb,San Antonio De Areco,0.20312499999999997,1.0512462573290746
oni_mean_octfeb,San Cayetano,0.08253333333333332,1.1310766227081088
oni_mean_octfeb,San Cosme,0.02291666666666664,1.1644009438209049
oni_mean_octfeb,San Cristobal,0.22068749999999998,1.0265529679309011
oni_mean_octfeb,San Fernando,0.00042424242424241455,1.1164654895669366
oni_mean_octfeb,San Ignacio,0.01806451612903225,1.109925220768915
oni_mean_octfeb,San Javier,0.014683823529411751,1.0711007491327353
oni_mean_octfeb,San Jeronimo,0.1192941176470588,1.074412581703102
oni_mean_octfeb,San Justo,0.16196850393700785,1.0654879792474243
oni_mean_octfeb,San Lorenzo,0.01524812030075186,1.087576611066835
oni_mean_octfeb,San Luis Del Palmar,-0.01643478260869566,1.1408049720218278
oni_mean_octfeb,San Martin,0.056318181818181795,1.0908774352159578
oni_mean_octfeb,San Miguel,-0.12283333333333335,1.1455249666748264
oni_mean_octfeb,San Nicolas,0.06977142857142857,1.1006903471622411
oni_mean_octfeb,San Pedro,0.06531034482758619,1.081000033720164
oni_mean_octfeb,San Roque,-0.2277142857142857,1.094493907833988
oni_mean_octfeb,San Salvador,0.0358571428571428,1.1047916515825928
oni_mean_octfeb,San Vicente,0.12314285714285714,1.0953860637106119
oni_mean_octfeb,Santa Barbara,-0.03376470588235296,1.06173714314835
oni_mean_octfeb,Santa Maria,0.09652941176470586,1.0779195797093843
oni_mean_octfeb,Santa Rosa,0.08506249999999999,1.0735400570226796
oni_mean_octfeb,Santo Tome,-0.05400000000000002,1.1333324467174708
oni_mean_octfeb,Sargento Cabral,0.01256249999999998,1.1321156027116779
oni_mean_octfeb,Sarmiento,-0.020900000000000023,1.2506534670870433
oni_mean_octfeb,Sauce,-0.014636363636363652,1.085708438694668
oni_mean_octfeb,Silipica,-0.07611111111111114,1.1305722595159178
oni_mean_octfeb,Simoca,0.07146666666666664,1.2746583781360326
oni_mean_octfeb,Sobremonte,0.06933333333333332,1.2045133481191073
oni_mean_octfeb,Suipacha,0.1354,1.0675192189176832
oni_mean_octfeb,Tafi Del Valle,0.07634782608695649,1.1767884883210997
oni_mean_octfeb,Tala,0.1076470588235294,1.0873182434627156
oni_mean_octfeb,Tandil,0.050114285714285715,1.1090772998952134
oni_mean_octfeb,Tapalque,0.17706249999999998,1.067450744878627
oni_mean_octfeb,Tercero Arriba,0.12817647058823525,1.0683073405977535
oni_mean_octfeb,Toay,0.049937499999999996,1.122327016270932
oni_mean_octfeb,Tordillo,-0.10679999999999999,1.208804092205736
oni_mean_octfeb,Tornquist,-0.019764705882352948,1.0877367957821393
oni_mean_octfeb,Totoral,0.03733333333333333,1.1304941028889388
oni_mean_octfeb,Trancas,0.1462068965517241,1.1038793082097318
oni_mean_octfeb,Trenel,0.07488888888888887,1.0612111080614526
oni_mean_octfeb,Trenque Lauquen,0.07485714285714284,1.0963854287627874
oni_mean_octfeb,Tres Arroyos,0.0781290322580645,1.1123359127510444
oni_mean_octfeb,Tres Lomas,-0.09200000000000003,1.1335562704082307
oni_mean_octfeb,Tulumba,0.022742857142857134,1.0991611866717794
oni_mean_octfeb,Union,0.1496969696969697,1.0779698652110041
oni_mean_octfeb,Uruguay,0.09135294117647057,1.10970099391691
oni_mean_octfeb,Utracan,0.09658823529411763,1.105195831204562
oni_mean_octfeb,Vera,0.14018181818181816,1.089183451448419
oni_mean_octfeb,Victoria,0.1392121212121212,1.0906915168132945
oni_mean_octfeb,Villa Constitucion,0.14488235294117646,1.0464864378135195
oni_mean_octfeb,Villaguay,0.09135294117647057,1.10970099391691
oni_mean_octfeb,Villarino,0.10617647058823529,1.0879689576283522
oni_mean_octfeb,Zarate,0.20312499999999997,1.0512462573290746
SPI_3_feb,12 De Octubre,,
SPI_3_feb,1° De Mayo,,
SPI_3_feb,2 De Abril,,
SPI_3_feb,25 De Mayo,,
SPI_3_feb,9 De Julio,,
SPI_3_feb,Adolfo Alsina,,
SPI_3_feb,Adolfo Gonzales Chaves,,
SPI_3_feb,Aguirre,,
SPI_3_feb,Alberdi,,
SPI_3_feb,Alberti,,
SPI_3_feb,Almirante Brown,,
SPI_3_feb,Anta,,
SPI_3_feb,Apostoles,,
SPI_3_feb,Arrecifes,0.14858341689422438,0.9334159370225936
SPI_3_feb,Atreuco,,
SPI_3_feb,Avellaneda,,
SPI_3_feb,Ayacucho,,
SPI_3_feb,Azul,,
SPI_3_feb,Balcarce,,
SPI_3_feb,Banda,,
SPI_3_feb,Baradero,0.1784003495908308,0.9342736670694612
SPI_3_feb,Belgrano,0.013529811523015356,0.9971390059606656
SPI_3_feb,Bella Vista,,
SPI_3_feb,Benito Juarez,,
SPI_3_feb,Bermejo,,
SPI_3_feb,Beron De Astrada,,
SPI_3_feb,Bolivar,,
SPI_3_feb,Bragado,,
SPI_3_feb,Brandsen,,
SPI_3_feb,Burruyacu,,
SPI_3_feb,Cachi,,
SPI_3_feb,Cainguas,,
SPI_3_feb,Calamuchita,,
SPI_3_feb,Campana,,
SPI_3_feb,Candelaria,,
SPI_3_feb,Canuelas,,
SPI_3_feb,Capayan,,
SPI_3_feb,Capital,,
SPI_3_feb,Capitan Sarmiento,0.1375607626838439,0.9515800029672904
SPI_3_feb,Carlos Casares,,
SPI_3_feb,Carlos Tejedor,,
SPI_3_feb,Carmen De Areco,0.19139496788599777,0.9582808740066796
SPI_3_feb,Caseros,0.17331328613093147,0.9166517199811401
SPI_3_feb,Castellanos,,
SPI_3_feb,Castelli,,
SPI_3_feb,Catrilo,,
SPI_3_feb,Cerrillos,,
SPI_3_feb,Chacabuco,0.053667966212779,0.9766253893662898
SPI_3_feb,Chapaleufu,,
SPI_3_feb,Chascomus,,
SPI_3_feb,Chicoana,,
SPI_3_feb,Chivilcoy,,
SPI_3_feb,Choya,,
SPI_3_feb,Colon,0.09110012894801643,0.9498465424105458
SPI_3_feb,Comandante Fernandez,,
SPI_3_feb,Concepcion,,
SPI_3_feb,Concordia,,
SPI_3_feb,Conhelo,,
SPI_3_feb,Copo,,
SPI_3_feb,Coronel Dorrego,,
SPI_3_feb,Coronel Pringles,,
SPI_3_feb,Coronel Suarez,,
SPI_3_feb,Cruz Alta,,
SPI_3_feb,Curuzu Cuatia,,
SPI_3_feb,Daireaux,,
SPI_3_feb,Diamante,,
SPI_3_feb,Dolores,,
SPI_3_feb,Dr. Manuel Belgrano,,
SPI_3_feb,El Alto,,
SPI_3_feb,El Carmen,,
SPI_3_feb,Eldorado,,
SPI_3_feb,Empedrado,,
SPI_3_feb,Esquina,,
SPI_3_feb,Exaltacion De La Cruz,,
SPI_3_feb,Federacion,,
SPI_3_feb,Federal,,
SPI_3_feb,Feliciano,,
SPI_3_feb,Figueroa,,
SPI_3_feb,Florentino Ameghino,,
SPI_3_feb,Formosa,,
SPI_3_feb,Fray Justo Santa Maria De Oro,,
SPI_3_feb,Garay,,
SPI_3_feb,General Alvarado,,
SPI_3_feb,General Alvear,,
SPI_3_feb,General Arenales,0.06729929708993644,0.9863575640069737
SPI_3_feb,General Belgrano,,
SPI_3_feb,General Donovan,,
SPI_3_feb,General Guemes,,
SPI_3_feb,General Guido,,
SPI_3_feb,General Jose De San Martin,,
SPI_3_feb,General Juan Madariaga,,
SPI_3_feb,General La Madrid,,
SPI_3_feb,General Las Heras,,
SPI_3_feb,General Lavalle,,
SPI_3_feb,General Lopez,0.11752504095844414,0.9634713119739488
SPI_3_feb,General Manuel Belgrano,,
SPI_3_feb,General Obligado,,
SPI_3_feb,General Paz,,
SPI_3_feb,General Pedernera,,
SPI_3_feb,General Pinto,,
SPI_3_feb,General Pueyrredon,,
SPI_3_feb,General Roca,,
SPI_3_feb,General Rodriguez,,
SPI_3_feb,General San Martin,0.1406777054314477,0.9279074788406796
SPI_3_feb,General Taboada,,
SPI_3_feb,General Viamonte,,
SPI_3_feb,General Villegas,,
SPI_3_feb,Gobernador Dupuy,,
SPI_3_feb,Goya,,
SPI_3_feb,Graneros,,
SPI_3_feb,Gualeguay,,
SPI_3_feb,Gualeguaychu,,
SPI_3_feb,Guamini,,
SPI_3_feb,Guarani,,
SPI_3_feb,Guasayan,,
SPI_3_feb,Guatrache,,
SPI_3_feb,Hipolito Yrigoyen,,
SPI_3_feb,Hucal,,
SPI_3_feb,Iguazu,,
SPI_3_feb,Independencia,,
SPI_3_feb,Iriondo,0.14336788689548174,0.9427776658962852
SPI_3_feb,Ischilin,,
SPI_3_feb,Itati,,
SPI_3_feb,Ituzaingo,,
SPI_3_feb,Jimenez,,
SPI_3_feb,Juan F. Ibarra,,
SPI_3_feb,Juan Martin De Pueyrredon,,
SPI_3_feb,Juarez Celman,0.2569722132835175,0.8830290926349117
SPI_3_feb,Junin,0.06743270787913547,1.0031591442072247
SPI_3_feb,La Caldera,,
SPI_3_feb,La Candelaria,,
SPI_3_feb,La Capital,,
SPI_3_feb,La Cocha,,
SPI_3_feb,La Paz,,
SPI_3_feb,La Plata,,
SPI_3_feb,La Vina,,
SPI_3_feb,Laishi,,
SPI_3_feb,Laprida,,
SPI_3_feb,Las Colonias,,
SPI_3_feb,Las Flores,,
SPI_3_feb,Lavalle,,
SPI_3_feb,Leales,,
SPI_3_feb,Leandro N. Alem,0.03183800178564299,0.9644464113584736
SPI_3_feb,Ledesma,,
SPI_3_feb,Libertad,,
SPI_3_feb,Libertador General San Martin,,
SPI_3_feb,Lincoln,,
SPI_3_feb,Loberia,,
SPI_3_feb,Lobos,,
SPI_3_feb,Loreto,,
SPI_3_feb,Lujan,,
SPI_3_feb,Magdalena,,
SPI_3_feb,Maipu,,
SPI_3_feb,Mar Chiquita,,
SPI_3_feb,Maraco,,
SPI_3_feb,Marcos Juarez,0.15024913215186236,0.9163679708330484
SPI_3_feb,Marcos Paz,,
SPI_3_feb,Mayor Luis J. Fontana,,
SPI_3_feb,Mburucuya,,
SPI_3_feb,Mercedes,,
SPI_3_feb,Metan,,
SPI_3_feb,Mitre,,
SPI_3_feb,Monte,,
SPI_3_feb,Monte Caseros,,
SPI_3_feb,Montecarlo,,
SPI_3_feb,Moreno,,
SPI_3_feb,Navarro,,
SPI_3_feb,Necochea,,
SPI_3_feb,Nogoya,,
SPI_3_feb,O'Higgins,,
SPI_3_feb,Obera,,
SPI_3_feb,Olavarria,,
SPI_3_feb,Oran,,
SPI_3_feb,Palpala,,
SPI_3_feb,Parana,,
SPI_3_feb,Paso De Los Libres,,
SPI_3_feb,Patagones,,
SPI_3_feb,Patino,,
SPI_3_feb,Pehuajo,,
SPI_3_feb,Pellegrini,,
SPI_3_feb,Pergamino,0.18170869272448428,0.9222707255721918
SPI_3_feb,Pila,,
SPI_3_feb,Pilagas,,
SPI_3_feb,Pilar,,
SPI_3_feb,Pilcomayo,,
SPI_3_feb,Pirane,,
SPI_3_feb,Pocho,,
SPI_3_feb,Presidencia De La Plaza,,
SPI_3_feb,Presidente Roque Saenz Pena,,
SPI_3_feb,Puan,,
SPI_3_feb,Quemu Quemu,,
SPI_3_feb,Quitilipi,,
SPI_3_feb,Ramallo,0.12959336813545347,0.9569395061825118
SPI_3_feb,Rancul,,
SPI_3_feb,Rauch,,
SPI_3_feb,Realico,,
SPI_3_feb,Rio Cuarto,,
SPI_3_feb,Rio Hondo,,
SPI_3_feb,Rio Primero,,
SPI_3_feb,Rio Seco,,
SPI_3_feb,Rio Segundo,,
SPI_3_feb,Rivadavia,,
SPI_3_feb,Robles,,
SPI_3_feb,Rojas,0.12294095104345909,0.9689976163681553
SPI_3_feb,Roque Perez,,
SPI_3_feb,Rosario,0.21582054409502943,0.9176832896481439
SPI_3_feb,Rosario De La Frontera,,
SPI_3_feb,Rosario De Lerma,,
SPI_3_feb,Saavedra,,
SPI_3_feb,Saladas,,
SPI_3_feb,Saladillo,,
SPI_3_feb,Salliquelo,,
SPI_3_feb,Salto,0.10981129671442208,0.9527740776827046
SPI_3_feb,San Alberto,,
SPI_3_feb,San Andres De Giles,,
SPI_3_feb,San Antonio,,
SPI_3_feb,San Antonio De Areco,,
SPI_3_feb,San Cayetano,,
SPI_3_feb,San Cosme,,
SPI_3_feb,San Cristobal,,
SPI_3_feb,San Fernando,,
SPI_3_feb,San Ignacio,,
SPI_3_feb,San Javier,,
SPI_3_feb,San Jeronimo,,
SPI_3_feb,San Justo,,
SPI_3_feb,San Lorenzo,0.03269946352800225,0.9885597498309636
SPI_3_feb,San Luis Del Palmar,,
SPI_3_feb,San Martin,,
SPI_3_feb,San Miguel,,
SPI_3_feb,San Nicolas,0.11187123124086956,0.9544936787899516
SPI_3_feb,San Pedro,0.09033584111597781,0.9564930146449079
SPI_3_feb,San Roque,,
SPI_3_feb,San Salvador,,
SPI_3_feb,San Vicente,,
SPI_3_feb,Santa Barbara,,
SPI_3_feb,Santa Maria,,
SPI_3_feb,Santa Rosa,,
SPI_3_feb,Santo Tome,,
SPI_3_feb,Sargento Cabral,,
SPI_3_feb,Sarmiento,,
SPI_3_feb,Sauce,,
SPI_3_feb,Silipica,,
SPI_3_feb,Simoca,,
SPI_3_feb,Sobremonte,,
SPI_3_feb,Suipacha,,
SPI_3_feb,Tafi Del Valle,,
SPI_3_feb,Tala,,
SPI_3_feb,Tandil,,
SPI_3_feb,Tapalque,,
SPI_3_feb,Tercero Arriba,,
SPI_3_feb,Toay,,
SPI_3_feb,Tordillo,,
SPI_3_feb,Tornquist,,
SPI_3_feb,Totoral,,
SPI_3_feb,Trancas,,
SPI_3_feb,Trenel,,
SPI_3_feb,Trenque Lauquen,,
SPI_3_feb,Tres Arroyos,,
SPI_3_feb,Tres Lomas,,
SPI_3_feb,Tulumba,,
SPI_3_feb,Union,0.18811362757670097,0.895344529605701
SPI_3_feb,Uruguay,,
SPI_3_feb,Utracan,,
SPI_3_feb,Vera,,
SPI_3_feb,Victoria,,
SPI_3_feb,Villa Constitucion,0.16162077409359227,0.9060950550334886
SPI_3_feb,Villaguay,,
SPI_3_feb,Villarino,,
SPI_3_feb,Zarate,,
SPI_6_feb,12 De Octubre,,
SPI_6_feb,1° De Mayo,,
SPI_6_feb,2 De Abril,,
SPI_6_feb,25 De Mayo,,
SPI_6_feb,9 De Julio,,
SPI_6_feb,Adolfo Alsina,,
SPI_6_feb,Adolfo Gonzales Chaves,,
SPI_6_feb,Aguirre,,
SPI_6_feb,Alberdi,,
SPI_6_feb,Alberti,,
SPI_6_feb,Almirante Brown,,
SPI_6_feb,Anta,,
SPI_6_feb,Apostoles,,
SPI_6_feb,Arrecifes,0.16506268772292731,0.8726955818203912
SPI_6_feb,Atreuco,,
SPI_6_feb,Avellaneda,,
SPI_6_feb,Ayacucho,,
SPI_6_feb,Azul,,
SPI_6_feb,Balcarce,,
SPI_6_feb,Banda,,
SPI_6_feb,Baradero,0.2116563124679319,0.8426086527921307
SPI_6_feb,Belgrano,0.03232432516810517,0.9461037922699613
SPI_6_feb,Bella Vista,,
SPI_6_feb,Benito Juarez,,
SPI_6_feb,Bermejo,,
SPI_6_feb,Beron De Astrada,,
SPI_6_feb,Bolivar,,
SPI_6_feb,Bragado,,
SPI_6_feb,Brandsen,,
SPI_6_feb,Burruyacu,,
SPI_6_feb,Cachi,,
SPI_6_feb,Cainguas,,
SPI_6_feb,Calamuchita,,
SPI_6_feb,Campana,,
SPI_6_feb,Candelaria,,
SPI_6_feb,Canuelas,,
SPI_6_feb,Capayan,,
SPI_6_feb,Capital,,
SPI_6_feb,Capitan Sarmiento,0.16399749253531373,0.871874348522743
SPI_6_feb,Carlos Casares,,
SPI_6_feb,Carlos Tejedor,,
SPI_6_feb,Carmen De Areco,0.2149421007021572,0.8720340775839625
SPI_6_feb,Caseros,0.2186094862149053,0.866198043722172
SPI_6_feb,Castellanos,,
SPI_6_feb,Castelli,,
SPI_6_feb,Catrilo,,
SPI_6_feb,Cerrillos,,
SPI_6_feb,Chacabuco,0.062267828404024374,0.9204670979099937
SPI_6_feb,Chapaleufu,,
SPI_6_feb,Chascomus,,
SPI_6_feb,Chicoana,,
SPI_6_feb,Chivilcoy,,
SPI_6_feb,Choya,,
SPI_6_feb,Colon,0.1133593806120247,0.8927827459648333
SPI_6_feb,Comandante Fernandez,,
SPI_6_feb,Concepcion,,
SPI_6_feb,Concordia,,
SPI_6_feb,Conhelo,,
SPI_6_feb,Copo,,
SPI_6_feb,Coronel Dorrego,,
SPI_6_feb,Coronel Pringles,,
SPI_6_feb,Coronel Suarez,,
SPI_6_feb,Cruz Alta,,
SPI_6_feb,Curuzu Cuatia,,
SPI_6_feb,Daireaux,,
SPI_6_feb,Diamante,,
SPI_6_feb,Dolores,,
SPI_6_feb,Dr. Manuel Belgrano,,
SPI_6_feb,El Alto,,
SPI_6_feb,El Carmen,,
SPI_6_feb,Eldorado,,
SPI_6_feb,Empedrado,,
SPI_6_feb,Esquina,,
SPI_6_feb,Exaltacion De La Cruz,,
SPI_6_feb,Federacion,,
SPI_6_feb,Federal,,
SPI_6_feb,Feliciano,,
SPI_6_feb,Figueroa,,
SPI_6_feb,Florentino Ameghino,,
SPI_6_feb,Formosa,,
SPI_6_feb,Fray Justo Santa Maria De Oro,,
SPI_6_feb,Garay,,
SPI_6_feb,General Alvarado,,
SPI_6_feb,General Alvear,,
SPI_6_feb,General Arenales,0.08787921901510651,0.9591863014436018
SPI_6_feb,General Belgrano,,
SPI_6_feb,General Donovan,,
SPI_6_feb,General Guemes,,
SPI_6_feb,General Guido,,
SPI_6_feb,General Jose De San Martin,,
SPI_6_feb,General Juan Madariaga,,
SPI_6_feb,General La Madrid,,
SPI_6_feb,General Las Heras,,
SPI_6_feb,General Lavalle,,
SPI_6_feb,General Lopez,0.14472837089878943,0.908070830643591
SPI_6_feb,General Manuel Belgrano,,
SPI_6_feb,General Obligado,,
SPI_6_feb,General Paz,,
SPI_6_feb,General Pedernera,,
SPI_6_feb,General Pinto,,
SPI_6_feb,General Pueyrredon,,
SPI_6_feb,General Roca,,
SPI_6_feb,General Rodriguez,,
SPI_6_feb,General San Martin,0.18520842953966948,0.8513063145567542
SPI_6_feb,General Taboada,,
SPI_6_feb,General Viamonte,,
SPI_6_feb,General Villegas,,
SPI_6_feb,Gobernador Dupuy,,
SPI_6_feb,Goya,,
SPI_6_feb,Graneros,,
SPI_6_feb,Gualeguay,,
SPI_6_feb,Gualeguaychu,,
SPI_6_feb,Guamini,,
SPI_6_feb,Guarani,,
SPI_6_feb,Guasayan,,
SPI_6_feb,Guatrache,,
SPI_6_feb,Hipolito Yrigoyen,,
SPI_6_feb,Hucal,,
SPI_6_feb,Iguazu,,
SPI_6_feb,Independencia,,
SPI_6_feb,Iriondo,0.17838130142119643,0.8698408925684777
SPI_6_feb,Ischilin,,
SPI_6_feb,Itati,,
SPI_6_feb,Ituzaingo,,
SPI_6_feb,Jimenez,,
SPI_6_feb,Juan F. Ibarra,,
SPI_6_feb,Juan Martin De Pueyrredon,,
SPI_6_feb,Juarez Celman,0.2888572679001517,0.7995388278535378
SPI_6_feb,Junin,0.0697925207531975,0.969553161154609
SPI_6_feb,La Caldera,,
SPI_6_feb,La Candelaria,,
SPI_6_feb,La Capital,,
SPI_6_feb,La Cocha,,
SPI_6_feb,La Paz,,
SPI_6_feb,La Plata,,
SPI_6_feb,La Vina,,
SPI_6_feb,Laishi,,
SPI_6_feb,Laprida,,
SPI_6_feb,Las Colonias,,
SPI_6_feb,Las Flores,,
SPI_6_feb,Lavalle,,
SPI_6_feb,Leales,,
SPI_6_feb,Leandro N. Alem,0.06243304422753185,0.9108199414839403
SPI_6_feb,Ledesma,,
SPI_6_feb,Libertad,,
SPI_6_feb,Libertador General San Martin,,
SPI_6_feb,Lincoln,,
SPI_6_feb,Loberia,,
SPI_6_feb,Lobos,,
SPI_6_feb,Loreto,,
SPI_6_feb,Lujan,,
SPI_6_feb,Magdalena,,
SPI_6_feb,Maipu,,
SPI_6_feb,Mar Chiquita,,
SPI_6_feb,Maraco,,
SPI_6_feb,Marcos Juarez,0.16295709602547562,0.8721609591057562
SPI_6_feb,Marcos Paz,,
SPI_6_feb,Mayor Luis J. Fontana,,
SPI_6_feb,Mburucuya,,
SPI_6_feb,Mercedes,,
SPI_6_feb,Metan,,
SPI_6_feb,Mitre,,
SPI_6_feb,Monte,,
SPI_6_feb,Monte Caseros,,
SPI_6_feb,Montecarlo,,
SPI_6_feb,Moreno,,
SPI_6_feb,Navarro,,
SPI_6_feb,Necochea,,
SPI_6_feb,Nogoya,,
SPI_6_feb,O'Higgins,,
SPI_6_feb,Obera,,
SPI_6_feb,Olavarria,,
SPI_6_feb,Oran,,
SPI_6_feb,Palpala,,
SPI_6_feb,Parana,,
SPI_6_feb,Paso De Los Libres,,
SPI_6_feb,Patagones,,
SPI_6_feb,Patino,,
SPI_6_feb,Pehuajo,,
SPI_6_feb,Pellegrini,,
SPI_6_feb,Pergamino,0.1924511406764567,0.8843592244656894
SPI_6_feb,Pila,,
SPI_6_feb,Pilagas,,
SPI_6_feb,Pilar,,
SPI_6_feb,Pilcomayo,,
SPI_6_feb,Pirane,,
SPI_6_feb,Pocho,,
SPI_6_feb,Presidencia De La Plaza,,
SPI_6_feb,Presidente Roque Saenz Pena,,
SPI_6_feb,Puan,,
SPI_6_feb,Quemu Quemu,,
SPI_6_feb,Quitilipi,,
SPI_6_feb,Ramallo,0.14856594115920288,0.907363383619657
SPI_6_feb,Rancul,,
SPI_6_feb,Rauch,,
SPI_6_feb,Realico,,
SPI_6_feb,Rio Cuarto,,
SPI_6_feb,Rio Hondo,,
SPI_6_feb,Rio Primero,,
SPI_6_feb,Rio Seco,,
SPI_6_feb,Rio Segundo,,
SPI_6_feb,Rivadavia,,
SPI_6_feb,Robles,,
SPI_6_feb,Rojas,0.11920659948234062,0.9237694330967211
SPI_6_feb,Roque Perez,,
SPI_6_feb,Rosario,0.2472874581004985,0.8708134441233999
SPI_6_feb,Rosario De La Frontera,,
SPI_6_feb,Rosario De Lerma,,
SPI_6_feb,Saavedra,,
SPI_6_feb,Saladas,,
SPI_6_feb,Saladillo,,
SPI_6_feb,Salliquelo,,
SPI_6_feb,Salto,0.13674704559393172,0.8902870300363767
SPI_6_feb,San Alberto,,
SPI_6_feb,San Andres De Giles,,
SPI_6_feb,San Antonio,,
SPI_6_feb,San Antonio De Areco,,
SPI_6_feb,San Cayetano,,
SPI_6_feb,San Cosme,,
SPI_6_feb,San Cristobal,,
SPI_6_feb,San Fernando,,
SPI_6_feb,San Ignacio,,
SPI_6_feb,San Javier,,
SPI_6_feb,San Jeronimo,,
SPI_6_feb,San Justo,,
SPI_6_feb,San Lorenzo,0.04426924702643693,0.9337120647890093
SPI_6_feb,San Luis Del Palmar,,
SPI_6_feb,San Martin,,
SPI_6_feb,San Miguel,,
SPI_6_feb,San Nicolas,0.12372253775605367,0.9111096253134564
SPI_6_feb,San Pedro,0.12443977417159896,0.9041871828556083
SPI_6_feb,San Roque,,
SPI_6_feb,San Salvador,,
SPI_6_feb,San Vicente,,
SPI_6_feb,Santa Barbara,,
SPI_6_feb,Santa Maria,,
SPI_6_feb,Santa Rosa,,
SPI_6_feb,Santo Tome,,
SPI_6_feb,Sargento Cabral,,
SPI_6_feb,Sarmiento,,
SPI_6_feb,Sauce,,
SPI_6_feb,Silipica,,
SPI_6_feb,Simoca,,
SPI_6_feb,Sobremonte,,
SPI_6_feb,Suipacha,,
SPI_6_feb,Tafi Del Valle,,
SPI_6_feb,Tala,,
SPI_6_feb,Tandil,,
SPI_6_feb,Tapalque,,
SPI_6_feb,Tercero Arriba,,
SPI_6_feb,Toay,,
SPI_6_feb,Tordillo,,
SPI_6_feb,Tornquist,,
SPI_6_feb,Totoral,,
SPI_6_feb,Trancas,,
SPI_6_feb,Trenel,,
SPI_6_feb,Trenque Lauquen,,
SPI_6_feb,Tres Arroyos,,
SPI_6_feb,Tres Lomas,,
SPI_6_feb,Tulumba,,
SPI_6_feb,Union,0.2109997903966414,0.8321495118838089
SPI_6_feb,Uruguay,,
SPI_6_feb,Utracan,,
SPI_6_feb,Vera,,
SPI_6_feb,Victoria,,
SPI_6_feb,Villa Constitucion,0.15642317792525964,0.8711654299817085
SPI_6_feb,Villaguay,,
SPI_6_feb,Villarino,,
SPI_6_feb,Zarate,,
dias_secos_consec_dic,12 De Octubre,,
dias_secos_consec_dic,1° De Mayo,,
dias_secos_consec_dic,2 De Abril,,
dias_secos_consec_dic,25 De Mayo,,
dias_secos_consec_dic,9 De Julio,,
dias_secos_consec_dic,Adolfo Alsina,,
dias_secos_consec_dic,Adolfo Gonzales Chaves,,
dias_secos_consec_dic,Aguirre,,
dias_secos_consec_dic,Alberdi,,
dias_secos_consec_dic,Alberti,,
dias_secos_consec_dic,Almirante Brown,,
dias_secos_consec_dic,Anta,,
dias_secos_consec_dic,Apostoles,,
dias_secos_consec_dic,Arrecifes,9.294117647058824,4.468946128662916
dias_secos_consec_dic,Atreuco,,
dias_secos_consec_dic,Avellaneda,,
dias_secos_consec_dic,Ayacucho,,
dias_secos_consec_dic,Azul,,
dias_secos_consec_dic,Balcarce,,
dias_secos_consec_dic,Banda,,
dias_secos_consec_dic,Baradero,9.030303030303031,4.517222933429679
dias_secos_consec_dic,Belgrano,9.34108527131783,4.591936077297299
dias_secos_consec_dic,Bella Vista,,
dias_secos_consec_dic,Benito Juarez,,
dias_secos_consec_dic,Bermejo,,
dias_secos_consec_dic,Beron De Astrada,,
dias_secos_consec_dic,Bolivar,,
dias_secos_consec_dic,Bragado,,
dias_secos_consec_dic,Brandsen,,
dias_secos_consec_dic,Burruyacu,,
dias_secos_consec_dic,Cachi,,
dias_secos_consec_dic,Cainguas,,
dias_secos_consec_dic,Calamuchita,,
dias_secos_consec_dic,Campana,,
dias_secos_consec_dic,Candelaria,,
dias_secos_consec_dic,Canuelas,,
dias_secos_consec_dic,Capayan,,
dias_secos_consec_dic,Capital,,
dias_secos_consec_dic,Capitan Sarmiento,9.117647058823529,4.190644022844604
dias_secos_consec_dic,Carlos Casares,,
dias_secos_consec_dic,Carlos Tejedor,,
dias_secos_consec_dic,Carmen De Areco,8.28125,3.1442151182254405
dias_secos_consec_dic,Caseros,9.03125,4.94801605729264
dias_secos_consec_dic,Castellanos,,
dias_secos_consec_dic,Castelli,,
dias_secos_consec_dic,Catrilo,,
dias_secos_consec_dic,Cerrillos,,
dias_secos_consec_dic,Chacabuco,9.61111111111111,4.266572298607973
dias_secos_consec_dic,Chapaleufu,,
dias_secos_consec_dic,Chascomus,,
dias_secos_consec_dic,Chicoana,,
dias_secos_consec_dic,Chivilcoy,,
dias_secos_consec_dic,Choya,,
dias_secos_consec_dic,Colon,8.066202090592334,3.1643458212558113
dias_secos_consec_dic,Comandante Fernandez,,
dias_secos_consec_dic,Concepcion,,
dias_secos_consec_dic,Concordia,,
dias_secos_consec_dic,Conhelo,,
dias_secos_consec_dic,Copo,,
dias_secos_consec_dic,Coronel Dorrego,,
dias_secos_consec_dic,Coronel Pringles,,
dias_secos_consec_dic,Coronel Suarez,,
dias_secos_consec_dic,Cruz Alta,,
dias_secos_consec_dic,Curuzu Cuatia,,
dias_secos_consec_dic,Daireaux,,
dias_secos_consec_dic,Diamante,,
dias_secos_consec_dic,Dolores,,
dias_secos_consec_dic,Dr. Manuel Belgrano,,
dias_secos_consec_dic,El Alto,,
dias_secos_consec_dic,El Carmen,,
dias_secos_consec_dic,Eldorado,,
dias_secos_consec_dic,Empedrado,,
dias_secos_consec_dic,Esquina,,
dias_secos_consec_dic,Exaltacion De La Cruz,,
dias_secos_consec_dic,Federacion,,
dias_secos_consec_dic,Federal,,
dias_secos_consec_dic,Feliciano,,
dias_secos_consec_dic,Figueroa,,
dias_secos_consec_dic,Florentino Ameghino,,
dias_secos_consec_dic,Formosa,,
dias_secos_consec_dic,Fray Justo Santa Maria De Oro,,
dias_secos_consec_dic,Garay,,
dias_secos_consec_dic,General Alvarado,,
dias_secos_consec_dic,General Alvear,,
dias_secos_consec_dic,General Arenales,8.363636363636363,3.5427582987887227
dias_secos_consec_dic,General Belgrano,,
dias_secos_consec_dic,General Donovan,,
dias_secos_consec_dic,General Guemes,,
dias_secos_consec_dic,General Guido,,
dias_secos_consec_dic,General Jose De San Martin,,
dias_secos_consec_dic,General Juan Madariaga,,
dias_secos_consec_dic,General La Madrid,,
dias_secos_consec_dic,General Las Heras,,
dias_secos_consec_dic,General Lavalle,,
dias_secos_consec_dic,General Lopez,8.323529411764707,5.007392040230451
dias_secos_consec_dic,General Manuel Belgrano,,
dias_secos_consec_dic,General Obligado,,
dias_secos_consec_dic,General Paz,,
dias_secos_consec_dic,General Pedernera,,
dias_secos_consec_dic,General Pinto,,
dias_secos_consec_dic,General Pueyrredon,,
dias_secos_consec_dic,General Roca,,
dias_secos_consec_dic,General Rodriguez,,
dias_secos_consec_dic,General San Martin,7.96969696969697,3.5749549689895432
dias_secos_consec_dic,General Taboada,,
dias_secos_consec_dic,General Viamonte,,
dias_secos_consec_dic,General Villegas,,
dias_secos_consec_dic,Gobernador Dupuy,,
dias_secos_consec_dic,Goya,,
dias_secos_consec_dic,Graneros,,
dias_secos_consec_dic,Gualeguay,,
dias_secos_consec_dic,Gualeguaychu,,
dias_secos_consec_dic,Guamini,,
dias_secos_consec_dic,Guarani,,
dias_secos_consec_dic,Guasayan,,
dias_secos_consec_dic,Guatrache,,
dias_secos_consec_dic,Hipolito Yrigoyen,,
dias_secos_consec_dic,Hucal,,
dias_secos_consec_dic,Iguazu,,
dias_secos_consec_dic,Independencia,,
dias_secos_consec_dic,Iriondo,9.088235294117647,4.782339018557086
dias_secos_consec_dic,Ischilin,,
dias_secos_consec_dic,Itati,,
dias_secos_consec_dic,Ituzaingo,,
dias_secos_consec_dic,Jimenez,,
dias_secos_consec_dic,Juan F. Ibarra,,
dias_secos_consec_dic,Juan Martin De Pueyrredon,,
dias_secos_consec_dic,Juarez Celman,7.451612903225806,3.0641878714967787
dias_secos_consec_dic,Junin,8.72072072072072,3.2197435560535808
dias_secos_consec_dic,La Caldera,,
dias_secos_consec_dic,La Candelaria,,
dias_secos_consec_dic,La Capital,,
dias_secos_consec_dic,La Cocha,,
dias_secos_consec_dic,La Paz,,
dias_secos_consec_dic,La Plata,,
dias_secos_consec_dic,La Vina,,
dias_secos_consec_dic,Laishi,,
dias_secos_consec_dic,Laprida,,
dias_secos_consec_dic,Las Colonias,,
dias_secos_consec_dic,Las Flores,,
dias_secos_consec_dic,Lavalle,,
dias_secos_consec_dic,Leales,,
dias_secos_consec_dic,Leandro N. Alem,8.416666666666666,3.47115989965185
dias_secos_consec_dic,Ledesma,,
dias_secos_consec_dic,Libertad,,
dias_secos_consec_dic,Libertador General San Martin,,
dias_secos_consec_dic,Lincoln,,
dias_secos_consec_dic,Loberia,,
dias_secos_consec_dic,Lobos,,
dias_secos_consec_dic,Loreto,,
dias_secos_consec_dic,Lujan,,
dias_secos_consec_dic,Magdalena,,
dias_secos_consec_dic,Maipu,,
dias_secos_consec_dic,Mar Chiquita,,
dias_secos_consec_dic,Maraco,,
dias_secos_consec_dic,Marcos Juarez,8.676470588235293,3.843298679719412
dias_secos_consec_dic,Marcos Paz,,
dias_secos_consec_dic,Mayor Luis J. Fontana,,
dias_secos_consec_dic,Mburucuya,,
dias_secos_consec_dic,Mercedes,,
dias_secos_consec_dic,Metan,,
dias_secos_consec_dic,Mitre,,
dias_secos_consec_dic,Monte,,
dias_secos_consec_dic,Monte Caseros,,
dias_secos_consec_dic,Montecarlo,,
dias_secos_consec_dic,Moreno,,
dias_secos_consec_dic,Navarro,,
dias_secos_consec_dic,Necochea,,
dias_secos_consec_dic,Nogoya,,
dias_secos_consec_dic,O'Higgins,,
dias_secos_consec_dic,Obera,,
dias_secos_consec_dic,Olavarria,,
dias_secos_consec_dic,Oran,,
dias_secos_consec_dic,Palpala,,
dias_secos_consec_dic,Parana,,
dias_secos_consec_dic,Paso De Los Libres,,
dias_secos_consec_dic,Patagones,,
dias_secos_consec_dic,Patino,,
dias_secos_consec_dic,Pehuajo,,
dias_secos_consec_dic,Pellegrini,,
dias_secos_consec_dic,Pergamino,8.575757575757576,3.682987094654818
dias_secos_consec_dic,Pila,,
dias_secos_consec_dic,Pilagas,,
dias_secos_consec_dic,Pilar,,
dias_secos_consec_dic,Pilcomayo,,
dias_secos_consec_dic,Pirane,,
dias_secos_consec_dic,Pocho,,
dias_secos_consec_dic,Presidencia De La Plaza,,
dias_secos_consec_dic,Presidente Roque Saenz Pena,,
dias_secos_consec_dic,Puan,,
dias_secos_consec_dic,Quemu Quemu,,
dias_secos_consec_dic,Quitilipi,,
dias_secos_consec_dic,Ramallo,9.029411764705882,4.475423082201937
dias_secos_consec_dic,Rancul,,
dias_secos_consec_dic,Rauch,,
dias_secos_consec_dic,Realico,,
dias_secos_consec_dic,Rio Cuarto,,
dias_secos_consec_dic,Rio Hondo,,
dias_secos_consec_dic,Rio Primero,,
dias_secos_consec_dic,Rio Seco,,
dias_secos_consec_dic,Rio Segundo,,
dias_secos_consec_dic,Rivadavia,,
dias_secos_consec_dic,Robles,,
dias_secos_consec_dic,Rojas,8.121212121212121,2.7472437978542215
dias_secos_consec_dic,Roque Perez,,
dias_secos_consec_dic,Rosario,8.419354838709678,3.7927491660481767
dias_secos_consec_dic,Rosario De La Frontera,,
dias_secos_consec_dic,Rosario De Lerma,,
dias_secos_consec_dic,Saavedra,,
dias_secos_consec_dic,Saladas,,
dias_secos_consec_dic,Saladillo,,
dias_secos_consec_dic,Salliquelo,,
dias_secos_consec_dic,Salto,8.515151515151516,3.6238895895951018
dias_secos_consec_dic,San Alberto,,
dias_secos_consec_dic,San Andres De Giles,,
dias_secos_consec_dic,San Antonio,,
dias_secos_consec_dic,San Antonio De Areco,,
dias_secos_consec_dic,San Cayetano,,
dias_secos_consec_dic,San Cosme,,
dias_secos_consec_dic,San Cristobal,,
dias_secos_consec_dic,San Fernando,,
dias_secos_consec_dic,San Ignacio,,
dias_secos_consec_dic,San Javier,,
dias_secos_consec_dic,San Jeronimo,,
dias_secos_consec_dic,San Justo,,
dias_secos_consec_dic,San Lorenzo,9.19548872180451,3.4912415231515994
dias_secos_consec_dic,San Luis Del Palmar,,
dias_secos_consec_dic,San Martin,,
dias_secos_consec_dic,San Miguel,,
dias_secos_consec_dic,San Nicolas,9.285714285714286,4.232725645084337
dias_secos_consec_dic,San Pedro,9.724137931034482,4.9292331269339975
dias_secos_consec_dic,San Roque,,
dias_secos_consec_dic,San Salvador,,
dias_secos_consec_dic,San Vicente,,
dias_secos_consec_dic,Santa Barbara,,
dias_secos_consec_dic,Santa Maria,,
dias_secos_consec_dic,Santa Rosa,,
dias_secos_consec_dic,Santo Tome,,
dias_secos_consec_dic,Sargento Cabral,,
dias_secos_consec_dic,Sarmiento,,
dias_secos_consec_dic,Sauce,,
dias_secos_consec_dic,Silipica,,
dias_secos_consec_dic,Simoca,,
dias_secos_consec_dic,Sobremonte,,
dias_secos_consec_dic,Suipacha,,
dias_secos_consec_dic,Tafi Del Valle,,
dias_secos_consec_dic,Tala,,
dias_secos_consec_dic,Tandil,,
dias_secos_consec_dic,Tapalque,,
dias_secos_consec_dic,Tercero Arriba,,
dias_secos_consec_dic,Toay,,
dias_secos_consec_dic,Tordillo,,
dias_secos_consec_dic,Tornquist,,
dias_secos_consec_dic,Totoral,,
dias_secos_consec_dic,Trancas,,
dias_secos_consec_dic,Trenel,,
dias_secos_consec_dic,Trenque Lauquen,,
dias_secos_consec_dic,Tres Arroyos,,
dias_secos_consec_dic,Tres Lomas,,
dias_secos_consec_dic,Tulumba,,
dias_secos_consec_dic,Union,8.181818181818182,4.93365068594333
dias_secos_consec_dic,Uruguay,,
dias_secos_consec_dic,Utracan,,
dias_secos_consec_dic,Vera,,
dias_secos_consec_dic,Victoria,,
dias_secos_consec_dic,Villa Constitucion,8.911764705882353,4.280807393817082
dias_secos_consec_dic,Villaguay,,
dias_secos_consec_dic,Villarino,,
dias_secos_consec_dic,Zarate,,
dias_secos_consec_ene,12 De Octubre,,
dias_secos_consec_ene,1° De Mayo,,
dias_secos_consec_ene,2 De Abril,,
dias_secos_consec_ene,25 De Mayo,,
dias_secos_consec_ene,9 De Julio,,
dias_secos_consec_ene,Adolfo Alsina,,
dias_secos_consec_ene,Adolfo Gonzales Chaves,,
dias_secos_consec_ene,Aguirre,,
dias_secos_consec_ene,Alberdi,,
dias_secos_consec_ene,Alberti,,
dias_secos_consec_ene,Almirante Brown,,
dias_secos_consec_ene,Anta,,
dias_secos_consec_ene,Apostoles,,
dias_secos_consec_ene,Arrecifes,11.235294117647058,5.549003861078795
dias_secos_consec_ene,Atreuco,,
dias_secos_consec_ene,Avellaneda,,
dias_secos_consec_ene,Ayacucho,,
dias_secos_consec_ene,Azul,,
dias_secos_consec_ene,Balcarce,,
dias_secos_consec_ene,Banda,,
dias_secos_consec_ene,Baradero,12.333333333333334,6.342646661029342
dias_secos_consec_ene,Belgrano,12.124031007751938,4.656997007088474
dias_secos_consec_ene,Bella Vista,,
dias_secos_consec_ene,Benito Juarez,,
dias_secos_consec_ene,Bermejo,,
dias_secos_consec_ene,Beron De Astrada,,
dias_secos_consec_ene,Bolivar,,
dias_secos_consec_ene,Bragado,,
dias_secos_consec_ene,Brandsen,,
dias_secos_consec_ene,Burruyacu,,
dias_secos_consec_ene,Cachi,,
dias_secos_consec_ene,Cainguas,,
dias_secos_consec_ene,Calamuchita,,
dias_secos_consec_ene,Campana,,
dias_secos_consec_ene,Candelaria,,
dias_secos_consec_ene,Canuelas,,
dias_secos_consec_ene,Capayan,,
dias_secos_consec_ene,Capital,,
dias_secos_consec_ene,Capitan Sarmiento,11.441176470588236,5.609468059210996
dias_secos_consec_ene,Carlos Casares,,
dias_secos_consec_ene,Carlos Tejedor,,
dias_secos_consec_ene,Carmen De Areco,11.78125,6.297641007398288
dias_secos_consec_ene,Caseros,11.0,5.067289152479726
dias_secos_consec_ene,Castellanos,,
dias_secos_consec_ene,Castelli,,
dias_secos_consec_ene,Catrilo,,
dias_secos_consec_ene,Cerrillos,,
dias_secos_consec_ene,Chacabuco,10.152777777777779,4.8220160666427585
dias_secos_consec_ene,Chapaleufu,,
dias_secos_consec_ene,Chascomus,,
dias_secos_consec_ene,Chicoana,,
dias_secos_consec_ene,Chivilcoy,,
dias_secos_consec_ene,Choya,,
dias_secos_consec_ene,Colon,10.35191637630662,4.857931459264603
dias_secos_consec_ene,Comandante Fernandez,,
dias_secos_consec_ene,Concepcion,,
dias_secos_consec_ene,Concordia,,
dias_secos_consec_ene,Conhelo,,
dias_secos_consec_ene,Copo,,
dias_secos_consec_ene,Coronel Dorrego,,
dias_secos_consec_ene,Coronel Pringles,,
dias_secos_consec_ene,Coronel Suarez,,
dias_secos_consec_ene,Cruz Alta,,
dias_secos_consec_ene,Curuzu Cuatia,,
dias_secos_consec_ene,Daireaux,,
dias_secos_consec_ene,Diamante,,
dias_secos_consec_ene,Dolores,,
dias_secos_consec_ene,Dr. Manuel Belgrano,,
dias_secos_consec_ene,El Alto,,
dias_secos_consec_ene,El Carmen,,
dias_secos_consec_ene,Eldorado,,
dias_secos_consec_ene,Empedrado,,
dias_secos_consec_ene,Esquina,,
dias_secos_consec_ene,Exaltacion De La Cruz,,
dias_secos_consec_ene,Federacion,,
dias_secos_consec_ene,Federal,,
dias_secos_consec_ene,Feliciano,,
dias_secos_consec_ene,Figueroa,,
dias_secos_consec_ene,Florentino Ameghino,,
dias_secos_consec_ene,Formosa,,
dias_secos_consec_ene,Fray Justo Santa Maria De Oro,,
dias_secos_consec_ene,Garay,,
dias_secos_consec_ene,General Alvarado,,
dias_secos_consec_ene,General Alvear,,
dias_secos_consec_ene,General Arenales,10.424242424242424,5.367904054600262
dias_secos_consec_ene,General Belgrano,,
dias_secos_consec_ene,General Donovan,,
dias_secos_consec_ene,General Guemes,,
dias_secos_consec_ene,General Guido,,
dias_secos_consec_ene,General Jose De San Martin,,
dias_secos_consec_ene,General Juan Madariaga,,
dias_secos_consec_ene,General La Madrid,,
dias_secos_consec_ene,General Las Heras,,
dias_secos_consec_ene,General Lavalle,,
dias_secos_consec_ene,General Lopez,9.470588235294118,4.743322541679286
dias_secos_consec_ene,General Manuel Belgrano,,
dias_secos_consec_ene,General Obligado,,
dias_secos_consec_ene,General Paz,,
dias_secos_consec_ene,General Pedernera,,
dias_secos_consec_ene,General Pinto,,
dias_secos_consec_ene,General Pueyrredon,,
dias_secos_consec_ene,General Roca,,
dias_secos_consec_ene,General Rodriguez,,
dias_secos_consec_ene,General San Martin,9.606060606060606,4.582162384858499
dias_secos_consec_ene,General Taboada,,
dias_secos_consec_ene,General Viamonte,,
dias_secos_consec_ene,General Villegas,,
dias_secos_consec_ene,Gobernador Dupuy,,
dias_secos_consec_ene,Goya,,
dias_secos_consec_ene,Graneros,,
dias_secos_consec_ene,Gualeguay,,
dias_secos_consec_ene,Gualeguaychu,,
dias_secos_consec_ene,Guamini,,
dias_secos_consec_ene,Guarani,,
dias_secos_consec_ene,Guasayan,,
dias_secos_consec_ene,Guatrache,,
dias_secos_consec_ene,Hipolito Yrigoyen,,
dias_secos_consec_ene,Hucal,,
dias_secos_consec_ene,Iguazu,,
dias_secos_consec_ene,Independencia,,
dias_secos_consec_ene,Iriondo,11.294117647058824,3.919874857036977
dias_secos_consec_ene,Ischilin,,
dias_secos_consec_ene,Itati,,
dias_secos_consec_ene,Ituzaingo,,
dias_secos_consec_ene,Jimenez,,
dias_secos_consec_ene,Juan F. Ibarra,,
dias_secos_consec_ene,Juan Martin De Pueyrredon,,
dias_secos_consec_ene,Juarez Celman,9.161290322580646,3.8738161563119156
dias_secos_consec_ene,Junin,10.657657657657658,4.79108166852367
dias_secos_consec_ene,La Caldera,,
dias_secos_consec_ene,La Candelaria,,
dias_secos_consec_ene,La Capital,,
dias_secos_consec_ene,La Cocha,,
dias_secos_consec_ene,La Paz,,
dias_secos_consec_ene,La Plata,,
dias_secos_consec_ene,La Vina,,
dias_secos_consec_ene,Laishi,,
dias_secos_consec_ene,Laprida,,
dias_secos_consec_ene,Las Colonias,,
dias_secos_consec_ene,Las Flores,,
dias_secos_consec_ene,Lavalle,,
dias_secos_consec_ene,Leales,,
dias_secos_consec_ene,Leandro N. Alem,9.770833333333334,5.269942144823813
dias_secos_consec_ene,Ledesma,,
dias_secos_consec_ene,Libertad,,
dias_secos_consec_ene,Libertador General San Martin,,
dias_secos_consec_ene,Lincoln,,
dias_secos_consec_ene,Loberia,,
dias_secos_consec_ene,Lobos,,
dias_secos_consec_ene,Loreto,,
dias_secos_consec_ene,Lujan,,
dias_secos_consec_ene,Magdalena,,
dias_secos_consec_ene,Maipu,,
dias_secos_consec_ene,Mar Chiquita,,
dias_secos_consec_ene,Maraco,,
dias_secos_consec_ene,Marcos Juarez,10.5,3.5097267440901745
dias_secos_consec_ene,Marcos Paz,,
dias_secos_consec_ene,Mayor Luis J. Fontana,,
dias_secos_consec_ene,Mburucuya,,
dias_secos_consec_ene,Mercedes,,
dias_secos_consec_ene,Metan,,
dias_secos_consec_ene,Mitre,,
dias_secos_consec_ene,Monte,,
dias_secos_consec_ene,Monte Caseros,,
dias_secos_consec_ene,Montecarlo,,
dias_secos_consec_ene,Moreno,,
dias_secos_consec_ene,Navarro,,
dias_secos_consec_ene,Necochea,,
dias_secos_consec_ene,Nogoya,,
dias_secos_consec_ene,O'Higgins,,
dias_secos_consec_ene,Obera,,
dias_secos_consec_ene,Olavarria,,
dias_secos_consec_ene,Oran,,
dias_secos_consec_ene,Palpala,,
dias_secos_consec_ene,Parana,,
dias_secos_consec_ene,Paso De Los Libres,,
dias_secos_consec_ene,Patagones,,
dias_secos_consec_ene,Patino,,
dias_secos_consec_ene,Pehuajo,,
dias_secos_consec_ene,Pellegrini,,
dias_secos_consec_ene,Pergamino,11.606060606060606,6.138706062454215
dias_secos_consec_ene,Pila,,
dias_secos_consec_ene,Pilagas,,
dias_secos_consec_ene,Pilar,,
dias_secos_consec_ene,Pilcomayo,,
dias_secos_consec_ene,Pirane,,
dias_secos_consec_ene,Pocho,,
dias_secos_consec_ene,Presidencia De La Plaza,,
dias_secos_consec_ene,Presidente Roque Saenz Pena,,
dias_secos_consec_ene,Puan,,
dias_secos_consec_ene,Quemu Quemu,,
dias_secos_consec_ene,Quitilipi,,
dias_secos_consec_ene,Ramallo,11.411764705882353,5.4278610501119715
dias_secos_consec_ene,Rancul,,
dias_secos_consec_ene,Rauch,,
dias_secos_consec_ene,Realico,,
dias_secos_consec_ene,Rio Cuarto,,
dias_secos_consec_ene,Rio Hondo,,
dias_secos_consec_ene,Rio Primero,,
dias_secos_consec_ene,Rio Seco,,
dias_secos_consec_ene,Rio Segundo,,
dias_secos_consec_ene,Rivadavia,,
dias_secos_consec_ene,Robles,,
dias_secos_consec_ene,Rojas,10.333333333333334,6.0397985617623595
dias_secos_consec_ene,Roque Perez,,
dias_secos_consec_ene,Rosario,11.451612903225806,5.518687704381778
dias_secos_consec_ene,Rosario De La Frontera,,
dias_secos_consec_ene,Rosario De Lerma,,
dias_secos_consec_ene,Saavedra,,
dias_secos_consec_ene,Saladas,,
dias_secos_consec_ene,Saladillo,,
dias_secos_consec_ene,Salliquelo,,
dias_secos_consec_ene,Salto,10.393939393939394,5.373193847351137
dias_secos_consec_ene,San Alberto,,
dias_secos_consec_ene,San Andres De Giles,,
dias_secos_consec_ene,San Antonio,,
dias_secos_consec_ene,San Antonio De Areco,,
dias_secos_consec_ene,San Cayetano,,
dias_secos_consec_ene,San Cosme,,
dias_secos_consec_ene,San Cristobal,,
dias_secos_consec_ene,San Fernando,,
dias_secos_consec_ene,San Ignacio,,
dias_secos_consec_ene,San Javier,,
dias_secos_consec_ene,San Jeronimo,,
dias_secos_consec_ene,San Justo,,
dias_secos_consec_ene,San Lorenzo,12.007518796992482,5.520617335650918
dias_secos_consec_ene,San Luis Del Palmar,,
dias_secos_consec_ene,San Martin,,
dias_secos_consec_ene,San Miguel,,
dias_secos_consec_ene,San Nicolas,12.257142857142858,6.288845667682804
dias_secos_consec_ene,San Pedro,12.651724137931035,6.259615202565603
dias_secos_consec_ene,San Roque,,
dias_secos_consec_ene,San Salvador,,
dias_secos_consec_ene,San Vicente,,
dias_secos_consec_ene,Santa Barbara,,
dias_secos_consec_ene,Santa Maria,,
dias_secos_consec_ene,Santa Rosa,,
dias_secos_consec_ene,Santo Tome,,
dias_secos_consec_ene,Sargento Cabral,,
dias_secos_consec_ene,Sarmiento,,
dias_secos_consec_ene,Sauce,,
dias_secos_consec_ene,Silipica,,
dias_secos_consec_ene,Simoca,,
dias_secos_consec_ene,Sobremonte,,
dias_secos_consec_ene,Suipacha,,
dias_secos_consec_ene,Tafi Del Valle,,
dias_secos_consec_ene,Tala,,
dias_secos_consec_ene,Tandil,,
dias_secos_consec_ene,Tapalque,,
dias_secos_consec_ene,Tercero Arriba,,
dias_secos_consec_ene,Toay,,
dias_secos_consec_ene,Tordillo,,
dias_secos_consec_ene,Tornquist,,
dias_secos_consec_ene,Totoral,,
dias_secos_consec_ene,Trancas,,
dias_secos_consec_ene,Trenel,,
dias_secos_consec_ene,Trenque Lauquen,,
dias_secos_consec_ene,Tres Arroyos,,
dias_secos_consec_ene,Tres Lomas,,
dias_secos_consec_ene,Tulumba,,
dias_secos_consec_ene,Union,10.151515151515152,4.40256467954484
dias_secos_consec_ene,Uruguay,,
dias_secos_consec_ene,Utracan,,
dias_secos_consec_ene,Vera,,
dias_secos_consec_ene,Victoria,,
dias_secos_consec_ene,Villa Constitucion,11.235294117647058,5.117165547860139
dias_secos_consec_ene,Villaguay,,
dias_secos_consec_ene,Villarino,,
dias_secos_consec_ene,Zarate,,
precip_quincenal_critica,12 De Octubre,,
precip_quincenal_critica,1° De Mayo,,
precip_quincenal_critica,2 De Abril,,
precip_quincenal_critica,25 De Mayo,,
precip_quincenal_critica,9 De Julio,,
precip_quincenal_critica,Adolfo Alsina,,
precip_quincenal_critica,Adolfo Gonzales Chaves,,
precip_quincenal_critica,Aguirre,,
precip_quincenal_critica,Alberdi,,
precip_quincenal_critica,Alberti,,
precip_quincenal_critica,Almirante Brown,,
precip_quincenal_critica,Anta,,
precip_quincenal_critica,Apostoles,,
precip_quincenal_critica,Arrecifes,55.35039956517079,41.65007610901602
precip_quincenal_critica,Atreuco,,
precip_quincenal_critica,Avellaneda,,
precip_quincenal_critica,Ayacucho,,
precip_quincenal_critica,Azul,,
precip_quincenal_critica,Balcarce,,
precip_quincenal_critica,Banda,,
precip_quincenal_critica,Baradero,57.1169501452735,44.18960667017527
precip_quincenal_critica,Belgrano,68.76682646607243,44.72499646902307
precip_quincenal_critica,Bella Vista,,
precip_quincenal_critica,Benito Juarez,,
precip_quincenal_critica,Bermejo,,
precip_quincenal_critica,Beron De Astrada,,
precip_quincenal_critica,Bolivar,,
precip_quincenal_critica,Bragado,,
precip_quincenal_critica,Brandsen,,
precip_quincenal_critica,Burruyacu,,
precip_quincenal_critica,Cachi,,
precip_quincenal_critica,Cainguas,,
precip_quincenal_critica,Calamuchita,,
precip_quincenal_critica,Campana,,
precip_quincenal_critica,Candelaria,,
precip_quincenal_critica,Canuelas,,
precip_quincenal_critica,Capayan,,
precip_quincenal_critica,Capital,,
precip_quincenal_critica,Capitan Sarmiento,55.737841017106,43.75333870400653
precip_quincenal_critica,Carlos Casares,,
precip_quincenal_critica,Carlos Tejedor,,
precip_quincenal_critica,Carmen De Areco,57.67126280069351,42.372648388745304
precip_quincenal_critica,Caseros,63.22285786271095,46.05999081375771
precip_quincenal_critica,Castellanos,,
precip_quincenal_critica,Castelli,,
precip_quincenal_critica,Catrilo,,
precip_quincenal_critica,Cerrillos,,
precip_quincenal_critica,Chacabuco,57.45616568894022,43.486360229097784
precip_quincenal_critica,Chapaleufu,,
precip_quincenal_critica,Chascomus,,
precip_quincenal_critica,Chicoana,,
precip_quincenal_critica,Chivilcoy,,
precip_quincenal_critica,Choya,,
precip_quincenal_critica,Colon,62.00542222290504,42.92625772870388
precip_quincenal_critica,Comandante Fernandez,,
precip_quincenal_critica,Concepcion,,
precip_quincenal_critica,Concordia,,
precip_quincenal_critica,Conhelo,,
precip_quincenal_critica,Copo,,
precip_quincenal_critica,Coronel Dorrego,,
precip_quincenal_critica,Coronel Pringles,,
precip_quincenal_critica,Coronel Suarez,,
precip_quincenal_critica,Cruz Alta,,
precip_quincenal_critica,Curuzu Cuatia,,
precip_quincenal_critica,Daireaux,,
precip_quincenal_critica,Diamante,,
precip_quincenal_critica,Dolores,,
precip_quincenal_critica,Dr. Manuel Belgrano,,
precip_quincenal_critica,El Alto,,
precip_quincenal_critica,El Carmen,,
precip_quincenal_critica,Eldorado,,
precip_quincenal_critica,Empedrado,,
precip_quincenal_critica,Esquina,,
precip_quincenal_critica,Exaltacion De La Cruz,,
precip_quincenal_critica,Federacion,,
precip_quincenal_critica,Federal,,
precip_quincenal_critica,Feliciano,,
precip_quincenal_critica,Figueroa,,
precip_quincenal_critica,Florentino Ameghino,,
precip_quincenal_critica,Formosa,,
precip_quincenal_critica,Fray Justo Santa Maria De Oro,,
precip_quincenal_critica,Garay,,
precip_quincenal_critica,General Alvarado,,
precip_quincenal_critica,General Alvear,,
precip_quincenal_critica,General Arenales,61.865330667206734,43.668572283503174
precip_quincenal_critica,General Belgrano,,
precip_quincenal_critica,General Donovan,,
precip_quincenal_critica,General Guemes,,
precip_quincenal_critica,General Guido,,
precip_quincenal_critica,General Jose De San Martin,,
precip_quincenal_critica,General Juan Madariaga,,
precip_quincenal_critica,General La Madrid,,
precip_quincenal_critica,General Las Heras,,
precip_quincenal_critica,General Lavalle,,
precip_quincenal_critica,General Lopez,59.018514794461865,40.81840135256479
precip_quincenal_critica,General Manuel Belgrano,,
precip_quincenal_critica,General Obligado,,
precip_quincenal_critica,General Paz,,
precip_quincenal_critica,General Pedernera,,
precip_quincenal_critica,General Pinto,,
precip_quincenal_critica,General Pueyrredon,,
precip_quincenal_critica,General Roca,,
precip_quincenal_critica,General Rodriguez,,
precip_quincenal_critica,General San Martin,67.52371700243516,34.76065312693539
precip_quincenal_critica,General Taboada,,
precip_quincenal_critica,General Viamonte,,
precip_quincenal_critica,General Villegas,,
precip_quincenal_critica,Gobernador Dupuy,,
precip_quincenal_critica,Goya,,
precip_quincenal_critica,Graneros,,
precip_quincenal_critica,Gualeguay,,
precip_quincenal_critica,Gualeguaychu,,
precip_quincenal_critica,Guamini,,
precip_quincenal_critica,Guarani,,
precip_quincenal_critica,Guasayan,,
precip_quincenal_critica,Guatrache,,
precip_quincenal_critica,Hipolito Yrigoyen,,
precip_quincenal_critica,Hucal,,
precip_quincenal_critica,Iguazu,,
precip_quincenal_critica,Independencia,,
precip_quincenal_critica,Iriondo,63.76735718110029,41.87104741824202
precip_quincenal_critica,Ischilin,,
precip_quincenal_critica,Itati,,
precip_quincenal_critica,Ituzaingo,,
precip_quincenal_critica,Jimenez,,
precip_quincenal_critica,Juan F. Ibarra,,
precip_quincenal_critica,Juan Martin De Pueyrredon,,
precip_quincenal_critica,Juarez Celman,70.6708513229124,30.342457553721736
precip_quincenal_critica,Junin,58.89640359996675,45.330980224047295
precip_quincenal_critica,La Caldera,,
precip_quincenal_critica,La Candelaria,,
precip_quincenal_critica,La Capital,,
precip_quincenal_critica,La Cocha,,
precip_quincenal_critica,La Paz,,
precip_quincenal_critica,La Plata,,
precip_quincenal_critica,La Vina,,
precip_quincenal_critica,Laishi,,
precip_quincenal_critica,Laprida,,
precip_quincenal_critica,Las Colonias,,
precip_quincenal_critica,Las Flores,,
precip_quincenal_critica,Lavalle,,
precip_quincenal_critica,Leales,,
precip_quincenal_critica,Leandro N. Alem,57.31912068360381,42.335642247727904
precip_quincenal_critica,Ledesma,,
precip_quincenal_critica,Libertad,,
precip_quincenal_critica,Libertador General San Martin,,
precip_quincenal_critica,Lincoln,,
precip_quincenal_critica,Loberia,,
precip_quincenal_critica,Lobos,,
precip_quincenal_critica,Loreto,,
precip_quincenal_critica,Lujan,,
precip_quincenal_critica,Magdalena,,
precip_quincenal_critica,Maipu,,
precip_quincenal_critica,Mar Chiquita,,
precip_quincenal_critica,Maraco,,
precip_quincenal_critica,Marcos Juarez,68.70314039903529,44.13874291702464
precip_quincenal_critica,Marcos Paz,,
precip_quincenal_critica,Mayor Luis J. Fontana,,
precip_quincenal_critica,Mburucuya,,
precip_quincenal_critica,Mercedes,,
precip_quincenal_critica,Metan,,
precip_quincenal_critica,Mitre,,
precip_quincenal_critica,Monte,,
precip_quincenal_critica,Monte Caseros,,
precip_quincenal_critica,Montecarlo,,
precip_quincenal_critica,Moreno,,
precip_quincenal_critica,Navarro,,
precip_quincenal_critica,Necochea,,
precip_quincenal_critica,Nogoya,,
precip_quincenal_critica,O'Higgins,,
precip_quincenal_critica,Obera,,
precip_quincenal_critica,Olavarria,,
precip_quincenal_critica,Oran,,
precip_quincenal_critica,Palpala,,
precip_quincenal_critica,Parana,,
precip_quincenal_critica,Paso De Los Libres,,
precip_quincenal_critica,Patagones,,
precip_quincenal_critica,Patino,,
precip_quincenal_critica,Pehuajo,,
precip_quincenal_critica,Pellegrini,,
precip_quincenal_critica,Pergamino,55.62168295094461,44.084381133813245
precip_quincenal_critica,Pila,,
precip_quincenal_critica,Pilagas,,
precip_quincenal_critica,Pilar,,
precip_quincenal_critica,Pilcomayo,,
precip_quincenal_critica,Pirane,,
precip_quincenal_critica,Pocho,,
precip_quincenal_critica,Presidencia De La Plaza,,
precip_quincenal_critica,Presidente Roque Saenz Pena,,
precip_quincenal_critica,Puan,,
precip_quincenal_critica,Quemu Quemu,,
precip_quincenal_critica,Quitilipi,,
precip_quincenal_critica,Ramallo,60.44571750304278,45.08076768452943
precip_quincenal_critica,Rancul,,
precip_quincenal_critica,Rauch,,
precip_quincenal_critica,Realico,,
precip_quincenal_critica,Rio Cuarto,,
precip_quincenal_critica,Rio Hondo,,
precip_quincenal_critica,Rio Primero,,
precip_quincenal_critica,Rio Seco,,
precip_quincenal_critica,Rio Segundo,,
precip_quincenal_critica,Rivadavia,,
precip_quincenal_critica,Robles,,
precip_quincenal_critica,Rojas,59.857992161404006,42.71565947650676
precip_quincenal_critica,Roque Perez,,
precip_quincenal_critica,Rosario,68.98564296384012,51.11047874006877
precip_quincenal_critica,Rosario De La Frontera,,
precip_quincenal_critica,Rosario De Lerma,,
precip_quincenal_critica,Saavedra,,
precip_quincenal_critica,Saladas,,
precip_quincenal_critica,Saladillo,,
precip_quincenal_critica,Salliquelo,,
precip_quincenal_critica,Salto,55.8983071852814,42.09656072352279
precip_quincenal_critica,San Alberto,,
precip_quincenal_critica,San Andres De Giles,,
precip_quincenal_critica,San Antonio,,
precip_quincenal_critica,San Antonio De Areco,,
precip_quincenal_critica,San Cayetano,,
precip_quincenal_critica,San Cosme,,
precip_quincenal_critica,San Cristobal,,
precip_quincenal_critica,San Fernando,,
precip_quincenal_critica,San Ignacio,,
precip_quincenal_critica,San Javier,,
precip_quincenal_critica,San Jeronimo,,
precip_quincenal_critica,San Justo,,
precip_quincenal_critica,San Lorenzo,68.62858823905314,52.00813818589638
precip_quincenal_critica,San Luis Del Palmar,,
precip_quincenal_critica,San Martin,,
precip_quincenal_critica,San Miguel,,
precip_quincenal_critica,San Nicolas,59.56614886011396,48.31403316806951
precip_quincenal_critica,San Pedro,55.70835181001959,42.996616803604645
precip_quincenal_critica,San Roque,,
precip_quincenal_critica,San Salvador,,
precip_quincenal_critica,San Vicente,,
precip_quincenal_critica,Santa Barbara,,
precip_quincenal_critica,Santa Maria,,
precip_quincenal_critica,Santa Rosa,,
precip_quincenal_critica,Santo Tome,,
precip_quincenal_critica,Sargento Cabral,,
precip_quincenal_critica,Sarmiento,,
precip_quincenal_critica,Sauce,,
precip_quincenal_critica,Silipica,,
precip_quincenal_critica,Simoca,,
precip_quincenal_critica,Sobremonte,,
precip_quincenal_critica,Suipacha,,
precip_quincenal_critica,Tafi Del Valle,,
precip_quincenal_critica,Tala,,
precip_quincenal_critica,Tandil,,
precip_quincenal_critica,Tapalque,,
precip_quincenal_critica,Tercero Arriba,,
precip_quincenal_critica,Toay,,
precip_quincenal_critica,Tordillo,,
precip_quincenal_critica,Tornquist,,
precip_quincenal_critica,Totoral,,
precip_quincenal_critica,Trancas,,
precip_quincenal_critica,Trenel,,
precip_quincenal_critica,Trenque Lauquen,,
precip_quincenal_critica,Tres Arroyos,,
precip_quincenal_critica,Tres Lomas,,
precip_quincenal_critica,Tulumba,,
precip_quincenal_critica,Union,66.54583963480863,35.237187905717725
precip_quincenal_critica,Uruguay,,
precip_quincenal_critica,Utracan,,
precip_quincenal_critica,Vera,,
precip_quincenal_critica,Victoria,,
precip_quincenal_critica,Villa Constitucion,59.798607519444296,45.804231423909215
precip_quincenal_critica,Villaguay,,
precip_quincenal_critica,Villarino,,
precip_quincenal_critica,Zarate,,
