departamento,campania_inicio
12 De Octubre,1981
12 De Octubre,1982
12 De Octubre,1983
12 De Octubre,1984
12 De Octubre,1985
12 De Octubre,1986
12 De Octubre,1987
12 De Octubre,1988
12 De Octubre,1989
12 De Octubre,1990
12 De Octubre,1991
12 De Octubre,1992
12 De Octubre,1993
12 De Octubre,1994
12 De Octubre,1995
12 De Octubre,1996
12 De Octubre,1997
12 De Octubre,1998
12 De Octubre,1999
12 De Octubre,2001
12 De Octubre,2002
12 De Octubre,2003
12 De Octubre,2004
12 De Octubre,2005
12 De Octubre,2006
12 De Octubre,2007
12 De Octubre,2009
12 De Octubre,2010
12 De Octubre,2011
12 De Octubre,2012
12 De Octubre,2013
12 De Octubre,2014
12 De Octubre,2015
12 De Octubre,2016
12 De Octubre,2017
1° De Mayo,1981
1° De Mayo,1982
1° De Mayo,1983
1° De Mayo,1984
1° De Mayo,1985
1° De Mayo,1986
1° De Mayo,1987
1° De Mayo,1988
1° De Mayo,1989
1° De Mayo,1993
1° De Mayo,1994
1° De Mayo,1995
1° De Mayo,1996
1° De Mayo,1997
1° De Mayo,1998
1° De Mayo,1999
1° De Mayo,2000
1° De Mayo,2001
1° De Mayo,2002
1° De Mayo,2003
1° De Mayo,2004
1° De Mayo,2005
1° De Mayo,2006
1° De Mayo,2007
1° De Mayo,2009
1° De Mayo,2010
1° De Mayo,2011
1° De Mayo,2012
1° De Mayo,2013
2 De Abril,1995
2 De Abril,1996
2 De Abril,1997
2 De Abril,1998
2 De Abril,1999
2 De Abril,2001
2 De Abril,2002
2 De Abril,2003
2 De Abril,2004
2 De Abril,2005
2 De Abril,2006
2 De Abril,2007
2 De Abril,2009
2 De Abril,2010
2 De Abril,2011
2 De Abril,2012
2 De Abril,2013
2 De Abril,2014
2 De Abril,2015
2 De Abril,2016
2 De Abril,2017
25 De Mayo,1981
25 De Mayo,1982
25 De Mayo,1983
25 De Mayo,1984
25 De Mayo,1985
25 De Mayo,1986
25 De Mayo,1987
25 De Mayo,1988
25 De Mayo,1989
25 De Mayo,1990
25 De Mayo,1991
25 De Mayo,1992
25 De Mayo,1993
25 De Mayo,1994
25 De Mayo,1995
25 De Mayo,1996
25 De Mayo,1997
25 De Mayo,1998
25 De Mayo,1999
25 De Mayo,2000
25 De Mayo,2001
25 De Mayo,2002
25 De Mayo,2003
25 De Mayo,2004
25 De Mayo,2005
25 De Mayo,2006
25 De Mayo,2007
25 De Mayo,2008
25 De Mayo,2009
25 De Mayo,2010
25 De Mayo,2011
25 De Mayo,2012
25 De Mayo,2013
25 De Mayo,2014
25 De Mayo,2015
25 De Mayo,2016
25 De Mayo,2017
9 De Julio,1981
9 De Julio,1982
9 De Julio,1983
9 De Julio,1984
9 De Julio,1985
9 De Julio,1986
9 De Julio,1987
9 De Julio,1988
9 De Julio,1989
9 De Julio,1990
9 De Julio,1991
9 De Julio,1992
9 De Julio,1993
9 De Julio,1994
9 De Julio,1995
9 De Julio,1996
9 De Julio,1997
9 De Julio,1998
9 De Julio,1999
9 De Julio,2000
9 De Julio,2001
9 De Julio,2002
9 De Julio,2003
9 De Julio,2004
9 De Julio,2005
9 De Julio,2006
9 De Julio,2007
9 De Julio,2008
9 De Julio,2009
9 De Julio,2010
9 De Julio,2011
9 De Julio,2012
9 De Julio,2013
9 De Julio,2014
9 De Julio,2015
9 De Julio,2016
9 De Julio,2017
Adolfo Alsina,1981
Adolfo Alsina,1982
Adolfo Alsina,1983
Adolfo Alsina,1984
Adolfo Alsina,1985
Adolfo Alsina,1986
Adolfo Alsina,1987
Adolfo Alsina,1988
Adolfo Alsina,1990
Adolfo Alsina,1991
Adolfo Alsina,1992
Adolfo Alsina,1993
Adolfo Alsina,1994
Adolfo Alsina,1996
Adolfo Alsina,1997
Adolfo Alsina,1998
Adolfo Alsina,1999
Adolfo Alsina,2000
Adolfo Alsina,2001
Adolfo Alsina,2002
Adolfo Alsina,2003
Adolfo Alsina,2004
Adolfo Alsina,2005
Adolfo Alsina,2006
Adolfo Alsina,2007
Adolfo Alsina,2008
Adolfo Alsina,2009
Adolfo Alsina,2010
Adolfo Alsina,2011
Adolfo Alsina,2012
Adolfo Alsina,2013
Adolfo Alsina,2014
Adolfo Alsina,2015
Adolfo Alsina,2016
Adolfo Alsina,2017
Adolfo Gonzales Chaves,1981
Adolfo Gonzales Chaves,1982
Adolfo Gonzales Chaves,1983
Adolfo Gonzales Chaves,1984
Adolfo Gonzales Chaves,1985
Adolfo Gonzales Chaves,1986
Adolfo Gonzales Chaves,1987
Adolfo Gonzales Chaves,1988
Adolfo Gonzales Chaves,1989
Adolfo Gonzales Chaves,1990
Adolfo Gonzales Chaves,1991
Adolfo Gonzales Chaves,1993
Adolfo Gonzales Chaves,1994
Adolfo Gonzales Chaves,1995
Adolfo Gonzales Chaves,1996
Adolfo Gonzales Chaves,1997
Adolfo Gonzales Chaves,1999
Adolfo Gonzales Chaves,2000
Adolfo Gonzales Chaves,2001
Adolfo Gonzales Chaves,2002
Adolfo Gonzales Chaves,2003
Adolfo Gonzales Chaves,2004
Adolfo Gonzales Chaves,2005
Adolfo Gonzales Chaves,2006
Adolfo Gonzales Chaves,2007
Adolfo Gonzales Chaves,2009
Adolfo Gonzales Chaves,2010
Adolfo Gonzales Chaves,2011
Adolfo Gonzales Chaves,2012
Adolfo Gonzales Chaves,2013
Adolfo Gonzales Chaves,2014
Adolfo Gonzales Chaves,2015
Adolfo Gonzales Chaves,2016
Adolfo Gonzales Chaves,2017
Aguirre,1981
Aguirre,1982
Aguirre,1983
Aguirre,1984
Aguirre,1985
Aguirre,1986
Aguirre,1987
Aguirre,1988
Aguirre,1989
Aguirre,1990
Aguirre,1991
Aguirre,1993
Aguirre,1994
Aguirre,1995
Aguirre,1996
Aguirre,1997
Aguirre,1998
Aguirre,2002
Aguirre,2003
Aguirre,2004
Aguirre,2005
Aguirre,2006
Aguirre,2007
Aguirre,2009
Aguirre,2010
Aguirre,2011
Aguirre,2012
Aguirre,2013
Aguirre,2014
Aguirre,2015
Aguirre,2016
Aguirre,2017
Alberdi,1981
Alberdi,1982
Alberdi,1983
Alberdi,1984
Alberdi,1985
Alberdi,1986
Alberdi,1987
Alberdi,1988
Alberdi,1989
Alberdi,1996
Alberdi,1997
Alberdi,1998
Alberdi,2002
Alberdi,2003
Alberdi,2004
Alberdi,2005
Alberdi,2006
Alberdi,2007
Alberdi,2008
Alberdi,2009
Alberdi,2010
Alberdi,2011
Alberdi,2012
Alberdi,2013
Alberdi,2014
Alberdi,2015
Alberdi,2016
Alberdi,2017
Alberti,1981
Alberti,1982
Alberti,1983
Alberti,1984
Alberti,1985
Alberti,1986
Alberti,1987
Alberti,1988
Alberti,1989
Alberti,1990
Alberti,1991
Alberti,1992
Alberti,1993
Alberti,1994
Alberti,1995
Alberti,1996
Alberti,1997
Alberti,1998
Alberti,2000
Alberti,2001
Alberti,2002
Alberti,2003
Alberti,2004
Alberti,2005
Alberti,2006
Alberti,2009
Alberti,2010
Alberti,2011
Alberti,2012
Alberti,2013
Alberti,2014
Alberti,2015
Alberti,2016
Almirante Brown,1981
Almirante Brown,1982
Almirante Brown,1983
Almirante Brown,1984
Almirante Brown,1985
Almirante Brown,1986
Almirante Brown,1987
Almirante Brown,1989
Almirante Brown,1990
Almirante Brown,1991
Almirante Brown,1992
Almirante Brown,1993
Almirante Brown,1994
Almirante Brown,1995
Almirante Brown,1996
Almirante Brown,1997
Almirante Brown,1998
Almirante Brown,1999
Almirante Brown,2000
Almirante Brown,2001
Almirante Brown,2002
Almirante Brown,2003
Almirante Brown,2004
Almirante Brown,2005
Almirante Brown,2006
Almirante Brown,2007
Almirante Brown,2009
Almirante Brown,2010
Almirante Brown,2011
Almirante Brown,2012
Almirante Brown,2013
Almirante Brown,2014
Almirante Brown,2015
Almirante Brown,2016
Almirante Brown,2017
Anta,1981
Anta,1982
Anta,1983
Anta,1984
Anta,1985
Anta,1986
Anta,1987
Anta,1989
Anta,1990
Anta,1991
Anta,1992
Anta,1993
Anta,1994
Anta,1995
Anta,1996
Anta,1998
Anta,2000
Anta,2001
Anta,2002
Anta,2003
Anta,2004
Anta,2005
Anta,2006
Anta,2007
Anta,2008
Anta,2009
Anta,2010
Anta,2011
Anta,2013
Anta,2014
Anta,2015
Anta,2016
Anta,2017
Apostoles,1981
Apostoles,1982
Apostoles,1983
Apostoles,1984
Apostoles,1985
Apostoles,1986
Apostoles,1987
Apostoles,1988
Apostoles,1989
Apostoles,1991
Apostoles,1993
Apostoles,1994
Apostoles,1995
Apostoles,1996
Apostoles,1997
Apostoles,1998
Apostoles,1999
Apostoles,2000
Apostoles,2001
Apostoles,2002
Apostoles,2005
Apostoles,2007
Apostoles,2009
Apostoles,2010
Apostoles,2011
Apostoles,2012
Apostoles,2013
Apostoles,2014
Apostoles,2015
Apostoles,2016
Apostoles,2017
Arrecifes,1981
Arrecifes,1982
Arrecifes,1983
Arrecifes,1984
Arrecifes,1985
Arrecifes,1986
Arrecifes,1987
Arrecifes,1989
Arrecifes,1990
Arrecifes,1991
Arrecifes,1992
Arrecifes,1993
Arrecifes,1994
Arrecifes,1995
Arrecifes,1996
Arrecifes,1997
Arrecifes,1998
Arrecifes,1999
Arrecifes,2000
Arrecifes,2001
Arrecifes,2002
Arrecifes,2003
Arrecifes,2004
Arrecifes,2005
Arrecifes,2006
Arrecifes,2007
Arrecifes,2009
Arrecifes,2010
Arrecifes,2011
Arrecifes,2012
Arrecifes,2013
Arrecifes,2014
Arrecifes,2015
Arrecifes,2016
Atreuco,1981
Atreuco,1982
Atreuco,1983
Atreuco,1984
Atreuco,1985
Atreuco,1986
Atreuco,1987
Atreuco,1988
Atreuco,1989
Atreuco,1990
Atreuco,1991
Atreuco,1992
Atreuco,1993
Atreuco,1994
Atreuco,1996
Atreuco,1997
Atreuco,1998
Atreuco,1999
Atreuco,2000
Atreuco,2001
Atreuco,2002
Atreuco,2003
Atreuco,2004
Atreuco,2006
Atreuco,2009
Atreuco,2010
Atreuco,2011
Atreuco,2012
Atreuco,2013
Atreuco,2014
Atreuco,2015
Atreuco,2016
Atreuco,2017
Avellaneda,1981
Avellaneda,1982
Avellaneda,1985
Avellaneda,1986
Avellaneda,1987
Avellaneda,1988
Avellaneda,1989
Avellaneda,2010
Avellaneda,2011
Avellaneda,2012
Avellaneda,2013
Avellaneda,2014
Avellaneda,2015
Avellaneda,2016
Avellaneda,2017
Ayacucho,1981
Ayacucho,1982
Ayacucho,1983
Ayacucho,1984
Ayacucho,1985
Ayacucho,1986
Ayacucho,1987
Ayacucho,1988
Ayacucho,1989
Ayacucho,1990
Ayacucho,1991
Ayacucho,1992
Ayacucho,1993
Ayacucho,1994
Ayacucho,1995
Ayacucho,1996
Ayacucho,1997
Ayacucho,1999
Ayacucho,2000
Ayacucho,2001
Ayacucho,2002
Ayacucho,2003
Ayacucho,2004
Ayacucho,2005
Ayacucho,2006
Ayacucho,2007
Ayacucho,2008
Ayacucho,2009
Ayacucho,2010
Ayacucho,2011
Ayacucho,2012
Ayacucho,2013
Ayacucho,2014
Ayacucho,2015
Ayacucho,2016
Ayacucho,2017
Azul,1981
Azul,1982
Azul,1983
Azul,1984
Azul,1985
Azul,1986
Azul,1987
Azul,1989
Azul,1990
Azul,1991
Azul,1992
Azul,1993
Azul,1994
Azul,1995
Azul,1996
Azul,1997
Azul,1998
Azul,1999
Azul,2000
Azul,2001
Azul,2002
Azul,2003
Azul,2004
Azul,2005
Azul,2006
Azul,2007
Azul,2009
Azul,2010
Azul,2011
Azul,2012
Azul,2013
Azul,2014
Azul,2015
Azul,2016
Balcarce,1981
Balcarce,1982
Balcarce,1983
Balcarce,1984
Balcarce,1985
Balcarce,1986
Balcarce,1987
Balcarce,1988
Balcarce,1989
Balcarce,1990
Balcarce,1991
Balcarce,1993
Balcarce,1994
Balcarce,1995
Balcarce,1996
Balcarce,1997
Balcarce,1998
Balcarce,1999
Balcarce,2000
Balcarce,2001
Balcarce,2002
Balcarce,2003
Balcarce,2004
Balcarce,2005
Balcarce,2006
Balcarce,2007
Balcarce,2009
Balcarce,2010
Balcarce,2011
Balcarce,2012
Balcarce,2013
Balcarce,2014
Balcarce,2015
Balcarce,2016
Balcarce,2017
Banda,1981
Banda,1982
Banda,1985
Banda,1986
Banda,1987
Banda,1989
Banda,1991
Banda,1992
Banda,1993
Banda,1994
Banda,1995
Banda,1996
Banda,1997
Banda,1998
Banda,2005
Banda,2006
Banda,2007
Banda,2009
Banda,2010
Banda,2011
Banda,2012
Banda,2013
Banda,2014
Banda,2015
Banda,2016
Banda,2017
Baradero,1981
Baradero,1982
Baradero,1983
Baradero,1984
Baradero,1985
Baradero,1986
Baradero,1987
Baradero,1989
Baradero,1990
Baradero,1991
Baradero,1992
Baradero,1993
Baradero,1994
Baradero,1996
Baradero,1997
Baradero,1998
Baradero,1999
Baradero,2000
Baradero,2001
Baradero,2002
Baradero,2003
Baradero,2004
Baradero,2005
Baradero,2006
Baradero,2007
Baradero,2009
Baradero,2010
Baradero,2011
Baradero,2012
Baradero,2013
Baradero,2014
Baradero,2015
Baradero,2016
Belgrano,1981
Belgrano,1982
Belgrano,1983
Belgrano,1984
Belgrano,1985
Belgrano,1986
Belgrano,1987
Belgrano,1988
Belgrano,1989
Belgrano,1990
Belgrano,1991
Belgrano,1992
Belgrano,1993
Belgrano,1994
Belgrano,1995
Belgrano,1996
Belgrano,1997
Belgrano,1998
Belgrano,1999
Belgrano,2000
Belgrano,2001
Belgrano,2002
Belgrano,2003
Belgrano,2004
Belgrano,2005
Belgrano,2006
Belgrano,2007
Belgrano,2008
Belgrano,2009
Belgrano,2010
Belgrano,2011
Belgrano,2012
Belgrano,2013
Belgrano,2014
Belgrano,2015
Belgrano,2016
Belgrano,2017
Bella Vista,1981
Bella Vista,1982
Bella Vista,1983
Bella Vista,1984
Bella Vista,1985
Bella Vista,1986
Bella Vista,1987
Bella Vista,1988
Bella Vista,1989
Bella Vista,1991
Bella Vista,1992
Bella Vista,1993
Bella Vista,1994
Bella Vista,1995
Bella Vista,1996
Bella Vista,1997
Bella Vista,1998
Bella Vista,1999
Bella Vista,2000
Bella Vista,2001
Bella Vista,2002
Bella Vista,2003
Bella Vista,2005
Bella Vista,2007
Bella Vista,2009
Bella Vista,2010
Bella Vista,2013
Benito Juarez,1981
Benito Juarez,1982
Benito Juarez,1983
Benito Juarez,1984
Benito Juarez,1985
Benito Juarez,1986
Benito Juarez,1987
Benito Juarez,1988
Benito Juarez,1989
Benito Juarez,1990
Benito Juarez,1991
Benito Juarez,1993
Benito Juarez,1994
Benito Juarez,1995
Benito Juarez,1996
Benito Juarez,1997
Benito Juarez,1998
Benito Juarez,1999
Benito Juarez,2000
Benito Juarez,2001
Benito Juarez,2002
Benito Juarez,2003
Benito Juarez,2004
Benito Juarez,2005
Benito Juarez,2006
Benito Juarez,2007
Benito Juarez,2009
Benito Juarez,2010
Benito Juarez,2011
Benito Juarez,2012
Benito Juarez,2014
Benito Juarez,2015
Benito Juarez,2016
Bermejo,1981
Bermejo,1982
Bermejo,1983
Bermejo,1984
Bermejo,1986
Bermejo,1987
Bermejo,1988
Bermejo,1989
Bermejo,1993
Bermejo,1994
Bermejo,1995
Bermejo,1996
Bermejo,1997
Bermejo,1998
Bermejo,1999
Bermejo,2000
Bermejo,2001
Bermejo,2002
Bermejo,2003
Bermejo,2004
Bermejo,2005
Bermejo,2006
Bermejo,2007
Bermejo,2009
Bermejo,2010
Bermejo,2011
Bermejo,2012
Bermejo,2013
Bermejo,2014
Bermejo,2015
Beron De Astrada,1981
Beron De Astrada,1982
Beron De Astrada,1983
Beron De Astrada,1984
Beron De Astrada,1985
Beron De Astrada,1986
Beron De Astrada,1987
Beron De Astrada,1988
Beron De Astrada,1989
Beron De Astrada,1991
Beron De Astrada,1995
Beron De Astrada,1996
Beron De Astrada,1997
Beron De Astrada,1998
Beron De Astrada,1999
Beron De Astrada,2003
Beron De Astrada,2005
Bolivar,1981
Bolivar,1982
Bolivar,1983
Bolivar,1984
Bolivar,1985
Bolivar,1986
Bolivar,1987
Bolivar,1988
Bolivar,1989
Bolivar,1990
Bolivar,1991
Bolivar,1992
Bolivar,1993
Bolivar,1994
Bolivar,1996
Bolivar,1997
Bolivar,1998
Bolivar,1999
Bolivar,2000
Bolivar,2001
Bolivar,2002
Bolivar,2003
Bolivar,2004
Bolivar,2005
Bolivar,2006
Bolivar,2007
Bolivar,2009
Bolivar,2010
Bolivar,2011
Bolivar,2012
Bolivar,2013
Bolivar,2014
Bolivar,2015
Bolivar,2016
Bragado,1981
Bragado,1982
Bragado,1983
Bragado,1984
Bragado,1985
Bragado,1986
Bragado,1987
Bragado,1989
Bragado,1990
Bragado,1991
Bragado,1992
Bragado,1993
Bragado,1994
Bragado,1995
Bragado,1996
Bragado,1997
Bragado,1998
Bragado,1999
Bragado,2000
Bragado,2001
Bragado,2002
Bragado,2003
Bragado,2004
Bragado,2005
Bragado,2006
Bragado,2007
Bragado,2009
Bragado,2010
Bragado,2011
Bragado,2012
Bragado,2013
Bragado,2014
Bragado,2015
Bragado,2016
Brandsen,1981
Brandsen,1982
Brandsen,1983
Brandsen,1984
Brandsen,1985
Brandsen,1986
Brandsen,1987
Brandsen,2003
Brandsen,2004
Brandsen,2005
Brandsen,2006
Brandsen,2007
Brandsen,2009
Brandsen,2010
Brandsen,2011
Brandsen,2012
Brandsen,2013
Brandsen,2014
Brandsen,2015
Brandsen,2016
Brandsen,2017
Burruyacu,1981
Burruyacu,1982
Burruyacu,1983
Burruyacu,1984
Burruyacu,1985
Burruyacu,1986
Burruyacu,1987
Burruyacu,1989
Burruyacu,1990
Burruyacu,1991
Burruyacu,1992
Burruyacu,1993
Burruyacu,1994
Burruyacu,1996
Burruyacu,1997
Burruyacu,1998
Burruyacu,2004
Burruyacu,2005
Burruyacu,2006
Burruyacu,2007
Burruyacu,2008
Burruyacu,2009
Burruyacu,2010
Burruyacu,2012
Burruyacu,2013
Burruyacu,2014
Burruyacu,2015
Burruyacu,2016
Burruyacu,2017
Cachi,2000
Cachi,2001
Cachi,2002
Cachi,2003
Cachi,2004
Cachi,2005
Cachi,2006
Cachi,2007
Cachi,2008
Cachi,2009
Cachi,2010
Cachi,2011
Cachi,2013
Cachi,2014
Cachi,2015
Cachi,2016
Cachi,2017
Cainguas,1981
Cainguas,1982
Cainguas,1983
Cainguas,1984
Cainguas,1985
Cainguas,1986
Cainguas,1987
Cainguas,1988
Cainguas,1989
Cainguas,1991
Cainguas,1993
Cainguas,1994
Cainguas,1995
Cainguas,1996
Cainguas,1997
Cainguas,1998
Cainguas,1999
Cainguas,2000
Cainguas,2001
Cainguas,2002
Cainguas,2005
Cainguas,2007
Cainguas,2009
Cainguas,2010
Cainguas,2011
Cainguas,2012
Cainguas,2013
Cainguas,2014
Cainguas,2015
Cainguas,2016
Cainguas,2017
Calamuchita,1981
Calamuchita,1982
Calamuchita,1983
Calamuchita,1984
Calamuchita,1985
Calamuchita,1986
Calamuchita,1987
Calamuchita,1989
Calamuchita,1990
Calamuchita,1993
Calamuchita,1994
Calamuchita,1995
Calamuchita,1997
Calamuchita,1998
Calamuchita,1999
Calamuchita,2000
Calamuchita,2001
Calamuchita,2002
Calamuchita,2003
Calamuchita,2004
Calamuchita,2006
Calamuchita,2007
Calamuchita,2008
Calamuchita,2010
Calamuchita,2011
Calamuchita,2012
Calamuchita,2013
Calamuchita,2014
Calamuchita,2015
Calamuchita,2016
Calamuchita,2017
Campana,1981
Campana,1982
Campana,1983
Campana,1984
Campana,1985
Campana,1986
Campana,1987
Campana,1988
Campana,1989
Campana,1990
Campana,1991
Campana,1992
Campana,1993
Campana,1994
Campana,1996
Campana,1997
Campana,1998
Campana,2000
Campana,2001
Campana,2002
Campana,2003
Campana,2004
Campana,2005
Campana,2006
Campana,2007
Campana,2009
Campana,2010
Campana,2011
Campana,2012
Campana,2013
Campana,2014
Campana,2015
Campana,2016
Campana,2017
Candelaria,1981
Candelaria,1982
Candelaria,1983
Candelaria,1984
Candelaria,1985
Candelaria,1986
Candelaria,1987
Candelaria,1988
Candelaria,1989
Candelaria,1993
Candelaria,1994
Candelaria,1995
Candelaria,1996
Candelaria,1998
Candelaria,1999
Candelaria,2000
Candelaria,2001
Candelaria,2002
Candelaria,2003
Candelaria,2004
Candelaria,2005
Candelaria,2006
Candelaria,2007
Candelaria,2008
Candelaria,2009
Candelaria,2010
Candelaria,2011
Candelaria,2012
Candelaria,2013
Candelaria,2014
Candelaria,2015
Candelaria,2016
Candelaria,2017
Canuelas,1981
Canuelas,1982
Canuelas,1983
Canuelas,1984
Canuelas,1985
Canuelas,1987
Canuelas,1989
Canuelas,1990
Canuelas,1991
Canuelas,1992
Canuelas,1993
Canuelas,1994
Canuelas,1996
Canuelas,1997
Canuelas,1998
Canuelas,1999
Canuelas,2000
Canuelas,2001
Canuelas,2002
Canuelas,2003
Canuelas,2004
Canuelas,2005
Canuelas,2006
Canuelas,2007
Canuelas,2009
Canuelas,2010
Canuelas,2011
Canuelas,2012
Canuelas,2013
Canuelas,2014
Canuelas,2015
Canuelas,2016
Capayan,1981
Capayan,1982
Capayan,1983
Capayan,1984
Capayan,1985
Capayan,1986
Capayan,1987
Capayan,1989
Capayan,1991
Capayan,1992
Capayan,1995
Capayan,1996
Capayan,1997
Capayan,1998
Capayan,2004
Capayan,2005
Capayan,2006
Capayan,2007
Capayan,2008
Capayan,2009
Capayan,2010
Capayan,2011
Capital,1981
Capital,1982
Capital,1983
Capital,1984
Capital,1985
Capital,1986
Capital,1987
Capital,1988
Capital,1989
Capital,1990
Capital,1991
Capital,1992
Capital,1993
Capital,1994
Capital,1995
Capital,1996
Capital,1997
Capital,1998
Capital,1999
Capital,2000
Capital,2001
Capital,2002
Capital,2003
Capital,2004
Capital,2005
Capital,2006
Capital,2007
Capital,2008
Capital,2009
Capital,2010
Capital,2011
Capital,2012
Capital,2013
Capital,2014
Capital,2015
Capital,2016
Capital,2017
Capitan Sarmiento,1981
Capitan Sarmiento,1982
Capitan Sarmiento,1983
Capitan Sarmiento,1984
Capitan Sarmiento,1985
Capitan Sarmiento,1986
Capitan Sarmiento,1987
Capitan Sarmiento,1989
Capitan Sarmiento,1990
Capitan Sarmiento,1991
Capitan Sarmiento,1992
Capitan Sarmiento,1993
Capitan Sarmiento,1994
Capitan Sarmiento,1995
Capitan Sarmiento,1996
Capitan Sarmiento,1997
Capitan Sarmiento,1998
Capitan Sarmiento,1999
Capitan Sarmiento,2000
Capitan Sarmiento,2001
Capitan Sarmiento,2002
Capitan Sarmiento,2003
Capitan Sarmiento,2004
Capitan Sarmiento,2005
Capitan Sarmiento,2006
Capitan Sarmiento,2007
Capitan Sarmiento,2009
Capitan Sarmiento,2010
Capitan Sarmiento,2011
Capitan Sarmiento,2012
Capitan Sarmiento,2013
Capitan Sarmiento,2014
Capitan Sarmiento,2015
Capitan Sarmiento,2016
Carlos Casares,1981
Carlos Casares,1982
Carlos Casares,1983
Carlos Casares,1984
Carlos Casares,1985
Carlos Casares,1986
Carlos Casares,1987
Carlos Casares,1988
Carlos Casares,1989
Carlos Casares,1990
Carlos Casares,1991
Carlos Casares,1992
Carlos Casares,1993
Carlos Casares,1994
Carlos Casares,1996
Carlos Casares,1997
Carlos Casares,1998
Carlos Casares,1999
Carlos Casares,2000
Carlos Casares,2001
Carlos Casares,2002
Carlos Casares,2003
Carlos Casares,2004
Carlos Casares,2005
Carlos Casares,2006
Carlos Casares,2007
Carlos Casares,2009
Carlos Casares,2010
Carlos Casares,2011
Carlos Casares,2012
Carlos Casares,2013
Carlos Casares,2014
Carlos Casares,2015
Carlos Casares,2016
Carlos Casares,2017
Carlos Tejedor,1981
Carlos Tejedor,1982
Carlos Tejedor,1983
Carlos Tejedor,1984
Carlos Tejedor,1985
Carlos Tejedor,1986
Carlos Tejedor,1987
Carlos Tejedor,1988
Carlos Tejedor,1990
Carlos Tejedor,1991
Carlos Tejedor,1992
Carlos Tejedor,1993
Carlos Tejedor,1994
Carlos Tejedor,1996
Carlos Tejedor,1997
Carlos Tejedor,1998
Carlos Tejedor,1999
Carlos Tejedor,2000
Carlos Tejedor,2001
Carlos Tejedor,2002
Carlos Tejedor,2003
Carlos Tejedor,2004
Carlos Tejedor,2005
Carlos Tejedor,2006
Carlos Tejedor,2007
Carlos Tejedor,2009
Carlos Tejedor,2010
Carlos Tejedor,2011
Carlos Tejedor,2012
Carlos Tejedor,2013
Carlos Tejedor,2014
Carlos Tejedor,2015
Carlos Tejedor,2016
Carlos Tejedor,2017
Carmen De Areco,1981
Carmen De Areco,1982
Carmen De Areco,1983
Carmen De Areco,1984
Carmen De Areco,1985
Carmen De Areco,1986
Carmen De Areco,1987
Carmen De Areco,1989
Carmen De Areco,1990
Carmen De Areco,1991
Carmen De Areco,1992
Carmen De Areco,1993
Carmen De Areco,1994
Carmen De Areco,1995
Carmen De Areco,1996
Carmen De Areco,1997
Carmen De Areco,1998
Carmen De Areco,2000
Carmen De Areco,2001
Carmen De Areco,2002
Carmen De Areco,2003
Carmen De Areco,2004
Carmen De Areco,2006
Carmen De Areco,2007
Carmen De Areco,2009
Carmen De Areco,2010
Carmen De Areco,2011
Carmen De Areco,2012
Carmen De Areco,2013
Carmen De Areco,2014
Carmen De Areco,2015
Carmen De Areco,2016
Caseros,1981
Caseros,1982
Caseros,1983
Caseros,1984
Caseros,1985
Caseros,1986
Caseros,1987
Caseros,1989
Caseros,1990
Caseros,1991
Caseros,1992
Caseros,1993
Caseros,1994
Caseros,1995
Caseros,1997
Caseros,1998
Caseros,1999
Caseros,2000
Caseros,2001
Caseros,2002
Caseros,2003
Caseros,2004
Caseros,2005
Caseros,2006
Caseros,2007
Caseros,2009
Caseros,2010
Caseros,2011
Caseros,2012
Caseros,2013
Caseros,2014
Caseros,2015
Castellanos,1981
Castellanos,1982
Castellanos,1983
Castellanos,1984
Castellanos,1985
Castellanos,1986
Castellanos,1987
Castellanos,1989
Castellanos,1990
Castellanos,1991
Castellanos,1992
Castellanos,1993
Castellanos,1994
Castellanos,1995
Castellanos,1997
Castellanos,1998
Castellanos,1999
Castellanos,2000
Castellanos,2001
Castellanos,2002
Castellanos,2003
Castellanos,2004
Castellanos,2005
Castellanos,2006
Castellanos,2007
Castellanos,2009
Castellanos,2010
Castellanos,2011
Castellanos,2012
Castellanos,2013
Castellanos,2014
Castellanos,2015
Castellanos,2016
Castelli,1981
Castelli,1982
Castelli,1983
Castelli,1984
Castelli,1985
Castelli,1986
Castelli,1987
Castelli,1989
Castelli,1990
Castelli,1991
Castelli,1992
Castelli,1993
Castelli,1994
Castelli,1995
Castelli,1996
Castelli,1997
Castelli,1998
Castelli,1999
Castelli,2000
Castelli,2001
Castelli,2002
Castelli,2003
Castelli,2004
Castelli,2005
Castelli,2006
Castelli,2007
Castelli,2009
Castelli,2010
Castelli,2011
Castelli,2012
Castelli,2013
Castelli,2014
Castelli,2015
Castelli,2016
Castelli,2017
Catrilo,1981
Catrilo,1982
Catrilo,1983
Catrilo,1984
Catrilo,1985
Catrilo,1986
Catrilo,1987
Catrilo,1988
Catrilo,1989
Catrilo,1990
Catrilo,1991
Catrilo,1992
Catrilo,1993
Catrilo,1994
Catrilo,1996
Catrilo,1997
Catrilo,1998
Catrilo,1999
Catrilo,2000
Catrilo,2001
Catrilo,2002
Catrilo,2003
Catrilo,2004
Catrilo,2005
Catrilo,2006
Catrilo,2007
Catrilo,2009
Catrilo,2010
Catrilo,2011
Catrilo,2012
Catrilo,2013
Catrilo,2014
Catrilo,2015
Catrilo,2016
Catrilo,2017
Cerrillos,1981
Cerrillos,1982
Cerrillos,1983
Cerrillos,1984
Cerrillos,1985
Cerrillos,1986
Cerrillos,1987
Cerrillos,1988
Cerrillos,1989
Cerrillos,1993
Cerrillos,1994
Cerrillos,1995
Cerrillos,1996
Cerrillos,1997
Cerrillos,1998
Cerrillos,1999
Cerrillos,2000
Cerrillos,2001
Cerrillos,2002
Cerrillos,2003
Cerrillos,2004
Cerrillos,2005
Cerrillos,2006
Cerrillos,2007
Cerrillos,2008
Cerrillos,2009
Cerrillos,2010
Cerrillos,2011
Cerrillos,2013
Cerrillos,2014
Cerrillos,2015
Cerrillos,2016
Cerrillos,2017
Chacabuco,1981
Chacabuco,1982
Chacabuco,1983
Chacabuco,1984
Chacabuco,1985
Chacabuco,1986
Chacabuco,1987
Chacabuco,1988
Chacabuco,1989
Chacabuco,1990
Chacabuco,1991
Chacabuco,1992
Chacabuco,1993
Chacabuco,1994
Chacabuco,1995
Chacabuco,1996
Chacabuco,1997
Chacabuco,1998
Chacabuco,1999
Chacabuco,2000
Chacabuco,2001
Chacabuco,2002
Chacabuco,2003
Chacabuco,2004
Chacabuco,2005
Chacabuco,2006
Chacabuco,2007
Chacabuco,2008
Chacabuco,2009
Chacabuco,2010
Chacabuco,2011
Chacabuco,2012
Chacabuco,2013
Chacabuco,2014
Chacabuco,2015
Chacabuco,2016
Chacabuco,2017
Chapaleufu,1981
Chapaleufu,1982
Chapaleufu,1983
Chapaleufu,1984
Chapaleufu,1985
Chapaleufu,1986
Chapaleufu,1987
Chapaleufu,1988
Chapaleufu,1989
Chapaleufu,1990
Chapaleufu,1991
Chapaleufu,1992
Chapaleufu,1993
Chapaleufu,1994
Chapaleufu,1995
Chapaleufu,1996
Chapaleufu,1997
Chapaleufu,1998
Chapaleufu,1999
Chapaleufu,2000
Chapaleufu,2001
Chapaleufu,2002
Chapaleufu,2003
Chapaleufu,2004
Chapaleufu,2005
Chapaleufu,2006
Chapaleufu,2007
Chapaleufu,2009
Chapaleufu,2010
Chapaleufu,2011
Chapaleufu,2012
Chapaleufu,2013
Chapaleufu,2014
Chapaleufu,2015
Chapaleufu,2016
Chapaleufu,2017
Chascomus,1981
Chascomus,1982
Chascomus,1983
Chascomus,1984
Chascomus,1985
Chascomus,1986
Chascomus,1987
Chascomus,1990
Chascomus,1991
Chascomus,1992
Chascomus,1993
Chascomus,1994
Chascomus,1995
Chascomus,1996
Chascomus,1997
Chascomus,1998
Chascomus,1999
Chascomus,2000
Chascomus,2001
Chascomus,2002
Chascomus,2003
Chascomus,2004
Chascomus,2005
Chascomus,2006
Chascomus,2007
Chascomus,2009
Chascomus,2010
Chascomus,2011
Chascomus,2012
Chascomus,2013
Chascomus,2014
Chascomus,2015
Chascomus,2016
Chascomus,2017
Chicoana,1981
Chicoana,1982
Chicoana,1983
Chicoana,1984
Chicoana,1985
Chicoana,1986
Chicoana,1987
Chicoana,1988
Chicoana,1989
Chicoana,1997
Chicoana,1998
Chicoana,1999
Chicoana,2000
Chicoana,2001
Chicoana,2002
Chicoana,2003
Chicoana,2004
Chicoana,2005
Chicoana,2006
Chicoana,2007
Chicoana,2008
Chicoana,2009
Chicoana,2010
Chicoana,2011
Chicoana,2013
Chicoana,2014
Chicoana,2015
Chicoana,2016
Chicoana,2017
Chivilcoy,1981
Chivilcoy,1982
Chivilcoy,1983
Chivilcoy,1984
Chivilcoy,1985
Chivilcoy,1986
Chivilcoy,1987
Chivilcoy,1989
Chivilcoy,1990
Chivilcoy,1991
Chivilcoy,1992
Chivilcoy,1993
Chivilcoy,1994
Chivilcoy,1995
Chivilcoy,1996
Chivilcoy,1997
Chivilcoy,1998
Chivilcoy,2000
Chivilcoy,2001
Chivilcoy,2002
Chivilcoy,2003
Chivilcoy,2004
Chivilcoy,2005
Chivilcoy,2006
Chivilcoy,2007
Chivilcoy,2009
Chivilcoy,2010
Chivilcoy,2011
Chivilcoy,2012
Chivilcoy,2013
Chivilcoy,2014
Chivilcoy,2015
Chivilcoy,2016
Choya,1981
Choya,1982
Choya,1983
Choya,1984
Choya,1985
Choya,1986
Choya,1987
Choya,1988
Choya,1989
Choya,1991
Choya,1992
Choya,1993
Choya,1994
Choya,1996
Choya,1997
Choya,1998
Choya,2005
Choya,2006
Choya,2007
Choya,2008
Choya,2009
Choya,2010
Choya,2012
Choya,2013
Choya,2014
Choya,2015
Choya,2016
Choya,2017
Colon,1981
Colon,1982
Colon,1983
Colon,1984
Colon,1985
Colon,1986
Colon,1987
Colon,1988
Colon,1989
Colon,1990
Colon,1991
Colon,1992
Colon,1993
Colon,1994
Colon,1995
Colon,1996
Colon,1997
Colon,1998
Colon,1999
Colon,2000
Colon,2001
Colon,2002
Colon,2003
Colon,2004
Colon,2005
Colon,2006
Colon,2007
Colon,2008
Colon,2009
Colon,2010
Colon,2011
Colon,2012
Colon,2013
Colon,2014
Colon,2015
Colon,2016
Colon,2017
Comandante Fernandez,1981
Comandante Fernandez,1982
Comandante Fernandez,1983
Comandante Fernandez,1984
Comandante Fernandez,1985
Comandante Fernandez,1986
Comandante Fernandez,1987
Comandante Fernandez,1988
Comandante Fernandez,1989
Comandante Fernandez,1990
Comandante Fernandez,1991
Comandante Fernandez,1992
Comandante Fernandez,1993
Comandante Fernandez,1994
Comandante Fernandez,1995
Comandante Fernandez,1996
Comandante Fernandez,1997
Comandante Fernandez,1998
Comandante Fernandez,1999
Comandante Fernandez,2000
Comandante Fernandez,2001
Comandante Fernandez,2002
Comandante Fernandez,2003
Comandante Fernandez,2004
Comandante Fernandez,2005
Comandante Fernandez,2006
Comandante Fernandez,2007
Comandante Fernandez,2009
Comandante Fernandez,2010
Comandante Fernandez,2011
Comandante Fernandez,2012
Comandante Fernandez,2013
Comandante Fernandez,2014
Comandante Fernandez,2015
Comandante Fernandez,2016
Comandante Fernandez,2017
Concepcion,1981
Concepcion,1982
Concepcion,1983
Concepcion,1984
Concepcion,1985
Concepcion,1986
Concepcion,1987
Concepcion,1988
Concepcion,1989
Concepcion,1991
Concepcion,1993
Concepcion,1994
Concepcion,1995
Concepcion,1996
Concepcion,1997
Concepcion,1998
Concepcion,1999
Concepcion,2000
Concepcion,2001
Concepcion,2002
Concepcion,2003
Concepcion,2004
Concepcion,2005
Concepcion,2006
Concepcion,2007
Concepcion,2008
Concepcion,2009
Concepcion,2010
Concepcion,2012
Concepcion,2013
Concepcion,2014
Concepcion,2015
Concepcion,2016
Concepcion,2017
Concordia,1981
Concordia,1982
Concordia,1983
Concordia,1984
Concordia,1985
Concordia,1986
Concordia,1987
Concordia,1988
Concordia,1989
Concordia,1990
Concordia,1991
Concordia,1992
Concordia,1993
Concordia,1994
Concordia,1995
Concordia,1996
Concordia,1997
Concordia,1998
Concordia,2000
Concordia,2001
Concordia,2002
Concordia,2003
Concordia,2004
Concordia,2005
Concordia,2006
Concordia,2007
Concordia,2009
Concordia,2010
Concordia,2011
Concordia,2012
Concordia,2013
Concordia,2014
Concordia,2015
Concordia,2016
Conhelo,1981
Conhelo,1982
Conhelo,1983
Conhelo,1984
Conhelo,1985
Conhelo,1986
Conhelo,1987
Conhelo,1988
Conhelo,1989
Conhelo,1990
Conhelo,1991
Conhelo,1992
Conhelo,1993
Conhelo,1994
Conhelo,1996
Conhelo,1997
Conhelo,1998
Conhelo,1999
Conhelo,2000
Conhelo,2001
Conhelo,2002
Conhelo,2003
Conhelo,2004
Conhelo,2005
Conhelo,2006
Conhelo,2007
Conhelo,2008
Conhelo,2009
Conhelo,2010
Conhelo,2011
Conhelo,2012
Conhelo,2013
Conhelo,2014
Conhelo,2015
Conhelo,2016
Conhelo,2017
Copo,1981
Copo,1982
Copo,1983
Copo,1984
Copo,1985
Copo,1986
Copo,1987
Copo,1988
Copo,1989
Copo,1996
Copo,1997
Copo,1998
Copo,2002
Copo,2003
Copo,2004
Copo,2005
Copo,2006
Copo,2007
Copo,2009
Copo,2010
Copo,2011
Copo,2012
Copo,2013
Copo,2014
Copo,2015
Copo,2016
Copo,2017
Coronel Dorrego,1981
Coronel Dorrego,1982
Coronel Dorrego,1983
Coronel Dorrego,1984
Coronel Dorrego,1985
Coronel Dorrego,1986
Coronel Dorrego,1987
Coronel Dorrego,1988
Coronel Dorrego,1989
Coronel Dorrego,1991
Coronel Dorrego,1992
Coronel Dorrego,1993
Coronel Dorrego,1994
Coronel Dorrego,1995
Coronel Dorrego,1996
Coronel Dorrego,1997
Coronel Dorrego,1999
Coronel Dorrego,2000
Coronel Dorrego,2001
Coronel Dorrego,2002
Coronel Dorrego,2003
Coronel Dorrego,2004
Coronel Dorrego,2005
Coronel Dorrego,2006
Coronel Dorrego,2007
Coronel Dorrego,2009
Coronel Dorrego,2010
Coronel Dorrego,2011
Coronel Dorrego,2012
Coronel Dorrego,2013
Coronel Dorrego,2014
Coronel Dorrego,2015
Coronel Dorrego,2016
Coronel Dorrego,2017
Coronel Pringles,1981
Coronel Pringles,1982
Coronel Pringles,1983
Coronel Pringles,1984
Coronel Pringles,1985
Coronel Pringles,1986
Coronel Pringles,1987
Coronel Pringles,1988
Coronel Pringles,1989
Coronel Pringles,1990
Coronel Pringles,1991
Coronel Pringles,1992
Coronel Pringles,1993
Coronel Pringles,1994
Coronel Pringles,1995
Coronel Pringles,1996
Coronel Pringles,1997
Coronel Pringles,1998
Coronel Pringles,1999
Coronel Pringles,2000
Coronel Pringles,2001
Coronel Pringles,2003
Coronel Pringles,2004
Coronel Pringles,2006
Coronel Pringles,2007
Coronel Pringles,2008
Coronel Pringles,2009
Coronel Pringles,2010
Coronel Pringles,2011
Coronel Pringles,2012
Coronel Pringles,2013
Coronel Pringles,2014
Coronel Pringles,2015
Coronel Pringles,2016
Coronel Pringles,2017
Coronel Suarez,1981
Coronel Suarez,1982
Coronel Suarez,1983
Coronel Suarez,1984
Coronel Suarez,1985
Coronel Suarez,1986
Coronel Suarez,1987
Coronel Suarez,1989
Coronel Suarez,1990
Coronel Suarez,1991
Coronel Suarez,1992
Coronel Suarez,1993
Coronel Suarez,1994
Coronel Suarez,1996
Coronel Suarez,1997
Coronel Suarez,1998
Coronel Suarez,1999
Coronel Suarez,2000
Coronel Suarez,2001
Coronel Suarez,2002
Coronel Suarez,2003
Coronel Suarez,2004
Coronel Suarez,2005
Coronel Suarez,2006
Coronel Suarez,2007
Coronel Suarez,2009
Coronel Suarez,2010
Coronel Suarez,2011
Coronel Suarez,2012
Coronel Suarez,2013
Coronel Suarez,2014
Coronel Suarez,2015
Coronel Suarez,2016
Coronel Suarez,2017
Cruz Alta,1981
Cruz Alta,1982
Cruz Alta,1983
Cruz Alta,1984
Cruz Alta,1985
Cruz Alta,1986
Cruz Alta,1987
Cruz Alta,1989
Cruz Alta,1991
Cruz Alta,1992
Cruz Alta,1993
Cruz Alta,1994
Cruz Alta,1996
Cruz Alta,1997
Cruz Alta,1998
Cruz Alta,2004
Cruz Alta,2005
Cruz Alta,2006
Cruz Alta,2007
Cruz Alta,2008
Cruz Alta,2009
Cruz Alta,2010
Cruz Alta,2012
Cruz Alta,2013
Cruz Alta,2014
Cruz Alta,2015
Cruz Alta,2016
Cruz Alta,2017
Curuzu Cuatia,1981
Curuzu Cuatia,1982
Curuzu Cuatia,1983
Curuzu Cuatia,1984
Curuzu Cuatia,1985
Curuzu Cuatia,1986
Curuzu Cuatia,1987
Curuzu Cuatia,1988
Curuzu Cuatia,1989
Curuzu Cuatia,1992
Curuzu Cuatia,1993
Curuzu Cuatia,1996
Curuzu Cuatia,1997
Curuzu Cuatia,1998
Curuzu Cuatia,2002
Curuzu Cuatia,2003
Curuzu Cuatia,2005
Curuzu Cuatia,2007
Curuzu Cuatia,2008
Curuzu Cuatia,2009
Curuzu Cuatia,2010
Curuzu Cuatia,2013
Daireaux,1981
Daireaux,1982
Daireaux,1983
Daireaux,1984
Daireaux,1985
Daireaux,1986
Daireaux,1987
Daireaux,1988
Daireaux,1989
Daireaux,1990
Daireaux,1991
Daireaux,1992
Daireaux,1993
Daireaux,1994
Daireaux,1995
Daireaux,1996
Daireaux,1997
Daireaux,1998
Daireaux,1999
Daireaux,2000
Daireaux,2001
Daireaux,2002
Daireaux,2003
Daireaux,2004
Daireaux,2005
Daireaux,2006
Daireaux,2007
Daireaux,2009
Daireaux,2010
Daireaux,2011
Daireaux,2012
Daireaux,2013
Daireaux,2014
Daireaux,2015
Daireaux,2016
Diamante,1981
Diamante,1982
Diamante,1983
Diamante,1984
Diamante,1985
Diamante,1986
Diamante,1987
Diamante,1988
Diamante,1989
Diamante,1990
Diamante,1991
Diamante,1992
Diamante,1993
Diamante,1994
Diamante,1995
Diamante,1996
Diamante,1997
Diamante,1998
Diamante,1999
Diamante,2000
Diamante,2001
Diamante,2002
Diamante,2003
Diamante,2004
Diamante,2006
Diamante,2007
Diamante,2009
Diamante,2010
Diamante,2011
Diamante,2012
Diamante,2013
Diamante,2014
Diamante,2015
Diamante,2016
Dolores,1981
Dolores,1982
Dolores,1983
Dolores,1984
Dolores,1985
Dolores,1986
Dolores,1987
Dolores,1990
Dolores,1991
Dolores,1992
Dolores,1993
Dolores,1994
Dolores,1996
Dolores,1997
Dolores,1998
Dolores,1999
Dolores,2000
Dolores,2001
Dolores,2002
Dolores,2003
Dolores,2004
Dolores,2005
Dolores,2006
Dolores,2007
Dolores,2009
Dolores,2010
Dolores,2011
Dolores,2012
Dolores,2013
Dolores,2014
Dolores,2015
Dolores,2016
Dolores,2017
Dr. Manuel Belgrano,1995
Dr. Manuel Belgrano,1996
Dr. Manuel Belgrano,1997
Dr. Manuel Belgrano,1999
Dr. Manuel Belgrano,2000
Dr. Manuel Belgrano,2001
Dr. Manuel Belgrano,2002
Dr. Manuel Belgrano,2003
Dr. Manuel Belgrano,2004
Dr. Manuel Belgrano,2005
Dr. Manuel Belgrano,2006
Dr. Manuel Belgrano,2007
Dr. Manuel Belgrano,2008
Dr. Manuel Belgrano,2009
Dr. Manuel Belgrano,2010
Dr. Manuel Belgrano,2011
Dr. Manuel Belgrano,2013
Dr. Manuel Belgrano,2014
Dr. Manuel Belgrano,2015
Dr. Manuel Belgrano,2016
Dr. Manuel Belgrano,2017
El Alto,1981
El Alto,1982
El Alto,1983
El Alto,1985
El Alto,1987
El Alto,1988
El Alto,1989
El Alto,1991
El Alto,1992
El Alto,1993
El Alto,1994
El Alto,1995
El Alto,1996
El Alto,1997
El Alto,1998
El Alto,2000
El Alto,2001
El Alto,2002
El Alto,2003
El Alto,2004
El Alto,2005
El Alto,2006
El Alto,2007
El Alto,2008
El Alto,2009
El Alto,2010
El Alto,2011
El Alto,2013
El Alto,2014
El Alto,2015
El Alto,2016
El Alto,2017
El Carmen,1981
El Carmen,1982
El Carmen,1983
El Carmen,1984
El Carmen,1985
El Carmen,1986
El Carmen,1987
El Carmen,1988
El Carmen,1989
El Carmen,1990
El Carmen,1991
El Carmen,1992
El Carmen,1993
El Carmen,1994
El Carmen,1995
El Carmen,1996
El Carmen,1997
El Carmen,1998
El Carmen,1999
El Carmen,2000
El Carmen,2001
El Carmen,2002
El Carmen,2003
El Carmen,2004
El Carmen,2005
El Carmen,2006
El Carmen,2007
El Carmen,2008
El Carmen,2009
El Carmen,2010
El Carmen,2011
El Carmen,2013
El Carmen,2014
El Carmen,2015
El Carmen,2016
El Carmen,2017
Eldorado,1981
Eldorado,1982
Eldorado,1983
Eldorado,1984
Eldorado,1986
Eldorado,1987
Eldorado,1988
Eldorado,1989
Eldorado,1993
Eldorado,1994
Eldorado,1995
Eldorado,1996
Eldorado,1998
Eldorado,1999
Eldorado,2000
Eldorado,2002
Eldorado,2003
Eldorado,2004
Eldorado,2005
Eldorado,2006
Eldorado,2007
Eldorado,2009
Eldorado,2010
Eldorado,2011
Eldorado,2012
Eldorado,2013
Eldorado,2014
Eldorado,2015
Eldorado,2016
Eldorado,2017
Empedrado,1981
Empedrado,1982
Empedrado,1983
Empedrado,1984
Empedrado,1985
Empedrado,1986
Empedrado,1987
Empedrado,1989
Empedrado,1991
Empedrado,1992
Empedrado,1993
Empedrado,1994
Empedrado,1995
Empedrado,1996
Empedrado,1997
Empedrado,1998
Empedrado,1999
Empedrado,2002
Empedrado,2003
Empedrado,2005
Empedrado,2009
Empedrado,2010
Empedrado,2013
Esquina,1981
Esquina,1982
Esquina,1983
Esquina,1984
Esquina,1985
Esquina,1986
Esquina,1987
Esquina,1988
Esquina,1989
Esquina,1992
Esquina,1993
Esquina,1995
Esquina,1996
Esquina,1997
Esquina,1998
Esquina,1999
Esquina,2002
Esquina,2003
Esquina,2005
Esquina,2007
Esquina,2008
Esquina,2009
Esquina,2010
Esquina,2013
Exaltacion De La Cruz,1981
Exaltacion De La Cruz,1982
Exaltacion De La Cruz,1983
Exaltacion De La Cruz,1984
Exaltacion De La Cruz,1986
Exaltacion De La Cruz,1987
Exaltacion De La Cruz,1989
Exaltacion De La Cruz,1990
Exaltacion De La Cruz,1991
Exaltacion De La Cruz,1992
Exaltacion De La Cruz,1993
Exaltacion De La Cruz,1994
Exaltacion De La Cruz,1996
Exaltacion De La Cruz,1997
Exaltacion De La Cruz,1998
Exaltacion De La Cruz,2000
Exaltacion De La Cruz,2001
Exaltacion De La Cruz,2002
Exaltacion De La Cruz,2003
Exaltacion De La Cruz,2004
Exaltacion De La Cruz,2005
Exaltacion De La Cruz,2006
Exaltacion De La Cruz,2007
Exaltacion De La Cruz,2009
Exaltacion De La Cruz,2010
Exaltacion De La Cruz,2011
Exaltacion De La Cruz,2012
Exaltacion De La Cruz,2013
Exaltacion De La Cruz,2014
Exaltacion De La Cruz,2015
Exaltacion De La Cruz,2016
Exaltacion De La Cruz,2017
Federacion,1981
Federacion,1982
Federacion,1983
Federacion,1984
Federacion,1985
Federacion,1986
Federacion,1987
Federacion,1988
Federacion,1989
Federacion,1990
Federacion,1991
Federacion,1992
Federacion,1993
Federacion,1994
Federacion,1995
Federacion,1996
Federacion,1997
Federacion,1998
Federacion,2000
Federacion,2001
Federacion,2002
Federacion,2003
Federacion,2004
Federacion,2005
Federacion,2006
Federacion,2007
Federacion,2009
Federacion,2010
Federacion,2011
Federacion,2012
Federacion,2013
Federacion,2014
Federacion,2015
Federacion,2016
Federal,1981
Federal,1982
Federal,1983
Federal,1984
Federal,1985
Federal,1986
Federal,1987
Federal,1988
Federal,1989
Federal,1990
Federal,1991
Federal,1992
Federal,1993
Federal,1994
Federal,1995
Federal,1996
Federal,1997
Federal,1998
Federal,2000
Federal,2001
Federal,2002
Federal,2003
Federal,2004
Federal,2005
Federal,2006
Federal,2007
Federal,2009
Federal,2010
Federal,2011
Federal,2012
Federal,2013
Federal,2014
Federal,2015
Federal,2016
Feliciano,1981
Feliciano,1982
Feliciano,1983
Feliciano,1984
Feliciano,1985
Feliciano,1986
Feliciano,1987
Feliciano,1989
Feliciano,1990
Feliciano,1991
Feliciano,1992
Feliciano,1993
Feliciano,1994
Feliciano,1995
Feliciano,1996
Feliciano,1997
Feliciano,1998
Feliciano,2000
Feliciano,2001
Feliciano,2002
Feliciano,2003
Feliciano,2004
Feliciano,2005
Feliciano,2006
Feliciano,2007
Feliciano,2008
Feliciano,2009
Feliciano,2011
Feliciano,2012
Feliciano,2013
Feliciano,2014
Feliciano,2015
Feliciano,2016
Figueroa,1981
Figueroa,1982
Figueroa,1985
Figueroa,1986
Figueroa,1987
Figueroa,1989
Figueroa,1993
Figueroa,1994
Figueroa,1995
Figueroa,1996
Figueroa,1997
Figueroa,1998
Figueroa,2010
Figueroa,2011
Figueroa,2013
Figueroa,2014
Figueroa,2015
Figueroa,2016
Figueroa,2017
Florentino Ameghino,1995
Florentino Ameghino,1996
Florentino Ameghino,1997
Florentino Ameghino,1998
Florentino Ameghino,1999
Florentino Ameghino,2000
Florentino Ameghino,2001
Florentino Ameghino,2002
Florentino Ameghino,2003
Florentino Ameghino,2004
Florentino Ameghino,2005
Florentino Ameghino,2006
Florentino Ameghino,2007
Florentino Ameghino,2009
Florentino Ameghino,2010
Florentino Ameghino,2012
Florentino Ameghino,2013
Florentino Ameghino,2014
Florentino Ameghino,2015
Florentino Ameghino,2016
Florentino Ameghino,2017
Formosa,1981
Formosa,1982
Formosa,1983
Formosa,1984
Formosa,1985
Formosa,1986
Formosa,1987
Formosa,1988
Formosa,1989
Formosa,1990
Formosa,1991
Formosa,1992
Formosa,1993
Formosa,1994
Formosa,1995
Formosa,1996
Formosa,1997
Formosa,1998
Formosa,2001
Formosa,2002
Formosa,2003
Formosa,2004
Fray Justo Santa Maria De Oro,1981
Fray Justo Santa Maria De Oro,1982
Fray Justo Santa Maria De Oro,1983
Fray Justo Santa Maria De Oro,1984
Fray Justo Santa Maria De Oro,1985
Fray Justo Santa Maria De Oro,1986
Fray Justo Santa Maria De Oro,1987
Fray Justo Santa Maria De Oro,1988
Fray Justo Santa Maria De Oro,1989
Fray Justo Santa Maria De Oro,1991
Fray Justo Santa Maria De Oro,1992
Fray Justo Santa Maria De Oro,1993
Fray Justo Santa Maria De Oro,1994
Fray Justo Santa Maria De Oro,1995
Fray Justo Santa Maria De Oro,1996
Fray Justo Santa Maria De Oro,1997
Fray Justo Santa Maria De Oro,1998
Fray Justo Santa Maria De Oro,1999
Fray Justo Santa Maria De Oro,2001
Fray Justo Santa Maria De Oro,2002
Fray Justo Santa Maria De Oro,2003
Fray Justo Santa Maria De Oro,2004
Fray Justo Santa Maria De Oro,2005
Fray Justo Santa Maria De Oro,2006
Fray Justo Santa Maria De Oro,2007
Fray Justo Santa Maria De Oro,2009
Fray Justo Santa Maria De Oro,2010
Fray Justo Santa Maria De Oro,2011
Fray Justo Santa Maria De Oro,2012
Fray Justo Santa Maria De Oro,2013
Fray Justo Santa Maria De Oro,2014
Fray Justo Santa Maria De Oro,2015
Fray Justo Santa Maria De Oro,2016
Fray Justo Santa Maria De Oro,2017
Garay,1981
Garay,1982
Garay,1983
Garay,1984
Garay,1985
Garay,1986
Garay,1988
Garay,1989
Garay,1994
Garay,1995
Garay,1996
Garay,1997
Garay,1998
Garay,2000
Garay,2001
Garay,2002
Garay,2003
Garay,2004
Garay,2005
Garay,2006
Garay,2007
Garay,2009
Garay,2010
Garay,2011
Garay,2012
Garay,2013
Garay,2014
Garay,2015
Garay,2016
General Alvarado,1981
General Alvarado,1982
General Alvarado,1983
General Alvarado,1984
General Alvarado,1985
General Alvarado,1986
General Alvarado,1987
General Alvarado,1988
General Alvarado,1989
General Alvarado,1990
General Alvarado,1991
General Alvarado,1993
General Alvarado,1994
General Alvarado,1995
General Alvarado,1996
General Alvarado,1997
General Alvarado,1998
General Alvarado,1999
General Alvarado,2000
General Alvarado,2001
General Alvarado,2002
General Alvarado,2003
General Alvarado,2004
General Alvarado,2005
General Alvarado,2006
General Alvarado,2007
General Alvarado,2009
General Alvarado,2010
General Alvarado,2011
General Alvarado,2012
General Alvarado,2013
General Alvarado,2014
General Alvarado,2015
General Alvarado,2016
General Alvarado,2017
General Alvear,1981
General Alvear,1982
General Alvear,1983
General Alvear,1984
General Alvear,1985
General Alvear,1986
General Alvear,1987
General Alvear,1988
General Alvear,1989
General Alvear,1990
General Alvear,1991
General Alvear,1993
General Alvear,1994
General Alvear,1996
General Alvear,1997
General Alvear,1998
General Alvear,1999
General Alvear,2000
General Alvear,2001
General Alvear,2002
General Alvear,2003
General Alvear,2004
General Alvear,2005
General Alvear,2006
General Alvear,2007
General Alvear,2009
General Alvear,2010
General Alvear,2011
General Alvear,2013
General Alvear,2014
General Alvear,2015
General Alvear,2016
General Alvear,2017
General Arenales,1981
General Arenales,1982
General Arenales,1983
General Arenales,1984
General Arenales,1987
General Arenales,1988
General Arenales,1989
General Arenales,1990
General Arenales,1991
General Arenales,1992
General Arenales,1993
General Arenales,1994
General Arenales,1995
General Arenales,1996
General Arenales,1997
General Arenales,1998
General Arenales,1999
General Arenales,2000
General Arenales,2001
General Arenales,2002
General Arenales,2003
General Arenales,2004
General Arenales,2005
General Arenales,2006
General Arenales,2007
General Arenales,2008
General Arenales,2009
General Arenales,2010
General Arenales,2012
General Arenales,2013
General Arenales,2014
General Arenales,2015
General Arenales,2016
General Belgrano,1981
General Belgrano,1982
General Belgrano,1983
General Belgrano,1984
General Belgrano,1985
General Belgrano,1986
General Belgrano,1987
General Belgrano,1988
General Belgrano,1989
General Belgrano,1990
General Belgrano,1991
General Belgrano,1992
General Belgrano,1993
General Belgrano,1994
General Belgrano,1995
General Belgrano,1996
General Belgrano,1997
General Belgrano,1998
General Belgrano,1999
General Belgrano,2000
General Belgrano,2001
General Belgrano,2002
General Belgrano,2003
General Belgrano,2004
General Belgrano,2005
General Belgrano,2006
General Belgrano,2007
General Belgrano,2008
General Belgrano,2009
General Belgrano,2010
General Belgrano,2011
General Belgrano,2012
General Belgrano,2013
General Belgrano,2014
General Belgrano,2015
General Belgrano,2016
General Belgrano,2017
General Donovan,1981
General Donovan,1982
General Donovan,1983
General Donovan,1984
General Donovan,1985
General Donovan,1986
General Donovan,1987
General Donovan,1988
General Donovan,1989
General Donovan,1993
General Donovan,1994
General Donovan,1995
General Donovan,1996
General Donovan,1997
General Donovan,1998
General Donovan,1999
General Donovan,2000
General Donovan,2001
General Donovan,2002
General Donovan,2003
General Donovan,2004
General Donovan,2005
General Donovan,2006
General Donovan,2007
General Donovan,2009
General Donovan,2010
General Donovan,2011
General Donovan,2013
General Guemes,1981
General Guemes,1982
General Guemes,1983
General Guemes,1984
General Guemes,1985
General Guemes,1986
General Guemes,1987
General Guemes,1988
General Guemes,1989
General Guemes,1991
General Guemes,1992
General Guemes,1993
General Guemes,1994
General Guemes,1995
General Guemes,1996
General Guemes,1997
General Guemes,1998
General Guemes,1999
General Guemes,2000
General Guemes,2001
General Guemes,2002
General Guemes,2003
General Guemes,2004
General Guemes,2005
General Guemes,2006
General Guemes,2007
General Guemes,2008
General Guemes,2009
General Guemes,2010
General Guemes,2011
General Guemes,2012
General Guemes,2013
General Guemes,2014
General Guemes,2015
General Guemes,2016
General Guemes,2017
General Guido,1981
General Guido,1982
General Guido,1983
General Guido,1984
General Guido,1985
General Guido,1986
General Guido,1987
General Guido,1988
General Guido,1989
General Guido,1996
General Guido,1997
General Guido,1999
General Guido,2000
General Guido,2001
General Guido,2002
General Guido,2003
General Guido,2004
General Guido,2005
General Guido,2006
General Guido,2007
General Guido,2009
General Guido,2010
General Guido,2011
General Guido,2012
General Guido,2013
General Guido,2014
General Guido,2015
General Guido,2016
General Guido,2017
General Jose De San Martin,1981
General Jose De San Martin,1982
General Jose De San Martin,1983
General Jose De San Martin,1984
General Jose De San Martin,1985
General Jose De San Martin,1986
General Jose De San Martin,1987
General Jose De San Martin,1988
General Jose De San Martin,1989
General Jose De San Martin,1991
General Jose De San Martin,1992
General Jose De San Martin,1993
General Jose De San Martin,1994
General Jose De San Martin,1995
General Jose De San Martin,1996
General Jose De San Martin,1997
General Jose De San Martin,1998
General Jose De San Martin,1999
General Jose De San Martin,2000
General Jose De San Martin,2001
General Jose De San Martin,2002
General Jose De San Martin,2003
General Jose De San Martin,2004
General Jose De San Martin,2005
General Jose De San Martin,2006
General Jose De San Martin,2007
General Jose De San Martin,2008
General Jose De San Martin,2009
General Jose De San Martin,2010
General Jose De San Martin,2011
General Jose De San Martin,2013
General Jose De San Martin,2014
General Jose De San Martin,2015
General Jose De San Martin,2016
General Jose De San Martin,2017
General Juan Madariaga,1981
General Juan Madariaga,1982
General Juan Madariaga,1983
General Juan Madariaga,1984
General Juan Madariaga,1985
General Juan Madariaga,1986
General Juan Madariaga,1987
General Juan Madariaga,1988
General Juan Madariaga,1989
General Juan Madariaga,1991
General Juan Madariaga,1992
General Juan Madariaga,1993
General Juan Madariaga,1994
General Juan Madariaga,1995
General Juan Madariaga,1996
General Juan Madariaga,1997
General Juan Madariaga,1998
General Juan Madariaga,1999
General Juan Madariaga,2000
General Juan Madariaga,2001
General Juan Madariaga,2002
General Juan Madariaga,2003
General Juan Madariaga,2004
General Juan Madariaga,2005
General Juan Madariaga,2006
General Juan Madariaga,2007
General Juan Madariaga,2009
General Juan Madariaga,2010
General Juan Madariaga,2011
General Juan Madariaga,2012
General Juan Madariaga,2013
General Juan Madariaga,2015
General Juan Madariaga,2016
General Juan Madariaga,2017
General La Madrid,1981
General La Madrid,1982
General La Madrid,1983
General La Madrid,1984
General La Madrid,1985
General La Madrid,1986
General La Madrid,1987
General La Madrid,1989
General La Madrid,1990
General La Madrid,1991
General La Madrid,1992
General La Madrid,1993
General La Madrid,1994
General La Madrid,1995
General La Madrid,1996
General La Madrid,1997
General La Madrid,1998
General La Madrid,1999
General La Madrid,2000
General La Madrid,2001
General La Madrid,2002
General La Madrid,2003
General La Madrid,2004
General La Madrid,2005
General La Madrid,2006
General La Madrid,2007
General La Madrid,2009
General La Madrid,2010
General La Madrid,2011
General La Madrid,2012
General La Madrid,2013
General La Madrid,2014
General La Madrid,2015
General La Madrid,2016
General La Madrid,2017
General Las Heras,1981
General Las Heras,1982
General Las Heras,1983
General Las Heras,1984
General Las Heras,1985
General Las Heras,1988
General Las Heras,1995
General Las Heras,1996
General Las Heras,1997
General Las Heras,1998
General Las Heras,1999
General Las Heras,2000
General Las Heras,2002
General Las Heras,2003
General Las Heras,2004
General Las Heras,2005
General Las Heras,2006
General Las Heras,2007
General Las Heras,2009
General Las Heras,2010
General Las Heras,2011
General Las Heras,2012
General Las Heras,2013
General Las Heras,2014
General Las Heras,2015
General Las Heras,2016
General Lavalle,1981
General Lavalle,1982
General Lavalle,1983
General Lavalle,1984
General Lavalle,1985
General Lavalle,1987
General Lavalle,1996
General Lavalle,1997
General Lavalle,1998
General Lavalle,1999
General Lavalle,2000
General Lavalle,2001
General Lavalle,2002
General Lavalle,2003
General Lavalle,2004
General Lavalle,2005
General Lavalle,2006
General Lavalle,2007
General Lavalle,2009
General Lavalle,2010
General Lavalle,2011
General Lavalle,2012
General Lavalle,2013
General Lavalle,2014
General Lavalle,2015
General Lavalle,2016
General Lavalle,2017
General Lopez,1981
General Lopez,1982
General Lopez,1983
General Lopez,1984
General Lopez,1985
General Lopez,1986
General Lopez,1987
General Lopez,1988
General Lopez,1989
General Lopez,1990
General Lopez,1991
General Lopez,1992
General Lopez,1993
General Lopez,1994
General Lopez,1995
General Lopez,1997
General Lopez,1998
General Lopez,1999
General Lopez,2000
General Lopez,2001
General Lopez,2002
General Lopez,2003
General Lopez,2004
General Lopez,2005
General Lopez,2006
General Lopez,2007
General Lopez,2008
General Lopez,2009
General Lopez,2010
General Lopez,2012
General Lopez,2013
General Lopez,2014
General Lopez,2015
General Lopez,2016
General Manuel Belgrano,1981
General Manuel Belgrano,1982
General Manuel Belgrano,1983
General Manuel Belgrano,1984
General Manuel Belgrano,1985
General Manuel Belgrano,1986
General Manuel Belgrano,1987
General Manuel Belgrano,1988
General Manuel Belgrano,1989
General Manuel Belgrano,1991
General Manuel Belgrano,1993
General Manuel Belgrano,1994
General Manuel Belgrano,1995
General Manuel Belgrano,1996
General Manuel Belgrano,1997
General Manuel Belgrano,1998
General Manuel Belgrano,1999
General Manuel Belgrano,2000
General Manuel Belgrano,2001
General Manuel Belgrano,2002
General Manuel Belgrano,2003
General Manuel Belgrano,2005
General Manuel Belgrano,2009
General Manuel Belgrano,2010
General Manuel Belgrano,2011
General Manuel Belgrano,2012
General Manuel Belgrano,2013
General Manuel Belgrano,2014
General Manuel Belgrano,2015
General Manuel Belgrano,2016
General Manuel Belgrano,2017
General Obligado,1981
General Obligado,1982
General Obligado,1983
General Obligado,1984
General Obligado,1985
General Obligado,1986
General Obligado,1987
General Obligado,1988
General Obligado,1989
General Obligado,1990
General Obligado,1991
General Obligado,1992
General Obligado,1993
General Obligado,1994
General Obligado,1995
General Obligado,1996
General Obligado,1997
General Obligado,1998
General Obligado,1999
General Obligado,2000
General Obligado,2001
General Obligado,2002
General Obligado,2003
General Obligado,2004
General Obligado,2006
General Obligado,2007
General Obligado,2009
General Obligado,2010
General Obligado,2011
General Obligado,2012
General Obligado,2013
General Obligado,2014
General Obligado,2015
General Obligado,2016
General Paz,1981
General Paz,1982
General Paz,1983
General Paz,1984
General Paz,1985
General Paz,1986
General Paz,1987
General Paz,1988
General Paz,1989
General Paz,1991
General Paz,1995
General Paz,1996
General Paz,1997
General Paz,1998
General Paz,1999
General Paz,2001
General Paz,2003
General Paz,2004
General Paz,2005
General Paz,2006
General Paz,2007
General Paz,2008
General Paz,2009
General Paz,2010
General Paz,2011
General Paz,2012
General Paz,2013
General Paz,2014
General Paz,2015
General Paz,2016
General Paz,2017
General Pedernera,1981
General Pedernera,1982
General Pedernera,1983
General Pedernera,1984
General Pedernera,1985
General Pedernera,1986
General Pedernera,1987
General Pedernera,1989
General Pedernera,1991
General Pedernera,1993
General Pedernera,1994
General Pedernera,1995
General Pedernera,1997
General Pedernera,1998
General Pedernera,2007
General Pedernera,2008
General Pedernera,2009
General Pedernera,2010
General Pedernera,2011
General Pedernera,2012
General Pedernera,2013
General Pedernera,2014
General Pedernera,2015
General Pedernera,2016
General Pinto,1981
General Pinto,1982
General Pinto,1983
General Pinto,1984
General Pinto,1985
General Pinto,1987
General Pinto,1988
General Pinto,1989
General Pinto,1990
General Pinto,1991
General Pinto,1992
General Pinto,1993
General Pinto,1994
General Pinto,1995
General Pinto,1996
General Pinto,1997
General Pinto,1998
General Pinto,1999
General Pinto,2000
General Pinto,2001
General Pinto,2002
General Pinto,2003
General Pinto,2004
General Pinto,2005
General Pinto,2006
General Pinto,2009
General Pinto,2010
General Pinto,2012
General Pinto,2013
General Pinto,2014
General Pinto,2015
General Pinto,2016
General Pinto,2017
General Pueyrredon,1981
General Pueyrredon,1982
General Pueyrredon,1983
General Pueyrredon,1984
General Pueyrredon,1985
General Pueyrredon,1986
General Pueyrredon,1987
General Pueyrredon,1988
General Pueyrredon,1989
General Pueyrredon,1990
General Pueyrredon,1991
General Pueyrredon,1993
General Pueyrredon,1994
General Pueyrredon,1995
General Pueyrredon,1996
General Pueyrredon,1997
General Pueyrredon,1998
General Pueyrredon,1999
General Pueyrredon,2000
General Pueyrredon,2001
General Pueyrredon,2002
General Pueyrredon,2003
General Pueyrredon,2004
General Pueyrredon,2005
General Pueyrredon,2006
General Pueyrredon,2007
General Pueyrredon,2009
General Pueyrredon,2010
General Pueyrredon,2011
General Pueyrredon,2012
General Pueyrredon,2013
General Pueyrredon,2014
General Pueyrredon,2015
General Pueyrredon,2016
General Pueyrredon,2017
General Roca,1981
General Roca,1982
General Roca,1983
General Roca,1984
General Roca,1985
General Roca,1986
General Roca,1987
General Roca,1989
General Roca,1990
General Roca,1991
General Roca,1992
General Roca,1993
General Roca,1994
General Roca,1995
General Roca,1996
General Roca,1997
General Roca,1998
General Roca,1999
General Roca,2000
General Roca,2001
General Roca,2002
General Roca,2003
General Roca,2004
General Roca,2005
General Roca,2006
General Roca,2007
General Roca,2008
General Roca,2009
General Roca,2012
General Roca,2013
General Roca,2014
General Roca,2015
General Roca,2016
General Roca,2017
General Rodriguez,1981
General Rodriguez,1982
General Rodriguez,1983
General Rodriguez,1984
General Rodriguez,1985
General Rodriguez,1986
General Rodriguez,1987
General Rodriguez,1988
General Rodriguez,1995
General Rodriguez,1996
General Rodriguez,1997
General Rodriguez,1998
General Rodriguez,1999
General Rodriguez,2000
General Rodriguez,2002
General Rodriguez,2003
General Rodriguez,2004
General Rodriguez,2005
General Rodriguez,2006
General Rodriguez,2007
General Rodriguez,2009
General Rodriguez,2010
General Rodriguez,2011
General Rodriguez,2012
General Rodriguez,2013
General Rodriguez,2014
General Rodriguez,2015
General Rodriguez,2016
General San Martin,1981
General San Martin,1982
General San Martin,1983
General San Martin,1984
General San Martin,1985
General San Martin,1986
General San Martin,1987
General San Martin,1989
General San Martin,1990
General San Martin,1991
General San Martin,1992
General San Martin,1993
General San Martin,1994
General San Martin,1996
General San Martin,1997
General San Martin,1998
General San Martin,1999
General San Martin,2000
General San Martin,2001
General San Martin,2002
General San Martin,2003
General San Martin,2004
General San Martin,2005
General San Martin,2006
General San Martin,2007
General San Martin,2008
General San Martin,2009
General San Martin,2010
General San Martin,2012
General San Martin,2013
General San Martin,2014
General San Martin,2015
General San Martin,2016
General Taboada,1981
General Taboada,1982
General Taboada,1983
General Taboada,1984
General Taboada,1985
General Taboada,1986
General Taboada,1987
General Taboada,1989
General Taboada,1991
General Taboada,1992
General Taboada,1993
General Taboada,1994
General Taboada,1995
General Taboada,1996
General Taboada,1997
General Taboada,1998
General Taboada,2002
General Taboada,2003
General Taboada,2004
General Taboada,2005
General Taboada,2006
General Taboada,2009
General Taboada,2010
General Taboada,2011
General Taboada,2012
General Taboada,2013
General Taboada,2014
General Taboada,2015
General Taboada,2016
General Taboada,2017
General Viamonte,1981
General Viamonte,1982
General Viamonte,1983
General Viamonte,1984
General Viamonte,1985
General Viamonte,1986
General Viamonte,1987
General Viamonte,1988
General Viamonte,1989
General Viamonte,1990
General Viamonte,1991
General Viamonte,1992
General Viamonte,1993
General Viamonte,1994
General Viamonte,1995
General Viamonte,1996
General Viamonte,1997
General Viamonte,1998
General Viamonte,1999
General Viamonte,2000
General Viamonte,2001
General Viamonte,2002
General Viamonte,2003
General Viamonte,2004
General Viamonte,2005
General Viamonte,2006
General Viamonte,2007
General Viamonte,2009
General Viamonte,2010
General Viamonte,2011
General Viamonte,2012
General Viamonte,2013
General Viamonte,2014
General Viamonte,2015
General Viamonte,2016
General Villegas,1981
General Villegas,1982
General Villegas,1983
General Villegas,1984
General Villegas,1985
General Villegas,1987
General Villegas,1988
General Villegas,1990
General Villegas,1991
General Villegas,1992
General Villegas,1993
General Villegas,1994
General Villegas,1997
General Villegas,1998
General Villegas,1999
General Villegas,2000
General Villegas,2001
General Villegas,2002
General Villegas,2003
General Villegas,2004
General Villegas,2005
General Villegas,2006
General Villegas,2007
General Villegas,2009
General Villegas,2010
General Villegas,2012
General Villegas,2013
General Villegas,2014
General Villegas,2015
General Villegas,2016
General Villegas,2017
Gobernador Dupuy,1981
Gobernador Dupuy,1982
Gobernador Dupuy,1983
Gobernador Dupuy,1984
Gobernador Dupuy,1986
Gobernador Dupuy,1987
Gobernador Dupuy,1988
Gobernador Dupuy,1989
Gobernador Dupuy,1991
Gobernador Dupuy,1993
Gobernador Dupuy,1994
Gobernador Dupuy,1995
Gobernador Dupuy,1997
Gobernador Dupuy,1998
Gobernador Dupuy,2007
Gobernador Dupuy,2008
Gobernador Dupuy,2009
Gobernador Dupuy,2010
Gobernador Dupuy,2011
Gobernador Dupuy,2012
Gobernador Dupuy,2013
Gobernador Dupuy,2014
Gobernador Dupuy,2015
Gobernador Dupuy,2016
Gobernador Dupuy,2017
Goya,1981
Goya,1982
Goya,1983
Goya,1984
Goya,1985
Goya,1986
Goya,1991
Goya,1992
Goya,1993
Goya,1994
Goya,1995
Goya,1996
Goya,1997
Goya,1998
Goya,1999
Goya,2002
Goya,2003
Goya,2005
Goya,2007
Goya,2009
Goya,2010
Goya,2013
Graneros,1981
Graneros,1982
Graneros,1983
Graneros,1984
Graneros,1985
Graneros,1986
Graneros,1987
Graneros,1989
Graneros,1991
Graneros,1992
Graneros,1993
Graneros,1994
Graneros,1996
Graneros,1997
Graneros,1998
Graneros,2004
Graneros,2005
Graneros,2006
Graneros,2007
Graneros,2008
Graneros,2009
Graneros,2010
Graneros,2012
Graneros,2013
Graneros,2014
Graneros,2015
Graneros,2016
Graneros,2017
Gualeguay,1981
Gualeguay,1982
Gualeguay,1983
Gualeguay,1984
Gualeguay,1985
Gualeguay,1986
Gualeguay,1987
Gualeguay,1988
Gualeguay,1989
Gualeguay,1990
Gualeguay,1991
Gualeguay,1992
Gualeguay,1993
Gualeguay,1994
Gualeguay,1996
Gualeguay,1997
Gualeguay,1998
Gualeguay,1999
Gualeguay,2000
Gualeguay,2001
Gualeguay,2002
Gualeguay,2003
Gualeguay,2004
Gualeguay,2006
Gualeguay,2007
Gualeguay,2009
Gualeguay,2010
Gualeguay,2011
Gualeguay,2012
Gualeguay,2013
Gualeguay,2014
Gualeguay,2015
Gualeguay,2016
Gualeguaychu,1981
Gualeguaychu,1982
Gualeguaychu,1983
Gualeguaychu,1984
Gualeguaychu,1985
Gualeguaychu,1986
Gualeguaychu,1987
Gualeguaychu,1988
Gualeguaychu,1989
Gualeguaychu,1990
Gualeguaychu,1991
Gualeguaychu,1992
Gualeguaychu,1993
Gualeguaychu,1994
Gualeguaychu,1996
Gualeguaychu,1997
Gualeguaychu,1998
Gualeguaychu,1999
Gualeguaychu,2000
Gualeguaychu,2001
Gualeguaychu,2002
Gualeguaychu,2003
Gualeguaychu,2004
Gualeguaychu,2006
Gualeguaychu,2007
Gualeguaychu,2009
Gualeguaychu,2010
Gualeguaychu,2011
Gualeguaychu,2012
Gualeguaychu,2013
Gualeguaychu,2014
Gualeguaychu,2015
Gualeguaychu,2016
Guamini,1981
Guamini,1982
Guamini,1983
Guamini,1984
Guamini,1985
Guamini,1986
Guamini,1987
Guamini,1988
Guamini,1989
Guamini,1990
Guamini,1991
Guamini,1992
Guamini,1993
Guamini,1994
Guamini,1996
Guamini,1997
Guamini,1999
Guamini,2000
Guamini,2001
Guamini,2002
Guamini,2003
Guamini,2004
Guamini,2005
Guamini,2006
Guamini,2007
Guamini,2009
Guamini,2010
Guamini,2011
Guamini,2012
Guamini,2013
Guamini,2014
Guamini,2015
Guamini,2016
Guamini,2017
Guarani,1981
Guarani,1982
Guarani,1983
Guarani,1984
Guarani,1985
Guarani,1986
Guarani,1987
Guarani,1988
Guarani,1989
Guarani,1991
Guarani,1993
Guarani,1994
Guarani,1995
Guarani,1996
Guarani,1997
Guarani,1998
Guarani,1999
Guarani,2000
Guarani,2001
Guarani,2002
Guarani,2003
Guarani,2005
Guarani,2007
Guarani,2008
Guarani,2009
Guarani,2010
Guarani,2011
Guarani,2012
Guarani,2013
Guarani,2014
Guarani,2015
Guarani,2016
Guarani,2017
Guasayan,1981
Guasayan,1982
Guasayan,1983
Guasayan,1984
Guasayan,1985
Guasayan,1986
Guasayan,1987
Guasayan,1988
Guasayan,1989
Guasayan,1991
Guasayan,1992
Guasayan,1993
Guasayan,1994
Guasayan,1996
Guasayan,1997
Guasayan,1998
Guasayan,2004
Guasayan,2005
Guasayan,2006
Guasayan,2007
Guasayan,2009
Guasayan,2010
Guasayan,2012
Guasayan,2013
Guasayan,2014
Guasayan,2015
Guasayan,2016
Guasayan,2017
Guatrache,1981
Guatrache,1982
Guatrache,1983
Guatrache,1984
Guatrache,1985
Guatrache,1986
Guatrache,1988
Guatrache,1989
Guatrache,1990
Guatrache,1991
Guatrache,1992
Guatrache,1993
Guatrache,1994
Guatrache,1997
Guatrache,1998
Guatrache,1999
Guatrache,2000
Guatrache,2001
Guatrache,2002
Guatrache,2003
Guatrache,2004
Guatrache,2006
Guatrache,2007
Guatrache,2009
Guatrache,2010
Guatrache,2011
Guatrache,2012
Guatrache,2013
Guatrache,2014
Guatrache,2015
Guatrache,2016
Guatrache,2017
Hipolito Yrigoyen,1981
Hipolito Yrigoyen,1982
Hipolito Yrigoyen,1983
Hipolito Yrigoyen,1984
Hipolito Yrigoyen,1985
Hipolito Yrigoyen,1986
Hipolito Yrigoyen,1987
Hipolito Yrigoyen,1988
Hipolito Yrigoyen,1989
Hipolito Yrigoyen,1990
Hipolito Yrigoyen,1991
Hipolito Yrigoyen,1992
Hipolito Yrigoyen,1993
Hipolito Yrigoyen,1994
Hipolito Yrigoyen,1995
Hipolito Yrigoyen,1996
Hipolito Yrigoyen,1997
Hipolito Yrigoyen,1998
Hipolito Yrigoyen,1999
Hipolito Yrigoyen,2000
Hipolito Yrigoyen,2001
Hipolito Yrigoyen,2002
Hipolito Yrigoyen,2003
Hipolito Yrigoyen,2004
Hipolito Yrigoyen,2005
Hipolito Yrigoyen,2006
Hipolito Yrigoyen,2007
Hipolito Yrigoyen,2009
Hipolito Yrigoyen,2010
Hipolito Yrigoyen,2011
Hipolito Yrigoyen,2012
Hipolito Yrigoyen,2013
Hipolito Yrigoyen,2014
Hipolito Yrigoyen,2015
Hipolito Yrigoyen,2016
Hucal,1981
Hucal,1982
Hucal,1983
Hucal,1984
Hucal,1985
Hucal,1988
Hucal,1989
Hucal,1990
Hucal,1991
Hucal,1992
Hucal,1993
Hucal,1996
Hucal,1997
Hucal,1998
Hucal,1999
Hucal,2000
Hucal,2001
Hucal,2003
Hucal,2005
Hucal,2006
Hucal,2007
Hucal,2009
Hucal,2011
Hucal,2012
Hucal,2013
Hucal,2014
Hucal,2015
Hucal,2016
Iguazu,1981
Iguazu,1982
Iguazu,1983
Iguazu,1984
Iguazu,1985
Iguazu,1986
Iguazu,1987
Iguazu,1988
Iguazu,1989
Iguazu,1993
Iguazu,1994
Iguazu,1996
Iguazu,1999
Iguazu,2000
Iguazu,2001
Iguazu,2002
Iguazu,2003
Iguazu,2004
Iguazu,2005
Iguazu,2006
Iguazu,2007
Iguazu,2008
Iguazu,2009
Iguazu,2010
Iguazu,2011
Iguazu,2012
Iguazu,2013
Iguazu,2014
Iguazu,2015
Iguazu,2016
Iguazu,2017
Independencia,1981
Independencia,1982
Independencia,1983
Independencia,1984
Independencia,1985
Independencia,1986
Independencia,1987
Independencia,1988
Independencia,1989
Independencia,1990
Independencia,1991
Independencia,1992
Independencia,1993
Independencia,1994
Independencia,1995
Independencia,1996
Independencia,1997
Independencia,1998
Independencia,1999
Independencia,2000
Independencia,2001
Independencia,2002
Independencia,2003
Independencia,2004
Independencia,2005
Independencia,2006
Independencia,2007
Independencia,2009
Independencia,2010
Independencia,2011
Independencia,2012
Independencia,2013
Independencia,2014
Independencia,2015
Independencia,2016
Independencia,2017
Iriondo,1981
Iriondo,1982
Iriondo,1983
Iriondo,1984
Iriondo,1985
Iriondo,1986
Iriondo,1987
Iriondo,1989
Iriondo,1990
Iriondo,1991
Iriondo,1992
Iriondo,1993
Iriondo,1994
Iriondo,1995
Iriondo,1996
Iriondo,1997
Iriondo,1998
Iriondo,2000
Iriondo,2001
Iriondo,2002
Iriondo,2003
Iriondo,2004
Iriondo,2005
Iriondo,2006
Iriondo,2007
Iriondo,2009
Iriondo,2010
Iriondo,2011
Iriondo,2012
Iriondo,2013
Iriondo,2014
Iriondo,2015
Iriondo,2016
Iriondo,2017
Ischilin,1981
Ischilin,1982
Ischilin,1983
Ischilin,1984
Ischilin,1986
Ischilin,1987
Ischilin,1988
Ischilin,1989
Ischilin,1990
Ischilin,1991
Ischilin,1992
Ischilin,1993
Ischilin,1994
Ischilin,1995
Ischilin,1996
Ischilin,1997
Ischilin,1998
Ischilin,1999
Ischilin,2000
Ischilin,2001
Ischilin,2002
Ischilin,2003
Ischilin,2004
Ischilin,2005
Ischilin,2006
Ischilin,2007
Ischilin,2009
Ischilin,2011
Ischilin,2013
Ischilin,2014
Ischilin,2015
Ischilin,2016
Ischilin,2017
Itati,1981
Itati,1982
Itati,1983
Itati,1984
Itati,1985
Itati,1986
Itati,1987
Itati,1988
Itati,1989
Itati,1991
Itati,1993
Itati,1994
Itati,1995
Itati,1996
Itati,1997
Itati,1998
Itati,1999
Itati,2002
Itati,2003
Itati,2005
Itati,2007
Itati,2008
Itati,2009
Itati,2010
Itati,2013
Ituzaingo,1981
Ituzaingo,1982
Ituzaingo,1983
Ituzaingo,1984
Ituzaingo,1986
Ituzaingo,1987
Ituzaingo,1988
Ituzaingo,1989
Ituzaingo,1992
Ituzaingo,1993
Ituzaingo,1994
Ituzaingo,1996
Ituzaingo,1997
Ituzaingo,1998
Ituzaingo,1999
Ituzaingo,2000
Ituzaingo,2001
Ituzaingo,2002
Ituzaingo,2003
Ituzaingo,2005
Ituzaingo,2009
Ituzaingo,2010
Ituzaingo,2013
Jimenez,1981
Jimenez,1982
Jimenez,1983
Jimenez,1984
Jimenez,1985
Jimenez,1986
Jimenez,1987
Jimenez,1989
Jimenez,1993
Jimenez,1994
Jimenez,1995
Jimenez,1996
Jimenez,1997
Jimenez,1998
Jimenez,2004
Jimenez,2005
Jimenez,2006
Jimenez,2007
Jimenez,2009
Jimenez,2010
Jimenez,2011
Jimenez,2012
Jimenez,2013
Jimenez,2014
Jimenez,2015
Jimenez,2016
Jimenez,2017
Juan F. Ibarra,1981
Juan F. Ibarra,1982
Juan F. Ibarra,1983
Juan F. Ibarra,1984
Juan F. Ibarra,1985
Juan F. Ibarra,1986
Juan F. Ibarra,1987
Juan F. Ibarra,1988
Juan F. Ibarra,1989
Juan F. Ibarra,1995
Juan F. Ibarra,1996
Juan F. Ibarra,1997
Juan F. Ibarra,1998
Juan F. Ibarra,2002
Juan F. Ibarra,2003
Juan F. Ibarra,2004
Juan F. Ibarra,2005
Juan F. Ibarra,2006
Juan F. Ibarra,2007
Juan F. Ibarra,2009
Juan F. Ibarra,2010
Juan F. Ibarra,2011
Juan F. Ibarra,2012
Juan F. Ibarra,2013
Juan F. Ibarra,2014
Juan F. Ibarra,2015
Juan F. Ibarra,2016
Juan F. Ibarra,2017
Juan Martin De Pueyrredon,1981
Juan Martin De Pueyrredon,1982
Juan Martin De Pueyrredon,1983
Juan Martin De Pueyrredon,1984
Juan Martin De Pueyrredon,1985
Juan Martin De Pueyrredon,1986
Juan Martin De Pueyrredon,1987
Juan Martin De Pueyrredon,1989
Juan Martin De Pueyrredon,1991
Juan Martin De Pueyrredon,1993
Juan Martin De Pueyrredon,1994
Juan Martin De Pueyrredon,1995
Juan Martin De Pueyrredon,1997
Juan Martin De Pueyrredon,1998
Juan Martin De Pueyrredon,2007
Juan Martin De Pueyrredon,2008
Juan Martin De Pueyrredon,2009
Juan Martin De Pueyrredon,2010
Juan Martin De Pueyrredon,2011
Juan Martin De Pueyrredon,2012
Juan Martin De Pueyrredon,2013
Juan Martin De Pueyrredon,2014
Juan Martin De Pueyrredon,2015
Juan Martin De Pueyrredon,2016
Juarez Celman,1981
Juarez Celman,1982
Juarez Celman,1983
Juarez Celman,1984
Juarez Celman,1985
Juarez Celman,1986
Juarez Celman,1987
Juarez Celman,1990
Juarez Celman,1991
Juarez Celman,1992
Juarez Celman,1993
Juarez Celman,1994
Juarez Celman,1997
Juarez Celman,1998
Juarez Celman,1999
Juarez Celman,2000
Juarez Celman,2001
Juarez Celman,2002
Juarez Celman,2003
Juarez Celman,2004
Juarez Celman,2006
Juarez Celman,2007
Juarez Celman,2008
Juarez Celman,2009
Juarez Celman,2010
Juarez Celman,2011
Juarez Celman,2012
Juarez Celman,2013
Juarez Celman,2014
Juarez Celman,2015
Juarez Celman,2016
Junin,1981
Junin,1982
Junin,1983
Junin,1984
Junin,1985
Junin,1986
Junin,1987
Junin,1988
Junin,1989
Junin,1990
Junin,1991
Junin,1992
Junin,1993
Junin,1994
Junin,1995
Junin,1996
Junin,1997
Junin,1998
Junin,1999
Junin,2000
Junin,2001
Junin,2002
Junin,2003
Junin,2004
Junin,2006
Junin,2007
Junin,2008
Junin,2009
Junin,2010
Junin,2011
Junin,2012
Junin,2013
Junin,2014
Junin,2015
Junin,2016
Junin,2017
La Caldera,1981
La Caldera,1982
La Caldera,1983
La Caldera,1984
La Caldera,1985
La Caldera,1986
La Caldera,1987
La Caldera,1988
La Caldera,1989
La Caldera,2000
La Caldera,2001
La Caldera,2003
La Caldera,2004
La Caldera,2005
La Caldera,2006
La Caldera,2007
La Caldera,2008
La Caldera,2009
La Caldera,2010
La Caldera,2011
La Caldera,2013
La Caldera,2014
La Caldera,2015
La Caldera,2016
La Caldera,2017
La Candelaria,1981
La Candelaria,1982
La Candelaria,1983
La Candelaria,1984
La Candelaria,1985
La Candelaria,1986
La Candelaria,1987
La Candelaria,1989
La Candelaria,1991
La Candelaria,1992
La Candelaria,1993
La Candelaria,1994
La Candelaria,1995
La Candelaria,1996
La Candelaria,1997
La Candelaria,1998
La Candelaria,1999
La Candelaria,2000
La Candelaria,2001
La Candelaria,2002
La Candelaria,2004
La Candelaria,2005
La Candelaria,2006
La Candelaria,2007
La Candelaria,2008
La Candelaria,2009
La Candelaria,2010
La Candelaria,2011
La Candelaria,2013
La Candelaria,2014
La Candelaria,2015
La Candelaria,2016
La Candelaria,2017
La Capital,1981
La Capital,1982
La Capital,1983
La Capital,1984
La Capital,1985
La Capital,1986
La Capital,1987
La Capital,1988
La Capital,1989
La Capital,1990
La Capital,1991
La Capital,1992
La Capital,1993
La Capital,1994
La Capital,1995
La Capital,1996
La Capital,1997
La Capital,1999
La Capital,2000
La Capital,2001
La Capital,2002
La Capital,2003
La Capital,2004
La Capital,2005
La Capital,2006
La Capital,2007
La Capital,2009
La Capital,2010
La Capital,2011
La Capital,2012
La Capital,2013
La Capital,2014
La Capital,2015
La Capital,2016
La Cocha,1995
La Cocha,1996
La Cocha,1997
La Cocha,1998
La Cocha,2004
La Cocha,2005
La Cocha,2006
La Cocha,2007
La Cocha,2008
La Cocha,2009
La Cocha,2010
La Cocha,2012
La Cocha,2013
La Cocha,2014
La Cocha,2015
La Cocha,2016
La Cocha,2017
La Paz,1981
La Paz,1982
La Paz,1983
La Paz,1985
La Paz,1986
La Paz,1987
La Paz,1988
La Paz,1989
La Paz,1990
La Paz,1991
La Paz,1992
La Paz,1993
La Paz,1994
La Paz,1995
La Paz,1996
La Paz,1997
La Paz,1998
La Paz,2000
La Paz,2001
La Paz,2002
La Paz,2003
La Paz,2004
La Paz,2005
La Paz,2006
La Paz,2007
La Paz,2009
La Paz,2010
La Paz,2011
La Paz,2012
La Paz,2013
La Paz,2014
La Paz,2015
La Paz,2016
La Plata,1981
La Plata,1982
La Plata,1983
La Plata,1984
La Plata,1985
La Plata,1986
La Plata,1987
La Plata,2003
La Plata,2004
La Plata,2005
La Plata,2006
La Plata,2007
La Plata,2009
La Plata,2010
La Plata,2011
La Plata,2012
La Plata,2014
La Plata,2015
La Plata,2016
La Plata,2017
La Vina,1981
La Vina,1982
La Vina,1983
La Vina,1984
La Vina,1985
La Vina,1986
La Vina,1987
La Vina,1988
La Vina,1989
La Vina,1998
La Vina,1999
La Vina,2001
La Vina,2002
La Vina,2003
La Vina,2004
La Vina,2005
La Vina,2006
La Vina,2007
La Vina,2008
La Vina,2009
La Vina,2010
La Vina,2011
La Vina,2013
La Vina,2014
La Vina,2015
La Vina,2016
La Vina,2017
Laishi,1981
Laishi,1982
Laishi,1983
Laishi,1984
Laishi,1985
Laishi,1986
Laishi,1989
Laishi,1990
Laishi,1991
Laishi,1992
Laishi,1993
Laishi,1994
Laishi,1996
Laishi,1997
Laishi,1998
Laishi,2001
Laishi,2002
Laishi,2003
Laishi,2004
Laprida,1981
Laprida,1982
Laprida,1983
Laprida,1984
Laprida,1985
Laprida,1986
Laprida,1987
Laprida,1989
Laprida,1990
Laprida,1991
Laprida,1992
Laprida,1993
Laprida,1994
Laprida,1995
Laprida,1996
Laprida,1997
Laprida,1999
Laprida,2000
Laprida,2001
Laprida,2002
Laprida,2003
Laprida,2004
Laprida,2006
Laprida,2007
Laprida,2009
Laprida,2010
Laprida,2011
Laprida,2012
Laprida,2013
Laprida,2014
Laprida,2015
Laprida,2016
Laprida,2017
Las Colonias,1981
Las Colonias,1982
Las Colonias,1983
Las Colonias,1984
Las Colonias,1985
Las Colonias,1986
Las Colonias,1987
Las Colonias,1989
Las Colonias,1990
Las Colonias,1991
Las Colonias,1992
Las Colonias,1993
Las Colonias,1994
Las Colonias,1995
Las Colonias,1997
Las Colonias,1998
Las Colonias,1999
Las Colonias,2000
Las Colonias,2001
Las Colonias,2002
Las Colonias,2003
Las Colonias,2004
Las Colonias,2005
Las Colonias,2006
Las Colonias,2007
Las Colonias,2009
Las Colonias,2010
Las Colonias,2011
Las Colonias,2012
Las Colonias,2013
Las Colonias,2014
Las Colonias,2015
Las Colonias,2016
Las Flores,1981
Las Flores,1982
Las Flores,1983
Las Flores,1985
Las Flores,1986
Las Flores,1988
Las Flores,1989
Las Flores,1990
Las Flores,1991
Las Flores,1992
Las Flores,1993
Las Flores,1994
Las Flores,1996
Las Flores,1997
Las Flores,1998
Las Flores,1999
Las Flores,2000
Las Flores,2001
Las Flores,2002
Las Flores,2003
Las Flores,2004
Las Flores,2005
Las Flores,2006
Las Flores,2007
Las Flores,2009
Las Flores,2010
Las Flores,2011
Las Flores,2012
Las Flores,2013
Las Flores,2014
Las Flores,2015
Las Flores,2016
Lavalle,1981
Lavalle,1982
Lavalle,1983
Lavalle,1984
Lavalle,1985
Lavalle,1986
Lavalle,1988
Lavalle,1989
Lavalle,1991
Lavalle,1992
Lavalle,1993
Lavalle,1994
Lavalle,1995
Lavalle,1996
Lavalle,1997
Lavalle,1998
Lavalle,1999
Lavalle,2000
Lavalle,2005
Lavalle,2007
Lavalle,2009
Lavalle,2010
Lavalle,2013
Leales,1981
Leales,1982
Leales,1983
Leales,1984
Leales,1985
Leales,1986
Leales,1987
Leales,1989
Leales,1991
Leales,1992
Leales,1993
Leales,1994
Leales,1996
Leales,1997
Leales,1998
Leales,2004
Leales,2005
Leales,2006
Leales,2007
Leales,2008
Leales,2009
Leales,2010
Leales,2012
Leales,2013
Leales,2014
Leales,2015
Leales,2016
Leales,2017
Leandro N. Alem,1981
Leandro N. Alem,1982
Leandro N. Alem,1983
Leandro N. Alem,1984
Leandro N. Alem,1985
Leandro N. Alem,1986
Leandro N. Alem,1987
Leandro N. Alem,1988
Leandro N. Alem,1989
Leandro N. Alem,1990
Leandro N. Alem,1991
Leandro N. Alem,1992
Leandro N. Alem,1993
Leandro N. Alem,1994
Leandro N. Alem,1995
Leandro N. Alem,1996
Leandro N. Alem,1997
Leandro N. Alem,1998
Leandro N. Alem,1999
Leandro N. Alem,2000
Leandro N. Alem,2001
Leandro N. Alem,2002
Leandro N. Alem,2003
Leandro N. Alem,2004
Leandro N. Alem,2005
Leandro N. Alem,2006
Leandro N. Alem,2007
Leandro N. Alem,2008
Leandro N. Alem,2009
Leandro N. Alem,2010
Leandro N. Alem,2011
Leandro N. Alem,2012
Leandro N. Alem,2013
Leandro N. Alem,2014
Leandro N. Alem,2015
Leandro N. Alem,2016
Leandro N. Alem,2017
Ledesma,1981
Ledesma,1982
Ledesma,1983
Ledesma,1984
Ledesma,1985
Ledesma,1986
Ledesma,1987
Ledesma,1988
Ledesma,1989
Ledesma,1994
Ledesma,1995
Ledesma,2000
Ledesma,2001
Ledesma,2002
Ledesma,2003
Ledesma,2004
Ledesma,2005
Ledesma,2006
Ledesma,2007
Ledesma,2008
Ledesma,2009
Ledesma,2010
Ledesma,2011
Ledesma,2013
Ledesma,2014
Ledesma,2015
Ledesma,2016
Ledesma,2017
Libertad,1981
Libertad,1982
Libertad,1983
Libertad,1984
Libertad,1985
Libertad,1986
Libertad,1987
Libertad,1988
Libertad,1989
Libertad,1993
Libertad,1994
Libertad,1995
Libertad,1996
Libertad,1997
Libertad,1998
Libertad,1999
Libertad,2000
Libertad,2001
Libertad,2002
Libertad,2003
Libertad,2004
Libertad,2005
Libertad,2006
Libertad,2007
Libertad,2009
Libertad,2010
Libertad,2011
Libertad,2012
Libertador General San Martin,1981
Libertador General San Martin,1982
Libertador General San Martin,1983
Libertador General San Martin,1984
Libertador General San Martin,1985
Libertador General San Martin,1986
Libertador General San Martin,1987
Libertador General San Martin,1988
Libertador General San Martin,1989
Libertador General San Martin,1990
Libertador General San Martin,1991
Libertador General San Martin,1992
Libertador General San Martin,1993
Libertador General San Martin,1994
Libertador General San Martin,1995
Libertador General San Martin,1996
Libertador General San Martin,1997
Libertador General San Martin,1998
Libertador General San Martin,1999
Libertador General San Martin,2000
Libertador General San Martin,2001
Libertador General San Martin,2002
Libertador General San Martin,2003
Libertador General San Martin,2004
Libertador General San Martin,2005
Libertador General San Martin,2006
Libertador General San Martin,2007
Libertador General San Martin,2008
Libertador General San Martin,2009
Libertador General San Martin,2010
Libertador General San Martin,2011
Libertador General San Martin,2012
Libertador General San Martin,2013
Libertador General San Martin,2014
Libertador General San Martin,2015
Libertador General San Martin,2016
Libertador General San Martin,2017
Lincoln,1981
Lincoln,1982
Lincoln,1983
Lincoln,1984
Lincoln,1985
Lincoln,1986
Lincoln,1987
Lincoln,1988
Lincoln,1989
Lincoln,1990
Lincoln,1991
Lincoln,1992
Lincoln,1993
Lincoln,1994
Lincoln,1995
Lincoln,1996
Lincoln,1997
Lincoln,1998
Lincoln,1999
Lincoln,2000
Lincoln,2002
Lincoln,2003
Lincoln,2004
Lincoln,2005
Lincoln,2006
Lincoln,2007
Lincoln,2009
Lincoln,2010
Lincoln,2012
Lincoln,2013
Lincoln,2014
Lincoln,2015
Lincoln,2016
Loberia,1981
Loberia,1982
Loberia,1983
Loberia,1984
Loberia,1985
Loberia,1986
Loberia,1987
Loberia,1988
Loberia,1989
Loberia,1990
Loberia,1991
Loberia,1993
Loberia,1994
Loberia,1995
Loberia,1996
Loberia,1997
Loberia,1998
Loberia,1999
Loberia,2000
Loberia,2001
Loberia,2002
Loberia,2003
Loberia,2004
Loberia,2005
Loberia,2006
Loberia,2007
Loberia,2009
Loberia,2010
Loberia,2011
Loberia,2012
Loberia,2014
Loberia,2015
Loberia,2016
Loberia,2017
Lobos,1981
Lobos,1982
Lobos,1983
Lobos,1984
Lobos,1985
Lobos,1986
Lobos,1988
Lobos,1989
Lobos,1990
Lobos,1991
Lobos,1992
Lobos,1993
Lobos,1994
Lobos,1995
Lobos,1996
Lobos,1997
Lobos,1998
Lobos,1999
Lobos,2000
Lobos,2001
Lobos,2002
Lobos,2003
Lobos,2004
Lobos,2005
Lobos,2006
Lobos,2007
Lobos,2009
Lobos,2010
Lobos,2011
Lobos,2012
Lobos,2013
Lobos,2014
Lobos,2015
Lobos,2016
Loreto,1981
Loreto,1982
Loreto,1985
Loreto,1986
Loreto,1987
Loreto,1989
Loreto,1992
Loreto,1995
Loreto,1996
Loreto,1997
Loreto,1998
Loreto,2005
Loreto,2006
Loreto,2007
Loreto,2009
Loreto,2010
Loreto,2011
Loreto,2013
Loreto,2014
Loreto,2015
Loreto,2016
Loreto,2017
Lujan,1981
Lujan,1982
Lujan,1983
Lujan,1984
Lujan,1985
Lujan,1986
Lujan,1987
Lujan,1988
Lujan,1989
Lujan,1990
Lujan,1991
Lujan,1992
Lujan,1993
Lujan,1994
Lujan,1996
Lujan,1997
Lujan,1998
Lujan,1999
Lujan,2000
Lujan,2001
Lujan,2002
Lujan,2003
Lujan,2004
Lujan,2006
Lujan,2007
Lujan,2009
Lujan,2010
Lujan,2011
Lujan,2012
Lujan,2013
Lujan,2014
Lujan,2015
Lujan,2016
Magdalena,1981
Magdalena,1982
Magdalena,1983
Magdalena,1984
Magdalena,1985
Magdalena,1986
Magdalena,1987
Magdalena,2003
Magdalena,2004
Magdalena,2005
Magdalena,2006
Magdalena,2007
Magdalena,2009
Magdalena,2010
Magdalena,2011
Magdalena,2012
Magdalena,2013
Magdalena,2014
Magdalena,2015
Magdalena,2016
Magdalena,2017
Maipu,1981
Maipu,1982
Maipu,1983
Maipu,1984
Maipu,1985
Maipu,1986
Maipu,1987
Maipu,1988
Maipu,1989
Maipu,1990
Maipu,1991
Maipu,1992
Maipu,1993
Maipu,1994
Maipu,1995
Maipu,1996
Maipu,1997
Maipu,1998
Maipu,1999
Maipu,2000
Maipu,2001
Maipu,2002
Maipu,2003
Maipu,2004
Maipu,2005
Maipu,2006
Maipu,2007
Maipu,2008
Maipu,2009
Maipu,2010
Maipu,2011
Maipu,2012
Maipu,2013
Maipu,2014
Maipu,2015
Maipu,2016
Maipu,2017
Mar Chiquita,1981
Mar Chiquita,1982
Mar Chiquita,1983
Mar Chiquita,1984
Mar Chiquita,1985
Mar Chiquita,1986
Mar Chiquita,1987
Mar Chiquita,1988
Mar Chiquita,1989
Mar Chiquita,1990
Mar Chiquita,1991
Mar Chiquita,1993
Mar Chiquita,1994
Mar Chiquita,1995
Mar Chiquita,1996
Mar Chiquita,1997
Mar Chiquita,1998
Mar Chiquita,1999
Mar Chiquita,2000
Mar Chiquita,2001
Mar Chiquita,2002
Mar Chiquita,2003
Mar Chiquita,2004
Mar Chiquita,2005
Mar Chiquita,2006
Mar Chiquita,2007
Mar Chiquita,2009
Mar Chiquita,2010
Mar Chiquita,2011
Mar Chiquita,2012
Mar Chiquita,2013
Mar Chiquita,2014
Mar Chiquita,2015
Mar Chiquita,2016
Mar Chiquita,2017
Maraco,1981
Maraco,1982
Maraco,1983
Maraco,1984
Maraco,1985
Maraco,1986
Maraco,1987
Maraco,1988
Maraco,1989
Maraco,1990
Maraco,1991
Maraco,1992
Maraco,1993
Maraco,1994
Maraco,1995
Maraco,1996
Maraco,1997
Maraco,1998
Maraco,1999
Maraco,2000
Maraco,2001
Maraco,2002
Maraco,2003
Maraco,2004
Maraco,2005
Maraco,2006
Maraco,2007
Maraco,2009
Maraco,2010
Maraco,2011
Maraco,2012
Maraco,2013
Maraco,2014
Maraco,2015
Maraco,2016
Maraco,2017
Marcos Juarez,1981
Marcos Juarez,1982
Marcos Juarez,1983
Marcos Juarez,1984
Marcos Juarez,1985
Marcos Juarez,1986
Marcos Juarez,1987
Marcos Juarez,1989
Marcos Juarez,1990
Marcos Juarez,1991
Marcos Juarez,1992
Marcos Juarez,1993
Marcos Juarez,1994
Marcos Juarez,1995
Marcos Juarez,1996
Marcos Juarez,1997
Marcos Juarez,1998
Marcos Juarez,1999
Marcos Juarez,2000
Marcos Juarez,2001
Marcos Juarez,2002
Marcos Juarez,2003
Marcos Juarez,2004
Marcos Juarez,2005
Marcos Juarez,2006
Marcos Juarez,2007
Marcos Juarez,2008
Marcos Juarez,2009
Marcos Juarez,2010
Marcos Juarez,2012
Marcos Juarez,2013
Marcos Juarez,2014
Marcos Juarez,2015
Marcos Juarez,2016
Marcos Paz,1981
Marcos Paz,1982
Marcos Paz,1983
Marcos Paz,1984
Marcos Paz,1986
Marcos Paz,1987
Marcos Paz,1988
Marcos Paz,1995
Marcos Paz,1997
Marcos Paz,1998
Marcos Paz,1999
Marcos Paz,2000
Marcos Paz,2001
Marcos Paz,2002
Marcos Paz,2003
Marcos Paz,2004
Marcos Paz,2006
Marcos Paz,2007
Marcos Paz,2009
Marcos Paz,2010
Marcos Paz,2011
Marcos Paz,2012
Marcos Paz,2013
Marcos Paz,2014
Marcos Paz,2015
Marcos Paz,2016
Mayor Luis J. Fontana,1981
Mayor Luis J. Fontana,1982
Mayor Luis J. Fontana,1983
Mayor Luis J. Fontana,1984
Mayor Luis J. Fontana,1985
Mayor Luis J. Fontana,1986
Mayor Luis J. Fontana,1987
Mayor Luis J. Fontana,1988
Mayor Luis J. Fontana,1989
Mayor Luis J. Fontana,1990
Mayor Luis J. Fontana,1991
Mayor Luis J. Fontana,1992
Mayor Luis J. Fontana,1993
Mayor Luis J. Fontana,1994
Mayor Luis J. Fontana,1995
Mayor Luis J. Fontana,1996
Mayor Luis J. Fontana,1997
Mayor Luis J. Fontana,1998
Mayor Luis J. Fontana,1999
Mayor Luis J. Fontana,2000
Mayor Luis J. Fontana,2001
Mayor Luis J. Fontana,2002
Mayor Luis J. Fontana,2003
Mayor Luis J. Fontana,2004
Mayor Luis J. Fontana,2005
Mayor Luis J. Fontana,2006
Mayor Luis J. Fontana,2007
Mayor Luis J. Fontana,2009
Mayor Luis J. Fontana,2010
Mayor Luis J. Fontana,2011
Mayor Luis J. Fontana,2012
Mayor Luis J. Fontana,2013
Mayor Luis J. Fontana,2014
Mayor Luis J. Fontana,2015
Mayor Luis J. Fontana,2016
Mayor Luis J. Fontana,2017
Mburucuya,1981
Mburucuya,1982
Mburucuya,1983
Mburucuya,1984
Mburucuya,1985
Mburucuya,1986
Mburucuya,1987
Mburucuya,1988
Mburucuya,1989
Mburucuya,1991
Mburucuya,1992
Mburucuya,1995
Mburucuya,1996
Mburucuya,1997
Mburucuya,1998
Mburucuya,1999
Mburucuya,2002
Mburucuya,2003
Mburucuya,2005
Mburucuya,2007
Mburucuya,2009
Mburucuya,2010
Mburucuya,2013
Mercedes,1981
Mercedes,1982
Mercedes,1983
Mercedes,1984
Mercedes,1985
Mercedes,1986
Mercedes,1987
Mercedes,1988
Mercedes,1989
Mercedes,1990
Mercedes,1991
Mercedes,1992
Mercedes,1993
Mercedes,1994
Mercedes,1995
Mercedes,1996
Mercedes,1997
Mercedes,1998
Mercedes,1999
Mercedes,2000
Mercedes,2001
Mercedes,2002
Mercedes,2003
Mercedes,2004
Mercedes,2005
Mercedes,2006
Mercedes,2007
Mercedes,2008
Mercedes,2009
Mercedes,2010
Mercedes,2011
Mercedes,2012
Mercedes,2013
Mercedes,2014
Mercedes,2015
Mercedes,2016
Metan,1981
Metan,1982
Metan,1983
Metan,1984
Metan,1985
Metan,1986
Metan,1989
Metan,1991
Metan,1992
Metan,1993
Metan,1994
Metan,1995
Metan,1996
Metan,1998
Metan,1999
Metan,2001
Metan,2004
Metan,2005
Metan,2006
Metan,2007
Metan,2008
Metan,2009
Metan,2010
Metan,2011
Metan,2013
Metan,2014
Metan,2015
Metan,2016
Metan,2017
Mitre,1981
Mitre,1982
Mitre,1983
Mitre,1984
Mitre,1985
Mitre,1986
Mitre,1987
Mitre,1988
Mitre,1989
Mitre,2010
Mitre,2011
Mitre,2012
Mitre,2013
Mitre,2014
Mitre,2015
Mitre,2016
Mitre,2017
Monte,1981
Monte,1982
Monte,1983
Monte,1984
Monte,1985
Monte,1986
Monte,1987
Monte,1988
Monte,1989
Monte,1990
Monte,1991
Monte,1992
Monte,1993
Monte,1994
Monte,1995
Monte,1996
Monte,1997
Monte,1998
Monte,1999
Monte,2000
Monte,2001
Monte,2002
Monte,2003
Monte,2004
Monte,2005
Monte,2006
Monte,2007
Monte,2009
Monte,2010
Monte,2011
Monte,2012
Monte,2013
Monte,2014
Monte,2015
Monte,2016
Monte Caseros,1981
Monte Caseros,1982
Monte Caseros,1983
Monte Caseros,1986
Monte Caseros,1987
Monte Caseros,1988
Monte Caseros,1989
Monte Caseros,1992
Monte Caseros,1993
Monte Caseros,1995
Monte Caseros,1996
Monte Caseros,1997
Monte Caseros,1998
Monte Caseros,1999
Monte Caseros,2000
Monte Caseros,2001
Monte Caseros,2002
Monte Caseros,2003
Monte Caseros,2005
Monte Caseros,2009
Monte Caseros,2010
Monte Caseros,2013
Montecarlo,1981
Montecarlo,1982
Montecarlo,1983
Montecarlo,1984
Montecarlo,1986
Montecarlo,1987
Montecarlo,1988
Montecarlo,1989
Montecarlo,1993
Montecarlo,1994
Montecarlo,1996
Montecarlo,1998
Montecarlo,1999
Montecarlo,2000
Montecarlo,2001
Montecarlo,2002
Montecarlo,2006
Montecarlo,2007
Montecarlo,2008
Montecarlo,2009
Montecarlo,2010
Montecarlo,2011
Montecarlo,2012
Montecarlo,2013
Montecarlo,2014
Montecarlo,2015
Montecarlo,2016
Montecarlo,2017
Moreno,1981
Moreno,1982
Moreno,1983
Moreno,1984
Moreno,1985
Moreno,1986
Moreno,1987
Moreno,1988
Moreno,1989
Moreno,1991
Moreno,1992
Moreno,1993
Moreno,1994
Moreno,1995
Moreno,1996
Moreno,1997
Moreno,1998
Moreno,2002
Moreno,2003
Moreno,2004
Moreno,2005
Moreno,2006
Moreno,2007
Moreno,2008
Moreno,2009
Moreno,2010
Moreno,2011
Moreno,2012
Moreno,2013
Moreno,2014
Moreno,2015
Moreno,2016
Moreno,2017
Navarro,1981
Navarro,1982
Navarro,1983
Navarro,1985
Navarro,1987
Navarro,1988
Navarro,1989
Navarro,1990
Navarro,1991
Navarro,1992
Navarro,1993
Navarro,1994
Navarro,1995
Navarro,1996
Navarro,1997
Navarro,1998
Navarro,1999
Navarro,2000
Navarro,2001
Navarro,2002
Navarro,2003
Navarro,2004
Navarro,2005
Navarro,2006
Navarro,2007
Navarro,2009
Navarro,2010
Navarro,2011
Navarro,2012
Navarro,2013
Navarro,2014
Navarro,2015
Navarro,2016
Necochea,1981
Necochea,1982
Necochea,1983
Necochea,1984
Necochea,1985
Necochea,1986
Necochea,1987
Necochea,1988
Necochea,1989
Necochea,1990
Necochea,1991
Necochea,1993
Necochea,1994
Necochea,1995
Necochea,1996
Necochea,1997
Necochea,1998
Necochea,1999
Necochea,2000
Necochea,2001
Necochea,2002
Necochea,2003
Necochea,2004
Necochea,2005
Necochea,2007
Necochea,2009
Necochea,2010
Necochea,2011
Necochea,2012
Necochea,2013
Necochea,2014
Necochea,2015
Nogoya,1981
Nogoya,1982
Nogoya,1983
Nogoya,1984
Nogoya,1985
Nogoya,1986
Nogoya,1987
Nogoya,1988
Nogoya,1989
Nogoya,1990
Nogoya,1991
Nogoya,1992
Nogoya,1993
Nogoya,1994
Nogoya,1995
Nogoya,1997
Nogoya,1998
Nogoya,1999
Nogoya,2000
Nogoya,2001
Nogoya,2002
Nogoya,2003
Nogoya,2004
Nogoya,2005
Nogoya,2006
Nogoya,2007
Nogoya,2009
Nogoya,2010
Nogoya,2011
Nogoya,2012
Nogoya,2013
Nogoya,2014
Nogoya,2015
Nogoya,2016
O'Higgins,1981
O'Higgins,1982
O'Higgins,1983
O'Higgins,1984
O'Higgins,1985
O'Higgins,1986
O'Higgins,1987
O'Higgins,1988
O'Higgins,1989
O'Higgins,1991
O'Higgins,1992
O'Higgins,1993
O'Higgins,1994
O'Higgins,1995
O'Higgins,1996
O'Higgins,1997
O'Higgins,1998
O'Higgins,1999
O'Higgins,2000
O'Higgins,2001
O'Higgins,2002
O'Higgins,2003
O'Higgins,2004
O'Higgins,2005
O'Higgins,2006
O'Higgins,2007
O'Higgins,2009
O'Higgins,2010
O'Higgins,2011
O'Higgins,2012
O'Higgins,2013
O'Higgins,2014
O'Higgins,2015
O'Higgins,2016
O'Higgins,2017
Obera,1981
Obera,1982
Obera,1983
Obera,1984
Obera,1986
Obera,1987
Obera,1988
Obera,1989
Obera,1991
Obera,1993
Obera,1994
Obera,1995
Obera,1996
Obera,1997
Obera,1998
Obera,1999
Obera,2000
Obera,2001
Obera,2002
Obera,2005
Obera,2007
Obera,2009
Obera,2010
Obera,2011
Obera,2012
Obera,2013
Obera,2014
Obera,2015
Obera,2016
Obera,2017
Olavarria,1981
Olavarria,1982
Olavarria,1983
Olavarria,1984
Olavarria,1985
Olavarria,1986
Olavarria,1987
Olavarria,1988
Olavarria,1989
Olavarria,1990
Olavarria,1991
Olavarria,1992
Olavarria,1993
Olavarria,1994
Olavarria,1995
Olavarria,1996
Olavarria,1997
Olavarria,1999
Olavarria,2000
Olavarria,2001
Olavarria,2002
Olavarria,2003
Olavarria,2004
Olavarria,2005
Olavarria,2006
Olavarria,2009
Olavarria,2010
Olavarria,2011
Olavarria,2012
Olavarria,2013
Olavarria,2014
Olavarria,2015
Olavarria,2016
Oran,1981
Oran,1982
Oran,1983
Oran,1984
Oran,1985
Oran,1986
Oran,1987
Oran,1988
Oran,1989
Oran,1991
Oran,1992
Oran,1993
Oran,1994
Oran,1995
Oran,1996
Oran,1997
Oran,1998
Oran,2001
Oran,2002
Oran,2003
Oran,2004
Oran,2005
Oran,2006
Oran,2007
Oran,2009
Oran,2010
Oran,2011
Oran,2013
Oran,2014
Oran,2015
Oran,2016
Oran,2017
Palpala,1998
Palpala,1999
Palpala,2000
Palpala,2001
Palpala,2002
Palpala,2003
Palpala,2004
Palpala,2005
Palpala,2006
Palpala,2007
Palpala,2008
Palpala,2009
Palpala,2010
Palpala,2011
Palpala,2013
Palpala,2014
Palpala,2015
Palpala,2016
Palpala,2017
Parana,1981
Parana,1982
Parana,1983
Parana,1984
Parana,1985
Parana,1986
Parana,1987
Parana,1988
Parana,1989
Parana,1990
Parana,1991
Parana,1992
Parana,1993
Parana,1994
Parana,1995
Parana,1996
Parana,1997
Parana,1998
Parana,2000
Parana,2001
Parana,2002
Parana,2003
Parana,2004
Parana,2006
Parana,2007
Parana,2009
Parana,2010
Parana,2011
Parana,2012
Parana,2013
Parana,2014
Parana,2015
Parana,2016
Paso De Los Libres,1981
Paso De Los Libres,1982
Paso De Los Libres,1983
Paso De Los Libres,1992
Paso De Los Libres,1993
Paso De Los Libres,1997
Paso De Los Libres,2000
Paso De Los Libres,2001
Paso De Los Libres,2003
Paso De Los Libres,2005
Paso De Los Libres,2007
Paso De Los Libres,2009
Paso De Los Libres,2010
Paso De Los Libres,2013
Patagones,1981
Patagones,1982
Patagones,1983
Patagones,1984
Patagones,1985
Patagones,1987
Patagones,1988
Patagones,1989
Patagones,1990
Patagones,1996
Patagones,1997
Patagones,1998
Patagones,1999
Patagones,2001
Patagones,2002
Patagones,2003
Patagones,2004
Patagones,2005
Patagones,2006
Patagones,2008
Patagones,2009
Patagones,2010
Patagones,2012
Patagones,2013
Patagones,2014
Patagones,2015
Patagones,2017
Patino,1981
Patino,1982
Patino,1983
Patino,1984
Patino,1985
Patino,1986
Patino,1988
Patino,1989
Patino,1990
Patino,1991
Patino,1992
Patino,1993
Patino,1994
Patino,1996
Patino,1997
Patino,1998
Patino,2001
Patino,2002
Patino,2003
Patino,2004
Pehuajo,1981
Pehuajo,1982
Pehuajo,1983
Pehuajo,1984
Pehuajo,1985
Pehuajo,1986
Pehuajo,1987
Pehuajo,1988
Pehuajo,1989
Pehuajo,1990
Pehuajo,1991
Pehuajo,1992
Pehuajo,1993
Pehuajo,1994
Pehuajo,1996
Pehuajo,1997
Pehuajo,1998
Pehuajo,1999
Pehuajo,2000
Pehuajo,2001
Pehuajo,2002
Pehuajo,2003
Pehuajo,2004
Pehuajo,2005
Pehuajo,2006
Pehuajo,2007
Pehuajo,2009
Pehuajo,2010
Pehuajo,2011
Pehuajo,2012
Pehuajo,2013
Pehuajo,2014
Pehuajo,2015
Pehuajo,2016
Pehuajo,2017
Pellegrini,1981
Pellegrini,1982
Pellegrini,1983
Pellegrini,1984
Pellegrini,1985
Pellegrini,1986
Pellegrini,1987
Pellegrini,1988
Pellegrini,1989
Pellegrini,1990
Pellegrini,1991
Pellegrini,1992
Pellegrini,1993
Pellegrini,1994
Pellegrini,1995
Pellegrini,1996
Pellegrini,1997
Pellegrini,1998
Pellegrini,1999
Pellegrini,2000
Pellegrini,2001
Pellegrini,2002
Pellegrini,2003
Pellegrini,2004
Pellegrini,2005
Pellegrini,2006
Pellegrini,2007
Pellegrini,2008
Pellegrini,2009
Pellegrini,2010
Pellegrini,2011
Pellegrini,2012
Pellegrini,2013
Pellegrini,2014
Pellegrini,2015
Pellegrini,2016
Pellegrini,2017
Pergamino,1981
Pergamino,1982
Pergamino,1983
Pergamino,1984
Pergamino,1985
Pergamino,1986
Pergamino,1987
Pergamino,1989
Pergamino,1990
Pergamino,1991
Pergamino,1992
Pergamino,1993
Pergamino,1995
Pergamino,1996
Pergamino,1997
Pergamino,1998
Pergamino,1999
Pergamino,2000
Pergamino,2001
Pergamino,2002
Pergamino,2003
Pergamino,2004
Pergamino,2005
Pergamino,2006
Pergamino,2007
Pergamino,2009
Pergamino,2010
Pergamino,2011
Pergamino,2012
Pergamino,2013
Pergamino,2014
Pergamino,2015
Pergamino,2016
Pila,1981
Pila,1982
Pila,1983
Pila,1984
Pila,1985
Pila,1986
Pila,1990
Pila,1993
Pila,1994
Pila,1996
Pila,1997
Pila,1998
Pila,1999
Pila,2000
Pila,2001
Pila,2002
Pila,2003
Pila,2004
Pila,2005
Pila,2006
Pila,2007
Pila,2009
Pila,2010
Pila,2011
Pila,2012
Pila,2013
Pila,2014
Pila,2015
Pila,2016
Pila,2017
Pilagas,1981
Pilagas,1982
Pilagas,1983
Pilagas,1984
Pilagas,1985
Pilagas,1986
Pilagas,1988
Pilagas,1989
Pilagas,1990
Pilagas,1991
Pilagas,1992
Pilagas,1993
Pilagas,1994
Pilagas,1995
Pilagas,1996
Pilagas,1998
Pilagas,2001
Pilagas,2002
Pilagas,2003
Pilagas,2004
Pilar,1981
Pilar,1982
Pilar,1983
Pilar,1984
Pilar,1985
Pilar,1986
Pilar,1987
Pilar,1988
Pilar,1991
Pilar,1994
Pilar,1995
Pilar,1996
Pilar,1997
Pilar,1998
Pilar,1999
Pilar,2000
Pilar,2001
Pilar,2002
Pilar,2003
Pilar,2004
Pilar,2005
Pilar,2006
Pilar,2007
Pilar,2009
Pilar,2010
Pilar,2011
Pilar,2012
Pilar,2013
Pilar,2014
Pilar,2015
Pilar,2016
Pilcomayo,1981
Pilcomayo,1982
Pilcomayo,1983
Pilcomayo,1984
Pilcomayo,1985
Pilcomayo,1986
Pilcomayo,1988
Pilcomayo,1989
Pilcomayo,1990
Pilcomayo,1991
Pilcomayo,1992
Pilcomayo,1993
Pilcomayo,1994
Pilcomayo,1995
Pilcomayo,1996
Pilcomayo,1997
Pilcomayo,1998
Pilcomayo,2001
Pilcomayo,2002
Pilcomayo,2003
Pilcomayo,2004
Pirane,1981
Pirane,1982
Pirane,1983
Pirane,1984
Pirane,1985
Pirane,1986
Pirane,1988
Pirane,1989
Pirane,1990
Pirane,1991
Pirane,1992
Pirane,1993
Pirane,1994
Pirane,1995
Pirane,1996
Pirane,1997
Pirane,1998
Pirane,2001
Pirane,2002
Pirane,2003
Pirane,2004
Pocho,1981
Pocho,1982
Pocho,1983
Pocho,1984
Pocho,1985
Pocho,1987
Pocho,1989
Pocho,1993
Pocho,1994
Pocho,1995
Pocho,1996
Pocho,1997
Pocho,1998
Pocho,1999
Pocho,2000
Pocho,2001
Pocho,2002
Pocho,2003
Pocho,2004
Pocho,2005
Pocho,2006
Pocho,2007
Pocho,2008
Pocho,2009
Pocho,2010
Pocho,2012
Pocho,2013
Pocho,2014
Pocho,2015
Pocho,2016
Pocho,2017
Presidencia De La Plaza,1981
Presidencia De La Plaza,1982
Presidencia De La Plaza,1983
Presidencia De La Plaza,1984
Presidencia De La Plaza,1985
Presidencia De La Plaza,1986
Presidencia De La Plaza,1987
Presidencia De La Plaza,1988
Presidencia De La Plaza,1989
Presidencia De La Plaza,1993
Presidencia De La Plaza,1994
Presidencia De La Plaza,1995
Presidencia De La Plaza,1996
Presidencia De La Plaza,1997
Presidencia De La Plaza,1998
Presidencia De La Plaza,1999
Presidencia De La Plaza,2000
Presidencia De La Plaza,2001
Presidencia De La Plaza,2002
Presidencia De La Plaza,2003
Presidencia De La Plaza,2004
Presidencia De La Plaza,2005
Presidencia De La Plaza,2006
Presidencia De La Plaza,2007
Presidencia De La Plaza,2009
Presidencia De La Plaza,2010
Presidencia De La Plaza,2011
Presidencia De La Plaza,2013
Presidencia De La Plaza,2014
Presidencia De La Plaza,2015
Presidencia De La Plaza,2016
Presidencia De La Plaza,2017
Presidente Roque Saenz Pena,1981
Presidente Roque Saenz Pena,1982
Presidente Roque Saenz Pena,1983
Presidente Roque Saenz Pena,1984
Presidente Roque Saenz Pena,1985
Presidente Roque Saenz Pena,1987
Presidente Roque Saenz Pena,1990
Presidente Roque Saenz Pena,1991
Presidente Roque Saenz Pena,1992
Presidente Roque Saenz Pena,1993
Presidente Roque Saenz Pena,1994
Presidente Roque Saenz Pena,1995
Presidente Roque Saenz Pena,1996
Presidente Roque Saenz Pena,1997
Presidente Roque Saenz Pena,1998
Presidente Roque Saenz Pena,1999
Presidente Roque Saenz Pena,2000
Presidente Roque Saenz Pena,2001
Presidente Roque Saenz Pena,2002
Presidente Roque Saenz Pena,2003
Presidente Roque Saenz Pena,2004
Presidente Roque Saenz Pena,2005
Presidente Roque Saenz Pena,2006
Presidente Roque Saenz Pena,2007
Presidente Roque Saenz Pena,2009
Presidente Roque Saenz Pena,2010
Presidente Roque Saenz Pena,2012
Presidente Roque Saenz Pena,2013
Presidente Roque Saenz Pena,2014
Presidente Roque Saenz Pena,2015
Presidente Roque Saenz Pena,2016
Presidente Roque Saenz Pena,2017
Puan,1981
Puan,1982
Puan,1983
Puan,1984
Puan,1985
Puan,1986
Puan,1987
Puan,1988
Puan,1989
Puan,1990
Puan,1991
Puan,1992
Puan,1994
Puan,1995
Puan,1996
Puan,1997
Puan,1998
Puan,1999
Puan,2000
Puan,2001
Puan,2002
Puan,2003
Puan,2004
Puan,2005
Puan,2006
Puan,2007
Puan,2010
Puan,2011
Puan,2012
Puan,2013
Puan,2014
Puan,2015
Puan,2016
Puan,2017
Quemu Quemu,1981
Quemu Quemu,1982
Quemu Quemu,1983
Quemu Quemu,1984
Quemu Quemu,1985
Quemu Quemu,1986
Quemu Quemu,1987
Quemu Quemu,1988
Quemu Quemu,1989
Quemu Quemu,1990
Quemu Quemu,1991
Quemu Quemu,1992
Quemu Quemu,1993
Quemu Quemu,1994
Quemu Quemu,1995
Quemu Quemu,1996
Quemu Quemu,1997
Quemu Quemu,1998
Quemu Quemu,1999
Quemu Quemu,2000
Quemu Quemu,2001
Quemu Quemu,2002
Quemu Quemu,2003
Quemu Quemu,2004
Quemu Quemu,2005
Quemu Quemu,2006
Quemu Quemu,2007
Quemu Quemu,2009
Quemu Quemu,2010
Quemu Quemu,2011
Quemu Quemu,2012
Quemu Quemu,2013
Quemu Quemu,2014
Quemu Quemu,2015
Quemu Quemu,2016
Quemu Quemu,2017
Quitilipi,1981
Quitilipi,1982
Quitilipi,1983
Quitilipi,1984
Quitilipi,1985
Quitilipi,1986
Quitilipi,1987
Quitilipi,1988
Quitilipi,1989
Quitilipi,1993
Quitilipi,1994
Quitilipi,1995
Quitilipi,1996
Quitilipi,1997
Quitilipi,1998
Quitilipi,1999
Quitilipi,2000
Quitilipi,2001
Quitilipi,2002
Quitilipi,2003
Quitilipi,2004
Quitilipi,2005
Quitilipi,2006
Quitilipi,2007
Quitilipi,2009
Quitilipi,2010
Quitilipi,2011
Quitilipi,2013
Quitilipi,2014
Quitilipi,2015
Quitilipi,2016
Quitilipi,2017
Ramallo,1981
Ramallo,1982
Ramallo,1983
Ramallo,1984
Ramallo,1985
Ramallo,1986
Ramallo,1987
Ramallo,1988
Ramallo,1989
Ramallo,1990
Ramallo,1991
Ramallo,1992
Ramallo,1993
Ramallo,1994
Ramallo,1996
Ramallo,1997
Ramallo,1998
Ramallo,1999
Ramallo,2000
Ramallo,2001
Ramallo,2002
Ramallo,2003
Ramallo,2004
Ramallo,2005
Ramallo,2006
Ramallo,2007
Ramallo,2009
Ramallo,2010
Ramallo,2011
Ramallo,2012
Ramallo,2013
Ramallo,2014
Ramallo,2015
Ramallo,2016
Rancul,1981
Rancul,1982
Rancul,1983
Rancul,1984
Rancul,1985
Rancul,1986
Rancul,1988
Rancul,1989
Rancul,1990
Rancul,1991
Rancul,1992
Rancul,1993
Rancul,1994
Rancul,1995
Rancul,1996
Rancul,1997
Rancul,1998
Rancul,1999
Rancul,2000
Rancul,2001
Rancul,2002
Rancul,2003
Rancul,2004
Rancul,2005
Rancul,2006
Rancul,2007
Rancul,2008
Rancul,2009
Rancul,2010
Rancul,2011
Rancul,2012
Rancul,2013
Rancul,2014
Rancul,2015
Rancul,2016
Rancul,2017
Rauch,1981
Rauch,1982
Rauch,1983
Rauch,1984
Rauch,1985
Rauch,1986
Rauch,1987
Rauch,1989
Rauch,1990
Rauch,1991
Rauch,1992
Rauch,1993
Rauch,1994
Rauch,1995
Rauch,1996
Rauch,1997
Rauch,1998
Rauch,1999
Rauch,2000
Rauch,2001
Rauch,2002
Rauch,2003
Rauch,2004
Rauch,2005
Rauch,2006
Rauch,2007
Rauch,2009
Rauch,2010
Rauch,2011
Rauch,2012
Rauch,2013
Rauch,2014
Rauch,2015
Rauch,2016
Rauch,2017
Realico,1981
Realico,1982
Realico,1983
Realico,1984
Realico,1985
Realico,1986
Realico,1987
Realico,1988
Realico,1989
Realico,1990
Realico,1991
Realico,1992
Realico,1993
Realico,1994
Realico,1995
Realico,1996
Realico,1997
Realico,1998
Realico,1999
Realico,2000
Realico,2001
Realico,2002
Realico,2003
Realico,2004
Realico,2005
Realico,2006
Realico,2007
Realico,2008
Realico,2009
Realico,2010
Realico,2011
Realico,2012
Realico,2013
Realico,2014
Realico,2015
Realico,2016
Realico,2017
Rio Cuarto,1981
Rio Cuarto,1982
Rio Cuarto,1983
Rio Cuarto,1984
Rio Cuarto,1985
Rio Cuarto,1986
Rio Cuarto,1987
Rio Cuarto,1989
Rio Cuarto,1990
Rio Cuarto,1991
Rio Cuarto,1992
Rio Cuarto,1993
Rio Cuarto,1994
Rio Cuarto,1997
Rio Cuarto,1998
Rio Cuarto,1999
Rio Cuarto,2000
Rio Cuarto,2001
Rio Cuarto,2002
Rio Cuarto,2003
Rio Cuarto,2004
Rio Cuarto,2005
Rio Cuarto,2006
Rio Cuarto,2007
Rio Cuarto,2008
Rio Cuarto,2009
Rio Cuarto,2010
Rio Cuarto,2011
Rio Cuarto,2012
Rio Cuarto,2013
Rio Cuarto,2014
Rio Cuarto,2015
Rio Cuarto,2016
Rio Hondo,1981
Rio Hondo,1982
Rio Hondo,1983
Rio Hondo,1984
Rio Hondo,1985
Rio Hondo,1986
Rio Hondo,1987
Rio Hondo,1989
Rio Hondo,1995
Rio Hondo,1996
Rio Hondo,1997
Rio Hondo,1998
Rio Hondo,2004
Rio Hondo,2005
Rio Hondo,2006
Rio Hondo,2007
Rio Hondo,2009
Rio Hondo,2010
Rio Hondo,2011
Rio Hondo,2012
Rio Hondo,2013
Rio Hondo,2014
Rio Hondo,2015
Rio Hondo,2016
Rio Hondo,2017
Rio Primero,1981
Rio Primero,1982
Rio Primero,1983
Rio Primero,1984
Rio Primero,1985
Rio Primero,1986
Rio Primero,1987
Rio Primero,1989
Rio Primero,1990
Rio Primero,1991
Rio Primero,1992
Rio Primero,1993
Rio Primero,1994
Rio Primero,1995
Rio Primero,1996
Rio Primero,1997
Rio Primero,1998
Rio Primero,1999
Rio Primero,2000
Rio Primero,2001
Rio Primero,2002
Rio Primero,2003
Rio Primero,2004
Rio Primero,2005
Rio Primero,2006
Rio Primero,2007
Rio Primero,2008
Rio Primero,2009
Rio Primero,2010
Rio Primero,2011
Rio Primero,2012
Rio Primero,2013
Rio Primero,2014
Rio Primero,2015
Rio Primero,2016
Rio Seco,1981
Rio Seco,1982
Rio Seco,1983
Rio Seco,1984
Rio Seco,1985
Rio Seco,1986
Rio Seco,1987
Rio Seco,1989
Rio Seco,1990
Rio Seco,1991
Rio Seco,1992
Rio Seco,1993
Rio Seco,1995
Rio Seco,1996
Rio Seco,1997
Rio Seco,1999
Rio Seco,2000
Rio Seco,2001
Rio Seco,2002
Rio Seco,2003
Rio Seco,2004
Rio Seco,2005
Rio Seco,2006
Rio Seco,2007
Rio Seco,2009
Rio Seco,2010
Rio Seco,2011
Rio Seco,2012
Rio Seco,2013
Rio Seco,2014
Rio Seco,2015
Rio Seco,2016
Rio Seco,2017
Rio Segundo,1981
Rio Segundo,1982
Rio Segundo,1983
Rio Segundo,1984
Rio Segundo,1985
Rio Segundo,1986
Rio Segundo,1987
Rio Segundo,1989
Rio Segundo,1990
Rio Segundo,1991
Rio Segundo,1992
Rio Segundo,1993
Rio Segundo,1996
Rio Segundo,1997
Rio Segundo,1998
Rio Segundo,1999
Rio Segundo,2000
Rio Segundo,2001
Rio Segundo,2002
Rio Segundo,2003
Rio Segundo,2004
Rio Segundo,2005
Rio Segundo,2006
Rio Segundo,2008
Rio Segundo,2009
Rio Segundo,2010
Rio Segundo,2011
Rio Segundo,2012
Rio Segundo,2013
Rio Segundo,2014
Rio Segundo,2015
Rio Segundo,2016
Rio Segundo,2017
Rivadavia,1981
Rivadavia,1982
Rivadavia,1983
Rivadavia,1984
Rivadavia,1985
Rivadavia,1986
Rivadavia,1987
Rivadavia,1988
Rivadavia,1989
Rivadavia,1990
Rivadavia,1991
Rivadavia,1992
Rivadavia,1993
Rivadavia,1994
Rivadavia,1995
Rivadavia,1996
Rivadavia,1997
Rivadavia,1998
Rivadavia,1999
Rivadavia,2000
Rivadavia,2001
Rivadavia,2002
Rivadavia,2003
Rivadavia,2004
Rivadavia,2005
Rivadavia,2006
Rivadavia,2007
Rivadavia,2008
Rivadavia,2009
Rivadavia,2010
Rivadavia,2011
Rivadavia,2012
Rivadavia,2013
Rivadavia,2014
Rivadavia,2015
Rivadavia,2016
Rivadavia,2017
Robles,1981
Robles,1982
Robles,1985
Robles,1986
Robles,1987
Robles,1989
Robles,1991
Robles,1992
Robles,1993
Robles,1994
Robles,1996
Robles,1997
Robles,1998
Robles,2005
Robles,2006
Robles,2007
Robles,2008
Robles,2009
Robles,2010
Robles,2011
Robles,2013
Robles,2014
Robles,2015
Robles,2016
Robles,2017
Rojas,1981
Rojas,1982
Rojas,1983
Rojas,1984
Rojas,1985
Rojas,1987
Rojas,1988
Rojas,1989
Rojas,1990
Rojas,1991
Rojas,1992
Rojas,1993
Rojas,1994
Rojas,1995
Rojas,1996
Rojas,1997
Rojas,1998
Rojas,1999
Rojas,2000
Rojas,2001
Rojas,2002
Rojas,2003
Rojas,2004
Rojas,2006
Rojas,2007
Rojas,2009
Rojas,2010
Rojas,2011
Rojas,2012
Rojas,2013
Rojas,2014
Rojas,2015
Rojas,2016
Roque Perez,1981
Roque Perez,1982
Roque Perez,1983
Roque Perez,1984
Roque Perez,1985
Roque Perez,1986
Roque Perez,1987
Roque Perez,1988
Roque Perez,1989
Roque Perez,1990
Roque Perez,1991
Roque Perez,1992
Roque Perez,1993
Roque Perez,1994
Roque Perez,1995
Roque Perez,1996
Roque Perez,1997
Roque Perez,1998
Roque Perez,1999
Roque Perez,2000
Roque Perez,2001
Roque Perez,2002
Roque Perez,2003
Roque Perez,2004
Roque Perez,2005
Roque Perez,2006
Roque Perez,2007
Roque Perez,2009
Roque Perez,2010
Roque Perez,2011
Roque Perez,2012
Roque Perez,2013
Roque Perez,2014
Roque Perez,2015
Roque Perez,2016
Rosario,1981
Rosario,1982
Rosario,1983
Rosario,1984
Rosario,1985
Rosario,1986
Rosario,1987
Rosario,1989
Rosario,1990
Rosario,1991
Rosario,1992
Rosario,1993
Rosario,1994
Rosario,1995
Rosario,1997
Rosario,1998
Rosario,1999
Rosario,2000
Rosario,2001
Rosario,2002
Rosario,2003
Rosario,2004
Rosario,2006
Rosario,2007
Rosario,2009
Rosario,2010
Rosario,2011
Rosario,2012
Rosario,2013
Rosario,2014
Rosario,2015
Rosario De La Frontera,1981
Rosario De La Frontera,1982
Rosario De La Frontera,1983
Rosario De La Frontera,1984
Rosario De La Frontera,1985
Rosario De La Frontera,1986
Rosario De La Frontera,1987
Rosario De La Frontera,1989
Rosario De La Frontera,1991
Rosario De La Frontera,1992
Rosario De La Frontera,1993
Rosario De La Frontera,1994
Rosario De La Frontera,1995
Rosario De La Frontera,1996
Rosario De La Frontera,1997
Rosario De La Frontera,1998
Rosario De La Frontera,1999
Rosario De La Frontera,2000
Rosario De La Frontera,2001
Rosario De La Frontera,2003
Rosario De La Frontera,2004
Rosario De La Frontera,2005
Rosario De La Frontera,2006
Rosario De La Frontera,2007
Rosario De La Frontera,2008
Rosario De La Frontera,2009
Rosario De La Frontera,2010
Rosario De La Frontera,2011
Rosario De La Frontera,2013
Rosario De La Frontera,2014
Rosario De La Frontera,2015
Rosario De La Frontera,2016
Rosario De La Frontera,2017
Rosario De Lerma,1981
Rosario De Lerma,1982
Rosario De Lerma,1983
Rosario De Lerma,1984
Rosario De Lerma,1985
Rosario De Lerma,1986
Rosario De Lerma,1987
Rosario De Lerma,1988
Rosario De Lerma,1989
Rosario De Lerma,1995
Rosario De Lerma,1997
Rosario De Lerma,1998
Rosario De Lerma,1999
Rosario De Lerma,2000
Rosario De Lerma,2001
Rosario De Lerma,2002
Rosario De Lerma,2003
Rosario De Lerma,2004
Rosario De Lerma,2005
Rosario De Lerma,2006
Rosario De Lerma,2007
Rosario De Lerma,2008
Rosario De Lerma,2009
Rosario De Lerma,2010
Rosario De Lerma,2011
Rosario De Lerma,2013
Rosario De Lerma,2014
Rosario De Lerma,2015
Rosario De Lerma,2016
Rosario De Lerma,2017
Saavedra,1981
Saavedra,1982
Saavedra,1983
Saavedra,1984
Saavedra,1985
Saavedra,1986
Saavedra,1987
Saavedra,1988
Saavedra,1989
Saavedra,1990
Saavedra,1991
Saavedra,1992
Saavedra,1993
Saavedra,1994
Saavedra,1995
Saavedra,1996
Saavedra,1997
Saavedra,1998
Saavedra,1999
Saavedra,2000
Saavedra,2001
Saavedra,2002
Saavedra,2003
Saavedra,2004
Saavedra,2005
Saavedra,2006
Saavedra,2007
Saavedra,2009
Saavedra,2010
Saavedra,2011
Saavedra,2012
Saavedra,2013
Saavedra,2014
Saavedra,2015
Saavedra,2016
Saavedra,2017
Saladas,1981
Saladas,1982
Saladas,1983
Saladas,1984
Saladas,1996
Saladas,1997
Saladas,1998
Saladas,1999
Saladas,2000
Saladas,2002
Saladas,2007
Saladas,2009
Saladas,2010
Saladas,2013
Saladillo,1981
Saladillo,1982
Saladillo,1983
Saladillo,1984
Saladillo,1986
Saladillo,1987
Saladillo,1988
Saladillo,1989
Saladillo,1990
Saladillo,1991
Saladillo,1992
Saladillo,1993
Saladillo,1994
Saladillo,1995
Saladillo,1996
Saladillo,1997
Saladillo,1998
Saladillo,1999
Saladillo,2000
Saladillo,2001
Saladillo,2002
Saladillo,2003
Saladillo,2004
Saladillo,2005
Saladillo,2006
Saladillo,2007
Saladillo,2009
Saladillo,2010
Saladillo,2011
Saladillo,2012
Saladillo,2013
Saladillo,2014
Saladillo,2015
Saladillo,2016
Salliquelo,1981
Salliquelo,1982
Salliquelo,1983
Salliquelo,1984
Salliquelo,1985
Salliquelo,1986
Salliquelo,1987
Salliquelo,1988
Salliquelo,1989
Salliquelo,1990
Salliquelo,1991
Salliquelo,1992
Salliquelo,1993
Salliquelo,1994
Salliquelo,1996
Salliquelo,1997
Salliquelo,1998
Salliquelo,1999
Salliquelo,2000
Salliquelo,2001
Salliquelo,2002
Salliquelo,2003
Salliquelo,2004
Salliquelo,2005
Salliquelo,2006
Salliquelo,2007
Salliquelo,2009
Salliquelo,2010
Salliquelo,2011
Salliquelo,2012
Salliquelo,2013
Salliquelo,2014
Salliquelo,2015
Salliquelo,2016
Salliquelo,2017
Salto,1981
Salto,1982
Salto,1983
Salto,1984
Salto,1985
Salto,1987
Salto,1989
Salto,1990
Salto,1991
Salto,1992
Salto,1993
Salto,1994
Salto,1995
Salto,1996
Salto,1997
Salto,1998
Salto,1999
Salto,2000
Salto,2001
Salto,2002
Salto,2003
Salto,2004
Salto,2005
Salto,2006
Salto,2007
Salto,2009
Salto,2010
Salto,2011
Salto,2012
Salto,2013
Salto,2014
Salto,2015
Salto,2016
San Alberto,1981
San Alberto,1982
San Alberto,1983
San Alberto,1984
San Alberto,1985
San Alberto,1986
San Alberto,1987
San Alberto,1988
San Alberto,1989
San Alberto,1996
San Alberto,1998
San Alberto,1999
San Alberto,2000
San Alberto,2001
San Alberto,2002
San Alberto,2003
San Alberto,2004
San Alberto,2005
San Alberto,2006
San Alberto,2007
San Alberto,2008
San Alberto,2009
San Alberto,2010
San Alberto,2012
San Alberto,2013
San Alberto,2014
San Alberto,2015
San Alberto,2016
San Alberto,2017
San Andres De Giles,1981
San Andres De Giles,1982
San Andres De Giles,1983
San Andres De Giles,1984
San Andres De Giles,1985
San Andres De Giles,1987
San Andres De Giles,1988
San Andres De Giles,1989
San Andres De Giles,1990
San Andres De Giles,1991
San Andres De Giles,1992
San Andres De Giles,1993
San Andres De Giles,1994
San Andres De Giles,1995
San Andres De Giles,1996
San Andres De Giles,1997
San Andres De Giles,1998
San Andres De Giles,2000
San Andres De Giles,2002
San Andres De Giles,2003
San Andres De Giles,2004
San Andres De Giles,2005
San Andres De Giles,2006
San Andres De Giles,2007
San Andres De Giles,2009
San Andres De Giles,2010
San Andres De Giles,2011
San Andres De Giles,2012
San Andres De Giles,2013
San Andres De Giles,2014
San Andres De Giles,2015
San Andres De Giles,2016
San Antonio,1981
San Antonio,1982
San Antonio,1983
San Antonio,1984
San Antonio,1985
San Antonio,1986
San Antonio,1987
San Antonio,1988
San Antonio,1989
San Antonio,1995
San Antonio,1996
San Antonio,1998
San Antonio,1999
San Antonio,2000
San Antonio,2001
San Antonio,2002
San Antonio,2003
San Antonio,2004
San Antonio,2005
San Antonio,2006
San Antonio,2007
San Antonio,2008
San Antonio,2009
San Antonio,2010
San Antonio,2011
San Antonio,2013
San Antonio,2014
San Antonio,2015
San Antonio,2016
San Antonio,2017
San Antonio De Areco,1981
San Antonio De Areco,1982
San Antonio De Areco,1983
San Antonio De Areco,1984
San Antonio De Areco,1985
San Antonio De Areco,1986
San Antonio De Areco,1987
San Antonio De Areco,1989
San Antonio De Areco,1990
San Antonio De Areco,1991
San Antonio De Areco,1992
San Antonio De Areco,1993
San Antonio De Areco,1994
San Antonio De Areco,1996
San Antonio De Areco,1997
San Antonio De Areco,1998
San Antonio De Areco,2000
San Antonio De Areco,2001
San Antonio De Areco,2002
San Antonio De Areco,2003
San Antonio De Areco,2004
San Antonio De Areco,2005
San Antonio De Areco,2006
San Antonio De Areco,2007
San Antonio De Areco,2009
San Antonio De Areco,2010
San Antonio De Areco,2011
San Antonio De Areco,2012
San Antonio De Areco,2013
San Antonio De Areco,2014
San Antonio De Areco,2015
San Antonio De Areco,2016
San Cayetano,1981
San Cayetano,1982
San Cayetano,1983
San Cayetano,1984
San Cayetano,1985
San Cayetano,1987
San Cayetano,1988
San Cayetano,1989
San Cayetano,1990
San Cayetano,1991
San Cayetano,1993
San Cayetano,1994
San Cayetano,1995
San Cayetano,1996
San Cayetano,1997
San Cayetano,1999
San Cayetano,2000
San Cayetano,2001
San Cayetano,2002
San Cayetano,2003
San Cayetano,2004
San Cayetano,2005
San Cayetano,2007
San Cayetano,2009
San Cayetano,2010
San Cayetano,2011
San Cayetano,2012
San Cayetano,2013
San Cayetano,2014
San Cayetano,2015
San Cosme,1981
San Cosme,1982
San Cosme,1983
San Cosme,1985
San Cosme,1986
San Cosme,1987
San Cosme,1988
San Cosme,1989
San Cosme,1991
San Cosme,1992
San Cosme,1993
San Cosme,1994
San Cosme,1995
San Cosme,1996
San Cosme,1997
San Cosme,1998
San Cosme,1999
San Cosme,2002
San Cosme,2003
San Cosme,2005
San Cosme,2007
San Cosme,2009
San Cosme,2010
San Cosme,2013
San Cristobal,1981
San Cristobal,1982
San Cristobal,1983
San Cristobal,1984
San Cristobal,1985
San Cristobal,1986
San Cristobal,1987
San Cristobal,1989
San Cristobal,1990
San Cristobal,1991
San Cristobal,1992
San Cristobal,1993
San Cristobal,1994
San Cristobal,1995
San Cristobal,1996
San Cristobal,1997
San Cristobal,1999
San Cristobal,2000
San Cristobal,2001
San Cristobal,2002
San Cristobal,2003
San Cristobal,2004
San Cristobal,2005
San Cristobal,2006
San Cristobal,2009
San Cristobal,2010
San Cristobal,2011
San Cristobal,2012
San Cristobal,2013
San Cristobal,2014
San Cristobal,2015
San Cristobal,2016
San Fernando,1981
San Fernando,1982
San Fernando,1983
San Fernando,1984
San Fernando,1985
San Fernando,1986
San Fernando,1987
San Fernando,1988
San Fernando,1989
San Fernando,1993
San Fernando,1994
San Fernando,1995
San Fernando,1996
San Fernando,1997
San Fernando,1998
San Fernando,1999
San Fernando,2000
San Fernando,2001
San Fernando,2002
San Fernando,2003
San Fernando,2004
San Fernando,2005
San Fernando,2006
San Fernando,2007
San Fernando,2009
San Fernando,2010
San Fernando,2011
San Fernando,2012
San Fernando,2013
San Fernando,2014
San Fernando,2015
San Fernando,2016
San Fernando,2017
San Ignacio,1981
San Ignacio,1982
San Ignacio,1983
San Ignacio,1984
San Ignacio,1985
San Ignacio,1986
San Ignacio,1987
San Ignacio,1988
San Ignacio,1989
San Ignacio,1993
San Ignacio,1995
San Ignacio,1996
San Ignacio,1997
San Ignacio,1999
San Ignacio,2000
San Ignacio,2001
San Ignacio,2002
San Ignacio,2003
San Ignacio,2004
San Ignacio,2005
San Ignacio,2006
San Ignacio,2007
San Ignacio,2009
San Ignacio,2010
San Ignacio,2011
San Ignacio,2012
San Ignacio,2013
San Ignacio,2014
San Ignacio,2015
San Ignacio,2016
San Ignacio,2017
San Javier,1981
San Javier,1982
San Javier,1983
San Javier,1984
San Javier,1985
San Javier,1986
San Javier,1987
San Javier,1988
San Javier,1989
San Javier,1990
San Javier,1991
San Javier,1992
San Javier,1993
San Javier,1994
San Javier,1995
San Javier,1996
San Javier,1997
San Javier,1998
San Javier,1999
San Javier,2000
San Javier,2001
San Javier,2002
San Javier,2003
San Javier,2004
San Javier,2005
San Javier,2006
San Javier,2007
San Javier,2008
San Javier,2009
San Javier,2010
San Javier,2011
San Javier,2012
San Javier,2013
San Javier,2014
San Javier,2015
San Javier,2016
San Javier,2017
San Jeronimo,1981
San Jeronimo,1982
San Jeronimo,1983
San Jeronimo,1984
San Jeronimo,1985
San Jeronimo,1986
San Jeronimo,1987
San Jeronimo,1989
San Jeronimo,1990
San Jeronimo,1991
San Jeronimo,1992
San Jeronimo,1993
San Jeronimo,1994
San Jeronimo,1997
San Jeronimo,1998
San Jeronimo,1999
San Jeronimo,2000
San Jeronimo,2001
San Jeronimo,2002
San Jeronimo,2003
San Jeronimo,2004
San Jeronimo,2005
San Jeronimo,2006
San Jeronimo,2007
San Jeronimo,2008
San Jeronimo,2009
San Jeronimo,2010
San Jeronimo,2011
San Jeronimo,2012
San Jeronimo,2013
San Jeronimo,2014
San Jeronimo,2015
San Jeronimo,2016
San Jeronimo,2017
San Justo,1981
San Justo,1982
San Justo,1983
San Justo,1984
San Justo,1985
San Justo,1986
San Justo,1987
San Justo,1988
San Justo,1989
San Justo,1990
San Justo,1991
San Justo,1992
San Justo,1993
San Justo,1994
San Justo,1995
San Justo,1996
San Justo,1997
San Justo,1998
San Justo,1999
San Justo,2000
San Justo,2001
San Justo,2002
San Justo,2003
San Justo,2004
San Justo,2005
San Justo,2006
San Justo,2007
San Justo,2009
San Justo,2010
San Justo,2011
San Justo,2012
San Justo,2013
San Justo,2014
San Justo,2015
San Justo,2016
San Justo,2017
San Lorenzo,1981
San Lorenzo,1982
San Lorenzo,1983
San Lorenzo,1984
San Lorenzo,1985
San Lorenzo,1986
San Lorenzo,1987
San Lorenzo,1988
San Lorenzo,1989
San Lorenzo,1990
San Lorenzo,1991
San Lorenzo,1992
San Lorenzo,1993
San Lorenzo,1994
San Lorenzo,1995
San Lorenzo,1996
San Lorenzo,1997
San Lorenzo,1998
San Lorenzo,1999
San Lorenzo,2000
San Lorenzo,2001
San Lorenzo,2002
San Lorenzo,2003
San Lorenzo,2004
San Lorenzo,2005
San Lorenzo,2006
San Lorenzo,2007
San Lorenzo,2008
San Lorenzo,2009
San Lorenzo,2010
San Lorenzo,2011
San Lorenzo,2012
San Lorenzo,2013
San Lorenzo,2014
San Lorenzo,2015
San Lorenzo,2016
San Lorenzo,2017
San Luis Del Palmar,1981
San Luis Del Palmar,1982
San Luis Del Palmar,1983
San Luis Del Palmar,1984
San Luis Del Palmar,1985
San Luis Del Palmar,1986
San Luis Del Palmar,1991
San Luis Del Palmar,1992
San Luis Del Palmar,1993
San Luis Del Palmar,1994
San Luis Del Palmar,1995
San Luis Del Palmar,1996
San Luis Del Palmar,1997
San Luis Del Palmar,1998
San Luis Del Palmar,1999
San Luis Del Palmar,2002
San Luis Del Palmar,2003
San Luis Del Palmar,2005
San Luis Del Palmar,2007
San Luis Del Palmar,2008
San Luis Del Palmar,2009
San Luis Del Palmar,2010
San Luis Del Palmar,2013
San Martin,1981
San Martin,1982
San Martin,1983
San Martin,1984
San Martin,1985
San Martin,1986
San Martin,1987
San Martin,1988
San Martin,1989
San Martin,1990
San Martin,1991
San Martin,1992
San Martin,1993
San Martin,1994
San Martin,1995
San Martin,1996
San Martin,1997
San Martin,1998
San Martin,1999
San Martin,2000
San Martin,2001
San Martin,2002
San Martin,2003
San Martin,2004
San Martin,2005
San Martin,2006
San Martin,2007
San Martin,2008
San Martin,2009
San Martin,2010
San Martin,2011
San Martin,2012
San Martin,2013
San Martin,2014
San Martin,2015
San Martin,2016
San Martin,2017
San Miguel,1981
San Miguel,1982
San Miguel,1983
San Miguel,1984
San Miguel,1985
San Miguel,1986
San Miguel,1988
San Miguel,1989
San Miguel,1991
San Miguel,1992
San Miguel,1993
San Miguel,1995
San Miguel,1996
San Miguel,1997
San Miguel,1998
San Miguel,1999
San Miguel,2002
San Miguel,2003
San Miguel,2005
San Miguel,2007
San Miguel,2008
San Miguel,2009
San Miguel,2010
San Miguel,2013
San Nicolas,1981
San Nicolas,1982
San Nicolas,1983
San Nicolas,1984
San Nicolas,1985
San Nicolas,1986
San Nicolas,1987
San Nicolas,1988
San Nicolas,1989
San Nicolas,1990
San Nicolas,1991
San Nicolas,1992
San Nicolas,1993
San Nicolas,1994
San Nicolas,1995
San Nicolas,1996
San Nicolas,1997
San Nicolas,1998
San Nicolas,1999
San Nicolas,2000
San Nicolas,2001
San Nicolas,2002
San Nicolas,2003
San Nicolas,2004
San Nicolas,2005
San Nicolas,2006
San Nicolas,2007
San Nicolas,2009
San Nicolas,2010
San Nicolas,2011
San Nicolas,2012
San Nicolas,2013
San Nicolas,2014
San Nicolas,2015
San Nicolas,2016
San Pedro,1981
San Pedro,1982
San Pedro,1983
San Pedro,1984
San Pedro,1985
San Pedro,1986
San Pedro,1987
San Pedro,1988
San Pedro,1989
San Pedro,1990
San Pedro,1991
San Pedro,1992
San Pedro,1993
San Pedro,1994
San Pedro,1995
San Pedro,1996
San Pedro,1997
San Pedro,1998
San Pedro,1999
San Pedro,2000
San Pedro,2001
San Pedro,2002
San Pedro,2003
San Pedro,2004
San Pedro,2005
San Pedro,2006
San Pedro,2007
San Pedro,2008
San Pedro,2009
San Pedro,2010
San Pedro,2011
San Pedro,2012
San Pedro,2013
San Pedro,2014
San Pedro,2015
San Pedro,2016
San Pedro,2017
San Roque,1981
San Roque,1982
San Roque,1983
San Roque,1984
San Roque,1985
San Roque,1986
San Roque,1987
San Roque,1988
San Roque,1989
San Roque,1991
San Roque,1995
San Roque,1996
San Roque,1998
San Roque,1999
San Roque,2000
San Roque,2001
San Roque,2003
San Roque,2007
San Roque,2009
San Roque,2010
San Roque,2013
San Salvador,2003
San Salvador,2004
San Salvador,2005
San Salvador,2006
San Salvador,2007
San Salvador,2008
San Salvador,2009
San Salvador,2010
San Salvador,2011
San Salvador,2012
San Salvador,2013
San Salvador,2014
San Salvador,2015
San Salvador,2016
San Vicente,1981
San Vicente,1982
San Vicente,1983
San Vicente,1984
San Vicente,1985
San Vicente,1986
San Vicente,1987
San Vicente,2003
San Vicente,2004
San Vicente,2005
San Vicente,2006
San Vicente,2007
San Vicente,2009
San Vicente,2010
San Vicente,2011
San Vicente,2012
San Vicente,2013
San Vicente,2014
San Vicente,2015
San Vicente,2016
San Vicente,2017
Santa Barbara,1981
Santa Barbara,1982
Santa Barbara,1983
Santa Barbara,1984
Santa Barbara,1985
Santa Barbara,1986
Santa Barbara,1987
Santa Barbara,1988
Santa Barbara,1990
Santa Barbara,1991
Santa Barbara,1992
Santa Barbara,1993
Santa Barbara,1994
Santa Barbara,1995
Santa Barbara,1996
Santa Barbara,1998
Santa Barbara,1999
Santa Barbara,2000
Santa Barbara,2001
Santa Barbara,2002
Santa Barbara,2003
Santa Barbara,2004
Santa Barbara,2005
Santa Barbara,2006
Santa Barbara,2007
Santa Barbara,2008
Santa Barbara,2009
Santa Barbara,2010
Santa Barbara,2011
Santa Barbara,2013
Santa Barbara,2014
Santa Barbara,2015
Santa Barbara,2016
Santa Barbara,2017
Santa Maria,1981
Santa Maria,1982
Santa Maria,1983
Santa Maria,1984
Santa Maria,1985
Santa Maria,1986
Santa Maria,1987
Santa Maria,1989
Santa Maria,1990
Santa Maria,1991
Santa Maria,1992
Santa Maria,1993
Santa Maria,1994
Santa Maria,1996
Santa Maria,1997
Santa Maria,1998
Santa Maria,1999
Santa Maria,2000
Santa Maria,2001
Santa Maria,2002
Santa Maria,2004
Santa Maria,2005
Santa Maria,2006
Santa Maria,2007
Santa Maria,2008
Santa Maria,2009
Santa Maria,2010
Santa Maria,2011
Santa Maria,2012
Santa Maria,2013
Santa Maria,2014
Santa Maria,2015
Santa Maria,2016
Santa Maria,2017
Santa Rosa,1981
Santa Rosa,1982
Santa Rosa,1983
Santa Rosa,1984
Santa Rosa,1985
Santa Rosa,1987
Santa Rosa,1989
Santa Rosa,1991
Santa Rosa,1992
Santa Rosa,1993
Santa Rosa,1994
Santa Rosa,1995
Santa Rosa,1996
Santa Rosa,1997
Santa Rosa,1998
Santa Rosa,2000
Santa Rosa,2001
Santa Rosa,2002
Santa Rosa,2003
Santa Rosa,2004
Santa Rosa,2005
Santa Rosa,2006
Santa Rosa,2007
Santa Rosa,2008
Santa Rosa,2009
Santa Rosa,2010
Santa Rosa,2011
Santa Rosa,2013
Santa Rosa,2014
Santa Rosa,2015
Santa Rosa,2016
Santa Rosa,2017
Santo Tome,1981
Santo Tome,1982
Santo Tome,1983
Santo Tome,1984
Santo Tome,1986
Santo Tome,1987
Santo Tome,1988
Santo Tome,1989
Santo Tome,1992
Santo Tome,1993
Santo Tome,1994
Santo Tome,1996
Santo Tome,1997
Santo Tome,1998
Santo Tome,1999
Santo Tome,2000
Santo Tome,2001
Santo Tome,2002
Santo Tome,2003
Santo Tome,2005
Santo Tome,2007
Santo Tome,2009
Santo Tome,2010
Santo Tome,2013
Sargento Cabral,1981
Sargento Cabral,1982
Sargento Cabral,1983
Sargento Cabral,1984
Sargento Cabral,1986
Sargento Cabral,1987
Sargento Cabral,1988
Sargento Cabral,1989
Sargento Cabral,1993
Sargento Cabral,1994
Sargento Cabral,1995
Sargento Cabral,1996
Sargento Cabral,1997
Sargento Cabral,1998
Sargento Cabral,1999
Sargento Cabral,2000
Sargento Cabral,2001
Sargento Cabral,2002
Sargento Cabral,2003
Sargento Cabral,2004
Sargento Cabral,2005
Sargento Cabral,2006
Sargento Cabral,2007
Sargento Cabral,2009
Sargento Cabral,2010
Sargento Cabral,2011
Sargento Cabral,2012
Sargento Cabral,2013
Sargento Cabral,2014
Sargento Cabral,2015
Sargento Cabral,2016
Sargento Cabral,2017
Sarmiento,1981
Sarmiento,1982
Sarmiento,1983
Sarmiento,1984
Sarmiento,1985
Sarmiento,1986
Sarmiento,1987
Sarmiento,1988
Sarmiento,1989
Sarmiento,1995
Sarmiento,1996
Sarmiento,1997
Sarmiento,1998
Sarmiento,2010
Sarmiento,2011
Sarmiento,2013
Sarmiento,2014
Sarmiento,2015
Sarmiento,2016
Sarmiento,2017
Sauce,1981
Sauce,1982
Sauce,1983
Sauce,1984
Sauce,1985
Sauce,1986
Sauce,1987
Sauce,1992
Sauce,1993
Sauce,1995
Sauce,1996
Sauce,1997
Sauce,1998
Sauce,1999
Sauce,2000
Sauce,2001
Sauce,2002
Sauce,2003
Sauce,2005
Sauce,2009
Sauce,2010
Sauce,2013
Silipica,1981
Silipica,1982
Silipica,1985
Silipica,1986
Silipica,1987
Silipica,1988
Silipica,1989
Silipica,1995
Silipica,1996
Silipica,1997
Silipica,1998
Silipica,2010
Silipica,2011
Silipica,2012
Silipica,2013
Silipica,2014
Silipica,2016
Silipica,2017
Simoca,1997
Simoca,1998
Simoca,2004
Simoca,2005
Simoca,2006
Simoca,2007
Simoca,2008
Simoca,2009
Simoca,2010
Simoca,2012
Simoca,2013
Simoca,2014
Simoca,2015
Simoca,2016
Simoca,2017
Sobremonte,1981
Sobremonte,1982
Sobremonte,1983
Sobremonte,1984
Sobremonte,1987
Sobremonte,1996
Sobremonte,1997
Sobremonte,1998
Sobremonte,1999
Sobremonte,2000
Sobremonte,2001
Sobremonte,2002
Sobremonte,2003
Sobremonte,2004
Sobremonte,2005
Sobremonte,2006
Sobremonte,2007
Sobremonte,2009
Sobremonte,2010
Sobremonte,2011
Sobremonte,2013
Sobremonte,2014
Sobremonte,2015
Sobremonte,2016
Suipacha,1981
Suipacha,1982
Suipacha,1983
Suipacha,1984
Suipacha,1985
Suipacha,1989
Suipacha,1990
Suipacha,1991
Suipacha,1992
Suipacha,1993
Suipacha,1994
Suipacha,1995
Suipacha,1996
Suipacha,1997
Suipacha,1998
Suipacha,2000
Suipacha,2001
Suipacha,2002
Suipacha,2003
Suipacha,2004
Suipacha,2006
Suipacha,2007
Suipacha,2009
Suipacha,2010
Suipacha,2011
Suipacha,2012
Suipacha,2013
Suipacha,2014
Suipacha,2015
Suipacha,2016
Tafi Del Valle,1981
Tafi Del Valle,1982
Tafi Del Valle,1983
Tafi Del Valle,1984
Tafi Del Valle,1985
Tafi Del Valle,1986
Tafi Del Valle,1987
Tafi Del Valle,1989
Tafi Del Valle,1991
Tafi Del Valle,1992
Tafi Del Valle,1993
Tafi Del Valle,1997
Tafi Del Valle,1998
Tafi Del Valle,2007
Tafi Del Valle,2008
Tafi Del Valle,2010
Tafi Del Valle,2011
Tafi Del Valle,2012
Tafi Del Valle,2013
Tafi Del Valle,2014
Tafi Del Valle,2015
Tafi Del Valle,2016
Tafi Del Valle,2017
Tala,1981
Tala,1982
Tala,1983
Tala,1984
Tala,1985
Tala,1986
Tala,1987
Tala,1988
Tala,1989
Tala,1990
Tala,1991
Tala,1992
Tala,1993
Tala,1994
Tala,1995
Tala,1997
Tala,1998
Tala,1999
Tala,2000
Tala,2001
Tala,2002
Tala,2003
Tala,2004
Tala,2005
Tala,2006
Tala,2009
Tala,2010
Tala,2011
Tala,2012
Tala,2013
Tala,2014
Tala,2015
Tala,2016
Tala,2017
Tandil,1981
Tandil,1982
Tandil,1983
Tandil,1984
Tandil,1985
Tandil,1986
Tandil,1987
Tandil,1988
Tandil,1989
Tandil,1990
Tandil,1991
Tandil,1993
Tandil,1994
Tandil,1995
Tandil,1996
Tandil,1997
Tandil,1998
Tandil,1999
Tandil,2000
Tandil,2001
Tandil,2002
Tandil,2003
Tandil,2004
Tandil,2005
Tandil,2006
Tandil,2007
Tandil,2009
Tandil,2010
Tandil,2011
Tandil,2012
Tandil,2013
Tandil,2014
Tandil,2015
Tandil,2016
Tandil,2017
Tapalque,1981
Tapalque,1982
Tapalque,1983
Tapalque,1984
Tapalque,1985
Tapalque,1986
Tapalque,1987
Tapalque,1989
Tapalque,1990
Tapalque,1991
Tapalque,1993
Tapalque,1994
Tapalque,1995
Tapalque,1996
Tapalque,1997
Tapalque,1998
Tapalque,1999
Tapalque,2000
Tapalque,2001
Tapalque,2002
Tapalque,2003
Tapalque,2004
Tapalque,2005
Tapalque,2006
Tapalque,2009
Tapalque,2010
Tapalque,2011
Tapalque,2012
Tapalque,2013
Tapalque,2014
Tapalque,2015
Tapalque,2016
Tercero Arriba,1981
Tercero Arriba,1982
Tercero Arriba,1983
Tercero Arriba,1984
Tercero Arriba,1985
Tercero Arriba,1986
Tercero Arriba,1987
Tercero Arriba,1989
Tercero Arriba,1990
Tercero Arriba,1991
Tercero Arriba,1992
Tercero Arriba,1993
Tercero Arriba,1994
Tercero Arriba,1996
Tercero Arriba,1997
Tercero Arriba,1998
Tercero Arriba,1999
Tercero Arriba,2000
Tercero Arriba,2001
Tercero Arriba,2002
Tercero Arriba,2003
Tercero Arriba,2004
Tercero Arriba,2005
Tercero Arriba,2006
Tercero Arriba,2007
Tercero Arriba,2008
Tercero Arriba,2009
Tercero Arriba,2010
Tercero Arriba,2011
Tercero Arriba,2012
Tercero Arriba,2013
Tercero Arriba,2014
Tercero Arriba,2015
Tercero Arriba,2016
Toay,1981
Toay,1982
Toay,1983
Toay,1984
Toay,1985
Toay,1986
Toay,1988
Toay,1989
Toay,1990
Toay,1991
Toay,1992
Toay,1993
Toay,1994
Toay,1996
Toay,1997
Toay,1998
Toay,1999
Toay,2000
Toay,2001
Toay,2002
Toay,2003
Toay,2006
Toay,2007
Toay,2009
Toay,2010
Toay,2011
Toay,2012
Toay,2013
Toay,2014
Toay,2015
Toay,2016
Toay,2017
Tordillo,1981
Tordillo,1982
Tordillo,1983
Tordillo,1984
Tordillo,1985
Tordillo,1988
Tordillo,1996
Tordillo,1997
Tordillo,1998
Tordillo,1999
Tordillo,2000
Tordillo,2001
Tordillo,2002
Tordillo,2003
Tordillo,2004
Tordillo,2005
Tordillo,2006
Tordillo,2007
Tordillo,2009
Tordillo,2010
Tordillo,2011
Tordillo,2012
Tordillo,2015
Tordillo,2016
Tordillo,2017
Tornquist,1981
Tornquist,1982
Tornquist,1983
Tornquist,1984
Tornquist,1985
Tornquist,1986
Tornquist,1987
Tornquist,1988
Tornquist,1989
Tornquist,1990
Tornquist,1991
Tornquist,1992
Tornquist,1993
Tornquist,1994
Tornquist,1995
Tornquist,1996
Tornquist,1997
Tornquist,1998
Tornquist,1999
Tornquist,2000
Tornquist,2001
Tornquist,2003
Tornquist,2004
Tornquist,2005
Tornquist,2006
Tornquist,2007
Tornquist,2010
Tornquist,2011
Tornquist,2012
Tornquist,2013
Tornquist,2014
Tornquist,2015
Tornquist,2016
Tornquist,2017
Totoral,1981
Totoral,1982
Totoral,1983
Totoral,1984
Totoral,1986
Totoral,1987
Totoral,1988
Totoral,1989
Totoral,1990
Totoral,1991
Totoral,1992
Totoral,1993
Totoral,1995
Totoral,1996
Totoral,1997
Totoral,1998
Totoral,1999
Totoral,2000
Totoral,2001
Totoral,2002
Totoral,2003
Totoral,2004
Totoral,2005
Totoral,2006
Totoral,2007
Totoral,2009
Totoral,2010
Totoral,2011
Totoral,2013
Totoral,2014
Totoral,2015
Totoral,2016
Totoral,2017
Trancas,1981
Trancas,1982
Trancas,1983
Trancas,1984
Trancas,1985
Trancas,1986
Trancas,1987
Trancas,1989
Trancas,1991
Trancas,1992
Trancas,1993
Trancas,1994
Trancas,1996
Trancas,1997
Trancas,1998
Trancas,2004
Trancas,2005
Trancas,2006
Trancas,2007
Trancas,2008
Trancas,2009
Trancas,2010
Trancas,2011
Trancas,2012
Trancas,2013
Trancas,2014
Trancas,2015
Trancas,2016
Trancas,2017
Trenel,1981
Trenel,1982
Trenel,1983
Trenel,1984
Trenel,1985
Trenel,1986
Trenel,1987
Trenel,1989
Trenel,1990
Trenel,1991
Trenel,1992
Trenel,1993
Trenel,1994
Trenel,1995
Trenel,1996
Trenel,1997
Trenel,1998
Trenel,1999
Trenel,2000
Trenel,2001
Trenel,2002
Trenel,2003
Trenel,2004
Trenel,2005
Trenel,2006
Trenel,2007
Trenel,2008
Trenel,2009
Trenel,2010
Trenel,2011
Trenel,2012
Trenel,2013
Trenel,2014
Trenel,2015
Trenel,2016
Trenel,2017
Trenque Lauquen,1981
Trenque Lauquen,1982
Trenque Lauquen,1983
Trenque Lauquen,1984
Trenque Lauquen,1985
Trenque Lauquen,1986
Trenque Lauquen,1987
Trenque Lauquen,1988
Trenque Lauquen,1989
Trenque Lauquen,1990
Trenque Lauquen,1991
Trenque Lauquen,1992
Trenque Lauquen,1993
Trenque Lauquen,1994
Trenque Lauquen,1996
Trenque Lauquen,1997
Trenque Lauquen,1998
Trenque Lauquen,1999
Trenque Lauquen,2000
Trenque Lauquen,2001
Trenque Lauquen,2002
Trenque Lauquen,2003
Trenque Lauquen,2004
Trenque Lauquen,2005
Trenque Lauquen,2006
Trenque Lauquen,2007
Trenque Lauquen,2009
Trenque Lauquen,2010
Trenque Lauquen,2011
Trenque Lauquen,2012
Trenque Lauquen,2013
Trenque Lauquen,2014
Trenque Lauquen,2015
Trenque Lauquen,2016
Trenque Lauquen,2017
Tres Arroyos,1981
Tres Arroyos,1982
Tres Arroyos,1983
Tres Arroyos,1984
Tres Arroyos,1985
Tres Arroyos,1987
Tres Arroyos,1988
Tres Arroyos,1989
Tres Arroyos,1990
Tres Arroyos,1991
Tres Arroyos,1992
Tres Arroyos,1993
Tres Arroyos,1994
Tres Arroyos,1995
Tres Arroyos,1996
Tres Arroyos,1997
Tres Arroyos,1999
Tres Arroyos,2000
Tres Arroyos,2001
Tres Arroyos,2002
Tres Arroyos,2003
Tres Arroyos,2004
Tres Arroyos,2005
Tres Arroyos,2007
Tres Arroyos,2009
Tres Arroyos,2010
Tres Arroyos,2011
Tres Arroyos,2012
Tres Arroyos,2013
Tres Arroyos,2014
Tres Arroyos,2015
Tres Lomas,1995
Tres Lomas,1996
Tres Lomas,1997
Tres Lomas,1998
Tres Lomas,1999
Tres Lomas,2000
Tres Lomas,2001
Tres Lomas,2002
Tres Lomas,2003
Tres Lomas,2004
Tres Lomas,2005
Tres Lomas,2006
Tres Lomas,2007
Tres Lomas,2008
Tres Lomas,2009
Tres Lomas,2010
Tres Lomas,2011
Tres Lomas,2012
Tres Lomas,2013
Tres Lomas,2014
Tres Lomas,2015
Tres Lomas,2016
Tres Lomas,2017
Tulumba,1981
Tulumba,1982
Tulumba,1983
Tulumba,1984
Tulumba,1985
Tulumba,1986
Tulumba,1987
Tulumba,1988
Tulumba,1989
Tulumba,1990
Tulumba,1991
Tulumba,1992
Tulumba,1993
Tulumba,1995
Tulumba,1996
Tulumba,1997
Tulumba,1998
Tulumba,1999
Tulumba,2000
Tulumba,2001
Tulumba,2002
Tulumba,2003
Tulumba,2004
Tulumba,2005
Tulumba,2006
Tulumba,2007
Tulumba,2009
Tulumba,2010
Tulumba,2011
Tulumba,2012
Tulumba,2013
Tulumba,2014
Tulumba,2015
Tulumba,2016
Tulumba,2017
Union,1981
Union,1982
Union,1983
Union,1984
Union,1985
Union,1986
Union,1987
Union,1989
Union,1990
Union,1991
Union,1992
Union,1993
Union,1994
Union,1995
Union,1996
Union,1997
Union,1998
Union,1999
Union,2000
Union,2001
Union,2002
Union,2003
Union,2004
Union,2006
Union,2007
Union,2008
Union,2009
Union,2010
Union,2012
Union,2013
Union,2014
Union,2015
Union,2016
Uruguay,1981
Uruguay,1982
Uruguay,1983
Uruguay,1984
Uruguay,1985
Uruguay,1986
Uruguay,1987
Uruguay,1988
Uruguay,1989
Uruguay,1990
Uruguay,1991
Uruguay,1992
Uruguay,1993
Uruguay,1994
Uruguay,1995
Uruguay,1996
Uruguay,1997
Uruguay,1998
Uruguay,1999
Uruguay,2000
Uruguay,2001
Uruguay,2002
Uruguay,2003
Uruguay,2004
Uruguay,2006
Uruguay,2007
Uruguay,2009
Uruguay,2010
Uruguay,2011
Uruguay,2012
Uruguay,2013
Uruguay,2014
Uruguay,2015
Uruguay,2016
Utracan,1981
Utracan,1982
Utracan,1983
Utracan,1984
Utracan,1985
Utracan,1986
Utracan,1987
Utracan,1988
Utracan,1989
Utracan,1990
Utracan,1991
Utracan,1992
Utracan,1993
Utracan,1994
Utracan,1996
Utracan,1997
Utracan,1998
Utracan,1999
Utracan,2000
Utracan,2001
Utracan,2002
Utracan,2003
Utracan,2004
Utracan,2006
Utracan,2007
Utracan,2009
Utracan,2010
Utracan,2011
Utracan,2012
Utracan,2013
Utracan,2014
Utracan,2015
Utracan,2016
Utracan,2017
Vera,1981
Vera,1982
Vera,1983
Vera,1984
Vera,1985
Vera,1986
Vera,1987
Vera,1988
Vera,1989
Vera,1990
Vera,1991
Vera,1992
Vera,1993
Vera,1994
Vera,1995
Vera,1996
Vera,1997
Vera,1998
Vera,1999
Vera,2001
Vera,2002
Vera,2003
Vera,2004
Vera,2005
Vera,2006
Vera,2009
Vera,2010
Vera,2011
Vera,2012
Vera,2013
Vera,2014
Vera,2015
Vera,2016
Victoria,1981
Victoria,1982
Victoria,1983
Victoria,1984
Victoria,1985
Victoria,1986
Victoria,1987
Victoria,1988
Victoria,1989
Victoria,1990
Victoria,1991
Victoria,1992
Victoria,1993
Victoria,1994
Victoria,1995
Victoria,1996
Victoria,1997
Victoria,1998
Victoria,2000
Victoria,2001
Victoria,2002
Victoria,2003
Victoria,2004
Victoria,2006
Victoria,2007
Victoria,2009
Victoria,2010
Victoria,2011
Victoria,2012
Victoria,2013
Victoria,2014
Victoria,2015
Victoria,2016
Villa Constitucion,1981
Villa Constitucion,1982
Villa Constitucion,1983
Villa Constitucion,1984
Villa Constitucion,1985
Villa Constitucion,1986
Villa Constitucion,1987
Villa Constitucion,1989
Villa Constitucion,1990
Villa Constitucion,1991
Villa Constitucion,1992
Villa Constitucion,1993
Villa Constitucion,1994
Villa Constitucion,1995
Villa Constitucion,1996
Villa Constitucion,1997
Villa Constitucion,1998
Villa Constitucion,2000
Villa Constitucion,2001
Villa Constitucion,2002
Villa Constitucion,2003
Villa Constitucion,2004
Villa Constitucion,2005
Villa Constitucion,2006
Villa Constitucion,2007
Villa Constitucion,2008
Villa Constitucion,2009
Villa Constitucion,2010
Villa Constitucion,2011
Villa Constitucion,2012
Villa Constitucion,2013
Villa Constitucion,2014
Villa Constitucion,2015
Villa Constitucion,2016
Villaguay,1981
Villaguay,1982
Villaguay,1983
Villaguay,1984
Villaguay,1985
Villaguay,1986
Villaguay,1987
Villaguay,1988
Villaguay,1989
Villaguay,1990
Villaguay,1991
Villaguay,1992
Villaguay,1993
Villaguay,1994
Villaguay,1995
Villaguay,1996
Villaguay,1997
Villaguay,1998
Villaguay,1999
Villaguay,2000
Villaguay,2001
Villaguay,2002
Villaguay,2003
Villaguay,2004
Villaguay,2006
Villaguay,2007
Villaguay,2009
Villaguay,2010
Villaguay,2011
Villaguay,2012
Villaguay,2013
Villaguay,2014
Villaguay,2015
Villaguay,2016
Villarino,1981
Villarino,1982
Villarino,1983
Villarino,1984
Villarino,1985
Villarino,1986
Villarino,1987
Villarino,1988
Villarino,1989
Villarino,1990
Villarino,1991
Villarino,1992
Villarino,1993
Villarino,1994
Villarino,1995
Villarino,1996
Villarino,1997
Villarino,1998
Villarino,1999
Villarino,2001
Villarino,2002
Villarino,2003
Villarino,2004
Villarino,2005
Villarino,2006
Villarino,2008
Villarino,2009
Villarino,2010
Villarino,2011
Villarino,2012
Villarino,2013
Villarino,2014
Villarino,2015
Villarino,2017
Zarate,1981
Zarate,1982
Zarate,1983
Zarate,1984
Zarate,1985
Zarate,1986
Zarate,1987
Zarate,1989
Zarate,1990
Zarate,1991
Zarate,1992
Zarate,1993
Zarate,1994
Zarate,1996
Zarate,1997
Zarate,1998
Zarate,2000
Zarate,2001
Zarate,2002
Zarate,2003
Zarate,2004
Zarate,2005
Zarate,2006
Zarate,2007
Zarate,2009
Zarate,2010
Zarate,2011
Zarate,2012
Zarate,2013
Zarate,2014
Zarate,2015
Zarate,2016
